time,pv_power,irradiance_direct,irradiance_diffuse,irradiance_reflected,sun_elevation,city,tp,wind_speed,wind_direction,relative_humidity,temperature_celsius,dewpoint_celsius,u10,v10,dust_aod,pm25_ugm3,pm10_ugm3
2019-01-01,3266.31,192.308,213.58800000000002,5.89,28.107999999999997,Aswan,0.0,3.0555582,162.83495,47.595577,17.302399,5.8382874,0.7578964,-2.515564,0.030978281,24.22509,35.103645
2019-01-02,5367.65,502.23100000000005,161.53199999999998,8.179,28.168,Aswan,0.0,4.2952228,150.4549,36.41824,16.808868,1.4378967,1.9708176,-3.3830566,0.048327543,24.610065,36.62139
2019-01-03,5661.68,539.012,157.043,8.512,28.235000000000003,Aswan,0.0,2.5392008,149.5517,36.716064,16.285187,1.1163635,0.43293762,-2.2031097,0.16978897,72.47363,116.861465
2019-01-04,5662.78,546.5649999999999,156.761,8.511,28.307,Aswan,0.0,3.8797913,210.63736,35.38783,17.034332,1.1502991,-1.9858093,-3.329979,0.12838629,75.91519,96.31712
2019-01-05,5192.9,456.939,187.779,8.059000000000001,28.386000000000003,Aswan,0.0,4.16671,173.12567,31.390617,17.934113,0.34561157,0.41278076,-4.023384,0.09552398,62.23166,78.96963
2019-01-06,3716.89,230.23200000000003,217.769,6.445,28.467000000000002,Aswan,0.0,5.5414796,160.48706,35.61421,14.970001,-0.2585144,1.9415512,-5.1584625,0.10805529,59.835068,90.94667
2019-01-07,4733.59,375.973,193.096,7.5200000000000005,28.558,Aswan,0.0,4.9491568,173.3953,36.61831,13.110626,-2.1481628,0.484169,-4.8757477,0.15316035,86.01074,118.57556
2019-01-08,5956.11,579.21,145.316,8.792,28.653000000000002,Aswan,0.0,4.4105906,172.06607,37.153152,13.9878235,-0.67489624,0.66861725,-4.3420105,0.06825782,52.916107,70.89983
2019-01-09,5819.76,549.77,152.518,8.684000000000001,28.750999999999998,Aswan,0.0,4.696101,180.48096,39.222275,14.117096,-0.5855408,-0.16066742,-4.639511,0.10769093,64.39316,92.597145
2019-01-10,4929.96,427.64099999999996,180.86399999999998,7.892999999999999,28.857,Aswan,0.0,4.3555593,193.58194,38.72715,14.4652405,0.49441528,-0.98617554,-4.224304,0.040815167,28.605099,37.055283
2019-01-11,4225.55,280.271,235.686,7.034999999999999,28.969,Aswan,0.0,3.9564137,203.51823,28.407892,16.269928,-2.7111511,-1.4477005,-3.6262894,0.01809755,29.812893,42.674828
2019-01-12,5496.7,581.337,138.703,8.853,29.086000000000002,Aswan,0.0,1.9303191,138.19833,38.036446,17.904694,3.3978271,-0.6470337,-0.85749817,0.013472335,29.59907,41.47452
2019-01-13,4105.59,278.481,224.237,7.015000000000001,29.203000000000003,Aswan,0.0,4.581829,128.0169,29.62415,18.672882,-1.5457458,2.7396698,-3.2402954,0.28021452,157.02135,223.24548
2019-01-14,4870.13,338.69454545454545,194.46818181818182,7.1,26.822727272727274,Aswan,0.0,4.5849314,162.12967,31.37466,15.244293,-1.8038025,1.4122391,-4.358322,0.26347134,153.06078,207.84871
2019-01-15,5799.59,505.21727272727276,144.78454545454545,8.131818181818183,26.956363636363633,Aswan,0.0,3.5038872,167.4748,40.528183,13.852081,0.03677368,0.6996994,-3.276062,0.19108121,93.49454,136.16759
2019-01-16,5340.0,530.734,134.168,8.279,26.903,Aswan,0.0,4.0044527,133.67067,30.686409,14.135895,-4.176605,2.9032974,-2.7480698,0.095254496,53.018852,76.498215
2019-01-17,5357.46,416.6718181818182,171.42818181818183,7.734545454545454,27.23818181818182,Aswan,0.0,5.020294,178.8834,32.41791,13.9704895,-2.9646912,-0.07316589,-4.856346,0.16880192,105.29878,140.96906
2019-01-18,6001.88,536.5081818181818,135.54363636363635,8.415454545454544,27.384545454545457,Aswan,0.0,3.7512848,197.64198,37.443787,14.1510315,-0.4560852,-1.0855942,-3.5524445,0.042654626,43.47386,58.81087
2019-01-19,5903.0599999999995,539.4081818181818,132.98999999999998,8.436363636363636,27.53727272727273,Aswan,0.0,3.4516587,185.08253,35.669735,16.127472,0.35427856,-0.3405075,-3.3420944,0.021290556,25.756845,34.4381
2019-01-20,5777.04,537.6172727272727,133.90545454545455,8.42909090909091,27.69454545454545,Aswan,0.0,2.4357343,208.06766,36.47208,17.02774,1.4064941,-1.124054,-2.1599197,0.025774792,27.365541,41.624195
2019-01-21,5427.14,512.0118181818182,137.60727272727274,8.316363636363636,27.85272727272727,Aswan,0.0,2.4886403,160.89185,30.27605,18.508087,0.60928345,-0.5521698,-1.6262741,0.025197497,28.699144,42.462685
2019-01-22,5490.9,465.33272727272725,172.54818181818183,8.153636363636364,28.016363636363636,Aswan,0.0,2.494362,180.33765,30.264585,19.865509,0.5003967,0.10810232,-2.3779984,0.053270347,40.61451,57.248295
2019-01-23,5710.28,536.4972727272727,141.65545454545455,8.625454545454545,28.187272727272727,Aswan,0.0,1.926255,136.79199,25.711721,19.345123,-1.0724792,-0.762619,-1.7470856,0.10399403,74.025085,100.65236
2019-01-24,5596.07,537.1618181818181,128.59,8.527272727272727,28.36,Aswan,0.0,2.685738,180.09798,35.287823,20.006866,3.6648254,-0.38181305,0.23512268,0.051417466,42.039436,56.711815
2019-01-25,4912.15,439.49818181818176,143.18727272727273,7.760909090909092,28.536363636363635,Aswan,0.0,2.986092,192.30444,23.32462,21.943878,-0.47543335,-0.72465515,-2.8837433,0.08370836,97.232285,123.190796
2019-01-26,4117.72,306.7236363636364,187.65727272727273,7.025454545454545,28.718181818181815,Aswan,0.0,2.293427,196.72412,25.763039,24.179962,3.2156982,-0.75977325,-1.9047165,0.06344278,67.751686,87.33453
2019-01-27,1603.97,29.139090909090907,161.94636363636366,3.4600000000000004,28.901818181818182,Aswan,0.0,6.519198,174.71788,32.908882,22.599274,4.3301086,1.3789749,-6.121193,0.18457383,116.60582,174.56604
2019-01-28,6356.610000000001,577.9263636363636,126.93272727272728,9.046363636363637,29.09181818181818,Aswan,4.7683716e-07,5.800327,165.77005,26.183558,16.792389,-2.9773865,1.4577866,-5.5149384,0.2581447,125.09659,170.52814
2019-01-29,5746.35,499.08090909090913,151.52363636363637,8.604545454545455,29.283636363636365,Aswan,0.0,4.1783814,241.53589,33.289658,17.363922,0.2290039,-3.2758179,-1.690567,0.06810933,41.5175,56.364502
2019-01-30,6066.82,564.6718181818183,135.29999999999998,9.053636363636365,29.479090909090907,Aswan,0.0,2.5286496,103.92609,24.999046,20.246735,-1.6333923,1.4186554,-0.8259735,0.071835876,34.53795,47.78161
2019-01-31,6215.63,571.960909090909,132.75,9.201818181818181,29.678181818181816,Aswan,0.0,4.9829826,182.19633,18.286022,19.06778,-5.703705,-0.1200943,-4.9544373,0.11792544,65.02684,94.062454
2019-02-01,6024.38,537.5745454545454,149.78272727272727,9.072727272727272,29.88181818181818,Aswan,0.0,4.392165,189.26062,22.216045,18.832062,-3.979828,-0.71687317,-4.3100586,0.11277856,76.57666,100.1583
2019-02-02,5408.62,444.86454545454546,170.5309090909091,8.44090909090909,30.08818181818182,Aswan,0.0,4.7678514,185.55344,23.091291,19.323029,-2.5746765,-0.3980255,-4.7370453,0.07121361,61.00304,78.14676
2019-02-03,5878.04,527.3654545454546,153.4990909090909,9.08,30.296363636363637,Aswan,0.0,3.387663,202.17377,27.924557,19.835358,0.4190979,-1.2783661,-3.1363754,0.052208353,39.301067,53.28514
2019-02-04,5575.15,518.4372727272728,146.57090909090908,8.993636363636364,30.508181818181814,Aswan,0.0,2.2895553,262.08655,45.82346,22.032867,7.071808,-2.1218262,-0.5641022,0.044220425,30.713648,41.03169
2019-02-05,5019.08,427.69,169.73272727272726,8.342727272727272,30.722727272727273,Aswan,0.0,3.4009047,314.85617,45.9395,24.898346,11.51712,-2.534401,2.1543274,0.09048917,41.070923,66.78746
2019-02-06,3788.59,243.56909090909087,198.34727272727275,6.754545454545454,30.94090909090909,Aswan,0.0,3.0065985,225.40399,60.04409,23.892975,15.011444,-2.0999527,-2.1110306,0.09931868,57.807983,76.47196
2019-02-07,5746.33,510.83818181818185,140.4427272727273,8.974545454545455,31.16,Aswan,4.2915344e-06,5.9349356,161.40308,37.713753,23.205963,5.9118958,1.8874817,-5.62619,0.15551698,73.64995,107.50212
2019-02-08,5616.51,457.3718181818182,173.00636363636363,8.837272727272726,31.384545454545457,Aswan,0.0,5.503553,160.28912,26.127048,20.103546,0.06021118,1.8078766,-5.1693573,0.2182095,93.96948,129.87877
2019-02-09,6047.67,536.6172727272727,142.78272727272727,9.412727272727272,31.60909090909091,Aswan,0.0,5.153493,168.29352,34.00906,18.17508,1.3055725,1.0453033,-5.046364,0.1575695,63.47,91.97026
2019-02-10,6263.81,545.6745454545454,148.52272727272728,9.565454545454545,31.83818181818182,Aswan,0.0,6.125581,153.78375,32.267986,17.101227,-0.21786499,2.6821976,-5.506241,0.10358821,50.574364,74.646866
2019-02-11,6258.54,554.9372727272727,144.57363636363635,9.67090909090909,32.07,Aswan,0.0,5.8399677,174.12943,32.695683,17.764435,0.75405884,0.5294266,-5.7623367,0.06366135,36.14202,51.55871
2019-02-12,6003.0,540.3581818181818,149.39090909090908,9.6,32.300000000000004,Aswan,0.0,3.0884318,231.76991,36.488327,18.427643,2.9796448,-2.1722488,-1.9298172,0.032393623,18.455484,26.521244
2019-02-13,5172.68,531.308,145.817,9.473,32.459,Aswan,0.0,2.477197,156.84317,45.88218,19.339142,6.802643,0.3899231,0.33715057,0.048121728,26.29894,38.741493
2019-02-14,6173.14,542.3090909090909,150.12363636363636,9.739090909090908,32.77363636363636,Aswan,0.0,4.478598,136.394,27.543257,18.401886,-0.80075073,3.166008,-3.1192017,0.18503298,70.14947,113.010605
2019-02-15,6334.71,546.81,149.83454545454546,9.867272727272727,33.013636363636365,Aswan,0.0,5.394077,100.52237,34.017883,14.581085,-1.7851257,5.2640533,-1.1240234,0.34859514,112.73239,178.5343
2019-02-16,6049.27,521.1145454545455,158.0590909090909,9.742727272727272,33.25272727272727,Aswan,0.0,3.6274943,149.2002,38.640945,15.159821,0.495636,1.8128281,-3.1220474,0.30785453,94.81311,140.65634
2019-02-17,6235.42,560.2154545454546,147.69636363636366,10.088181818181818,33.49818181818182,Aswan,0.0,3.7396908,175.74379,32.30942,16.26175,-0.934906,0.33057404,-3.6802216,0.09679788,42.469788,63.62707
2019-02-18,6259.66,553.1999999999999,151.99,10.104545454545454,33.74,Aswan,0.0,5.6887527,152.52612,27.148544,16.884674,-2.849823,2.773529,-4.822975,0.09055382,33.918907,52.224976
2019-02-19,6262.49,551.0981818181818,153.08636363636364,10.149999999999999,33.98636363636364,Aswan,0.0,4.248133,184.47156,30.25043,16.45816,-1.7443542,-0.24556732,-3.9902344,0.076500505,56.16804,78.27156
2019-02-20,6100.03,543.6381818181818,153.87636363636364,10.110000000000001,34.23454545454546,Aswan,0.0,3.1092741,214.25053,36.263023,17.831573,1.7696838,-1.6895676,-2.4065018,0.025155859,17.886564,24.432516
2019-02-21,4207.8,240.11,238.69272727272727,7.700909090909092,34.482727272727274,Aswan,0.0,3.9952123,184.0741,26.023685,19.121124,-1.1596375,-0.19081116,-3.9017258,0.025836568,20.90906,31.201708
2019-02-22,6241.5599999999995,568.7045454545455,144.54454545454544,10.416363636363636,34.731818181818184,Aswan,0.0,4.239324,167.36469,28.783276,18.237091,-0.7010193,0.8258896,-4.083679,0.08624551,40.69205,59.531532
2019-02-23,5912.18,529.829090909091,153.30272727272725,10.176363636363638,34.983636363636364,Aswan,0.0,3.7944846,180.69807,28.5735,18.449982,-0.8374939,-0.006706238,-3.7891693,0.21706025,45.904892,66.98097
2019-02-24,4316.56,282.71181818181816,219.3709090909091,7.99,35.235454545454544,Aswan,0.0,4.3176937,240.6749,28.24079,21.03775,1.4369202,-3.661499,-1.9274597,0.2022033,33.39606,46.9421
2019-02-25,5753.82,539.0454545454545,144.7190909090909,10.234545454545454,35.48909090909091,Aswan,0.0,3.7280107,302.2114,34.41004,24.16568,6.7617493,-2.958023,1.4970169,0.21603863,54.757294,74.42859
2019-02-26,5345.87,470.7154545454545,147.69636363636363,9.49909090909091,35.74272727272727,Aswan,0.0,5.214031,204.07166,32.137894,24.922882,4.9535217,-0.5000992,-4.4712677,0.17016965,74.58285,113.94046
2019-02-27,3766.82,175.23454545454544,248.3272727272727,7.162727272727273,35.99636363636363,Aswan,0.0,4.9320965,160.80682,25.147396,20.282013,-0.35958862,1.6103439,-4.660431,0.30775142,129.07437,187.98964
2019-02-28,6330.42,558.2790909090909,149.45636363636365,10.693636363636365,36.25181818181818,Aswan,0.0,5.458294,142.41379,31.65541,18.31607,0.25442505,3.4372177,-4.2011185,0.23006347,78.765915,128.33511
2019-03-01,6275.15,531.8463636363637,163.94636363636363,10.612727272727273,36.50636363636364,Aswan,0.0,5.4060383,142.88614,29.599028,16.598785,-1.4380798,3.0251694,-4.3688507,0.22732529,89.15366,130.0474
2019-03-02,4199.01,268.24363636363637,210.0890909090909,7.875454545454545,36.76363636363636,Aswan,0.0,4.1178265,143.88933,29.272604,16.193756,-2.3191833,2.4291534,-3.3248825,0.09626129,41.252686,65.36268
2019-03-03,5943.43,540.9690909090909,159.0381818181818,10.780909090909091,37.018181818181816,Aswan,0.0,2.514508,127.79492,23.367706,19.365387,-2.4205017,2.05941,-1.3680267,0.19882023,35.244064,58.082485
2019-03-04,6137.59,552.1636363636363,160.7209090909091,11.0,37.275454545454544,Aswan,0.0,2.3050976,158.74246,24.56842,19.296661,-1.948822,1.1832275,-1.7820053,0.14569822,46.73394,81.2882
2019-03-05,6246.45,550.789090909091,158.5981818181818,11.006363636363636,37.53181818181818,Aswan,0.0,5.5720735,136.70988,22.758507,19.05777,-2.9755554,4.0468445,-3.7231674,0.15474251,42.047745,73.218056
2019-03-06,6255.67,567.1581818181818,149.9990909090909,11.16909090909091,37.78818181818182,Aswan,0.0,3.5166965,166.41568,30.505943,18.51297,0.50234985,0.8560333,-3.3908234,0.10579956,45.855194,66.88133
2019-03-07,6004.96,523.64,170.13,10.91,38.04272727272728,Aswan,0.0,4.011086,189.016,33.233105,20.004547,3.2065735,-0.63347626,-3.958702,0.040863425,25.24086,37.704
2019-03-08,6169.91,555.8372727272728,158.46363636363637,11.254545454545456,38.301818181818184,Aswan,0.0,4.1446548,192.1891,28.024483,21.77359,1.573883,-0.9552841,-3.9559097,0.084227,53.857754,77.13904
2019-03-09,6123.099999999999,551.9281818181818,161.08636363636364,11.292727272727273,38.556363636363635,Aswan,0.0,4.5831995,220.40729,36.10414,22.970856,5.200592,-2.974739,-3.4863968,0.079485945,41.03015,63.714325
2019-03-10,6055.64,529.6963636363636,177.85454545454547,11.296363636363637,38.81181818181818,Aswan,0.0,4.345523,206.23627,30.740623,22.389313,1.1581268,-1.652153,-3.8182907,0.03262297,28.609875,38.57772
2019-03-11,6262.75,572.2854545454546,156.88363636363636,11.658181818181818,39.06545454545455,Aswan,0.0,4.6117826,183.4739,13.444329,23.303009,-6.6757507,-0.25985718,-4.5839233,0.074578404,69.70292,98.8221
2019-03-12,5948.76,568.2936363636364,152.03545454545454,11.591818181818182,39.32090909090909,Aswan,0.0,2.033095,259.79495,18.60915,23.14798,-3.2240295,-1.220932,-1.0183258,0.062210917,32.887386,46.348663
2019-03-13,5919.46,566.5,149.6681818181818,11.592727272727272,39.57545454545455,Aswan,0.0,3.5822906,148.32895,14.759497,25.47818,-4.5258484,1.7626953,-1.3514099,0.06292623,19.26509,28.895014
2019-03-14,5424.76,368.6272727272727,241.98636363636362,10.232727272727272,39.82818181818182,Aswan,0.0,6.8705983,159.4892,26.446554,20.113556,0.03604126,2.4224014,-6.428932,0.46554673,248.78918,370.72162
2019-03-15,6121.01,499.19666666666666,148.545,10.615833333333333,36.8675,Aswan,0.0,3.929357,156.18808,29.818634,20.096832,1.3725891,1.5583954,-3.5138474,0.13454643,66.831535,88.32563
2019-03-16,6238.91,510.5733333333333,141.57500000000002,10.74,37.1175,Aswan,0.0,5.346237,146.18903,25.378086,20.29483,-0.4579773,3.1705399,-4.0423584,0.1482072,55.906784,92.00584
2019-03-17,6306.25,513.1983333333334,143.78583333333333,10.878333333333332,37.365833333333335,Aswan,0.0,5.2811975,177.09192,29.113083,19.608429,0.415802,0.20540619,-5.19545,0.20825605,99.189926,141.34232
2019-03-18,6131.37,508.7558333333333,145.46833333333333,10.890833333333333,37.61416666666667,Aswan,0.0,4.10978,199.55377,23.437826,21.24759,-1.0558777,-1.3575287,-3.869957,0.038926043,22.866547,33.312115
2019-03-19,5993.07,495.1125,150.69583333333333,10.825833333333334,37.86,Aswan,0.0,3.954083,181.83679,24.50373,23.842804,0.49978638,0.1309967,-3.738823,0.047759026,25.478107,37.22595
2019-03-20,6090.37,536.7966666666667,127.935,11.1775,38.105,Aswan,0.0,3.763936,170.06583,17.137926,25.498566,-1.5566101,0.5748825,-3.669075,0.0721708,34.119804,50.123463
2019-03-21,5879.7,494.9841666666666,141.59416666666667,10.795,38.34916666666667,Aswan,0.0,4.87647,167.93814,18.280666,25.886383,-0.43832397,1.0419693,-4.755127,0.29740247,42.609955,62.043045
2019-03-22,5131.88,358.95666666666665,203.91750000000002,9.7225,38.59083333333333,Aswan,0.0,3.3683624,196.80829,19.091114,27.184845,1.2556458,-0.837204,-3.234024,0.36088985,33.058727,46.700775
2019-03-23,5337.47,427.45666666666665,163.96333333333334,10.1875,38.8325,Aswan,0.0,5.289667,138.66113,20.730528,30.448395,4.8576965,-2.0110168,2.8771133,0.38291657,33.985683,48.816086
2019-03-24,2363.36,27.789999999999996,228.58166666666668,4.97,39.0725,Aswan,0.0,6.311137,90.94696,21.994322,27.76651,4.049347,4.405403,-1.6871262,0.76061225,159.58131,248.22766
2019-03-25,4650.52,260.07916666666665,222.43166666666664,8.635,39.31083333333333,Aswan,0.0,5.932904,123.3201,28.621454,22.380768,2.919342,5.0407333,-2.9619293,0.38178927,119.57039,181.99742
2019-03-26,6175.24,511.2391666666667,140.85833333333332,11.339166666666666,39.5475,Aswan,0.0,3.9185014,132.13611,25.236897,19.458405,-1.2485046,2.7942429,-1.9993896,0.2038841,76.643524,118.44145
2019-03-27,6047.04,513.34,138.08083333333335,11.389166666666666,39.781666666666666,Aswan,0.0,3.2988458,159.36526,20.42735,20.920074,-2.9734802,1.1593933,-3.0883484,0.16211542,52.270668,84.610306
2019-03-28,6016.5,522.3675,130.32916666666668,11.472499999999998,40.01416666666667,Aswan,0.0,3.7263799,191.35915,19.938915,23.36734,-1.2747498,-0.6760025,-3.6548538,0.07141727,31.902943,46.276722
2019-03-29,5659.44,508.74666666666667,131.55249999999998,11.318333333333333,40.24666666666666,Aswan,0.0,3.220102,155.5012,19.088099,24.773712,-1.0363464,-0.013702393,-0.5674057,0.07789425,32.135563,48.382935
2019-03-30,5543.08,424.05333333333334,158.01916666666668,10.365,40.473333333333336,Aswan,0.0,5.461898,93.46083,22.646059,24.449493,1.742218,4.5849915,-1.3036957,0.32967788,88.100365,149.08076
2019-03-31,6230.94,511.5566666666667,133.2525,11.5175,40.700833333333335,Aswan,0.0,5.9321604,124.80786,26.425667,19.763702,-0.2753601,4.6092834,-2.8537903,0.32838294,117.411896,174.65182
2019-04-01,5842.37,450.5941666666667,169.77583333333334,11.147499999999999,40.925000000000004,Aswan,0.0,3.3872998,138.61848,25.856544,18.765656,-1.7415466,1.5662308,-2.1398697,0.35344318,105.2672,160.63206
2019-04-02,5711.22,461.47416666666663,161.63416666666666,11.2675,41.14833333333333,Aswan,0.0,2.474885,138.84167,22.638681,20.40921,-2.2723083,1.7330246,-1.2446976,0.16139865,43.01424,78.91963
2019-04-03,5729.0199999999995,467.22499999999997,152.56833333333336,11.250833333333333,41.369166666666665,Aswan,0.0,3.9178011,110.048904,20.423199,25.304352,0.82681274,0.9689789,2.852562,0.17436898,39.41255,65.93231
2019-04-04,5564.29,449.2,166.52333333333334,11.233333333333334,41.5875,Aswan,0.0,3.5162098,98.40134,24.650043,26.374542,3.5329895,3.2905045,-0.67222595,0.39219153,55.75673,82.99727
2019-04-05,5453.68,405.7383333333333,182.27916666666667,10.776666666666666,41.80166666666667,Aswan,0.0,4.692292,164.72134,24.830463,24.552399,2.539093,1.2185287,-4.5308304,0.122650385,57.689514,82.85494
2019-04-06,4152.49,225.5175,240.84333333333333,8.761666666666667,42.01583333333333,Aswan,0.0,2.2211277,242.79039,21.24004,25.923248,1.7308655,-1.2386932,-1.49897,0.16195498,43.922512,67.74657
2019-04-07,5233.59,442.8691666666667,158.86666666666667,11.134166666666665,42.22666666666667,Aswan,0.0,3.1031723,250.71124,21.456192,30.242584,5.133209,-2.222618,-1.1398773,0.23719914,28.979244,42.87709
2019-04-08,5314.969999999999,432.0325,159.9466666666667,11.008333333333333,42.43333333333333,Aswan,9.536743e-07,4.861478,215.74033,19.318998,31.92398,5.1839905,-2.1303635,-3.9912643,0.31219012,76.22398,105.615105
2019-04-09,1838.73,10.068333333333333,195.1291666666667,4.06,42.638333333333335,Aswan,1.9073486e-06,5.2494335,216.56052,30.845007,29.734894,10.07608,-2.1260986,-3.7372055,0.27978322,42.825333,58.29879
2019-04-10,5401.63,397.52250000000004,183.08666666666667,10.902500000000002,42.8425,Aswan,0.0,6.52944,172.4797,20.873627,27.947418,2.8929749,0.8212204,-6.455612,0.24672502,83.45753,115.57706
2019-04-11,5800.86,478.42083333333335,151.60666666666665,11.924166666666666,43.04083333333333,Aswan,0.0,4.9523706,178.47958,19.983664,26.096954,0.49380493,0.10637665,-4.9492874,0.13368663,47.44324,68.42827
2019-04-12,5790.16,502.76666666666665,138.96166666666667,12.25,43.23916666666667,Aswan,0.0,3.9779575,160.44131,15.383072,26.106964,-2.6602478,1.1901016,-3.6125107,0.09273043,39.01235,58.969604
2019-04-13,5530.73,479.77416666666664,148.21333333333334,12.0175,43.43333333333334,Aswan,0.0,2.1950567,224.82056,14.98744,26.926178,-3.2192078,-0.591774,-1.7725754,0.13650627,32.7442,47.889374
2019-04-14,4921.93,316.04249999999996,225.74333333333334,10.38,43.625,Aswan,0.0,3.600439,226.37128,11.7429495,29.492218,-3.353241,-1.0693436,-2.0575485,0.4499666,115.79676,165.53072
2019-04-15,2018.28,8.035833333333333,221.67583333333334,4.5633333333333335,43.810833333333335,Aswan,0.0,3.360818,248.85889,14.503898,29.870148,-0.51730347,-2.1797943,-1.3282013,0.36625013,78.61732,97.36843
2019-04-16,5456.39,444.0825,155.62583333333333,11.581666666666665,43.99666666666667,Aswan,0.0,5.284068,201.67235,22.78423,29.878693,6.2743225,-1.586319,-3.534729,0.43837672,105.75814,136.89914
2019-04-17,5701.39,450.0975,161.42,11.893333333333333,44.178333333333335,Aswan,0.0,5.7993507,155.6589,19.966454,26.196075,1.1634827,2.3436584,-5.0334854,0.3006407,87.16842,130.9585
2019-04-18,5876.4,489.85083333333336,136.31333333333333,12.33,44.35666666666666,Aswan,0.0,5.668734,159.49689,25.485188,24.104034,2.6472473,1.9801102,-5.31089,0.08833568,59.53201,88.09933
2019-04-19,5766.0,481.66083333333336,138.2475,12.255833333333333,44.5325,Aswan,0.0,5.5678,169.54657,23.8404,24.981964,2.4144592,1.0820084,-5.4149246,0.102647625,40.067055,60.45852
2019-04-20,5354.34,396.2225,186.65583333333333,11.539166666666667,44.705000000000005,Aswan,0.0,4.1544423,181.33842,25.369438,25.679596,4.094879,0.12498474,-3.7040253,0.112320304,34.28512,52.130043
2019-04-21,5954.09,491.1558333333333,135.18083333333334,12.527500000000002,44.875,Aswan,0.0,6.1764293,165.43442,19.207993,23.227448,-1.894867,1.5694122,-5.9613113,0.08860822,57.52836,87.56515
2019-04-22,5864.54,487.5333333333333,137.1825,12.524999999999999,45.04,Aswan,0.0,5.417844,176.11343,22.500275,22.655792,-0.49118042,0.39164734,-5.4010086,0.121822886,59.240532,88.50787
2019-04-23,5792.76,483.8141666666667,137.66416666666666,12.495833333333335,45.20416666666667,Aswan,0.0,5.559397,188.67514,13.933244,25.00711,-4.473236,-0.8687744,-5.488022,0.0705224,46.69203,69.57808
2019-04-24,5615.42,480.6366666666667,137.79583333333332,12.53,45.36166666666667,Aswan,0.0,4.5393405,217.14212,12.950527,27.86966,-3.8737488,-2.7033691,-3.6142578,0.09798377,48.303413,71.973976
2019-04-25,5418.43,445.75916666666666,155.85833333333332,12.131666666666668,45.517500000000005,Aswan,0.0,4.481648,195.26297,16.85471,29.577545,1.0926819,-1.1228714,-4.2156754,0.18432465,63.14122,86.98213
2019-04-26,5469.98,469.3433333333333,138.97416666666666,12.375833333333333,45.669999999999995,Aswan,0.0,4.779104,190.22824,13.5251875,30.742828,-0.63046265,-0.53912354,-4.2646484,0.1275472,47.13428,65.14044
2019-04-27,5450.14,469.35249999999996,137.44416666666666,12.404166666666667,45.817499999999995,Aswan,0.0,3.8519113,165.33566,15.539871,30.053741,0.8603821,1.0168457,-3.6863403,0.22675622,94.8658,132.2908
2019-04-28,5464.56,473.30833333333334,135.93166666666667,12.524166666666666,45.96416666666667,Aswan,0.0,3.561966,173.52048,15.548065,30.250885,0.88760376,-0.18851471,-3.161728,0.19820431,87.91881,121.12089
2019-04-29,5410.15,480.71333333333337,128.97583333333333,12.645000000000001,46.10583333333333,Aswan,0.0,4.611689,220.01007,13.243002,31.034698,-1.0879822,-2.6147919,-3.5009232,0.12950137,31.502373,47.68951
2019-04-30,5284.89,459.0975,139.4125,12.402500000000002,46.244166666666665,Aswan,0.0,4.0822544,184.58958,14.496109,33.052643,1.7752991,-0.2989502,-4.0627365,0.22159834,60.995205,83.17231
2019-05-01,5133.87,409.02833333333336,171.7541666666667,11.949166666666665,46.37916666666666,Aswan,0.0,4.033247,235.49057,15.2780905,33.646027,2.375885,-2.9460373,-2.4622116,0.23310117,66.04883,91.548645
2019-05-02,5022.88,416.24499999999995,168.3325,12.0775,46.51,Aswan,0.0,3.3721185,210.52875,12.884705,34.446686,0.28799438,-1.3728256,-2.3471222,0.27702358,64.28655,87.73937
2019-05-03,4919.5199999999995,391.2091666666667,179.61166666666668,11.768333333333333,46.63916666666666,Aswan,0.0,3.9140186,185.50392,11.340343,35.783478,0.8113098,0.7359619,-0.531723,0.42252928,77.66656,122.63699
2019-05-04,5276.11,419.035,164.65916666666666,12.211666666666666,46.76333333333333,Aswan,0.0,5.2661085,169.21985,16.27842,31.44278,2.4631653,0.8685837,-5.174721,0.21071042,76.819595,111.184906
2019-05-05,5150.1,429.8333333333333,156.17166666666665,12.286666666666667,46.884166666666665,Aswan,0.0,2.9069364,182.25632,11.045193,31.866486,-2.504242,-0.18357849,-2.9000092,0.09250572,44.14791,63.922707
2019-05-06,4916.14,415.1116666666667,163.28,12.238333333333335,47.00083333333333,Aswan,0.0,3.4172673,209.2424,9.37925,34.74832,-2.4814148,-1.7432022,-2.9180603,0.11701838,23.248138,33.90349
2019-05-07,4800.04,336.55749999999995,209.16333333333333,11.39,47.115833333333335,Aswan,0.0,5.377357,175.98343,8.958223,35.79007,-2.0863953,0.38062286,-5.360161,0.340604,85.51744,125.733795
2019-05-08,5132.09,357.38153846153847,161.42307692307693,10.933846153846153,43.723076923076924,Aswan,0.0,6.03656,169.60785,14.689369,30.63272,0.41775513,1.0544968,-5.927025,0.33585104,71.969894,107.62367
2019-05-09,5283.51,387.0969230769231,145.42153846153846,11.43,43.82846153846154,Aswan,0.0,4.340391,166.27606,17.92402,29.160675,2.257965,1.2412643,-4.0588913,0.35720772,51.96744,80.487885
2019-05-10,5316.54,399.33076923076925,141.16846153846154,11.682307692307692,43.931538461538466,Aswan,0.0,3.8213787,159.14328,18.778488,26.608917,0.5100403,1.1931839,-3.5814743,0.08484936,50.994698,75.64253
2019-05-11,5176.3,395.72999999999996,140.47923076923078,11.61923076923077,44.03153846153846,Aswan,0.0,3.8244457,155.88742,17.41623,28.082428,0.7940979,1.1467972,-3.2873077,0.043700695,37.143887,53.10668
2019-05-12,5049.92,388.45461538461535,142.3446153846154,11.54076923076923,44.12769230769231,Aswan,0.0,3.2183137,175.2025,13.709005,30.400787,-0.6459656,-0.033599854,-2.8685455,0.040283933,25.006554,37.881603
2019-05-13,5014.08,394.31615384615384,137.80769230769232,11.627692307692307,44.22153846153846,Aswan,0.0,2.785156,173.12892,13.651734,32.686676,0.7600403,-0.2991562,-2.3975525,0.05591857,24.757957,36.669964
2019-05-14,4793.139999999999,374.5815384615385,146.8446153846154,11.342307692307692,44.31153846153846,Aswan,0.0,2.2519917,148.23239,15.475558,33.458893,3.5106506,0.27292633,-1.3362656,0.10850535,30.39719,45.58914
2019-05-15,4705.88,337.1192307692308,169.41615384615383,10.855384615384615,44.39692307692307,Aswan,0.0,2.396307,110.77031,15.655244,34.367706,4.377716,1.1963501,-0.7234192,0.15346047,51.143837,72.89247
2019-05-16,4823.0199999999995,373.2669230769231,145.48,11.31076923076923,44.48230769230769,Aswan,0.0,4.1819067,150.18964,13.715278,35.661285,3.617218,1.905693,-3.6046066,0.21586867,56.93698,79.941086
2019-05-17,4710.4800000000005,308.81,184.47384615384615,10.551538461538463,44.56153846153846,Aswan,0.0,5.099531,178.2022,11.258501,35.95047,1.1690979,0.59487915,-4.8589783,0.46291536,68.25275,98.285416
2019-05-18,4996.44,366.04846153846154,150.7776923076923,11.33,44.64,Aswan,0.0,5.1372447,165.94458,15.466187,33.59366,3.6977844,1.1842499,-4.941231,0.34697464,54.541683,77.44566
2019-05-19,5089.13,390.3669230769231,138.03615384615384,11.765384615384615,44.71384615384615,Aswan,0.0,4.1228895,164.39996,11.42615,32.496002,-1.3199158,1.1287308,-3.927826,0.19120269,48.841846,74.445724
2019-05-20,4873.67,382.0884615384615,140.9476923076923,11.686923076923078,44.78615384615385,Aswan,0.0,2.653294,164.31125,12.836524,32.907257,0.53445435,0.24769592,-2.567154,0.11297474,53.691757,75.65657
2019-05-21,4402.8,370.0758333333333,138.15833333333333,11.396666666666667,44.115,Aswan,0.0,2.9628716,252.83984,15.993885,33.91397,3.3034973,-2.8104477,-0.74300385,0.0836425,25.776028,37.57621
2019-05-22,4262.81,361.0933333333333,140.2925,11.205833333333333,44.18416666666667,Aswan,0.0,3.2408202,266.36325,19.493711,35.971466,7.193756,-3.1789932,-0.1410141,0.12905118,33.649406,50.368225
2019-05-23,4671.96,369.04846153846154,144.26615384615386,11.458461538461538,44.98230769230769,Aswan,0.0,2.4780052,237.63171,13.376539,36.22818,3.013092,-1.9839325,-0.9649811,0.18761635,50.03942,72.00507
2019-05-24,4237.0,311.8475,184.11333333333334,10.696666666666667,46.33083333333334,Aswan,0.0,1.3751469,245.12833,15.089406,36.8472,5.306183,-1.1289368,-0.15878296,0.2741642,55.506752,84.44211
2019-05-25,4649.25,349.35153846153844,151.4823076923077,11.079230769230769,45.098461538461535,Aswan,0.0,1.7754726,304.29755,22.40821,37.56314,12.272858,-1.3822174,1.0979843,0.29492545,68.787636,99.76618
2019-05-26,4531.99,353.5015384615384,146.64538461538461,11.167692307692308,45.153076923076924,Aswan,0.0,3.3334517,249.48502,24.623693,37.99881,12.844269,-1.8303223,0.5860977,0.2792576,58.70572,85.48158
2019-05-27,4638.76,343.08230769230767,155.53384615384616,11.134615384615385,45.20538461538461,Aswan,0.0,3.752674,178.99509,16.972246,38.33365,8.007843,-0.019691467,-3.632988,0.24581194,59.534607,79.74011
2019-05-28,4576.67,313.95307692307694,175.32999999999998,10.84153846153846,45.25615384615385,Aswan,0.0,3.9382658,168.18439,12.821068,38.01126,4.3562317,0.6175842,-3.7804108,0.3227871,83.451096,116.57291
2019-05-29,4695.6,360.1515384615385,147.25615384615384,11.491538461538463,45.302307692307686,Aswan,0.0,3.7195652,119.43809,11.635286,37.709625,2.8922424,1.4312515,-0.88772583,0.18957438,44.972572,64.415665
2019-05-30,4592.83,323.5746153846154,170.28384615384616,10.966153846153846,45.346923076923076,Aswan,0.0,2.2959757,133.361,14.6705675,37.2399,5.376251,-0.6867981,0.38692474,0.18429613,30.848515,44.410465
2019-05-31,4579.41,348.2753846153846,151.55461538461537,11.209999999999999,45.39076923076924,Aswan,0.0,2.3394809,177.9525,14.843762,38.836334,7.16568,-0.9672394,0.054092407,0.3049699,65.35804,93.412994
2019-06-01,4524.29,341.99692307692305,151.58076923076922,11.144615384615385,45.43,Aswan,0.0,2.8012352,197.05052,15.121914,39.450714,7.8664856,-0.70518494,-2.6802979,0.2997059,62.915615,87.29991
2019-06-02,4465.07,338.5723076923077,151.62846153846155,11.096923076923076,45.46615384615385,Aswan,0.0,2.6400478,204.71754,15.090862,39.34671,7.698517,-1.6968536,-1.4920044,0.28697145,58.480118,82.85449
2019-06-03,4540.96,338.4469230769231,146.41692307692307,10.98,45.50230769230769,Aswan,0.0,4.2215652,284.12518,18.267414,39.31241,10.551422,-4.0722046,1.0805511,0.281775,52.845474,79.53876
2019-06-04,4440.2,341.3792307692308,145.22307692307692,11.012307692307692,45.535384615384615,Aswan,0.0,2.160289,179.89081,20.987108,39.0336,11.816559,-1.076477,0.3178177,0.20697188,38.16362,57.096184
2019-06-05,4329.2699999999995,311.3484615384615,165.96615384615384,10.779230769230768,45.566923076923075,Aswan,0.0,2.359766,188.78789,19.29183,39.395416,10.921783,0.21769714,0.23104858,0.2107868,34.656857,55.671455
2019-06-06,3103.0299999999997,106.24307692307693,221.55076923076922,6.871538461538462,45.597692307692306,Aswan,2.3841858e-05,6.806258,170.06876,17.018997,39.238922,9.535065,0.89006805,-6.6556244,0.3243193,90.19679,125.83505
2019-06-07,4704.33,344.15769230769234,145.73384615384614,11.187692307692307,45.62307692307692,Aswan,0.0,6.4152794,162.95358,19.24057,37.95218,10.358795,1.9628372,-6.050949,0.31780344,76.366714,111.61104
2019-06-08,4799.76,358.60461538461544,137.23692307692306,11.516153846153847,45.650000000000006,Aswan,0.0,5.2199445,146.69806,17.935133,34.51175,6.491974,2.8686066,-4.279091,0.18338493,92.200096,134.36311
2019-06-09,4779.59,363.4669230769231,130.1292307692308,11.53076923076923,45.67230769230769,Aswan,0.0,4.671673,143.21916,17.492504,32.981476,4.7013245,2.7102966,-3.6781387,0.16673958,66.63956,97.948204
2019-06-10,4687.63,333.7684615384615,150.81230769230768,11.152307692307694,45.69615384615384,Aswan,0.0,5.1157312,146.55568,20.901407,33.49356,7.5083313,2.9306412,-3.823761,0.216334,47.127167,74.16536
2019-06-11,4670.94,354.60846153846154,137.49846153846153,11.319230769230769,45.716153846153844,Aswan,0.0,4.3244367,151.7073,14.740173,33.780304,3.189972,2.1884995,-3.4311676,0.2115445,44.7884,77.59053
2019-06-12,4158.11,341.295,130.53166666666667,11.130833333333333,43.942499999999995,Aswan,0.0,4.6978235,164.16571,14.756329,34.987213,3.2157288,1.3907928,-4.434189,0.17224157,42.713882,65.28644
2019-06-13,4815.22,358.53692307692313,136.7253846153846,11.59769230769231,45.75153846153846,Aswan,0.0,6.2571106,161.38994,18.519001,35.148956,6.8387756,2.0005875,-5.8011246,0.21098118,54.88159,85.36832
2019-06-14,4807.13,369.0023076923077,126.56846153846153,11.65230769230769,45.76692307692308,Aswan,0.0,4.8151946,157.08397,22.725403,33.53531,9.159821,2.0185165,-4.1520233,0.2227912,57.913124,87.31186
2019-06-15,4731.22,355.09153846153845,133.80076923076925,11.447692307692307,45.78153846153846,Aswan,0.0,4.7681537,145.50003,24.130302,33.138092,9.814728,2.578392,-3.3237076,0.24509645,61.61507,96.97178
2019-06-16,4785.81,369.11153846153843,128.51230769230767,11.72923076923077,45.79153846153846,Aswan,0.0,4.2033863,151.1797,19.587229,33.76541,6.733673,2.095955,-3.5501328,0.16938625,50.557228,80.479805
2019-06-17,4708.54,362.5253846153846,132.88692307692307,11.655384615384616,45.802307692307686,Aswan,0.0,4.4114704,164.76004,18.390495,34.446808,5.5346985,1.1048737,-4.2376328,0.13921118,41.708866,58.529167
2019-06-18,4598.49,358.8761538461539,133.15769230769232,11.548461538461538,45.81307692307693,Aswan,0.0,4.006706,149.56204,16.306072,35.502106,5.259674,2.293785,-3.183998,0.18768995,36.44512,62.102943
2019-06-19,4726.1,371.09923076923076,127.18923076923078,11.581538461538461,45.817692307692305,Aswan,0.0,4.5485992,178.02365,16.802212,36.300568,6.508087,0.15013123,-4.540756,0.11306134,36.799614,51.045135
2019-06-20,4464.9800000000005,342.9223076923077,144.46076923076924,11.212307692307691,45.825384615384614,Aswan,0.0,2.3596396,265.4179,18.822655,37.14737,7.957306,-2.2741013,-0.26661682,0.28456485,33.94139,54.79348
2019-06-21,4541.0,350.2938461538462,141.08692307692306,11.305384615384614,45.83076923076923,Aswan,0.0,4.069243,212.59578,17.846462,39.608307,9.423737,1.5395355,1.5927811,0.27478647,30.703037,50.449127
2019-06-22,4727.97,348.57615384615383,143.9023076923077,11.338461538461539,45.832307692307694,Aswan,0.0,5.374607,164.47153,17.512444,36.759064,7.8002014,1.3237915,-4.8183365,0.33923864,97.79968,146.33676
2019-06-23,4775.3,366.99230769230775,131.3930769230769,11.57,45.83307692307692,Aswan,0.0,4.2005024,157.39377,18.835976,34.303497,6.7984924,1.4788895,-3.807396,0.18317837,67.389885,101.526375
2019-06-24,4764.37,375.34230769230766,125.54923076923077,11.653846153846153,45.83384615384615,Aswan,0.0,4.10382,152.3219,21.324696,34.93399,8.840973,1.7838211,-3.6571732,0.17742497,75.227104,113.61153
2019-06-25,4589.65,342.7730769230769,144.75923076923078,11.172307692307694,45.83307692307692,Aswan,0.0,3.1684031,168.46515,18.756557,37.126617,9.021515,0.37892914,-3.0786438,0.1925947,62.9539,94.57803
2019-06-26,4380.04,332.3123076923076,147.98538461538462,10.936153846153845,45.83,Aswan,0.0,2.5286093,130.39812,16.457819,39.92227,9.428375,0.71738434,-1.723877,0.22534114,41.50688,60.101616
2019-06-27,4495.36,331.5192307692308,149.65615384615384,10.983076923076924,45.826153846153844,Aswan,0.0,5.0843167,176.26962,14.396403,41.212067,8.411041,0.51771545,-4.7302475,0.24035841,60.576622,90.15179
2019-06-28,4601.68,345.7430769230769,142.35538461538462,11.205384615384615,45.818461538461534,Aswan,0.0,5.900838,160.42554,14.441517,38.801056,6.3614807,2.0473022,-5.4009933,0.24498457,62.834953,93.930176
2019-06-29,4772.86,366.29999999999995,129.56230769230768,11.482307692307693,45.81153846153846,Aswan,0.0,5.5544286,150.28116,21.483667,36.10086,10.282135,2.9211426,-4.4750214,0.22682852,78.24165,120.63198
2019-06-30,4739.16,357.84615384615387,135.17307692307693,11.373846153846152,45.801538461538456,Aswan,0.0,5.166619,136.91106,22.312767,35.048492,10.07486,3.463852,-3.5841599,0.2095741,65.565025,99.70688
2019-07-01,4749.09,369.45384615384614,127.23615384615384,11.49923076923077,45.78769230769231,Aswan,0.0,4.866333,159.60587,21.847328,35.164948,9.621002,1.8175049,-4.434204,0.17939764,56.9272,86.7353
2019-07-02,4203.08,344.2733333333333,134.26250000000002,11.015,45.205000000000005,Aswan,0.0,4.9954834,169.5246,21.064182,36.772125,10.389435,0.99487305,-4.8628006,0.15256548,45.355286,67.354645
2019-07-03,4313.83,346.6075,139.03333333333333,11.124166666666667,45.192499999999995,Aswan,0.0,6.9315577,169.17007,19.419783,36.325348,8.0572815,1.4987106,-6.736168,0.1659447,42.606113,67.525925
2019-07-04,4879.43,377.59153846153845,129.39846153846153,11.718461538461538,45.74461538461538,Aswan,0.0,5.6622562,153.34692,14.808128,35.400543,4.219513,2.5493546,-5.032173,0.13940266,68.10303,104.24954
2019-07-05,4893.33,371.1207692307692,133.32846153846154,11.618461538461538,45.72461538461538,Aswan,0.0,5.5861435,149.64977,15.791224,34.18509,4.423126,2.798149,-4.8277283,0.21857424,87.79173,138.68239
2019-07-06,4905.56,382.97769230769234,125.43923076923078,11.736153846153845,45.70461538461538,Aswan,0.0,4.1036882,127.30957,18.081182,32.917755,5.3764954,3.2529678,-2.4891205,0.16995819,81.25463,124.412735
2019-07-07,4788.48,366.52076923076925,135.14384615384614,11.512307692307692,45.68076923076923,Aswan,0.0,4.142943,127.72859,18.531122,34.44937,6.2359924,2.8219833,-2.6026459,0.15368323,58.25555,87.56712
2019-07-08,4791.79,372.83076923076925,130.30615384615385,11.546153846153846,45.65384615384615,Aswan,0.0,4.6435585,155.18054,14.793011,35.721954,4.6941223,1.8996735,-4.1004486,0.20409016,65.31642,99.33883
2019-07-09,4847.4,372.5438461538461,131.4346153846154,11.536923076923076,45.62692307692308,Aswan,0.0,5.1274824,147.09369,17.028252,34.78128,5.550934,2.8222885,-4.177788,0.21236008,41.319767,87.75174
2019-07-10,4746.76,371.7515384615384,133.09846153846155,11.53076923076923,45.596923076923076,Aswan,0.0,2.7412486,143.65833,17.659288,34.8732,6.052643,1.6644211,-2.1724014,0.22369723,17.638979,82.216736
2019-07-11,4756.79,381.1753846153846,126.28692307692307,11.590769230769231,45.56384615384616,Aswan,0.0,3.426835,113.389435,16.847656,35.668,5.604889,1.784111,-0.60092163,0.23760904,19.840973,84.80733
2019-07-12,4647.87,368.2146153846154,134.26615384615386,11.403076923076924,45.52923076923077,Aswan,0.0,3.0477738,107.44583,19.584425,36.522736,8.488312,2.919258,-0.8107376,0.19982728,14.7727375,55.67344
2019-07-13,4719.05,367.3953846153846,134.1469230769231,11.350769230769231,45.49076923076923,Aswan,0.0,3.2651525,212.16614,15.801445,37.3284,6.3944397,-1.0741119,-2.5390167,0.1638119,10.729906,42.972157
2019-07-14,4663.93,357.72153846153844,138.7246153846154,11.196153846153846,45.44923076923077,Aswan,0.0,4.391422,157.94357,17.785812,37.15909,8.607819,1.3245468,-3.3806992,0.25968382,14.719307,72.35335
2019-07-15,4723.04,365.93384615384616,136.8823076923077,11.339230769230769,45.4076923076923,Aswan,0.0,4.551275,142.41248,17.765778,36.22513,7.497711,2.1643143,-3.185028,0.2182965,19.730549,98.89199
2019-07-16,4793.64,379.9353846153846,129.10615384615386,11.503076923076922,45.360769230769236,Aswan,0.0,3.2883515,143.24216,19.083057,35.29947,8.073151,1.8321228,-2.6193619,0.16848375,17.05847,70.22212
2019-07-17,4601.51,348.6476923076923,148.35923076923078,11.074615384615385,45.31230769230769,Aswan,0.0,3.0999558,196.35555,16.261688,38.04019,7.2208557,-0.6336441,-2.383316,0.30215275,9.691039,53.803905
2019-07-18,4563.73,357.79999999999995,143.8553846153846,11.120000000000001,45.25923076923077,Aswan,0.0,1.7553053,185.42076,17.807379,39.20047,9.476593,-0.7780075,1.0956116,0.2585608,6.8174863,41.36644
2019-07-19,4304.93,293.7392307692308,169.8846153846154,9.953846153846154,45.20538461538461,Aswan,0.0,4.4426694,202.77533,15.044416,39.682648,8.078644,-1.7079391,-4.0980225,0.35586825,11.630749,57.65933
2019-07-20,4651.22,348.6953846153846,147.7553846153846,10.978461538461538,45.146153846153844,Aswan,0.0,5.31081,179.90729,16.97827,39.733795,9.410553,-0.012359619,-5.294655,0.3477853,16.61444,91.02264
2019-07-21,4818.54,358.99692307692305,141.7453846153846,11.076153846153847,45.08692307692308,Aswan,0.0,6.601905,173.0556,22.905998,37.128082,11.9964905,0.85004425,-6.5181885,0.2924708,23.022686,138.75632
2019-07-22,4974.7699999999995,370.05307692307696,141.42461538461538,11.345384615384615,45.02307692307692,Aswan,0.0,5.5717106,147.98071,22.373062,34.500275,9.829132,2.9480057,-4.654953,0.27401388,27.546677,173.56107
2019-07-23,4927.71,384.2146153846154,131.42538461538462,11.432307692307692,44.95692307692308,Aswan,0.0,3.6764417,117.26718,21.985836,33.338654,8.484894,3.2527542,-1.6928024,0.24454358,26.11081,122.645744
2019-07-24,4844.429999999999,372.1769230769231,138.57461538461538,11.255384615384616,44.886923076923075,Aswan,0.0,3.828782,112.48514,20.194595,34.69742,8.136871,3.0713272,-1.3808365,0.25585413,20.883114,102.57268
2019-07-25,4808.97,365.2107692307692,141.70461538461538,11.108461538461539,44.81461538461539,Aswan,0.0,3.8104734,127.9745,18.115593,35.477203,6.992218,2.937172,-2.3603058,0.2727687,17.568077,91.14517
2019-07-26,4868.94,360.40384615384613,145.37,11.00076923076923,44.74,Aswan,0.0,5.317149,141.836,17.322966,35.503815,6.414337,3.2297516,-4.1184387,0.34895584,18.411947,121.34679
2019-07-27,4898.17,348.9953846153846,153.29846153846154,10.889999999999999,44.660000000000004,Aswan,0.0,5.8981886,138.88644,21.507427,34.46927,9.170074,3.8006744,-4.4827576,0.41782594,20.742561,139.06726
2019-07-28,4889.110000000001,370.65538461538466,141.8830769230769,11.153076923076924,44.576153846153844,Aswan,0.0,4.1858444,122.4781,23.158314,34.74112,10.011993,3.6251526,-1.9908295,0.24673702,14.534824,85.90671
2019-07-29,4950.93,376.5446153846154,142.94,11.28076923076923,44.49076923076923,Aswan,0.0,3.5538511,137.99976,19.762243,34.073273,7.558136,2.2184372,-2.2060776,0.20818827,16.910896,81.820076
2019-07-30,4858.69,373.22153846153844,144.1223076923077,11.19,44.40384615384615,Aswan,0.0,2.6863365,113.72133,21.470629,34.106964,8.569366,2.288948,-0.99922943,0.15674934,12.464578,46.778214
2019-07-31,4860.97,386.40999999999997,134.56076923076924,11.238461538461538,44.309999999999995,Aswan,0.0,3.7241826,98.70364,17.057835,35.66861,6.254425,3.5252762,-0.4435196,0.15261272,16.176218,51.736176
2019-08-01,4869.29,379.02076923076925,140.25076923076924,11.15230769230769,44.21692307692308,Aswan,0.0,3.6049447,110.03171,16.849518,36.1586,6.9086,3.3377075,-1.2593079,0.13397592,13.517759,40.52362
2019-08-02,4855.09,375.28153846153845,138.68846153846155,10.99076923076923,44.11846153846154,Aswan,0.0,3.9761832,131.16576,17.738905,36.996246,8.422394,2.9810486,-2.6305237,0.23090364,12.424204,52.525772
2019-08-03,4749.0,371.5184615384615,140.2553846153846,10.974615384615383,44.01615384615385,Aswan,0.0,3.834376,172.24174,17.729946,38.09439,9.167389,0.6270752,-3.3131104,0.24520332,13.535021,50.32608
2019-08-04,4872.78,362.6707692307692,148.5346153846154,10.853846153846153,43.910000000000004,Aswan,0.0,4.7655277,164.47156,21.09869,37.382355,11.36087,1.281868,-4.2113037,0.3086015,18.451185,90.753845
2019-08-05,4961.71,392.86538461538464,134.6376923076923,11.287692307692309,43.80076923076923,Aswan,0.0,3.8225722,144.70732,17.102444,36.683502,7.593292,2.022232,-2.986534,0.22905254,18.417557,86.744446
2019-08-06,4951.79,375.3353846153846,145.8930769230769,11.016153846153847,43.690769230769234,Aswan,0.0,4.622478,143.34636,19.828884,36.316437,9.4548645,2.785286,-3.3896103,0.2742992,14.415911,69.1635
2019-08-07,4931.36,380.3415384615385,142.30307692307693,11.028461538461539,43.57692307692308,Aswan,0.0,3.3351507,167.47339,18.33647,36.214264,8.379791,0.42679596,-2.9221573,0.2645965,14.782752,78.72664
2019-08-08,5037.78,379.93,146.43153846153845,11.088461538461539,43.45769230769231,Aswan,0.0,4.983015,153.60883,19.872185,34.596466,8.12088,2.0031738,-4.2879333,0.23427778,16.694956,70.830215
2019-08-09,5098.88,384.22846153846154,146.65692307692308,11.163076923076924,43.33538461538462,Aswan,0.0,4.2655983,124.03027,17.924461,33.40628,5.6721497,3.572441,-2.16111,0.21759078,18.978798,83.46925
2019-08-10,5058.37,388.6023076923077,141.6123076923077,11.07,43.21076923076923,Aswan,0.0,4.146916,118.19179,21.321224,34.316193,8.956696,3.627678,-1.7537384,0.19104043,17.67015,58.372856
2019-08-11,4904.74,378.57,147.99846153846153,10.968461538461538,43.08384615384615,Aswan,0.0,3.5612323,124.194855,19.544615,34.69632,7.5420227,1.911171,0.6523819,0.14705135,16.9776,56.237015
2019-08-12,4988.1,373.7592307692308,151.82692307692307,10.87923076923077,42.95153846153846,Aswan,0.0,3.8895879,103.9256,14.368917,35.41385,4.183136,2.6524582,0.09429932,0.11600602,13.405058,41.735367
2019-08-13,4972.78,371.3007692307692,154.1123076923077,10.823846153846155,42.818461538461534,Aswan,0.0,3.3380003,133.0216,17.150873,35.517,6.686554,1.0980225,-0.04197693,0.1286212,13.169339,47.587505
2019-08-14,4906.33,386.286923076923,145.28384615384616,10.932307692307692,42.67923076923077,Aswan,0.0,3.271329,143.8149,15.180859,35.738922,4.931427,1.4001923,-2.3440247,0.16995545,18.430868,64.241486
2019-08-15,4875.07,368.2769230769231,150.64615384615385,10.516153846153847,42.53846153846154,Aswan,0.0,2.2144132,126.20072,20.054926,35.109283,8.833893,-0.88365936,-1.3561935,0.1640911,13.980875,44.3487
2019-08-16,4292.54,262.02384615384614,191.24769230769232,9.092307692307692,42.395384615384614,Aswan,0.0,3.4120975,165.43433,29.440132,37.602814,16.27127,-0.7509384,1.5217361,0.21571918,11.266575,59.212646
2019-08-17,3261.45,143.48076923076923,200.97076923076924,6.9592307692307696,42.24615384615385,Aswan,0.0,5.4792376,93.24518,27.279926,37.591827,14.800568,3.3594513,-0.5469513,0.26972327,12.850794,68.62036
2019-08-18,4987.92,364.7923076923077,153.85692307692307,10.44153846153846,42.09384615384616,Aswan,0.0,5.932807,161.30118,20.570822,36.855377,10.3750305,1.9838028,-5.438553,0.30233186,20.837244,100.818726
2019-08-19,3994.61,248.34615384615384,169.78923076923078,8.316923076923077,41.941538461538464,Aswan,0.0,4.827871,150.40363,23.21989,35.42691,11.083282,2.6605453,-3.8289566,0.21422324,18.564177,91.899605
2019-08-20,5096.91,387.6769230769231,144.25615384615384,10.613076923076923,41.783846153846156,Aswan,0.0,4.81715,167.24649,21.591255,35.70279,10.241486,1.2611008,-4.510109,0.19084191,17.428392,67.491776
2019-08-21,5136.99,412.1758333333333,165.48166666666665,11.500833333333333,45.00083333333333,Aswan,0.0,5.8631744,164.16306,22.64384,35.604645,10.723175,1.8072052,-5.424492,0.17013384,24.068491,93.46423
2019-08-22,5218.04,421.385,165.23083333333332,11.643333333333333,44.840833333333336,Aswan,0.0,5.538007,150.60199,23.35648,35.119537,10.125153,2.8616257,-4.608795,0.18389735,27.062908,125.89424
2019-08-23,5204.36,426.18,162.03583333333333,11.615833333333333,44.67583333333334,Aswan,0.0,4.117712,122.216965,23.539772,34.24185,10.065338,3.4853363,-2.1610641,0.26594546,30.271305,152.53897
2019-08-24,5160.68,421.34,164.65166666666667,11.530833333333334,44.509166666666665,Aswan,0.0,3.6926427,120.25296,20.700415,33.73233,7.7221985,3.1441345,-1.7865753,0.20827962,23.562061,90.63237
2019-08-25,5140.42,429.7225,159.7725,11.548333333333334,44.340833333333336,Aswan,0.0,3.5672143,140.6921,21.36702,34.677277,8.499908,2.1432877,-2.642624,0.18370984,18.539345,77.80995
2019-08-26,5136.94,415.10833333333335,167.58833333333334,11.334166666666668,44.16583333333333,Aswan,0.0,4.697152,159.01958,19.668554,35.674103,8.620514,1.7829819,-4.239723,0.15956852,19.698032,76.82905
2019-08-27,5224.95,417.39416666666665,167.275,11.32,43.990833333333335,Aswan,0.0,6.271821,150.82617,21.516144,35.92337,9.6094055,3.1040955,-5.418892,0.250168,21.794374,111.53143
2019-08-28,5264.23,422.93083333333334,164.1425,11.3125,43.8125,Aswan,0.0,5.5524244,147.46544,21.466085,35.140656,8.956085,2.9996796,-4.6716995,0.24818134,20.291122,97.023674
2019-08-29,5273.67,416.72,169.98833333333332,11.259166666666667,43.6325,Aswan,0.0,6.320692,150.54149,23.169159,34.44632,9.72757,3.1932297,-5.4438934,0.23313615,23.306862,116.85631
2019-08-30,5315.34,428.33833333333337,163.65916666666666,11.295,43.445,Aswan,0.0,6.1027117,151.17601,22.460934,34.436188,9.505646,2.931305,-5.352089,0.28791016,28.15437,133.31033
2019-08-31,5177.37,408.2325,174.85583333333332,11.056666666666667,43.26,Aswan,0.0,4.8879247,147.15442,20.88218,34.26126,8.496613,2.6492615,-4.1050186,0.27552772,30.396137,137.39493
2019-09-01,5360.15,456.32666666666665,146.82833333333335,11.407499999999999,43.07,Aswan,0.0,4.921469,138.3615,24.882677,33.730865,10.149567,3.1914597,-3.613762,0.24851185,22.964851,119.01773
2019-09-02,5382.889999999999,472.73583333333335,138.61166666666665,11.524166666666668,42.8775,Aswan,0.0,4.0352163,135.97722,23.428051,34.161774,10.033844,2.8009796,-2.894844,0.23106256,27.396389,108.21394
2019-09-03,5362.51,459.7225,146.73,11.365833333333335,42.681666666666665,Aswan,0.0,4.192133,141.10944,20.135366,34.16092,7.773346,2.5784073,-3.2445374,0.23832452,25.317451,104.52896
2019-09-04,5411.8,471.0816666666667,142.3658333333333,11.450000000000001,42.483333333333334,Aswan,0.0,4.2315226,135.60156,23.928122,34.13675,10.215363,2.5917816,-2.9962997,0.25649697,31.064735,134.26865
2019-09-05,5370.49,462.4841666666667,147.2325,11.318333333333333,42.285000000000004,Aswan,0.0,3.866037,147.2009,24.484684,33.66092,10.185333,2.0250092,-3.268341,0.24916396,27.635769,116.820755
2019-09-06,5328.55,456.12583333333333,147.58,11.139166666666668,42.079166666666666,Aswan,0.0,4.862898,159.85345,21.47688,35.219513,9.397736,1.6753922,-4.563553,0.26514792,19.409134,90.1328
2019-09-07,5381.349999999999,462.3066666666667,144.98999999999998,11.149166666666666,41.87583333333333,Aswan,0.0,5.360138,163.26382,20.466825,36.4451,9.728058,1.8255386,-4.7519073,0.23858988,10.874638,59.3302
2019-09-08,5492.42,453.5425,155.79,11.149166666666666,41.66916666666667,Aswan,0.0,5.7890577,149.1389,25.305946,34.199005,10.990265,2.970436,-4.9465256,0.30586565,27.517159,171.66261
2019-09-09,5517.57,464.1666666666667,150.32166666666666,11.179166666666667,41.45666666666667,Aswan,0.0,4.8153033,147.61403,29.363747,33.114532,12.525055,2.5506668,-4.0439835,0.2626515,31.151997,139.0603
2019-09-10,5483.9,469.53416666666664,148.8125,11.195833333333333,41.24666666666666,Aswan,0.0,3.9003384,136.2478,27.439987,32.82498,11.136505,2.576271,-2.7734985,0.2692685,28.220013,129.5718
2019-09-11,5423.92,460.18249999999995,153.07833333333335,11.040000000000001,41.030833333333334,Aswan,0.0,4.028491,154.6951,22.390156,33.538605,8.855499,1.6127167,-3.5696487,0.21524632,26.011114,98.57669
2019-09-12,5581.0599999999995,477.1716666666667,150.795,11.251666666666667,40.814166666666665,Aswan,0.0,4.826848,157.46063,20.315315,33.529816,7.2400208,1.8524475,-4.4213333,0.19026749,30.029354,131.79037
2019-09-13,5452.36,446.3591666666667,167.2475,10.935833333333333,40.596666666666664,Aswan,0.0,4.484944,152.49469,23.34058,33.243317,9.08902,1.8205719,-3.94915,0.25109342,36.581097,174.1203
2019-09-14,5470.42,450.6041666666667,161.86499999999998,10.866666666666667,40.37583333333333,Aswan,0.0,4.6079826,142.97385,27.918194,32.62686,11.421417,2.5894089,-3.6215286,0.24941078,26.07552,130.2021
2019-09-15,5538.7,454.22166666666664,159.595,10.832500000000001,40.15333333333333,Aswan,0.0,4.744092,149.82141,25.225327,31.249908,8.523102,2.322235,-4.0225525,0.21790764,21.425274,108.12981
2019-09-16,5406.48,442.4066666666667,158.2125,10.544166666666667,39.9275,Aswan,0.0,4.107251,156.78134,26.036247,31.79422,9.374786,1.6106644,-3.7607193,0.20903146,18.472202,82.59361
2019-09-17,5417.2300000000005,453.345,152.39916666666667,10.575000000000001,39.70166666666667,Aswan,0.0,4.5652385,167.78198,25.113354,32.84305,9.762604,0.9362793,-4.4558716,0.20430654,25.694666,105.05547
2019-09-18,4689.68,432.40909090909093,148.14181818181817,10.093636363636364,37.75272727272728,Aswan,0.0,4.184058,158.46509,23.022793,34.006012,9.735626,1.5348511,-3.887001,0.22578979,21.906178,98.39731
2019-09-19,5321.71,444.4508333333333,157.85916666666665,10.411666666666667,39.24166666666667,Aswan,0.0,5.0192356,169.13751,22.717968,35.17032,9.816071,0.94255066,-4.929863,0.24372858,28.582888,108.19342
2019-09-20,5408.74,457.97416666666663,151.26416666666668,10.472499999999998,39.01166666666666,Aswan,0.0,6.016273,179.61047,26.464928,36.42325,13.021393,0.012290955,-6.010391,0.29249522,37.43219,158.13069
2019-09-21,5388.66,446.40000000000003,156.84583333333333,10.321666666666667,38.777499999999996,Aswan,0.0,6.360197,178.1825,31.992853,35.38321,15.273956,0.20799255,-6.3553925,0.32668012,41.251656,178.97743
2019-09-22,5381.69,444.0641666666667,159.66916666666665,10.283333333333333,38.54333333333333,Aswan,0.0,4.9821806,176.7545,22.70111,33.789093,9.301422,0.28118134,-4.9630127,0.37423486,36.49154,177.18071
2019-09-23,5451.81,449.5058333333333,156.5225,10.264166666666666,38.3075,Aswan,0.0,5.4814997,172.17996,29.183556,33.313263,12.162994,0.7476425,-5.417984,0.3356232,33.525833,174.38065
2019-09-24,5444.0199999999995,439.7083333333333,165.41,10.203333333333333,38.07083333333333,Aswan,0.0,5.23367,166.42798,29.373833,33.193268,11.854523,1.3275986,-5.0167847,0.253099,30.319057,148.3623
2019-09-25,5479.49,441.2175,167.45416666666668,10.210833333333333,37.8325,Aswan,0.0,4.5742292,164.02899,24.138897,32.572174,8.765045,1.2832718,-4.3678055,0.2242822,32.326687,131.63498
2019-09-26,5538.97,451.055,169.33666666666667,10.3425,37.59166666666667,Aswan,0.0,4.3016806,175.78561,17.99727,32.333527,3.3634338,0.30519104,-4.28183,0.15974829,28.23061,102.01112
2019-09-27,5448.27,442.6075,170.12,10.169166666666667,37.35333333333333,Aswan,0.0,3.807427,179.1388,16.852108,32.932648,4.218048,0.06667328,-3.805359,0.14825706,19.759354,77.4977
2019-09-28,5431.67,444.17,164.18916666666667,10.044166666666667,37.11083333333333,Aswan,0.0,4.6636004,175.27568,19.83041,34.079376,7.6026917,0.3796997,-4.5737457,0.18640083,20.986649,80.62871
2019-09-29,5447.79,441.0958333333333,166.84916666666666,9.9925,36.8675,Aswan,0.0,4.400792,165.78445,27.36037,32.95572,11.031525,1.0820999,-4.2563705,0.18982446,29.484516,105.23831
2019-09-30,5308.06,415.29833333333335,179.98083333333332,9.771666666666667,36.623333333333335,Aswan,0.0,3.923261,156.61841,27.508886,32.196564,10.275909,1.5093536,-3.569641,0.18493298,32.90747,130.76552
2019-10-01,5434.57,436.6016666666667,168.72583333333333,9.861666666666666,36.38,Aswan,0.0,4.207238,160.62991,23.233072,31.444366,7.5610657,1.3785782,-3.955574,0.20341554,33.25617,134.64862
2019-10-02,5381.75,425.34083333333336,169.14916666666667,9.6425,36.13666666666666,Aswan,0.0,4.5992413,174.53314,23.552635,31.10379,7.7046204,0.44599152,-4.546318,0.16238362,23.72379,80.93057
2019-10-03,5185.36,424.2966666666667,163.77416666666667,9.5,35.89083333333333,Aswan,0.0,3.7724075,185.65598,19.991558,33.06436,6.9289856,-0.32353973,-3.754097,0.14635223,18.52071,60.762344
2019-10-04,5053.0599999999995,416.09083333333336,167.35833333333332,9.390833333333333,35.645833333333336,Aswan,0.0,2.9152298,243.4047,24.704712,34.926666,10.96817,-2.159027,-1.5630493,0.18076928,17.41128,50.968376
2019-10-05,5046.4,414.6583333333333,166.44666666666666,9.313333333333334,35.4,Aswan,0.0,2.261476,140.47519,27.308588,35.008087,12.70816,-0.59537506,0.39941406,0.21787876,16.03999,63.912323
2019-10-06,5174.89,413.3341666666667,166.94833333333335,9.255833333333333,35.152499999999996,Aswan,0.0,4.7575827,174.95743,21.392197,35.109528,9.51297,0.4075699,-4.7321396,0.25862703,25.795425,103.35377
2019-10-07,5049.6,405.0425,168.8375,9.115,34.906666666666666,Aswan,0.0,3.3519316,218.43799,27.085823,34.557648,12.331818,-2.1450882,-2.5652618,0.20159858,18.037548,64.05111
2019-10-08,5089.51,423.03333333333336,162.12833333333333,9.229166666666666,34.660833333333336,Aswan,0.0,2.7158823,114.160065,24.006916,35.07486,11.011261,-0.16649628,-1.4859009,0.18204275,18.782291,64.4554
2019-10-09,5079.6,417.4041666666667,165.4575,9.148333333333333,34.4125,Aswan,0.0,4.296279,221.77643,27.880573,35.497467,12.5486145,-2.8528976,-3.1734009,0.15582554,13.956934,40.76513
2019-10-10,5004.29,409.425,168.2825,9.048333333333334,34.16916666666667,Aswan,0.0,3.1057887,213.55707,24.828056,35.743073,12.103912,-1.7307663,-2.3410187,0.21538666,15.620762,53.479347
2019-10-11,5094.5,459.94666666666666,145.92,9.356666666666667,33.92166666666667,Aswan,0.0,2.240279,167.70413,24.267952,35.36795,11.142242,0.20475769,-2.0273056,0.18291701,13.877308,54.601776
2019-10-12,5063.07,427.96250000000003,156.15,9.045833333333333,33.67583333333334,Aswan,0.0,2.1513958,215.73175,23.250082,35.62198,11.076447,-1.2084961,-1.7542038,0.172313,14.306489,46.128174
2019-10-13,4346.59,335.53749999999997,162.085,7.8525,33.42916666666667,Aswan,0.0,3.26707,232.24934,27.78518,35.42032,12.832428,-2.3502197,-1.5659027,0.15929347,12.842632,41.924904
2019-10-14,4634.53,352.5758333333333,186.86,8.428333333333333,33.18416666666666,Aswan,0.0,2.300936,246.6106,21.713348,34.160797,9.2152405,-1.2622452,-1.6089706,0.15803319,18.119844,68.77806
2019-10-15,2373.3,53.615833333333335,211.58333333333334,4.868333333333333,32.939166666666665,Aswan,0.0,4.943816,179.37442,27.57306,33.178986,11.871613,0.12532043,-4.9084015,0.21506777,26.95668,103.9319
2019-10-16,1547.34,18.563333333333333,155.31,3.3225,32.69583333333333,Aswan,0.0,4.812234,150.23834,33.63564,30.702301,12.875763,2.49395,-4.095192,0.13994661,19.407938,45.47048
2019-10-17,4677.38,328.115,182.66250000000002,7.939166666666666,32.4525,Aswan,0.0,5.414323,193.43246,30.862823,32.474518,12.767975,-1.8288116,-4.9107895,0.16803543,11.458496,40.966133
2019-10-18,5386.09,467.00916666666666,141.09416666666667,9.058333333333334,32.21083333333333,Aswan,0.0,3.2294962,220.11522,29.743393,32.40909,11.222076,-2.081009,-2.4679947,0.15174991,9.914888,29.647373
2019-10-19,5378.11,466.99916666666667,140.7675,9.003333333333332,31.968333333333334,Aswan,0.0,3.6565604,206.46272,29.83124,33.355988,12.178986,-1.6335602,-3.2095947,0.14239323,12.913374,41.015957
2019-10-20,5541.71,519.8390909090908,154.69636363636366,9.913636363636364,34.50363636363637,Aswan,0.0,4.6124434,196.46643,22.608685,33.09488,8.212555,-1.1697235,-4.2957993,0.11158393,11.430712,33.168316
2019-10-21,5644.53,526.4027272727272,154.3072727272727,9.93909090909091,34.25818181818182,Aswan,0.0,4.510034,194.68999,22.097744,31.040314,6.3815002,-0.9838257,-4.3276443,0.09341937,9.963492,38.410877
2019-10-22,5482.4,515.0381818181818,153.46545454545455,9.730909090909092,34.015454545454546,Aswan,0.0,3.546273,172.43588,24.672962,31.537872,8.612946,0.31170654,-3.4690704,0.16268106,14.482893,50.605255
2019-10-23,5567.85,506.3636363636364,154.50272727272727,9.614545454545455,33.775454545454544,Aswan,0.0,5.1225176,170.70462,30.634544,30.32486,10.619904,0.9231415,-4.6961823,0.19485877,19.407448,90.41056
2019-10-24,5727.74,520.6290909090909,157.05272727272725,9.765454545454546,33.53363636363636,Aswan,0.0,4.492237,150.14186,30.853462,26.98941,7.4442444,2.0725403,-3.7245636,0.15284988,18.917871,78.996765
2019-10-25,5751.73,523.7736363636363,156.10363636363635,9.74090909090909,33.29181818181818,Aswan,0.0,4.063289,154.69495,28.841805,25.87674,5.956085,1.7401352,-3.6700745,0.11873503,12.832939,45.957497
2019-10-26,5685.8,513.9136363636363,157.14818181818183,9.58090909090909,33.054545454545455,Aswan,0.0,4.3205175,154.61801,29.917732,26.023468,6.618683,1.8679581,-3.8934631,0.19731562,13.744321,73.085686
2019-10-27,5644.08,510.13000000000005,156.25636363636363,9.472727272727273,32.81818181818182,Aswan,0.0,3.8444731,150.86754,42.78324,25.631134,11.568878,1.8987274,-3.3197327,0.16381459,15.883048,81.56819
2019-10-28,5633.71,514.1318181818182,155.07999999999998,9.461818181818181,32.58363636363636,Aswan,0.0,3.59807,152.31975,41.555058,26.046173,11.392975,1.6713715,-3.186119,0.14649756,17.409079,75.82342
2019-10-29,5646.18,516.1654545454545,157.61727272727273,9.476363636363637,32.35090909090909,Aswan,0.0,3.5519817,166.03836,25.867882,26.311188,5.0415344,0.74466705,-3.429062,0.091004,18.906467,58.118332
2019-10-30,5727.84,516.8672727272727,159.52545454545455,9.465454545454545,32.11727272727273,Aswan,0.0,4.412412,176.20486,23.91388,25.55252,3.2239075,0.24182129,-4.3862762,0.088389225,23.224716,73.096176
2019-10-31,5694.76,513.5418181818181,158.71272727272728,9.36909090909091,31.88909090909091,Aswan,0.0,3.8354242,160.13538,34.110928,25.08731,7.648468,1.2337112,-3.5852966,0.11732633,28.582758,94.8662
2019-11-01,5801.61,557.0563636363636,133.68727272727273,9.478181818181818,31.663636363636364,Aswan,0.0,3.29576,160.13144,36.87009,25.378082,8.970734,1.1068268,-3.1029587,0.103716336,25.453917,85.06287
2019-11-02,5769.39,554.7454545454545,134.3181818181818,9.404545454545454,31.434545454545454,Aswan,0.0,3.3371654,179.60875,28.314552,26.299347,6.2953186,0.085243225,-3.302948,0.09521139,22.763844,73.24731
2019-11-03,5683.04,549.7727272727273,135.72636363636363,9.315454545454545,31.214545454545455,Aswan,0.0,3.9076238,185.61572,22.283655,26.868195,3.0212708,-0.103775024,-3.390274,0.070097946,12.757193,37.58661
2019-11-04,5725.96,544.3909090909091,137.73181818181817,9.238181818181818,30.992727272727276,Aswan,0.0,3.5843773,182.40561,27.263496,26.416779,5.248932,-0.18064117,-3.576851,0.105420426,19.03173,65.476295
2019-11-05,5414.4400000000005,489.86454545454546,155.85363636363635,8.841818181818182,30.773636363636363,Aswan,0.0,3.796317,189.06871,25.649132,26.61026,4.892975,-0.38880157,-3.5605316,0.07570567,16.111645,36.952652
2019-11-06,5736.8,549.2145454545454,132.47636363636363,9.134545454545455,30.55909090909091,Aswan,0.0,3.6888943,186.35641,22.105297,27.1055,3.370514,-0.42839813,-3.6591644,0.09623414,21.382668,56.4187
2019-11-07,5633.55,543.8345454545455,132.4781818181818,9.03,30.344545454545457,Aswan,0.0,3.3554194,161.82018,28.93158,27.049957,7.386261,0.8066406,-3.1467133,0.14099869,25.80994,60.86886
2019-11-08,5533.22,547.425,169.088,9.606,33.018,Aswan,0.0,3.304995,147.87973,32.401688,25.864777,7.7330627,1.7005234,-2.7374954,0.09990844,23.397915,67.57202
2019-11-09,5657.62,601.988,141.557,9.846,32.805,Aswan,0.0,3.3789642,150.71036,36.049435,26.037018,9.668488,1.6637955,-2.937378,0.100333184,22.97293,68.18947
2019-11-10,5470.21,566.277,147.648,9.503,32.595,Aswan,0.0,3.4734752,176.04413,36.814903,27.740509,11.600739,0.23516083,-3.386238,0.11292451,23.133877,83.00621
2019-11-11,5140.19,589.411111111111,161.90555555555557,10.052222222222222,34.76777777777778,Aswan,0.0,3.0010371,192.18906,51.49096,27.695587,16.143585,-0.6325531,-2.9330292,0.10130584,18.295923,54.210495
2019-11-12,4777.3,563.6644444444444,143.54555555555555,9.29,31.82222222222222,Aswan,0.0,3.1855116,222.10005,48.19655,29.382477,16.24295,-2.1292572,-2.3368301,0.09878357,11.745315,37.44754
2019-11-13,4988.42,495.54799999999994,172.23700000000002,8.876000000000001,31.985000000000003,Aswan,0.0,1.9859134,232.92084,53.16378,29.631134,18.614777,-1.590744,-0.937233,0.19357109,28.490215,99.84802
2019-11-14,4591.67,430.992,184.78199999999998,8.388,31.788999999999998,Aswan,0.0,2.6824336,207.76747,49.240517,30.22818,18.01651,-0.52734375,-2.073555,0.16100372,15.141565,54.44127
2019-11-15,5532.7699999999995,559.557,153.11700000000002,9.301,31.595999999999997,Aswan,0.0,5.5261283,178.19089,29.97435,28.736359,9.32547,0.17480469,-5.5205307,0.16533774,27.625912,109.14131
2019-11-16,5735.14,578.972,156.214,9.464,31.407999999999998,Aswan,0.0,4.762883,165.80377,30.905197,25.068878,6.28067,1.0489349,-4.548439,0.14678428,24.584614,104.32852
2019-11-17,5701.25,581.007,153.61599999999999,9.404,31.223000000000003,Aswan,0.0,3.7326632,155.94708,36.280262,22.934479,6.5574036,1.4803772,-3.419838,0.117107235,17.842876,72.06838
2019-11-18,5477.06,556.104,156.107,9.120000000000001,31.041000000000004,Aswan,0.0,3.181076,180.77617,39.116283,24.022247,8.914612,-0.053581238,-3.1785889,0.059585094,14.971258,37.76833
2019-11-19,5493.28,557.829,152.797,9.07,30.863,Aswan,0.0,3.5048788,199.84258,50.799625,25.511383,12.877762,-1.1154327,-3.2509842,0.054691497,11.391556,27.85892
2019-11-20,5642.84,579.205,148.999,9.213,30.693,Aswan,0.0,3.884471,192.07799,43.626442,24.34195,9.822052,-0.38946533,-3.6397476,0.09486933,21.602552,55.718746
2019-11-21,5626.18,572.582,154.33499999999998,9.157,30.524,Aswan,0.0,2.6897602,223.74173,44.60089,23.759796,9.530487,-1.8291092,-1.9645996,0.06601557,13.744875,37.831802
2019-11-22,5443.78,558.069,151.31599999999997,8.966,30.360000000000003,Aswan,0.0,3.0526059,194.40857,51.365807,24.389557,12.122345,-0.5704117,-2.671318,0.10677095,13.390076,50.778614
2019-11-23,5711.39,578.722,152.726,9.167,30.199,Aswan,0.0,4.3462133,177.19067,26.282333,23.507355,2.2684631,0.25762177,-4.2986374,0.06055478,29.762634,65.749466
2019-11-24,5700.099999999999,571.8149999999999,158.19400000000002,9.118,30.046000000000003,Aswan,0.0,4.1454134,173.35324,26.920647,22.391144,1.7749329,0.47956848,-4.1050186,0.059968278,26.424559,62.25724
2019-11-25,5397.66,565.619,153.20999999999998,8.967,29.895,Aswan,0.0,2.277349,163.30702,27.15317,22.950958,2.0923157,0.44953156,-1.8774643,0.058545515,19.021988,50.90039
2019-11-26,5355.67,560.519,154.86100000000002,8.901,29.75,Aswan,0.0,2.059382,197.68005,23.531065,24.923248,1.9477844,-0.54016113,-1.0295181,0.077242225,11.208409,27.821781
2019-11-27,5322.16,561.902,151.792,8.844,29.610000000000003,Aswan,0.0,2.8243032,200.74094,22.724892,26.198395,2.8066711,-0.54211426,-1.6388168,0.09753243,9.80176,35.476246
2019-11-28,5708.68,558.402,161.373,8.904,29.471999999999998,Aswan,0.0,5.1790094,168.92068,24.181705,23.221954,0.7024231,0.9393692,-5.0501785,0.10579751,21.651585,79.14749
2019-11-29,5730.62,569.048,157.403,8.934000000000001,29.343,Aswan,0.0,3.6151772,177.94353,33.690636,21.245514,4.0902405,0.15890503,-3.604332,0.085820906,23.027008,69.69547
2019-11-30,5644.17,571.374,154.76100000000002,8.899,29.218,Aswan,0.0,3.0039773,174.04819,36.999603,21.71585,5.7626038,0.024894714,-2.7845383,0.046065357,21.56225,45.082344
2019-12-01,5802.27,589.909,146.24200000000002,8.936,29.095999999999997,Aswan,0.0,4.0061607,161.04816,38.1403,21.062775,5.9931946,1.2921906,-3.769371,0.05321841,22.80334,63.188034
2019-12-02,5856.16,592.853,142.91500000000002,8.902,28.981,Aswan,0.0,4.551261,182.0603,41.949368,21.006256,6.63443,-0.17568207,-4.523285,0.078039475,28.996511,85.795105
2019-12-03,5351.18,606.8555555555555,145.6877777777778,9.152222222222223,29.72222222222222,Aswan,0.0,3.7202315,178.13414,39.037407,20.92044,5.6545715,0.037628174,-3.6938095,0.059712734,17.665855,58.74856
2019-12-04,5743.5199999999995,572.5640000000001,152.147,8.770999999999999,28.762999999999998,Aswan,0.0,3.7316563,176.31366,35.58363,19.968903,3.6991272,0.24380493,-3.715477,0.045447446,22.461086,63.855568
2019-12-05,5804.43,594.552,141.78199999999998,8.829,28.663999999999998,Aswan,0.0,3.5892782,195.02327,36.296,19.979889,3.4949036,-0.8929062,-3.4434433,0.03192889,17.120325,40.60874
2019-12-06,5769.96,587.377,142.822,8.754999999999999,28.569,Aswan,0.0,4.5697217,190.74626,29.528193,21.4534,2.08255,-0.6487503,-4.4288406,0.049982868,17.077461,45.33553
2019-12-07,5863.86,581.177,146.11200000000002,8.719,28.479000000000003,Aswan,0.0,5.354784,173.95096,42.293457,20.514679,6.710724,0.58148956,-5.3176727,0.11733472,25.437202,110.78208
2019-12-08,5812.32,583.728,142.11200000000002,8.679,28.396000000000004,Aswan,0.0,4.204878,172.14261,40.776424,18.967072,4.738434,0.56318665,-4.1660767,0.107158825,25.609257,93.53543
2019-12-09,5613.61,558.091,145.071,8.501999999999999,28.319,Aswan,0.0,3.682869,173.0581,44.35414,19.055939,6.0888977,0.4944229,-3.6364594,0.07906787,17.439533,57.97052
2019-12-10,4868.8,459.29499999999996,172.098,7.952,28.244,Aswan,0.0,1.7584523,142.30511,42.060936,20.278473,6.3282776,0.115982056,-1.4913788,0.05728764,16.331076,53.935238
2019-12-11,5508.89,575.918,141.504,8.542,28.177999999999997,Aswan,0.0,1.5889213,195.34793,35.942604,22.028473,5.4684143,-0.40550995,-1.5168228,0.034817934,18.48236,49.035446
2019-12-12,5545.22,559.39,144.071,8.504999999999999,28.113999999999997,Aswan,0.0,3.7467804,189.1997,33.574196,20.889801,2.84964,1.1006546,-2.749916,0.055397242,15.899412,53.72869
2019-12-13,5764.27,557.3109999999999,155.08800000000002,8.559999999999999,28.060000000000002,Aswan,0.0,4.5759616,169.38596,31.093224,17.720612,0.19033813,0.8493576,-4.4825287,0.21901892,25.017769,142.18185
2019-12-14,5174.86,472.02799999999996,174.044,8.007,28.009000000000004,Aswan,0.0,3.125,171.45688,39.63662,17.116486,2.217926,0.3698349,-3.018013,0.08430943,17.405828,56.92414
2019-12-15,5721.95,578.615,145.37,8.588,27.965000000000003,Aswan,0.0,3.0171137,120.62036,31.077469,18.273956,-0.18515015,2.6744537,-1.3420868,0.0782556,15.128738,54.88465
2019-12-16,5732.61,563.874,146.328,8.471,27.925,Aswan,0.0,4.085167,163.31174,38.68732,17.39505,3.0891418,1.1035156,-3.9178314,0.20257813,17.39105,77.83101
2019-12-17,5828.45,576.808,141.797,8.516,27.891000000000002,Aswan,0.0,5.3191986,207.49341,44.291275,18.966217,5.420807,-2.3475723,-4.7622986,0.10862527,13.257769,50.232224
2019-12-18,5828.12,573.756,146.331,8.520999999999999,27.863,Aswan,0.0,6.0094757,218.72073,49.827213,19.627594,6.9822083,-4.029625,-4.2848434,0.11874749,11.5835,59.87211
2019-12-19,5810.58,576.333,146.985,8.552,27.843,Aswan,0.0,5.4603868,214.70532,44.00225,20.840973,5.8052063,-3.2101288,-4.311035,0.13015473,10.4613,60.17351
2019-12-20,5717.17,578.009,142.53199999999998,8.518,27.826,Aswan,0.0,4.316618,206.60782,44.208908,20.76712,6.959137,-1.9431839,-3.839325,0.11188972,14.027845,61.19893
2019-12-21,5764.06,580.891,144.399,8.596,27.817,Aswan,0.0,3.9292622,194.01813,46.741768,19.440216,5.667145,-0.8937073,-3.7946014,0.07849616,12.53693,38.48188
2019-12-22,5800.65,593.639,142.286,8.679,27.812,Aswan,0.0,3.458192,182.43222,27.74453,19.255524,-0.4211731,-0.18582153,-3.4312134,0.05930563,29.975527,65.66574
2019-12-23,5784.79,593.876,144.074,8.706999999999999,27.814,Aswan,0.0,2.6936297,183.27551,32.08452,17.697906,-0.1499176,-0.35704803,-2.3775024,0.028498722,28.719719,50.275578
2019-12-24,5727.26,591.413,144.529,8.689,27.825,Aswan,0.0,1.7196679,139.75546,24.555302,19.15274,-1.6448364,1.1279831,-1.2651443,0.013369769,26.026533,41.610306
2019-12-25,5867.2699999999995,576.155,144.317,8.540000000000001,27.836000000000002,Aswan,0.0,3.8988638,133.07228,33.97461,16.671783,0.31973267,2.7264938,-2.723465,0.1078053,20.633041,72.55629
2019-12-26,5673.5,560.069,150.971,8.498,27.856,Aswan,0.0,3.2002168,136.14679,35.7133,15.390411,-0.41256714,2.1465912,-2.2546616,0.121126994,14.607723,72.09712
2019-12-27,5690.95,558.981,146.776,8.414,27.881,Aswan,0.0,3.881642,145.92238,46.692963,16.487946,4.288971,2.0800858,-3.253067,0.090626515,11.005776,52.048553
2019-12-28,5888.56,584.559,144.06900000000002,8.629000000000001,27.911,Aswan,0.0,3.5986557,174.8855,35.438503,16.301666,0.21511841,0.32104492,-3.5843048,0.1058989,11.369135,47.363518
2019-12-29,5755.96,575.419,147.055,8.59,27.948,Aswan,0.0,2.0348957,156.92227,38.740974,15.533722,0.8895569,0.55522156,-1.8753128,0.04607141,14.633406,46.08532
2019-12-30,5807.53,586.13,140.717,8.629000000000001,27.990000000000002,Aswan,0.0,3.0709133,174.79938,37.88266,16.313995,1.2579651,0.30561066,-3.054535,0.033044588,11.999773,33.160084
2019-12-31,5862.51,575.082,144.78900000000002,8.59,28.038,Aswan,0.0,4.537802,181.5968,40.65857,16.425812,2.3590393,-0.13652802,-4.533226,0.1015694,19.17852,84.686554
2020-01-01,5381.66,507.186,161.082,8.308,28.107999999999997,Aswan,0.0,3.4655738,169.12,26.001282,15.734039,-4.146332,0.6419754,-3.3827438,0.07369672,21.22786,62.70485
2020-01-02,5842.59,601.083,129.672,8.736,28.168,Aswan,0.0,2.6962876,172.519,36.86391,15.073639,-0.1088562,0.31619263,-2.2824173,0.11383499,19.095741,46.198936
2020-01-03,5532.73,501.87699999999995,168.017,8.245999999999999,28.235000000000003,Aswan,0.0,4.953532,154.98544,37.458878,14.921417,0.28494263,2.0503922,-4.4352875,0.15510398,18.360022,100.777664
2020-01-04,3901.3599999999997,253.321,213.14900000000003,6.497,28.307,Aswan,0.0,4.539983,151.36215,42.182533,12.543854,-1.1996765,2.228485,-3.9375763,0.13959868,14.887401,77.03989
2020-01-05,6079.56,584.059,148.627,8.806000000000001,28.386000000000003,Aswan,0.0,4.5994244,153.01627,44.38737,12.330231,-0.5826111,2.0846024,-3.9319382,0.16476965,12.109312,78.44583
2020-01-06,5733.28,553.912,163.933,8.686,28.467000000000002,Aswan,0.0,1.9368923,123.162384,41.900562,11.75943,-1.7638855,1.5895844,-1.0915527,0.13758323,14.490166,80.95807
2020-01-07,5780.650000000001,582.7529999999999,147.046,8.805,28.558,Aswan,0.0,2.333452,112.51581,39.308884,14.490143,0.21206665,2.1289291,-0.9434738,0.0599223,12.773517,48.52397
2020-01-08,5972.78,573.76,148.59300000000002,8.776,28.653000000000002,Aswan,0.0,4.7655544,151.2453,42.25248,13.843414,0.78897095,2.293419,-4.1773987,0.14075173,13.946399,67.93793
2020-01-09,6028.32,580.962,146.35899999999998,8.842,28.750999999999998,Aswan,0.0,4.691785,139.0637,40.235214,12.393463,-1.2405701,3.188919,-3.331955,0.11108231,11.443422,62.84855
2020-01-10,6012.91,568.829,151.35899999999998,8.782,28.857,Aswan,0.0,4.880804,118.0139,47.09165,12.43692,0.61990356,3.9068832,-2.631958,0.21493992,14.067318,93.94528
2020-01-11,6032.0,595.3109999999999,139.841,8.935,28.969,Aswan,0.0,4.5403566,174.86867,46.366463,14.148102,1.9101868,0.31855774,-4.399559,0.09813991,20.553036,71.84532
2020-01-12,5703.51,560.496,150.964,8.727,29.086000000000002,Aswan,0.0,3.0776742,204.38922,49.94649,15.529816,4.7903137,-1.2699356,-2.7575684,0.04046638,17.407764,33.16856
2020-01-13,5768.19,583.235,137.321,8.836,29.203000000000003,Aswan,0.0,3.8042917,194.66278,34.30283,17.57193,1.1144104,-0.9724045,-3.6674728,0.03569769,15.908977,28.404793
2020-01-14,5160.360000000001,528.08,121.492,7.997,26.619999999999997,Aswan,0.0,4.395905,224.72318,40.266296,19.31009,5.228424,-3.0982895,-2.9607468,0.04836016,13.476076,31.780506
2020-01-15,5669.27,524.3000000000001,129.62545454545455,8.062727272727273,26.956363636363633,Aswan,0.0,4.0413585,255.39993,43.565918,22.19754,7.4465637,-3.7747498,-0.8705292,0.07327218,10.343277,48.269978
2020-01-16,5673.2699999999995,526.6263636363636,129.5772727272727,8.12,27.09272727272727,Aswan,0.0,4.30419,218.49246,47.502567,21.264801,9.000885,-0.5018692,-2.1361923,0.19662479,19.472923,104.124466
2020-01-17,5855.16,513.0536363636364,139.34545454545454,8.133636363636363,27.23818181818182,Aswan,0.0,5.205045,146.71396,39.354164,17.166779,3.1853333,2.8558426,-4.3182907,0.21947002,19.403416,109.88696
2020-01-18,5867.51,515.1536363636363,137.9390909090909,8.172727272727272,27.384545454545457,Aswan,0.0,4.1939735,149.05765,50.82959,16.13858,5.063751,2.241333,-3.4955597,0.19464412,19.221132,108.116776
2020-01-19,5993.22,515.1927272727272,144.5772727272727,8.284545454545453,27.53727272727273,Aswan,0.0,5.1676216,152.5471,43.254642,15.108551,1.8044739,2.3266754,-4.5913467,0.2149218,16.18064,99.0751
2020-01-20,6112.650000000001,537.4190909090909,137.93,8.456363636363635,27.69454545454545,Aswan,0.0,5.3781085,175.55814,43.662697,14.655914,1.4573059,0.38850403,-5.3575363,0.10948188,14.071713,61.549744
2020-01-21,6105.73,525.4127272727272,142.71818181818182,8.425454545454546,27.85272727272727,Aswan,0.0,6.6434026,168.52505,41.365417,15.414459,1.5455627,1.3456116,-6.50251,0.20039156,24.057747,142.10419
2020-01-22,6214.22,541.9863636363636,137.47363636363636,8.57181818181818,28.016363636363636,Aswan,0.0,5.6486616,161.35016,38.995583,13.927765,-0.18331909,1.8041229,-5.35273,0.20030719,20.529573,102.528984
2020-01-23,6106.610000000001,533.3045454545455,143.07181818181817,8.587272727272726,28.187272727272727,Aswan,0.0,4.7073607,170.40189,37.87618,13.9878235,-0.8888855,0.79756165,-4.629196,0.12664619,19.70448,74.091995
2020-01-24,6038.33,527.5836363636364,142.82636363636362,8.563636363636364,28.36,Aswan,0.0,4.665242,151.74194,39.41883,14.460358,0.56936646,2.22184,-4.099266,0.11565781,18.740288,77.64531
2020-01-25,6024.78,527.5890909090908,143.64818181818183,8.610909090909091,28.536363636363635,Aswan,0.0,4.3609705,179.08188,43.74025,15.285187,1.7163391,0.011047363,-4.2724915,0.11350308,21.410772,78.29086
2020-01-26,5990.36,527.5127272727273,143.71636363636364,8.63090909090909,28.718181818181815,Aswan,0.0,4.7762237,220.04248,46.259487,16.604889,3.9410706,-2.985962,-3.6219559,0.05221451,10.336471,38.418163
2020-01-27,5975.14,543.4363636363637,137.3318181818182,8.773636363636363,28.901818181818182,Aswan,0.0,3.6286504,224.29185,52.60506,16.585968,5.5035706,-2.539688,-2.5880203,0.04815321,11.397354,30.80712
2020-01-28,5994.1,555.0772727272728,130.3881818181818,8.86,29.09181818181818,Aswan,0.0,3.7822628,180.44676,39.966293,17.420074,2.4557495,0.22357178,-3.6258163,0.0614458,22.702278,47.271828
2020-01-29,6147.42,550.3090909090909,139.54454545454544,8.957272727272727,29.283636363636365,Aswan,0.0,4.9948235,179.2519,30.277422,17.69693,-0.8716736,0.057518005,-4.9859467,0.07768051,28.414618,87.57669
2020-01-30,5972.1,537.97,141.49272727272728,8.908181818181818,29.479090909090907,Aswan,0.0,4.655285,189.7511,36.11133,17.693878,1.9863586,-0.754509,-4.5681076,0.08784708,29.203411,85.704926
2020-01-31,5922.89,520.4127272727272,142.4790909090909,8.845454545454546,29.678181818181816,Aswan,0.0,5.3708763,171.75388,34.941696,17.56253,1.1600647,0.7726288,-5.3065033,0.10262039,28.609608,101.611084
2020-02-01,6141.46,552.5881818181819,141.18,9.12,29.88181818181818,Aswan,0.0,4.462479,171.84149,38.21653,16.916412,1.5450745,0.6016922,-4.4042206,0.1401234,25.953873,92.84975
2020-02-02,6230.26,563.4763636363637,144.1481818181818,9.31181818181818,30.08818181818182,Aswan,0.0,4.1626277,191.3455,19.745007,17.380157,-6.3888855,-0.8224411,-4.079582,0.07971545,18.847107,61.14724
2020-02-03,6000.92,542.5527272727272,145.18545454545455,9.194545454545455,30.296363636363637,Aswan,0.0,3.8917384,181.76459,27.963547,17.825714,-1.4607849,-0.10475922,-3.8312225,0.03879419,28.026154,57.002495
2020-02-04,6043.72,546.2936363636363,143.81545454545454,9.219090909090909,30.508181818181814,Aswan,0.0,4.116575,162.20892,31.650286,18.307037,0.7427063,1.2258606,-3.915512,0.09350617,39.129353,113.59456
2020-02-05,5964.31,554.5381818181818,140.85727272727274,9.30909090909091,30.722727272727273,Aswan,0.0,2.7772393,136.82278,38.070797,18.303864,3.1498108,1.2796555,-2.1126633,0.09208037,23.834957,79.26514
2020-02-06,5883.89,550.2336363636364,146.2418181818182,9.362727272727271,30.94090909090909,Aswan,0.0,2.3031487,112.77127,34.841576,18.667267,1.9803772,1.9743042,-0.73838043,0.04849954,17.718426,44.23008
2020-02-07,5839.39,542.0736363636364,147.1709090909091,9.345454545454546,31.16,Aswan,0.0,3.4646688,119.24223,25.640022,19.628815,-1.1099548,3.0265121,-1.6863708,0.055834666,14.374878,39.05485
2020-02-08,5355.65,377.2945454545454,211.1581818181818,8.39,31.384545454545457,Aswan,0.0,6.243037,161.85736,35.438705,16.679718,0.77175903,1.9312515,-5.9294586,0.23929746,24.178715,159.96263
2020-02-09,6389.16,561.3036363636364,143.52545454545455,9.604545454545455,31.60909090909091,Aswan,0.0,5.975129,171.36462,35.86955,15.534943,-0.06600952,0.91599274,-5.9039917,0.1388304,17.451263,90.45243
2020-02-10,6425.72,555.8172727272727,148.01545454545456,9.639090909090909,31.83818181818182,Aswan,0.0,6.7895904,168.76144,38.974876,14.511749,-0.30148315,1.328125,-6.6577225,0.2152591,25.633087,137.74925
2020-02-11,6451.14,572.5245454545455,142.11363636363637,9.811818181818182,32.07,Aswan,0.0,5.640397,172.68796,41.03512,14.350861,0.46621704,0.76621246,-5.5500565,0.16568638,24.136248,109.02015
2020-02-12,6189.58,532.6127272727273,161.28454545454545,9.625454545454545,32.300000000000004,Aswan,0.0,4.5219197,188.97183,35.555557,16.450836,-0.0032653809,-0.7679138,-4.360878,0.07732307,19.257671,67.83838
2020-02-13,6181.16,564.1609090909091,143.37727272727273,9.825454545454546,32.53727272727273,Aswan,0.0,4.07553,202.13263,30.44717,19.167023,0.30215454,-1.5490189,-3.7226715,0.053425398,17.932251,44.182457
2020-02-14,5884.99,559.8754545454545,139.47545454545454,9.799090909090909,32.77363636363636,Aswan,0.0,2.8560262,224.90778,32.919067,22.33841,3.4496155,-2.0317993,-1.9976425,0.06621732,19.331528,48.021515
2020-02-15,5023.45,402.61454545454546,195.95909090909092,8.709090909090909,33.013636363636365,Aswan,0.0,1.8315606,172.64107,32.536293,23.317657,5.853546,-0.09663391,-1.6638031,0.13643458,21.893305,56.03299
2020-02-16,6155.33,563.1999999999999,141.1890909090909,9.94909090909091,33.25272727272727,Aswan,0.0,5.364272,159.44635,32.506847,22.590363,4.8312073,1.9153595,-4.926193,0.20174469,33.731,147.92285
2020-02-17,6099.1900000000005,560.5009090909091,143.63,10.037272727272727,33.49818181818182,Aswan,0.0,3.548766,144.17615,34.373753,18.448761,2.0976868,1.922081,-2.8919067,0.14339283,19.019526,89.550476
2020-02-18,6091.8,550.6372727272727,145.83181818181816,9.972727272727273,33.74,Aswan,0.0,4.2613893,131.21042,41.54882,18.727936,4.7779846,3.2247925,-2.720665,0.14511687,18.756351,72.05803
2020-02-19,6139.53,520.8499999999999,161.9781818181818,9.847272727272726,33.98636363636364,Aswan,0.0,5.7624874,134.87544,35.056137,18.245636,1.9273987,4.140854,-4.002411,0.29099438,17.091478,100.08472
2020-02-20,6276.599999999999,564.5154545454545,146.96818181818182,10.251818181818182,34.23454545454546,Aswan,0.0,3.8540492,174.06706,37.630142,17.46109,1.9364319,0.40033722,-3.658409,0.15670387,18.724148,84.60687
2020-02-21,6176.18,563.3063636363636,144.37636363636364,10.277272727272727,34.482727272727274,Aswan,0.0,3.5385346,163.44437,33.807377,18.434723,1.7649231,0.8390045,-3.0602722,0.081125006,15.737025,46.656082
2020-02-22,6211.09,563.5836363636364,146.78636363636363,10.346363636363636,34.731818181818184,Aswan,0.0,3.7314944,165.16687,32.046947,18.382233,1.0891418,0.92087126,-3.5933304,0.13801599,14.398581,85.5966
2020-02-23,6013.5,509.8863636363636,172.53272727272727,10.066363636363636,34.983636363636364,Aswan,0.0,4.4446445,156.8061,32.48866,17.880524,0.68203735,1.6305313,-3.927475,0.13178395,17.9584,68.53435
2020-02-24,3085.83,131.5081818181818,215.42545454545453,5.881818181818182,35.235454545454544,Aswan,0.0,4.279746,128.52174,35.400654,16.321198,0.81741333,3.2735367,-2.3491592,0.21349323,13.969294,86.47356
2020-02-25,6309.87,544.79,154.6509090909091,10.382727272727273,35.48909090909091,Aswan,0.0,5.1515174,125.273865,40.97747,15.759552,2.0990295,3.9331284,-2.9911804,0.22376423,19.617184,131.04472
2020-02-26,6238.72,567.9772727272727,143.8490909090909,10.592727272727274,35.74272727272727,Aswan,0.0,3.2834938,188.27335,44.979237,17.280426,4.2102356,-0.5689316,-3.1374893,0.14189129,15.321447,76.69293
2020-02-27,6059.53,551.2236363636364,154.87181818181818,10.581818181818182,35.99636363636363,Aswan,0.0,3.2002568,214.17412,37.15995,20.06717,2.8650208,-1.6813431,-2.6164017,0.058764383,19.4139,44.645157
2020-02-28,6039.71,563.8854545454545,146.06,10.684545454545455,36.25181818181818,Aswan,0.0,3.9770064,165.66936,25.8931,22.132233,1.0096741,0.98474884,-3.6634293,0.05486428,18.927937,35.761307
2020-02-29,6269.5,575.1909090909091,148.29545454545453,10.871818181818181,36.25181818181818,Aswan,0.0,5.0319977,160.94287,21.836296,22.726349,-0.5862732,1.6463547,-4.7549744,0.1413778,19.482624,95.048325
2020-03-01,6304.84,550.6045454545455,163.67909090909092,10.843636363636364,36.50636363636364,Aswan,0.0,5.6255817,170.36823,32.62999,19.819733,2.3200989,0.8895569,-5.4868774,0.119786486,19.379704,92.70824
2020-03-02,6289.31,561.180909090909,162.98363636363635,11.03,36.76363636363636,Aswan,0.0,4.756837,177.4166,28.062794,20.057404,0.07522583,0.20954132,-4.7416763,0.117644735,21.776947,86.68469
2020-03-03,6148.73,559.0645454545455,163.4090909090909,11.072727272727272,37.018181818181816,Aswan,0.0,3.6930957,188.88681,23.214022,22.319,-1.171051,-0.57510376,-3.6477814,0.04753183,22.970041,49.86794
2020-03-04,5974.18,559.4145454545455,159.68272727272728,11.08,37.275454545454544,Aswan,0.0,3.0889792,151.22513,16.384968,23.380402,-4.473114,0.93281555,-2.1326218,0.06665834,17.108915,35.260674
2020-03-05,5822.18,558.9427272727272,161.2809090909091,11.16090909090909,37.53181818181818,Aswan,0.0,1.3653917,128.0263,14.670668,25.992706,-3.1054382,0.796196,-0.7529373,0.053148143,11.90581,22.733013
2020-03-06,6094.66,523.6018181818182,173.69636363636366,10.927272727272728,37.78818181818182,Aswan,0.0,4.8813195,99.38107,19.03598,22.934723,-1.9095154,3.4868011,-1.4395065,0.20152737,17.886623,129.80348
2020-03-07,6125.59,539.3363636363637,165.21272727272728,11.064545454545454,38.04272727272728,Aswan,0.0,4.6128635,179.49234,27.958963,20.77066,1.2176819,-0.028999329,-4.551384,0.20419142,19.90655,102.277374
2020-03-08,6034.59,544.3536363636364,164.73727272727274,11.186363636363636,38.301818181818184,Aswan,0.0,3.2742984,228.56703,30.802948,22.954742,3.3182678,-2.4556885,-2.1657028,0.09560406,15.043514,45.391502
2020-03-09,4752.65,369.2327272727273,205.94727272727275,9.33181818181818,38.556363636363635,Aswan,0.0,2.1556675,232.55365,21.910496,23.98294,0.072784424,-1.6844788,-0.7706299,0.15590684,12.653191,48.786774
2020-03-10,5752.78,523.2136363636364,164.30272727272725,11.01,38.81181818181818,Aswan,0.0,3.4194336,203.67383,23.588518,25.894073,3.1081848,-1.324646,-3.1407623,0.13701937,11.788852,31.053093
2020-03-11,2481.79,104.10909090909091,196.57818181818183,5.350909090909091,39.06545454545455,Aswan,0.0,3.0971074,195.38943,29.004997,27.389435,7.1669006,-0.6382141,-1.0429535,0.3578245,24.59557,126.49437
2020-03-12,2077.91,60.07545454545454,186.26999999999998,4.568181818181818,39.32090909090909,Aswan,0.0,7.5074325,137.81967,39.86773,27.12857,12.258942,-0.0041046143,2.7059555,0.80998623,30.666214,129.89621
2020-03-13,6256.95,528.8563636363637,164.02727272727273,11.261818181818182,39.57545454545455,Aswan,0.0,7.3302374,90.79559,39.245064,18.885162,3.9978333,7.291977,0.04360199,0.3100007,23.614756,198.62598
2020-03-14,5682.78,420.3733333333333,177.17,9.865,36.61833333333333,Aswan,0.0,4.545265,102.30371,33.888016,21.645294,4.547394,4.3690033,-1.0117111,0.42538458,25.312992,166.90503
2020-03-15,5970.94,507.6033333333333,136.89416666666668,10.558333333333334,36.8675,Aswan,0.0,3.340958,172.77675,35.31437,22.412262,6.280792,0.52072906,-3.242241,0.19028401,24.095222,88.58223
2020-03-16,5951.62,509.7991666666667,139.24916666666667,10.689166666666667,37.1175,Aswan,0.0,3.5530887,188.10977,32.720104,23.783356,5.68692,-0.41500092,-2.9344482,0.10211678,19.98475,49.856445
2020-03-17,6102.31,515.5175,137.69833333333335,10.813333333333333,37.365833333333335,Aswan,0.0,5.221225,152.55171,25.829905,24.899078,3.4144592,2.5305862,-4.1610107,0.10325748,15.618132,55.357967
2020-03-18,5984.65,449.66166666666663,174.27583333333334,10.47,37.61416666666667,Aswan,0.0,6.124094,160.51917,31.148739,21.093903,2.2107239,2.0434265,-5.7731094,0.19992045,26.365318,161.74358
2020-03-19,6270.57,523.9116666666666,136.01916666666668,11.044166666666667,37.86,Aswan,0.0,4.938699,164.33505,30.144917,19.537384,0.94421387,1.2691193,-4.739357,0.1405803,19.258793,78.871025
2020-03-20,6077.87,507.045,139.04083333333332,10.885,38.105,Aswan,0.0,4.080046,157.49124,20.86076,20.878937,-2.761444,1.4916306,-3.6775665,0.3232546,9.289514,35.350147
2020-03-21,6249.68,515.6658333333334,137.53083333333333,11.055833333333332,38.34916666666667,Aswan,0.0,4.976513,162.22748,27.590298,20.198517,0.7175598,1.6200485,-4.5672913,0.27397817,13.060463,76.7934
2020-03-22,6157.1,518.9350000000001,140.5716666666667,11.220833333333333,38.59083333333333,Aswan,0.0,3.161899,199.23407,28.807549,19.882477,0.2657776,-0.67884827,-2.958725,0.17736514,15.386089,63.884773
2020-03-23,5592.92,494.25916666666666,138.92333333333332,10.851666666666667,38.8325,Aswan,0.0,2.44355,121.778275,23.338978,22.952301,0.43029785,-1.5673065,-0.108436584,0.28231502,8.489014,27.849323
2020-03-24,5586.87,471.22,146.64333333333335,10.667499999999999,39.0725,Aswan,0.0,5.229711,175.0648,20.970324,29.052643,3.3778381,0.44049072,3.9922104,0.35431325,1.9025236,6.5667706
2020-03-25,5859.97,503.98499999999996,138.47666666666666,11.1175,39.31083333333333,Aswan,0.0,4.52843,161.85599,18.671217,27.858795,0.61001587,1.2918091,-4.2146378,0.15604076,19.95397,87.48056
2020-03-26,5629.85,482.285,138.21333333333334,10.79,39.5475,Aswan,0.0,3.9707344,278.32608,17.043558,28.59378,0.38394165,-1.354248,0.3641281,0.24808702,11.8722315,35.264267
2020-03-27,5232.65,367.5391666666667,203.3025,10.109166666666667,39.781666666666666,Aswan,0.0,7.1192884,230.64926,23.250422,29.860992,5.3962708,0.16585541,-1.5412979,0.70482403,33.0315,213.37932
2020-03-28,6068.55,503.955,140.37583333333333,11.334166666666667,40.01416666666667,Aswan,0.0,5.977757,154.62888,22.099155,25.843048,2.3685608,2.5487442,-5.405571,0.4052631,34.917206,176.62204
2020-03-29,6241.02,527.1666666666666,130.4125,11.6425,40.24666666666666,Aswan,0.0,6.1368775,166.80978,29.35748,23.258942,2.6559143,1.2617111,-5.893799,0.19100215,24.982643,120.97725
2020-03-30,5919.75,525.3666666666667,127.21916666666668,11.6225,40.473333333333336,Aswan,0.0,1.9963132,244.508,16.069464,24.557648,-4.0835876,-1.7417145,-0.94260406,0.105143175,9.693669,41.663048
2020-03-31,5614.9,486.81916666666666,143.765,11.2675,40.700833333333335,Aswan,0.0,3.6565504,155.59975,15.443131,27.666168,-1.9112244,0.020225525,1.3222733,0.164434,7.609865,31.780834
2020-04-01,5669.05,449.2391666666667,162.67166666666665,11.012500000000001,40.925000000000004,Aswan,0.0,5.3435583,165.29233,17.869717,27.315094,0.3800354,1.2734985,-5.160301,0.4308911,32.182564,192.41107
2020-04-02,5788.95,472.63000000000005,155.22916666666666,11.332500000000001,41.14833333333333,Aswan,0.0,4.8519163,170.34161,17.436077,26.260529,-0.5660095,0.8239136,-4.6709824,0.22261178,14.149675,59.128483
2020-04-03,5816.55,484.95666666666665,154.67333333333332,11.623333333333333,41.369166666666665,Aswan,0.0,4.2046733,185.15042,19.402216,26.479767,0.3274231,-0.35141754,-4.170944,0.13892242,14.149153,55.401146
2020-04-04,5663.51,486.00083333333333,153.905,11.700000000000001,41.5875,Aswan,0.0,2.656184,221.02628,17.888773,27.285187,-1.6429138,-1.8098755,-1.9310608,0.050547503,9.679924,26.418362
2020-04-05,5478.8099999999995,483.04333333333335,148.64000000000001,11.589999999999998,41.80166666666667,Aswan,0.0,2.603712,169.84807,15.145685,30.704742,0.43545532,-1.2430649,0.5354233,0.07531156,7.3221426,24.400642
2020-04-06,5083.67,390.0,189.97166666666666,10.676666666666668,42.01583333333333,Aswan,0.0,3.437061,201.7036,23.3045,31.459747,7.969757,-0.7335129,-3.2476044,0.29631695,50.436157,152.23734
2020-04-07,5399.06,427.36666666666673,170.4425,11.055,42.22666666666667,Aswan,0.0,5.164493,172.42633,20.171162,31.203888,5.702301,0.6048126,-5.082329,0.42750615,37.02325,172.9924
2020-04-08,5787.93,461.73499999999996,156.25083333333333,11.495833333333332,42.43333333333333,Aswan,0.0,6.0664,173.01834,19.605936,26.699371,1.2330627,0.757637,-5.9645844,0.4015413,27.696304,134.2947
2020-04-09,5869.09,470.87416666666667,154.21083333333334,11.704166666666666,42.638333333333335,Aswan,0.0,5.894654,162.02579,20.366045,24.814728,0.03665161,1.829216,-5.5571976,0.25612143,21.598583,106.742035
2020-04-10,5952.48,477.5308333333333,150.43666666666667,11.830833333333333,42.8425,Aswan,0.0,5.5939164,151.59866,23.331438,23.846466,1.1684875,2.7602234,-4.821411,0.30757678,19.13169,138.71457
2020-04-11,5748.07,435.42083333333335,170.15833333333333,11.410833333333334,43.04083333333333,Aswan,0.0,5.049346,160.9154,23.967587,22.475983,0.1098938,1.6636276,-4.747383,0.24517997,15.420935,91.77489
2020-04-12,5875.79,480.9475,148.44416666666666,11.9975,43.23916666666667,Aswan,0.0,4.585762,158.70615,21.615604,23.032867,-0.67733765,1.6867218,-4.2045746,0.18678491,16.120197,77.75934
2020-04-13,5888.7699999999995,490.2291666666667,142.7275,12.1325,43.43333333333334,Aswan,0.0,4.489209,149.91861,19.812916,23.938385,-1.5378113,2.2807922,-3.8468628,0.17625806,22.9547,101.25786
2020-04-14,5966.24,486.12000000000006,146.2475,12.1825,43.625,Aswan,0.0,5.703825,141.77118,18.971344,23.763214,-2.3227234,3.5314255,-4.4791183,0.20652425,27.613728,139.00786
2020-04-15,5613.86,456.2425,157.99583333333334,11.836666666666666,43.810833333333335,Aswan,0.0,4.0122247,158.7945,20.719942,25.073883,0.8134155,1.4437027,-3.7259903,0.29007027,28.589191,127.03151
2020-04-16,5196.77,391.72583333333336,186.59166666666667,11.216666666666667,43.99666666666667,Aswan,0.0,3.1756382,202.8128,23.962368,27.15921,3.5901794,-0.39484406,-2.3361359,0.18990062,20.440453,66.416435
2020-04-17,5682.28,455.6433333333334,152.8125,11.844166666666666,44.178333333333335,Aswan,0.0,4.6452684,138.6754,15.63747,27.409454,-1.1020203,2.9760513,-3.5541077,0.26638317,13.29948,106.08141
2020-04-18,5051.29,325.1766666666667,220.01916666666668,10.636666666666667,44.35666666666666,Aswan,0.0,3.7825642,157.46594,30.954985,24.840607,5.726593,1.3148727,-3.4918976,0.26109865,23.80658,107.16598
2020-04-19,5574.59,476.1025,139.525,12.154166666666667,44.5325,Aswan,0.0,3.1130753,120.976425,25.126366,25.891632,3.7849426,2.514824,-1.6420364,0.2034533,16.599276,77.91446
2020-04-20,5483.98,472.3808333333333,138.965,12.106666666666667,44.705000000000005,Aswan,0.0,3.2844367,112.691284,26.705086,27.026398,5.3415833,2.5202637,-1.2290497,0.24531394,23.478794,110.826645
2020-04-21,5278.96,443.2833333333333,154.98083333333332,11.920833333333334,44.875,Aswan,0.0,2.9651313,96.15561,23.391693,28.69046,4.507477,1.7481232,-0.70723724,0.20839973,20.170942,91.10698
2020-04-22,5268.67,459.7825,146.62833333333333,12.141666666666666,45.04,Aswan,0.0,3.1540422,82.57674,18.067846,30.278473,2.2815247,2.7714386,0.4430008,0.2068491,9.261847,36.020058
2020-04-23,5358.48,447.71250000000003,155.48749999999998,12.038333333333334,45.20416666666667,Aswan,0.0,3.1587172,134.55495,14.168067,31.53653,0.8249817,2.2430573,-2.098198,0.39433044,21.695402,129.71913
2020-04-24,5291.46,430.02416666666664,163.2625,11.860833333333334,45.36166666666667,Aswan,0.0,4.7634463,118.11764,15.489561,31.662628,1.4789124,1.4027176,0.97566223,0.3846237,19.895456,90.92668
2020-04-25,5408.37,419.2833333333333,164.72333333333333,11.695833333333333,45.517500000000005,Aswan,0.0,5.2901487,157.0122,17.226818,29.789337,2.1666565,2.1539383,-4.6194916,0.49638462,37.810726,229.89804
2020-04-26,5575.37,473.03000000000003,133.48166666666665,12.407499999999999,45.669999999999995,Aswan,0.0,4.538665,161.77676,27.084576,26.384186,5.148346,1.405098,-4.288002,0.21056233,14.8811655,88.05353
2020-04-27,5247.32,456.4216666666666,139.95666666666668,12.215833333333334,45.817499999999995,Aswan,0.0,2.409044,198.47705,22.563227,28.910553,4.4424133,-0.14743042,-2.3211517,0.29302874,7.4480724,24.732323
2020-04-28,5292.58,419.6775,164.78,11.832500000000001,45.96416666666667,Aswan,0.0,6.2614455,204.74387,21.376846,33.93448,4.8959045,3.4591599,2.77639,0.3901807,8.87259,79.16684
2020-04-29,5596.23,481.54749999999996,126.14916666666666,12.634166666666667,46.10583333333333,Aswan,0.0,6.9209843,153.69016,18.449776,30.20462,3.271881,3.0173874,-6.1211853,0.25360858,25.207676,159.43413
2020-04-30,5567.21,476.8025,131.88500000000002,12.721666666666666,46.244166666666665,Aswan,0.0,4.423107,149.24405,17.464884,27.280182,-0.436615,2.144081,-3.7122726,0.2055594,29.208267,133.80074
2020-05-01,5285.86,428.3066666666667,161.07333333333332,12.2325,46.37916666666666,Aswan,0.0,4.132515,172.79787,15.482246,28.640533,-1.0163269,0.5205841,-4.0664444,0.16284032,23.161572,79.46142
2020-05-02,4977.04,402.96250000000003,169.87833333333333,11.851666666666667,46.51,Aswan,0.0,2.0366607,303.28824,18.349224,31.832916,4.1636047,-1.9006119,0.43112946,0.29702413,10.161797,60.008522
2020-05-03,5071.0,401.36833333333334,171.66583333333332,11.891666666666666,46.63916666666666,Aswan,0.0,5.49072,170.98746,15.572657,34.735626,4.5345764,-0.8167267,3.9218063,0.28184378,9.508503,61.199234
2020-05-04,5105.16,407.5758333333333,167.585,11.970833333333333,46.76333333333333,Aswan,0.0,2.9380312,84.0827,17.144669,33.26602,3.811554,2.5995636,-0.5458679,0.36280072,25.771652,145.01085
2020-05-05,5234.2,412.36833333333334,166.67499999999998,12.165,46.884166666666665,Aswan,0.0,4.423509,136.71123,15.760519,31.434479,2.2378235,3.1153793,-2.6947708,0.30943614,9.6921425,74.328995
2020-05-06,5368.2,413.5275,170.665,12.335,47.00083333333333,Aswan,0.0,4.5956173,166.37024,21.833649,28.787262,3.4026184,1.0154572,-4.4505615,0.25128126,19.562061,107.293015
2020-05-07,5302.32,397.23923076923074,146.79153846153847,11.553076923076922,43.614615384615384,Aswan,0.0,3.7159753,174.96509,18.457478,28.235016,1.355011,0.14361572,-3.686943,0.11194346,20.156233,84.16162
2020-05-08,4475.4800000000005,281.73846153846154,182.27923076923076,9.681538461538462,43.723076923076924,Aswan,0.0,3.3676221,142.71312,15.783363,30.113678,0.14126587,0.8761749,-1.8584747,0.15162471,14.462955,46.19383
2020-05-09,5172.53,344.7330769230769,176.2315384615385,10.98076923076923,43.82846153846154,Aswan,0.0,5.2059813,154.94377,14.034751,30.012726,-0.54904175,2.2687683,-4.6661224,0.231091,24.848083,128.46675
2020-05-10,5273.15,391.4069230769231,147.10230769230768,11.605384615384615,43.931538461538466,Aswan,0.0,3.8979752,169.45422,26.4062,28.09256,5.499298,0.66187286,-3.826439,0.19540183,24.202694,114.08649
2020-05-11,5206.2699999999995,392.4653846153846,146.68,11.667692307692308,44.03153846153846,Aswan,0.0,3.7843986,173.09442,16.666107,30.25711,0.6546936,0.30236816,-3.7486496,0.12880385,20.600784,81.33498
2020-05-12,5076.2,386.0630769230769,146.32384615384615,11.498461538461537,44.12769230769231,Aswan,0.0,3.2288508,184.4714,13.085664,31.849152,-0.7642517,-0.49468994,-3.0270233,0.08900968,14.037399,46.522102
2020-05-13,3836.8100000000004,157.76230769230767,243.86769230769232,8.234615384615385,44.22153846153846,Aswan,0.0,4.1572614,200.08011,10.503769,33.94522,-1.566742,-1.3500595,-3.8604355,0.13416982,12.4951935,40.07778
2020-05-14,4158.89,242.18,193.24615384615387,9.30923076923077,44.31153846153846,Aswan,0.0,4.275489,178.0246,13.315887,36.067657,3.601593,0.17070007,-4.074646,0.23834267,20.388382,82.965675
2020-05-15,4762.71,368.87538461538463,145.96692307692308,11.22923076923077,44.39692307692307,Aswan,0.0,3.2121272,297.45227,18.312672,35.89505,6.771637,-2.8580093,0.66389465,0.1589214,7.626437,48.077133
2020-05-16,4765.29,339.3646153846154,161.53307692307692,10.788461538461538,44.48230769230769,Aswan,0.0,4.391904,301.64426,20.717037,37.281525,10.895172,-3.4074936,1.4167862,0.37901187,15.690281,104.52142
2020-05-17,4860.66,363.04846153846154,150.19692307692307,11.163846153846153,44.56153846153846,Aswan,0.0,4.42999,130.77248,25.830986,36.06961,11.245148,-0.5031128,1.1946411,0.28142327,14.442686,73.500336
2020-05-18,4717.6,316.5776923076923,176.79461538461538,10.508461538461539,44.64,Aswan,0.0,3.981699,62.605988,18.43142,36.191193,7.532257,2.113243,2.983963,0.3709022,13.196111,61.10144
2020-05-19,4352.0,235.2746153846154,223.7030769230769,9.758461538461539,44.71384615384615,Aswan,0.0,2.812629,118.88403,16.340551,36.639435,6.5608215,1.787857,0.9284439,0.48705262,14.241349,103.68542
2020-05-20,3543.36,176.3876923076923,197.73615384615385,7.893846153846154,44.78615384615385,Aswan,0.0,3.4097514,44.727158,24.527546,35.92691,11.620758,2.4224625,2.267311,0.4111363,13.050175,68.22076
2020-05-21,4517.91,300.87384615384616,176.87076923076924,10.169230769230769,44.85307692307693,Aswan,0.0,3.7362628,198.57721,21.277666,36.938507,9.922394,0.6223526,2.4811325,0.24149266,9.322858,53.962692
2020-05-22,4652.16,347.50538461538457,155.2123076923077,11.064615384615385,44.91923076923077,Aswan,0.0,2.2703779,81.67157,17.590628,38.042267,8.511749,2.237915,0.34488678,0.159846,7.5991077,45.652092
2020-05-23,4649.48,349.2407692307692,154.02,11.123846153846152,44.98230769230769,Aswan,0.0,3.7438784,213.81824,15.268761,38.882355,7.456085,-2.2978897,0.80413055,0.21393332,13.043852,58.9425
2020-05-24,5086.86,352.43384615384616,155.4023076923077,11.251538461538463,45.04230769230769,Aswan,0.0,7.5571184,166.26099,19.04818,32.369293,4.020294,1.8148727,-7.3124313,0.4727416,31.018145,216.3646
2020-05-25,5199.26,385.37,136.8323076923077,11.843846153846155,45.098461538461535,Aswan,0.0,5.89616,166.41061,19.24537,28.597687,0.58584595,1.3673706,-5.7282333,0.23312415,22.084608,125.72336
2020-05-26,5032.79,376.8353846153846,141.90615384615384,11.799230769230768,45.153076923076924,Aswan,0.0,4.592782,153.729,12.794994,29.586212,-2.9076843,1.9135895,-4.011162,0.22238281,24.01947,121.00125
2020-05-27,4943.17,376.7592307692308,138.13384615384615,11.738461538461538,45.20538461538461,Aswan,0.0,3.8968592,155.7719,15.91436,31.862823,1.6955872,1.5060501,-3.471367,0.17111166,17.65175,75.28226
2020-05-28,4973.87,372.4269230769231,137.37538461538463,11.61076923076923,45.25615384615385,Aswan,0.0,5.408469,169.79993,18.247797,32.045563,4.2358704,0.9428406,-5.2069855,0.29050165,23.63886,131.39935
2020-05-29,5074.89,363.3015384615385,144.3176923076923,11.495384615384616,45.302307692307686,Aswan,0.0,7.4072895,169.83136,17.792723,30.473663,3.1615295,1.2881622,-7.2907486,0.3490075,24.350965,152.64111
2020-05-30,5147.54,382.5723076923077,133.23461538461538,11.873076923076923,45.346923076923076,Aswan,0.0,6.587752,160.10193,15.762653,28.824127,-0.6064148,2.2496872,-6.1722946,0.33179888,23.978367,155.06207
2020-05-31,5047.53,371.91230769230765,140.1546153846154,11.776923076923076,45.39076923076924,Aswan,0.0,5.045417,155.18753,14.946556,29.534698,-0.57418823,2.1243515,-4.5462494,0.2735396,21.248983,126.048645
2020-06-01,4885.67,366.9253846153846,136.62153846153845,11.605384615384615,45.43,Aswan,0.0,4.806345,163.23602,12.416096,31.906647,-0.59310913,1.382988,-4.6014557,0.29522288,19.608253,105.62592
2020-06-02,4721.3,357.7584615384615,142.0476923076923,11.423846153846153,45.46615384615385,Aswan,0.0,3.4575129,119.190765,16.298496,35.555573,5.7677307,3.2403946,-0.8476105,0.32860142,11.093204,89.87035
2020-06-03,4732.81,330.3130769230769,158.2430769230769,11.036153846153846,45.50230769230769,Aswan,0.0,5.2145433,172.34622,19.115784,33.72415,6.69046,0.75245667,-5.1481705,0.43404078,12.250145,62.10482
2020-06-04,4651.96,348.2938461538461,144.43,11.226923076923075,45.535384615384615,Aswan,0.0,3.9909673,192.51256,18.8538,36.42801,7.4753723,-0.79862976,-3.6674957,0.30379575,14.333933,56.02481
2020-06-05,4633.48,339.6,153.10538461538462,11.2,45.566923076923075,Aswan,0.0,3.7721274,188.86339,19.115736,36.525787,8.540924,0.13209534,0.49087524,0.27705252,10.970233,60.292023
2020-06-06,4821.74,378.2638461538462,129.37461538461537,11.831538461538461,45.597692307692306,Aswan,0.0,3.7595656,127.39497,19.00506,33.716583,5.751007,1.7398224,-2.0493393,0.28238425,25.5768,147.00287
2020-06-07,4723.22,369.0946153846154,134.59615384615384,11.758461538461537,45.62307692307692,Aswan,0.0,3.2605436,147.20306,11.756789,35.017853,-0.08822632,1.2358475,-2.5872421,0.1420931,12.150407,37.85527
2020-06-08,4563.67,349.70846153846156,144.29923076923077,11.358461538461539,45.650000000000006,Aswan,0.0,3.0321279,166.81197,14.186823,37.02896,4.3971252,0.39528656,-2.8220596,0.22093111,9.181477,50.447422
2020-06-09,4642.91,353.56230769230774,140.07538461538462,11.359230769230768,45.67230769230769,Aswan,0.0,4.4474697,165.85065,18.6589,37.389557,8.553497,0.9367676,-3.8872833,0.27512133,20.349318,106.19152
2020-06-10,4785.62,363.04846153846154,136.07846153846154,11.629999999999999,45.69615384615384,Aswan,0.0,5.589488,166.06393,14.939096,35.351837,3.7481995,1.3197021,-5.421814,0.20387219,19.108446,85.7271
2020-06-11,4792.03,362.84461538461534,134.81692307692308,11.548461538461538,45.716153846153844,Aswan,0.0,6.064781,184.62154,15.278953,35.95218,4.8943176,-0.4842453,-6.0454025,0.33734187,16.972734,95.1416
2020-06-12,4800.97,357.5492307692308,138.38692307692307,11.53,45.73461538461538,Aswan,0.0,6.4852924,173.94171,13.482734,36.114044,3.0968323,0.6349411,-6.397873,0.2793561,21.231493,124.95538
2020-06-13,4656.46,349.9315384615384,141.7153846153846,11.375384615384615,45.75153846153846,Aswan,0.0,3.3174505,197.17932,11.209877,36.113068,0.98098755,-0.73744965,-3.103859,0.27471238,10.387979,53.726273
2020-06-14,4634.99,334.3061538461539,154.53538461538463,11.185384615384615,45.76692307692308,Aswan,0.0,6.2673717,181.23882,17.155195,38.625763,8.211334,2.2570343,2.7835464,0.34233314,11.256395,85.864746
2020-06-15,4886.22,378.39076923076925,125.56846153846155,11.896153846153847,45.78153846153846,Aswan,0.0,4.8594522,145.57329,16.55487,33.51651,4.5366516,2.7362595,-4.0154037,0.24312252,32.974724,182.82574
2020-06-16,4785.0,370.3353846153846,132.28692307692307,11.852307692307692,45.79153846153846,Aswan,0.0,3.485406,148.72638,17.59138,33.18167,4.7357483,1.505043,-3.0342026,0.2276796,22.079191,110.991714
2020-06-17,4756.91,371.93384615384616,132.08076923076922,11.901538461538461,45.802307692307686,Aswan,0.0,3.7495456,171.91974,14.402681,34.942047,2.9391174,0.488945,-3.7150497,0.12772954,13.484251,57.935623
2020-06-18,4787.5,354.8223076923077,142.75153846153847,11.544615384615383,45.81307692307693,Aswan,0.0,4.993756,174.91028,15.927327,35.24759,5.2589417,1.2004242,-4.587448,0.45341912,18.403381,134.04883
2020-06-19,4903.400000000001,360.1192307692308,139.56692307692308,11.572307692307692,45.817692307692305,Aswan,0.0,6.157062,152.0,18.916302,32.715607,5.4110413,2.9211197,-5.4117584,0.2943284,24.265182,149.31815
2020-06-20,4916.45,378.37307692307695,125.70923076923077,11.751538461538463,45.825384615384614,Aswan,0.0,4.945794,161.08124,20.98972,32.85196,7.0934143,1.6015854,-4.678993,0.28841874,20.94751,119.84723
2020-06-21,4791.39,366.4453846153846,132.47692307692307,11.605384615384615,45.83076923076923,Aswan,0.0,4.042222,189.34479,20.767525,33.660797,7.672394,-0.6425171,-3.988884,0.23710506,21.430822,100.9642
2020-06-22,4663.31,364.0723076923077,134.20538461538462,11.533846153846154,45.832307692307694,Aswan,0.0,3.2125442,223.4123,15.655199,35.68936,4.7948303,-2.189148,-2.3115845,0.3156399,9.454184,56.58114
2020-06-23,4640.93,340.95384615384614,149.67153846153846,11.25,45.83307692307692,Aswan,0.0,4.3174667,192.71022,13.262661,38.09085,4.466217,-1.3477936,-3.953926,0.31435907,10.898706,66.60091
2020-06-24,4706.84,354.4407692307692,140.33307692307693,11.378461538461538,45.83384615384615,Aswan,0.0,5.3986416,188.16722,16.113293,37.345734,6.1843567,-0.6111145,-5.3232574,0.2856726,13.161593,72.8089
2020-06-25,4854.17,362.45692307692303,137.63076923076923,11.580769230769231,45.83307692307692,Aswan,0.0,4.1704736,172.95117,17.023521,34.43399,5.768097,0.8546295,-3.512062,0.31985164,21.230194,126.986496
2020-06-26,4755.2,368.15846153846155,132.0176923076923,11.61076923076923,45.83,Aswan,0.0,3.0895243,124.05261,20.605453,32.925568,6.6600647,1.9229889,-1.795311,0.31482083,29.263779,158.95871
2020-06-27,4700.42,360.8130769230769,134.51461538461538,11.423846153846153,45.826153846153844,Aswan,0.0,3.7345405,127.91614,20.704456,34.127472,7.1406555,2.090126,-1.9504547,0.38202998,25.109083,123.43871
2020-06-28,4669.0199999999995,345.29999999999995,142.10538461538462,11.17153846153846,45.818461538461534,Aswan,0.0,3.7633088,124.326996,20.049837,34.786774,7.7690735,2.899826,-2.0290146,0.3576266,17.570269,102.330246
2020-06-29,4738.93,358.4746153846154,132.61923076923077,11.313076923076922,45.81153846153846,Aswan,0.0,4.906259,133.21664,20.513737,34.75772,8.046539,3.5936432,-3.320259,0.40300986,21.36701,143.70825
2020-06-30,4754.23,353.49,137.26615384615386,11.303076923076922,45.801538461538456,Aswan,0.0,4.91707,139.95642,18.61866,34.178497,6.378937,3.2591934,-3.6016846,0.31874198,19.975368,116.83817
2020-07-01,4871.33,376.5984615384615,126.00615384615386,11.661538461538461,45.78769230769231,Aswan,0.0,5.185175,146.1244,17.120724,33.689728,3.6285706,2.9558105,-4.1831665,0.2609673,19.801609,117.113266
2020-07-02,4796.5,361.0815384615385,138.14,11.523076923076925,45.777692307692305,Aswan,0.0,4.0731964,128.64604,17.470716,33.17923,4.462555,3.1058655,-2.3526764,0.17177688,21.471325,86.50954
2020-07-03,4780.91,371.4876923076923,128.73692307692306,11.553076923076922,45.76153846153846,Aswan,0.0,3.991447,97.517044,16.768238,34.64029,5.2309875,3.9419708,-0.3766098,0.17122601,11.637362,57.75428
2020-07-04,4692.74,356.0461538461538,137.24692307692308,11.31,45.74461538461538,Aswan,0.0,4.7777796,109.83583,17.032282,35.696198,5.9426575,4.414589,-1.7275085,0.2038011,13.938317,54.842316
2020-07-05,4800.92,362.5269230769231,134.34384615384616,11.426153846153845,45.72461538461538,Aswan,0.0,6.1461654,145.49727,16.300869,35.468903,5.5472717,3.6287231,-4.847168,0.18690994,15.274505,69.66561
2020-07-06,4756.28,362.9407692307692,133.80923076923077,11.415384615384616,45.70461538461538,Aswan,0.0,3.7831244,141.08035,20.17918,34.47281,7.8627014,2.4151764,-2.868393,0.20796597,14.659145,74.82643
2020-07-07,4766.15,363.41230769230765,135.7823076923077,11.43923076923077,45.68076923076923,Aswan,0.0,4.2828884,148.15161,15.641989,34.896027,3.9098206,2.332428,-3.4040375,0.2280142,9.332677,49.815285
2020-07-08,4773.27,367.0853846153846,130.83846153846156,11.399999999999999,45.65384615384615,Aswan,0.0,4.9116454,143.85706,16.429775,34.904938,5.592804,2.6341705,-4.08432,0.2847072,11.18798,76.4988
2020-07-09,4631.38,352.81538461538463,138.4830769230769,11.17153846153846,45.62692307692308,Aswan,0.0,4.1920137,150.52316,23.046003,35.4429,10.531403,1.9415817,-2.5214844,0.22241996,10.8479185,65.068504
2020-07-10,4785.26,370.0607692307692,128.03153846153847,11.36923076923077,45.596923076923076,Aswan,0.0,4.568144,150.81195,25.916115,35.069733,12.001251,2.0916061,-3.706398,0.25907105,17.320118,98.65555
2020-07-11,4809.14,363.37538461538463,136.67538461538462,11.370000000000001,45.56384615384616,Aswan,0.0,4.6406703,148.99142,22.954784,34.794952,9.596344,2.4232254,-3.9501114,0.20875195,16.858181,80.891556
2020-07-12,4878.44,374.4276923076923,130.0723076923077,11.473846153846154,45.52923076923077,Aswan,0.0,6.3440638,148.82452,21.887577,35.40396,9.958649,3.299263,-5.380806,0.38738424,27.41788,162.63971
2020-07-13,4846.610000000001,369.9853846153846,136.18846153846155,11.468461538461538,45.49076923076923,Aswan,0.0,3.4289246,124.643555,19.735271,33.917145,7.2417297,2.6879196,-1.9682999,0.29148164,24.505222,132.69916
2020-07-14,4786.72,371.49461538461543,136.41384615384615,11.506923076923076,45.44923076923077,Aswan,0.0,4.033017,104.294815,21.008606,34.45511,8.489288,2.7844772,-0.70389557,0.1757032,18.789713,72.006
2020-07-15,4819.5599999999995,377.65538461538466,131.67000000000002,11.517692307692307,45.4076923076923,Aswan,0.0,4.2882214,135.57062,16.496128,34.59549,4.7287903,2.7751389,-2.850418,0.13806716,10.768555,48.885193
2020-07-16,4809.89,365.42153846153843,138.28538461538463,11.32846153846154,45.360769230769236,Aswan,0.0,4.9268064,126.422195,19.826817,35.43582,8.628937,3.5112305,-2.6857758,0.22543961,23.48694,129.07007
2020-07-17,4925.29,378.16076923076923,130.75153846153847,11.453076923076923,45.31230769230769,Aswan,0.0,4.88723,114.891525,20.882402,33.331696,7.830963,4.332016,-1.8021469,0.2795266,18.325994,122.93673
2020-07-18,4770.8099999999995,359.88,141.14923076923077,11.198461538461537,45.25923076923077,Aswan,0.0,3.049467,118.738205,21.979256,33.457184,8.291779,2.6708527,-1.4705353,0.30135617,18.371336,93.60024
2020-07-19,4781.55,377.2638461538462,130.47153846153844,11.338461538461539,45.20538461538461,Aswan,0.0,3.1719682,128.9713,20.442097,34.58255,7.6527405,1.7620773,-2.0048676,0.2625824,15.691664,90.76341
2020-07-20,4759.18,357.4230769230769,141.3276923076923,11.05153846153846,45.146153846153844,Aswan,0.0,4.178318,118.687805,16.631386,36.098785,6.4023743,3.5931244,-2.0301971,0.2724836,9.384565,49.800396
2020-07-21,4695.5,331.4661538461539,156.05923076923077,10.70923076923077,45.08692307692308,Aswan,0.0,5.6923037,137.42867,19.837383,36.513947,9.507111,3.7904358,-4.236885,0.5261841,25.470654,174.1997
2020-07-22,4774.06,343.26,150.4569230769231,10.82076923076923,45.02307692307692,Aswan,0.0,5.4904222,143.19772,20.017681,35.225616,8.587189,3.2859192,-4.3983383,0.5573137,29.278389,225.15895
2020-07-23,4746.25,343.48923076923074,151.20384615384617,10.813846153846153,44.95692307692308,Aswan,0.0,4.2742314,137.04303,24.058327,34.539948,10.644928,2.902504,-3.1081238,0.4774115,24.596191,153.27875
2020-07-24,4719.79,331.6630769230769,159.50153846153847,10.73,44.886923076923075,Aswan,0.0,4.748781,139.03383,20.95187,35.268585,9.065582,3.1517181,-3.528778,0.41744292,15.050718,120.72087
2020-07-25,4721.48,350.71999999999997,146.2423076923077,10.836153846153847,44.81461538461539,Aswan,0.0,4.3303757,145.51042,24.405674,36.579254,12.103668,2.4392395,-3.5712738,0.35098362,16.195568,87.29879
2020-07-26,4787.73,364.5646153846154,139.66615384615386,10.935384615384615,44.74,Aswan,0.0,4.5401464,165.35431,19.661758,37.059845,9.736603,1.0892334,-4.4008636,0.34828693,21.60603,128.5398
2020-07-27,4650.88,337.3961538461538,153.37692307692308,10.61076923076923,44.660000000000004,Aswan,0.0,3.8547215,153.0517,17.368183,37.65982,8.752106,1.4763947,-3.4736938,0.40161258,26.635473,135.20157
2020-07-28,4276.59,281.20461538461535,179.3653846153846,9.646153846153846,44.576153846153844,Aswan,0.0,3.013729,129.92172,19.140963,38.037872,10.366241,1.1387558,-2.0399323,0.36771706,24.4472,121.08794
2020-07-29,4387.15,285.12461538461537,184.52615384615385,9.923076923076923,44.49076923076923,Aswan,0.0,2.4809718,61.120422,34.628845,37.18582,17.758698,2.1512527,1.2299728,0.4178744,20.243168,91.547714
2020-07-30,4330.38,284.0784615384615,183.88384615384618,9.865384615384615,44.40384615384615,Aswan,0.0,2.6330502,88.600876,27.322926,38.92935,16.40628,1.8875275,0.15109253,0.44361535,25.690605,129.58023
2020-07-31,4540.820000000001,341.8669230769231,153.02153846153846,10.545384615384616,44.309999999999995,Aswan,0.0,3.3350947,130.83308,26.355097,39.097076,15.636261,1.8148193,-1.9080276,0.41638732,28.926462,154.14236
2020-08-01,4679.47,351.61999999999995,151.1346153846154,10.716153846153846,44.21692307692308,Aswan,0.0,3.9921763,168.06021,18.818771,39.49173,11.109528,0.6820221,-3.92305,0.35946184,35.69942,170.13412
2020-08-02,4438.66,285.2269230769231,191.3553846153846,10.040000000000001,44.11846153846154,Aswan,0.0,4.5517235,112.44322,19.396173,37.345245,9.650421,1.7841263,-1.0052338,0.30264693,19.311878,99.88377
2020-08-03,4600.3099999999995,343.9646153846154,150.7246153846154,10.358461538461539,44.01615384615385,Aswan,0.0,3.4719238,133.52527,17.89914,38.050323,9.285553,2.2509155,-2.0806046,0.29523835,11.58684,53.001774
2020-08-04,4708.66,335.29846153846154,164.12230769230771,10.543076923076923,43.910000000000004,Aswan,0.0,3.8230667,151.61302,17.401443,37.67752,8.482086,1.9368896,-3.1506195,0.24121052,14.691149,63.91356
2020-08-05,4775.32,372.52153846153846,141.91153846153844,10.933846153846153,43.80076923076923,Aswan,0.0,3.8045957,153.56807,18.059105,38.275055,9.323151,1.5387802,-3.2688522,0.20677847,11.937578,52.473686
2020-08-06,4833.06,368.74923076923073,145.38076923076923,10.836923076923076,43.690769230769234,Aswan,0.0,4.2471113,138.4772,20.354626,37.79715,10.9565735,1.794754,-2.574936,0.22084439,14.991138,60.833344
2020-08-07,4938.36,382.62307692307695,142.58461538461538,11.094615384615386,43.57692307692308,Aswan,0.0,4.092892,138.73413,21.40835,36.21927,10.3923645,2.5529633,-2.1164093,0.17972676,14.96981,68.16597
2020-08-08,4914.61,370.1053846153846,151.8723076923077,10.901538461538461,43.45769230769231,Aswan,0.0,2.3824186,178.95195,20.740503,35.331573,8.746368,-0.14880371,-2.0998917,0.12014192,15.045153,50.12571
2020-08-09,4903.31,371.5,148.98846153846154,10.849230769230768,43.33538461538462,Aswan,0.0,3.640316,241.323,18.829905,36.425323,8.761993,-2.927681,-1.5643845,0.24756265,10.972229,58.760784
2020-08-10,4293.18,254.28769230769234,204.70923076923074,9.364615384615384,43.21076923076923,Aswan,0.0,2.9321554,240.91762,19.418472,37.30838,10.149567,-2.1401901,-1.7004013,0.33599412,10.578183,50.93023
2020-08-11,4894.43,367.52923076923076,150.39923076923077,10.703076923076923,43.08384615384615,Aswan,0.0,3.7443018,184.52232,19.216148,37.800323,9.74295,1.2903519,-2.0094757,0.2715524,9.861799,48.824005
2020-08-12,5082.64,385.1007692307693,143.12615384615384,10.951538461538462,42.95153846153846,Aswan,0.0,5.0709553,152.64578,23.955961,36.029205,11.776398,2.347351,-4.154228,0.23132066,15.434801,86.815216
2020-08-13,5045.49,385.1330769230769,143.42076923076922,10.914615384615386,42.818461538461534,Aswan,0.0,4.092803,138.67578,22.819305,34.32791,9.66568,2.5145721,-2.833496,0.27671194,22.173645,110.89403
2020-08-14,5127.2,392.15,140.80076923076925,10.964615384615383,42.67923076923077,Aswan,0.0,4.693886,126.06203,21.979927,33.95047,8.768463,3.547577,-2.6477509,0.26122522,16.606499,89.811615
2020-08-15,4938.37,376.76,149.1823076923077,10.75076923076923,42.53846153846154,Aswan,0.0,2.972472,98.206726,24.523277,34.74063,10.8680725,2.4515152,-0.6614609,0.21246767,22.43182,101.46237
2020-08-16,4905.53,389.13307692307694,141.86461538461538,10.80923076923077,42.395384615384614,Aswan,0.0,3.0971715,91.30296,21.264893,35.60977,9.80838,1.2623138,-0.25199127,0.17472208,22.05196,99.8512
2020-08-17,4848.46,377.2992307692308,147.9023076923077,10.634615384615385,42.24615384615385,Aswan,0.0,2.5337136,96.88985,27.033903,36.08084,12.500153,2.342865,-0.17281342,0.12345828,11.123619,42.3087
2020-08-18,5053.07,388.69307692307694,141.44076923076923,10.682307692307692,42.09384615384616,Aswan,0.0,4.9976406,146.62996,21.327835,36.74759,10.56546,2.6098022,-4.16111,0.25586325,26.324173,126.93527
2020-08-19,5047.91,384.2353846153846,146.05384615384617,10.653076923076924,41.941538461538464,Aswan,0.0,3.722518,138.92293,20.649305,35.147247,8.743195,2.1731796,-2.6230087,0.2661174,21.71067,107.02086
2020-08-20,5102.35,419.925,158.805,11.596666666666666,45.15833333333333,Aswan,0.0,4.286578,136.039,20.91056,35.08206,8.850739,2.786255,-2.8418121,0.20667836,20.774979,102.965645
2020-08-21,5204.38,425.0416666666667,158.13916666666668,11.626666666666667,45.00083333333333,Aswan,0.0,5.2200003,140.17792,21.627823,34.51834,8.560455,3.4683838,-3.7038422,0.24718696,19.45682,100.19528
2020-08-22,5260.66,426.18250000000006,162.0025,11.681666666666667,44.840833333333336,Aswan,0.0,4.844007,137.71161,21.95842,33.302277,8.227814,3.242096,-3.5977173,0.24567953,21.20737,116.68635
2020-08-23,5240.62,436.68666666666667,155.6425,11.720833333333333,44.67583333333334,Aswan,0.0,3.684698,120.482895,24.770977,32.791656,9.4774475,3.0493393,-1.8262405,0.20355862,17.01655,92.86708
2020-08-24,5124.49,411.9508333333333,168.64083333333335,11.403333333333334,44.509166666666665,Aswan,0.0,4.153759,119.60669,23.234531,33.72879,9.221466,3.626793,-1.7475815,0.20944616,14.708889,70.19143
2020-08-25,5174.95,430.0941666666667,157.30416666666667,11.503333333333332,44.340833333333336,Aswan,0.0,4.172431,121.972015,21.638794,34.410553,8.841217,3.5996094,-2.0075455,0.1411399,11.900824,50.37033
2020-08-26,5168.22,416.9558333333334,165.87583333333333,11.335833333333333,44.16583333333333,Aswan,0.0,5.23927,151.76999,21.31956,34.37503,8.517242,2.856697,-4.1055603,0.1747155,14.172282,66.06925
2020-08-27,5290.04,421.00083333333333,169.17333333333335,11.441666666666668,43.990833333333335,Aswan,0.0,5.071314,150.8628,20.865005,33.900055,8.033478,2.6677094,-4.251709,0.21206631,18.182827,91.782364
2020-08-28,5311.72,432.28833333333336,163.74666666666667,11.510833333333332,43.8125,Aswan,0.0,3.9186225,132.48439,21.35682,32.856476,7.311798,2.8630142,-2.4946213,0.20858192,17.912815,87.043076
2020-08-29,5182.73,425.49,167.28666666666666,11.376666666666667,43.6325,Aswan,0.0,2.9824054,118.72011,24.984602,32.869415,9.334015,2.430046,-1.4197311,0.20063818,19.107735,78.39032
2020-08-30,5215.94,432.81,162.73,11.3775,43.445,Aswan,0.0,3.1253245,128.07732,23.971985,33.940704,9.144684,2.426979,-1.9355545,0.14390251,20.400341,76.95315
2020-08-31,5132.26,408.0466666666667,175.6883333333333,11.0775,43.26,Aswan,0.0,4.3952703,125.68997,21.836948,35.524445,9.371002,3.412201,-2.3344345,0.17908287,19.713377,75.69233
2020-09-01,5412.49,475.5158333333334,138.40916666666666,11.640833333333333,43.07,Aswan,0.0,4.080332,106.75629,20.862442,34.3992,7.6112366,3.920723,-1.1007919,0.13267125,10.492701,44.436188
2020-09-02,5352.68,468.2691666666667,144.80416666666667,11.571666666666665,42.8775,Aswan,0.0,3.783156,129.44943,19.170198,33.678497,5.9961243,2.8765106,-2.4459,0.1118492,12.077129,50.001053
2020-09-03,5327.78,473.57666666666665,143.98916666666668,11.6025,42.681666666666665,Aswan,0.0,3.460507,151.41434,15.79618,34.997833,4.629303,1.2724838,-2.7962952,0.10844368,14.186902,49.299896
2020-09-04,5014.6,412.0833333333333,166.53083333333333,10.8025,42.483333333333334,Aswan,0.0,2.4874458,146.43683,19.200998,35.18802,7.9758606,1.2282104,-2.1125336,0.17462705,18.077305,61.632675
2020-09-05,3321.01,160.49416666666667,231.51666666666668,7.421666666666667,42.285000000000004,Aswan,0.0,2.6775818,132.03772,17.349337,38.574738,9.171539,0.42877197,-1.0114136,0.2009416,16.41283,45.19601
2020-09-06,4742.4400000000005,405.23499999999996,151.05833333333334,10.268333333333333,42.079166666666666,Aswan,0.0,2.9470296,187.0582,21.435028,38.712433,12.271637,-0.46840668,-2.8187256,0.17383566,16.056038,55.120506
2020-09-07,5159.61,443.0183333333334,151.0575,10.890833333333333,41.87583333333333,Aswan,0.0,5.1409883,180.28577,23.25528,39.023834,13.165924,-0.029586792,-5.138283,0.2507236,28.763031,104.466255
2020-09-08,5261.45,457.0016666666666,146.285,11.012500000000001,41.66916666666667,Aswan,0.0,5.702142,170.08728,23.992718,38.576813,13.014923,0.99082947,-5.611992,0.29522708,30.644802,135.2947
2020-09-09,5355.87,465.3141666666666,146.13,11.1225,41.45666666666667,Aswan,0.0,4.7947083,163.25247,26.253965,37.517365,13.813995,1.3673553,-4.5294952,0.156883,31.63788,134.0005
2020-09-10,5325.56,465.6233333333334,145.32,11.055833333333334,41.24666666666666,Aswan,0.0,3.931956,147.59152,25.602085,35.86624,12.164337,1.9472275,-3.2624054,0.18734512,28.226212,126.600815
2020-09-11,5372.79,463.94250000000005,146.92916666666667,10.9925,41.030833333333334,Aswan,0.0,4.0630317,155.26227,20.164206,35.782867,8.687897,1.6105576,-3.3790665,0.23382828,16.47277,89.07854
2020-09-12,5137.6,403.56583333333333,176.73416666666665,10.404166666666667,40.814166666666665,Aswan,0.0,4.4279413,178.87164,19.036219,35.09012,7.655182,0.185318,-4.3930435,0.23281908,14.49254,56.503357
2020-09-13,5295.76,445.895,154.18666666666667,10.6875,40.596666666666664,Aswan,0.0,4.680405,176.88937,19.403477,36.142,8.643829,0.32373047,-4.555275,0.25852394,17.952827,75.678116
2020-09-14,5260.25,437.8641666666667,159.3075,10.585833333333333,40.37583333333333,Aswan,0.0,4.260252,157.95584,19.285105,35.982697,8.063019,1.5235443,-3.9316406,0.23809531,23.19119,89.998314
2020-09-15,5338.46,443.12083333333334,157.515,10.594166666666666,40.15333333333333,Aswan,0.0,5.226531,161.39236,17.830862,35.95987,7.550812,1.6988144,-4.898155,0.35108274,26.439093,146.39856
2020-09-16,5349.06,452.8208333333334,153.4675,10.635833333333332,39.9275,Aswan,0.0,4.0497637,159.0411,20.737915,35.4429,9.088165,1.4430542,-3.7644653,0.23275718,24.16534,94.56947
2020-09-17,5117.96,430.0733333333333,161.46916666666667,10.349166666666667,39.70166666666667,Aswan,0.0,3.320203,207.82373,20.333155,36.614532,9.5937805,-0.7970352,-2.775528,0.23191415,19.537992,71.69446
2020-09-18,5197.1,453.97,155.97,10.595,39.473333333333336,Aswan,0.0,3.581897,199.8711,18.797903,38.669342,9.77066,-0.93761444,-3.410942,0.22426836,8.335963,31.85265
2020-09-19,5168.96,450.595,158.6325,10.53,39.24166666666667,Aswan,0.0,2.601521,231.72562,17.954798,37.38968,7.961334,-2.1824188,-1.3135681,0.19687264,11.011878,56.01084
2020-09-20,5114.0,451.0725,157.8575,10.471666666666666,39.01166666666666,Aswan,0.0,2.0962493,260.88208,15.481489,37.368317,6.303009,0.27746582,-0.6809311,0.19841969,11.077654,52.294434
2020-09-21,5019.71,429.4266666666667,166.095,10.2025,38.777499999999996,Aswan,0.0,3.8121383,130.53839,24.907784,37.30838,12.513092,1.7788315,-2.5465317,0.3244385,29.290184,117.55878
2020-09-22,4970.92,401.4458333333334,173.73583333333332,9.839166666666667,38.54333333333333,Aswan,0.0,3.6920958,177.32455,19.746378,37.235016,9.704498,0.42369843,-3.5989609,0.5162376,21.533247,97.65708
2020-09-23,5252.98,440.9041666666667,158.18833333333333,10.1525,38.3075,Aswan,0.0,4.4508333,177.85338,21.531773,36.147003,10.36795,0.17723846,-4.432785,0.3149979,21.67062,103.385025
2020-09-24,5328.49,431.27416666666664,163.4275,10.036666666666667,38.07083333333333,Aswan,0.0,5.8343663,173.60663,29.124405,34.693268,13.830719,0.6426697,-5.7923737,0.38351783,29.368107,159.77798
2020-09-25,5320.71,420.5466666666667,170.94000000000003,9.95,37.8325,Aswan,0.0,5.3366747,166.88763,27.441216,33.940704,11.506134,1.2347488,-5.165451,0.2538502,29.903563,140.40913
2020-09-26,5455.8,437.8533333333333,167.17249999999999,10.105,37.59166666666667,Aswan,0.0,5.2366333,173.18127,26.256252,33.294342,10.5034485,0.62841034,-5.196991,0.22279915,24.624786,125.08719
2020-09-27,5382.68,434.8541666666667,171.46916666666667,10.073333333333334,37.35333333333333,Aswan,0.0,3.483399,184.34822,23.268894,33.11624,8.734772,-0.24175262,-3.4738083,0.18553922,18.00639,74.81915
2020-09-28,5390.5599999999995,446.36583333333334,164.1625,10.081666666666667,37.11083333333333,Aswan,0.0,3.8479967,200.7207,23.208769,34.565582,8.739777,-1.0754013,-3.3211975,0.1304769,10.356349,37.889526
2020-09-29,5266.84,425.8766666666666,175.5533333333333,9.910833333333334,36.8675,Aswan,0.0,2.8570306,174.32602,17.525326,33.683258,4.471222,0.25352478,-2.6615677,0.11523844,10.189678,36.566936
2020-09-30,5182.07,419.05916666666667,175.50583333333336,9.762500000000001,36.623333333333335,Aswan,0.0,2.267176,234.34003,20.825153,34.325592,7.6756897,-1.7408371,-1.3766174,0.133484,10.074528,37.817654
2020-10-01,5405.58,477.5441666666666,145.305,10.093333333333334,36.38,Aswan,0.0,2.7780492,242.012,23.370358,35.322296,9.962921,-2.4996567,-1.1306076,0.17037459,11.608103,44.025703
2020-10-02,5264.59,450.33833333333337,152.29749999999999,9.755833333333333,36.13666666666666,Aswan,0.0,2.8863513,222.56516,25.218515,35.45804,11.276154,-1.9941025,-1.9851608,0.3011248,9.552494,42.648705
2020-10-03,3942.33,235.23916666666665,210.12249999999997,7.549166666666667,35.89083333333333,Aswan,0.0,4.3869734,187.36356,26.001028,34.769318,11.708527,-0.5449219,-4.337578,0.29207966,11.100443,45.18447
2020-10-04,5434.61,458.1058333333333,151.14916666666667,9.755,35.645833333333336,Aswan,0.0,4.2983737,175.79962,18.288498,34.0701,6.5516663,0.30726624,-4.286911,0.25965482,17.90785,76.80779
2020-10-05,5485.83,460.9433333333333,151.05916666666667,9.731666666666667,35.4,Aswan,0.0,3.745503,186.20927,19.633518,32.03116,5.98526,-0.46522522,-3.6982803,0.22411884,19.827658,92.217575
2020-10-06,5205.39,439.26666666666665,158.215,9.480833333333333,35.152499999999996,Aswan,0.0,2.2488642,204.76678,21.294796,32.52823,7.5783997,-0.32445526,-2.1747055,0.14857738,14.9102125,31.901901
2020-10-07,5254.71,452.0641666666666,150.23666666666665,9.5075,34.906666666666666,Aswan,0.0,2.267273,269.3161,26.483643,34.26175,10.161652,-0.97182465,-0.10222626,0.11251284,12.365669,34.165882
2020-10-08,5201.33,458.1191666666667,150.76166666666668,9.540833333333333,34.660833333333336,Aswan,0.0,1.3873625,272.42813,20.693296,34.539215,7.4585266,-1.3573303,0.031593323,0.12448156,12.309912,39.25243
2020-10-09,5181.63,465.03833333333336,148.53833333333333,9.553333333333333,34.4125,Aswan,0.0,2.2543328,236.729,19.507095,35.219635,7.037506,-1.7430725,-0.65462494,0.11761376,11.328152,38.852154
2020-10-10,5306.83,459.195,149.86499999999998,9.440833333333334,34.16916666666667,Aswan,0.0,2.670379,236.96298,19.383999,35.18106,7.3262024,-1.7841034,-1.3700256,0.08683798,11.699035,31.33044
2020-10-11,4777.63,451.98454545454547,142.26272727272726,9.16,33.25454545454546,Aswan,0.0,3.6161847,198.32501,21.00716,34.47415,8.341095,-1.0707779,-3.385376,0.09212953,17.591505,52.235992
2020-10-12,5306.69,455.6266666666667,147.87,9.271666666666667,33.67583333333334,Aswan,0.0,3.727511,188.82779,23.754124,34.036285,9.693268,-0.38942719,-3.6808014,0.099574,17.810097,52.45954
2020-10-13,4996.4800000000005,404.0058333333334,163.32333333333335,8.824166666666667,33.42916666666667,Aswan,0.0,3.9785306,183.18669,25.832024,33.862213,11.0159,-0.26352692,-3.9589996,0.0875492,15.737295,37.787785
2020-10-14,5309.5,465.4266666666667,145.38416666666666,9.2675,33.18416666666666,Aswan,0.0,2.8978655,184.30762,21.58807,34.166412,8.636261,-0.12285614,-2.89283,0.08256605,15.277793,44.14086
2020-10-15,5304.4400000000005,457.895,148.8525,9.164166666666667,32.939166666666665,Aswan,0.0,2.4827428,191.57562,24.289448,33.592438,8.655792,-0.49188232,-2.4332733,0.0724808,11.608393,27.536566
2020-10-16,5374.54,455.44,150.6525,9.109166666666667,32.69583333333333,Aswan,0.0,3.1506228,221.47939,27.761816,32.697906,10.497467,-1.5118866,-1.9970016,0.0636389,11.414101,28.616497
2020-10-17,5405.0,462.9358333333333,147.37833333333333,9.115,32.4525,Aswan,0.0,3.1762667,185.25092,22.655731,33.078033,8.653351,-0.25177765,-3.1643753,0.06794818,13.651748,32.875282
2020-10-18,5336.19,453.6933333333333,151.23499999999999,9.0025,32.21083333333333,Aswan,0.0,2.8130617,245.22559,24.872643,32.68875,9.048981,-1.5417938,-1.5279465,0.054856278,12.20565,26.233013
2020-10-19,5330.28,489.85,167.30181818181816,9.740909090909092,34.74727272727273,Aswan,0.0,3.0592868,262.95624,22.59119,32.69754,7.209259,-2.7901917,-0.3767166,0.08621088,10.298594,29.90452
2020-10-20,5397.82,498.4890909090909,165.60818181818183,9.770909090909091,34.50363636363637,Aswan,0.0,2.5386097,231.36911,26.855625,32.05435,8.281158,-1.9307404,-1.5351486,0.07380207,5.210986,17.87445
2020-10-21,5423.6,494.5618181818182,168.61818181818182,9.72090909090909,34.25818181818182,Aswan,0.0,3.0395308,228.76569,27.805136,31.343903,7.623932,-2.0538712,-2.0970306,0.05994284,13.67859,33.004616
2020-10-22,5493.18,498.2209090909091,170.51909090909092,9.738181818181818,34.015454545454546,Aswan,0.0,2.9809318,200.89307,31.105179,31.021637,8.938141,-1.0835114,-2.7679214,0.06740451,9.445983,32.694977
2020-10-23,5495.23,496.11181818181814,167.80363636363634,9.625454545454545,33.775454545454544,Aswan,0.0,3.9083495,191.1242,21.337881,31.605011,5.702179,-0.74399567,-3.8003235,0.086750105,10.5450115,35.43999
2020-10-24,5544.66,491.51545454545453,160.57545454545453,9.44090909090909,33.53363636363636,Aswan,0.0,5.660846,177.45218,24.510357,29.944855,7.334381,0.27117157,-5.6489563,0.12243329,20.956627,71.87385
2020-10-25,5597.74,493.5427272727273,160.45363636363638,9.41909090909091,33.29181818181818,Aswan,0.0,5.660861,165.23871,26.405678,27.758698,6.1338196,1.4424515,-5.4698563,0.11641042,14.633239,64.914505
2020-10-26,5469.67,492.37454545454545,159.0809090909091,9.327272727272726,33.054545454545455,Aswan,0.0,3.7955909,175.25366,33.275623,27.485992,9.646027,0.36003113,-3.7729797,0.09443798,20.37893,60.229923
2020-10-27,5217.9,485.5554545454545,157.66545454545454,9.19,32.81818181818182,Aswan,0.0,2.4171913,236.0817,29.546047,30.539215,10.773224,-0.114860535,-2.1110153,0.07015736,18.857372,40.187035
2020-10-28,5316.92,489.21727272727276,159.28545454545454,9.216363636363637,32.58363636363636,Aswan,0.0,3.6529584,248.35912,24.77057,32.14969,8.097076,-1.3016281,-0.7304001,0.07296431,14.470158,38.113716
2020-10-29,5280.92,475.6527272727273,169.51090909090908,9.154545454545454,32.35090909090909,Aswan,0.0,3.0024939,225.33008,16.976553,31.207672,2.8141174,-2.2198029,-1.7912369,0.10534029,9.353159,34.755222
2020-10-30,5273.75,489.02000000000004,163.06,9.171818181818182,32.11727272727273,Aswan,0.0,1.9147643,238.41113,29.572624,28.854523,7.490753,-1.6398392,-0.9855881,0.08804825,16.01381,45.818085
2020-10-31,5248.17,490.2972727272727,158.59545454545454,9.084545454545456,31.88909090909091,Aswan,0.0,1.7094777,132.86656,24.366932,29.413239,6.9426575,0.9579773,-0.68276215,0.093516745,21.0066,54.03985
2020-11-01,5606.7,532.0981818181818,134.81,9.195454545454545,31.663636363636364,Aswan,0.0,4.048459,118.665634,38.003784,28.35733,11.304352,3.5208359,-1.8269348,0.136803,19.584723,87.34289
2020-11-02,5628.5,532.1354545454545,134.11272727272728,9.135454545454545,31.434545454545454,Aswan,0.0,3.668508,139.04016,40.849365,27.040192,11.723907,2.2491913,-2.7476425,0.11777458,17.900402,66.72066
2020-11-03,5750.1,539.78,136.54454545454544,9.208181818181817,31.214545454545455,Aswan,0.0,4.20465,163.49426,38.77243,26.333893,10.4079895,1.1817245,-4.0285797,0.06404501,15.932709,54.87539
2020-11-04,5849.16,546.2145454545454,135.54454545454544,9.226363636363637,30.992727272727276,Aswan,0.0,4.753308,165.5578,34.21182,25.383087,7.939728,1.1571579,-4.573715,0.059012312,20.281624,63.11561
2020-11-05,5793.88,532.8163636363636,140.85363636363635,9.100000000000001,30.773636363636363,Aswan,0.0,4.5727634,161.72998,38.47878,23.617462,7.868927,1.4181519,-4.338806,0.05443006,15.979162,52.496674
2020-11-06,5746.74,526.679090909091,138.72363636363636,8.946363636363635,30.55909090909091,Aswan,0.0,4.3256817,154.22168,40.632504,23.523102,8.700592,1.8839722,-3.893692,0.07378441,12.899252,53.780994
2020-11-07,5524.04,566.6859999999999,141.621,9.55,33.235,Aswan,0.0,3.9894905,153.84103,40.189445,23.295929,8.609161,1.7422104,-3.5648346,0.05563753,12.746908,44.89133
2020-11-08,5550.3,569.665,150.551,9.66,33.018,Aswan,0.0,3.8468966,139.99251,34.74673,24.44571,7.566437,2.07621,-2.87043,0.073289424,9.368355,38.351025
2020-11-09,5665.56,583.0550000000001,152.682,9.748999999999999,32.805,Aswan,0.0,3.3082013,141.92276,36.01456,22.902618,6.462555,2.0223007,-2.5688019,0.040341087,10.939932,29.392159
2020-11-10,5707.39,576.504,152.48399999999998,9.626000000000001,32.595,Aswan,0.0,4.0498743,159.77515,37.106888,23.382355,7.2416077,1.386734,-3.7889404,0.062428117,10.505749,33.54396
2020-11-11,5739.96,573.533,155.245,9.59,32.387,Aswan,0.0,4.529768,153.25978,37.769314,22.521881,6.450348,1.8217545,-3.943306,0.060828865,11.646993,43.2632
2020-11-12,5806.12,585.404,153.552,9.658,32.184,Aswan,0.0,4.0591307,164.8819,32.122276,21.951447,3.8423157,1.0589142,-3.9148712,0.04598281,10.248093,31.346111
2020-11-13,5803.7699999999995,591.832,149.28699999999998,9.632,31.985000000000003,Aswan,0.0,4.3042474,169.59283,32.353313,22.914948,4.920929,0.7755203,-4.2332993,0.03092197,17.811522,43.762207
2020-11-14,5759.0599999999995,592.321,146.35399999999998,9.555,31.788999999999998,Aswan,0.0,3.9671173,158.83926,34.1518,23.999786,6.9632874,1.4475632,-3.6858902,0.026200283,22.727947,46.66508
2020-11-15,5758.5199999999995,580.845,147.149,9.408,31.595999999999997,Aswan,0.0,5.021591,160.67029,43.21639,23.776886,9.774811,1.6294861,-4.7376175,0.08806436,25.753246,84.29321
2020-11-16,5787.6,585.5840000000001,148.424,9.433,31.407999999999998,Aswan,0.0,4.715488,165.54172,40.566055,22.658966,8.050446,1.1453552,-4.5687485,0.049969185,17.314194,58.3104
2020-11-17,5754.97,586.946,151.087,9.436,31.223000000000003,Aswan,0.0,3.6059957,172.439,36.324158,21.894562,5.315338,0.4632187,-3.575531,0.03130386,18.140333,45.468094
2020-11-18,5634.04,586.7520000000001,148.00900000000001,9.361,31.041000000000004,Aswan,0.0,3.0034165,167.81332,34.673737,22.700714,5.9847717,0.23647308,-2.622261,0.014489747,23.628347,40.6882
2020-11-19,5648.24,591.517,144.135,9.323,30.863,Aswan,0.0,3.0412343,148.10791,36.981964,22.344635,6.463043,1.2088013,-2.263649,0.023435498,25.001917,48.227512
2020-11-20,5607.37,551.603,155.951,9.049,30.693,Aswan,0.0,4.4387727,143.21953,40.77061,21.671906,7.2779846,2.7284622,-3.0237503,0.05736544,17.240011,55.43754
2020-11-21,5766.65,571.118,152.81300000000002,9.144,30.524,Aswan,0.0,4.102788,150.49199,41.673206,19.746857,5.736969,1.972435,-3.5924988,0.0500201,10.785499,37.12468
2020-11-22,5766.43,568.545,155.077,9.114,30.360000000000003,Aswan,0.0,4.426401,183.48828,38.925014,20.476715,5.469635,-0.2883072,-4.3877563,0.041629653,10.642291,31.683472
2020-11-23,5724.65,572.663,154.135,9.103,30.199,Aswan,0.0,3.4631114,191.78339,36.144634,21.61502,5.7759094,-0.70420074,-3.3739166,0.014801373,11.065229,21.037016
2020-11-24,5668.53,570.743,154.66299999999998,9.065999999999999,30.046000000000003,Aswan,0.0,3.2218704,184.10617,30.368929,22.38028,3.4409485,-0.21832275,-3.1306229,0.016602946,18.206274,32.42298
2020-11-25,5685.28,568.662,152.779,8.985,29.895,Aswan,0.0,3.4789114,136.83517,33.72774,20.717194,3.360382,2.4811325,-2.2226639,0.031553004,19.098381,43.51051
2020-11-26,5734.02,564.095,153.073,8.917,29.75,Aswan,0.0,4.3205953,167.76575,42.07795,20.934357,6.5086975,0.9346237,-4.215561,0.080508575,17.784113,61.000652
2020-11-27,5729.49,574.202,149.151,8.943999999999999,29.610000000000003,Aswan,0.0,3.732955,159.28308,39.40792,19.751251,4.9859924,1.1554108,-3.4162445,0.06290893,13.1213,42.784824
2020-11-28,5781.62,571.768,152.55,8.937000000000001,29.471999999999998,Aswan,0.0,4.162839,162.7218,37.451046,19.383942,3.7052307,1.2317762,-3.9758224,0.033843398,11.754383,33.163155
2020-11-29,5750.96,573.161,152.233,8.907,29.343,Aswan,0.0,3.6490746,181.77097,37.618507,19.832062,4.2117004,-0.0622406,-3.6345596,0.030184448,18.106728,40.819016
2020-11-30,5667.9800000000005,569.394,154.61700000000002,8.874,29.218,Aswan,0.0,2.653844,153.24448,32.388462,19.214752,1.3821106,0.5358963,-1.9745407,0.009016639,20.075432,33.56663
2020-12-01,5574.78,573.617,148.998,8.809999999999999,29.095999999999997,Aswan,0.0,2.4252687,110.87767,33.204647,18.65335,1.2026672,2.2596283,-0.87425995,0.02109799,7.9277554,14.849356
2020-12-02,5746.49,579.277,148.59499999999997,8.835,28.981,Aswan,0.0,2.7308297,158.83388,28.959988,18.266144,-0.41329956,0.9377594,-2.522606,0.06691781,11.143925,41.64867
2020-12-03,5719.01,577.125,147.596,8.766,28.869999999999997,Aswan,0.0,2.4289916,182.32742,44.36613,18.651031,5.342926,-0.10659027,-2.336029,0.044740953,14.159309,39.075775
2020-12-04,5682.29,571.385,150.751,8.736,28.762999999999998,Aswan,0.0,2.5612524,163.79185,42.787495,18.59195,4.627838,0.7349014,-2.3642044,0.048852004,21.586704,52.05481
2020-12-05,5545.6,567.858,146.1,8.626000000000001,28.663999999999998,Aswan,0.0,2.069556,214.28137,34.764774,20.680573,3.7257385,1.551094,0.5103226,0.04088939,13.656524,33.37153
2020-12-06,5662.71,580.613,139.653,8.654,28.569,Aswan,0.0,3.0130825,166.24213,29.880892,18.758453,-0.13095093,0.73430634,-2.9185486,0.08206611,18.20046,42.59602
2020-12-07,5343.96,565.533,139.76000000000002,8.507,28.479000000000003,Aswan,0.0,2.1235442,293.21152,30.673683,21.587189,2.379425,-1.3050003,0.2555542,0.0987232,16.415384,32.37937
2020-12-08,5254.62,560.514,144.094,8.5,28.396000000000004,Aswan,0.0,2.1336014,216.94574,32.79071,23.733185,4.8677063,-0.2183075,-0.25077057,0.10611096,13.884485,41.09419
2020-12-09,5451.3,562.0229999999999,143.443,8.482000000000001,28.319,Aswan,0.0,3.8269928,200.98106,29.070385,24.20401,4.894806,-1.3558884,-3.4831543,0.09383742,13.826126,34.05009
2020-12-10,5498.53,568.37,140.58800000000002,8.488,28.244,Aswan,0.0,3.3954124,206.36145,38.482254,23.607208,7.3694153,-1.5082779,-3.0294342,0.06346345,21.244364,49.462875
2020-12-11,5395.2300000000005,568.062,141.083,8.473,28.177999999999997,Aswan,0.0,2.0011547,214.64307,29.93935,23.27005,4.191635,-1.3364944,-1.3140411,0.04486388,18.72302,37.741283
2020-12-12,5364.76,569.778,138.915,8.465,28.113999999999997,Aswan,0.0,2.5484877,150.5087,29.738869,23.981476,4.2151184,-1.1864777,1.4256973,0.04134968,13.938475,28.721466
2020-12-13,5368.61,566.347,145.693,8.472,28.060000000000002,Aswan,0.0,2.6376157,320.32874,26.572062,25.735626,3.184845,-1.7611542,1.8897705,0.04182276,11.776565,26.810417
2020-12-14,5521.21,566.924,145.775,8.483,28.009000000000004,Aswan,0.0,4.2007766,188.59366,36.236206,24.27884,7.34964,0.90393066,2.3187714,0.037190713,11.900045,28.918903
2020-12-15,5605.76,543.703,156.179,8.407,27.965000000000003,Aswan,0.0,3.8395686,161.48254,32.265923,20.091217,2.4178772,1.17173,-3.6148071,0.101633295,22.00366,80.68074
2020-12-16,5735.35,563.722,148.254,8.483,27.925,Aswan,0.0,4.422126,162.34494,39.544807,18.052032,3.4289856,1.3367233,-4.214752,0.07454216,11.787937,41.407623
2020-12-17,5668.16,554.72,149.618,8.403,27.891000000000002,Aswan,0.0,3.898906,178.41383,45.77906,18.593414,6.0954895,0.083099365,-3.8568802,0.057284884,12.708378,44.442684
2020-12-18,5416.2300000000005,514.625,166.00900000000001,8.199000000000002,27.863,Aswan,0.0,3.7604475,180.79088,45.146873,19.18399,6.563385,-0.076675415,-3.754982,0.032184713,17.329815,37.397675
2020-12-19,5568.59,557.11,144.404,8.387,27.843,Aswan,0.0,3.6057777,202.24069,42.26865,20.495636,6.9706116,-1.356575,-3.3345642,0.018244686,17.00189,30.821995
2020-12-20,5606.18,561.582,149.584,8.437000000000001,27.826,Aswan,0.0,3.003682,192.46082,52.242794,20.175568,8.707428,-0.68087006,-2.9069061,0.030764304,17.244556,34.10621
2020-12-21,5525.76,565.764,143.96499999999997,8.416,27.817,Aswan,0.0,3.226916,194.33084,36.286125,21.12967,5.572052,-0.8322983,-3.1104126,0.027825262,16.230946,32.715214
2020-12-22,5365.43,520.76,165.373,8.196,27.812,Aswan,0.0,3.6186118,190.6336,39.75065,21.506012,7.1319885,-0.7062683,-3.4898224,0.035091214,19.42278,43.804047
2020-12-23,5260.85,508.34499999999997,160.75,8.062000000000001,27.814,Aswan,0.0,3.8296607,185.90659,34.68542,20.40274,3.6754456,-0.42247772,-3.7685547,0.020435713,23.310963,39.855904
2020-12-24,4885.27,429.21900000000005,177.93099999999998,7.640000000000001,27.825,Aswan,0.0,5.099739,191.8341,39.374832,20.3544,5.129181,-1.0821457,-4.977417,0.030586135,19.859344,53.94758
2020-12-25,5720.35,566.5930000000001,144.601,8.437999999999999,27.836000000000002,Aswan,0.0,5.046629,186.52954,31.533329,20.284454,2.5779114,-0.58003235,-5.005699,0.016396066,9.321735,23.836926
2020-12-26,5617.97,568.061,138.21099999999998,8.42,27.856,Aswan,0.0,4.2085776,177.85492,35.762985,20.685333,4.9111633,0.13334656,-4.178131,0.035031322,16.051956,42.004463
2020-12-27,5545.54,560.803,140.348,8.36,27.881,Aswan,0.0,4.0534506,186.83168,59.458725,20.594025,11.597809,-0.48408508,-4.0235443,0.057371564,13.490492,32.452374
2020-12-28,5540.81,558.188,144.877,8.39,27.911,Aswan,0.0,3.5390751,205.08725,49.134747,21.094147,9.305817,-1.3533096,-3.178238,0.025964284,9.566229,20.46011
2020-12-29,5617.41,570.6139999999999,141.792,8.489,27.948,Aswan,0.0,3.208847,214.33243,58.68261,21.614655,11.824371,-1.7775803,-2.595581,0.047750093,22.04554,42.37419
2020-12-30,5643.34,573.629,142.16,8.548,27.990000000000002,Aswan,0.0,3.5298634,184.1885,39.48406,21.242096,6.0296936,-0.17810059,-3.3246765,0.023122719,13.470582,23.051386
2020-12-31,5761.24,592.6899999999999,139.919,8.717,28.038,Aswan,0.0,3.1710954,177.03429,28.014866,19.493439,0.22317505,0.02733612,-3.123642,0.02802779,19.57768,45.381966
2021-01-01,5733.61,580.751,143.603,8.654,28.107999999999997,Aswan,0.0,3.2602227,186.47961,41.24284,18.471506,4.671621,-0.37358093,-3.237203,0.019805567,21.276379,42.206898
2021-01-02,5560.75,570.559,142.584,8.543000000000001,28.168,Aswan,0.0,2.7644594,199.44695,43.75767,18.011871,5.3387756,-0.89772034,-2.607605,0.014440512,25.516102,42.489002
2021-01-03,5564.03,568.53,142.768,8.539,28.235000000000003,Aswan,0.0,2.77633,194.43048,41.190815,18.749338,4.8155007,-0.7278798,-2.5466053,0.01495963,33.286434,52.99775
2021-01-04,5555.94,565.069,146.662,8.575,28.307,Aswan,0.0,2.6582344,182.02332,35.05328,18.067291,1.7453512,-0.25472006,-2.4987843,0.020922195,40.082733,61.884396
2021-01-05,5636.610000000001,575.754,139.41000000000003,8.613,28.386000000000003,Aswan,0.0,3.2856781,186.4665,38.364246,18.147858,2.9733784,-0.33242798,-3.1428578,0.022283774,45.380848,69.82175
2021-01-06,5581.389999999999,571.521,140.627,8.594,28.467000000000002,Aswan,0.0,3.6418915,199.33174,31.823908,19.70816,1.9749247,-1.1137797,-3.4297283,0.014572468,23.312626,36.040657
2021-01-07,5629.92,578.575,140.3,8.684999999999999,28.558,Aswan,0.0,4.104076,196.67363,28.196966,21.283194,1.5838928,-0.97972614,-3.9206848,0.03428211,22.993929,41.18469
2021-01-08,5617.52,569.828,146.796,8.692,28.653000000000002,Aswan,0.0,3.4472325,196.5221,31.633623,20.542145,2.5222065,-0.70451355,-3.2166748,0.025165856,20.985958,39.48173
2021-01-09,5688.88,582.5310000000001,142.693,8.791,28.750999999999998,Aswan,0.0,3.4278562,192.6004,32.40756,19.440256,2.007558,-0.582784,-3.288086,0.021074276,27.969345,48.27557
2021-01-10,5704.84,578.832,141.149,8.78,28.857,Aswan,0.0,4.1657996,189.58588,33.28152,19.440582,2.7032776,-0.70036316,-4.072428,0.04934883,31.43257,67.498634
2021-01-11,5571.07,564.65,144.005,8.698,28.969,Aswan,0.0,4.2605443,215.02852,51.029663,20.559397,8.237538,-2.5915325,-3.051707,0.13431823,20.028116,65.00468
2021-01-12,5630.77,571.627,143.632,8.784,29.086000000000002,Aswan,0.0,4.4203053,248.46678,53.50285,22.341705,10.919098,-4.0363564,-1.4571737,0.102209106,13.321499,55.235497
2021-01-13,5541.66,577.608,146.41500000000002,8.889,29.203000000000003,Aswan,0.0,2.4986765,198.59282,47.823105,19.73762,7.410797,-1.0135244,0.71493024,0.060250014,17.460361,57.03833
2021-01-14,5781.36,518.1090909090909,132.47181818181818,8.074545454545456,26.822727272727274,Aswan,0.0,4.319555,128.2053,41.5533,18.39916,4.173655,2.2819622,-2.8793437,0.1283389,17.206554,92.503685
2021-01-15,5807.64,511.90090909090907,141.1381818181818,8.125454545454545,26.956363636363633,Aswan,0.0,3.6046793,176.70897,42.378918,15.409088,1.8224996,0.25725302,-3.5641327,0.116699845,19.596111,79.84804
2021-01-16,5681.05,504.35727272727274,141.23636363636362,8.087272727272726,27.09272727272727,Aswan,0.0,2.7120707,173.89372,43.025208,14.359039,1.3023173,0.3877716,-2.6111958,0.0619421,17.10583,59.799232
2021-01-17,5797.2699999999995,514.8481818181818,140.40636363636364,8.162727272727274,27.23818181818182,Aswan,0.0,3.4616706,187.71515,41.01538,15.683177,1.537913,-0.24267578,-3.261266,0.0740682,14.355299,40.127537
2021-01-18,5847.78,505.2981818181818,149.96454545454546,8.18909090909091,27.384545454545457,Aswan,0.0,3.8934443,181.7394,38.925274,15.543121,0.8961487,-0.061787922,-3.8518016,0.082826376,14.957132,57.75564
2021-01-19,5955.32,511.7,147.10818181818183,8.28,27.53727272727273,Aswan,0.0,4.88182,175.83733,39.9729,14.4027405,0.009511312,0.4063975,-4.8488617,0.04639653,16.73238,45.29177
2021-01-20,6135.06,542.6036363636364,131.65545454545455,8.442727272727273,27.69454545454545,Aswan,0.0,5.627814,174.76831,43.80804,14.493154,1.8430887,0.40219116,-5.580546,0.054773375,18.180717,59.50562
2021-01-21,5994.93,520.2127272727273,139.98909090909092,8.34,27.85272727272727,Aswan,0.0,6.5426726,196.27527,42.46306,14.919342,2.0526428,-1.8772787,-6.2319336,0.04984472,16.312517,61.033485
2021-01-22,5814.44,518.4672727272728,138.76818181818183,8.34909090909091,28.016363636363636,Aswan,0.0,4.5513463,199.41548,52.589962,16.86148,5.676748,-1.4933115,-4.2698464,0.077442266,10.686888,41.09635
2021-01-23,5837.79,526.7363636363636,137.10090909090908,8.467272727272727,28.187272727272727,Aswan,0.0,4.088967,189.3918,58.161137,16.478342,7.2103477,-0.6589305,-3.9946136,0.077102944,17.384016,55.44554
2021-01-24,5895.33,539.8090909090909,133.96636363636364,8.59909090909091,28.36,Aswan,0.0,4.2158566,183.11797,31.631622,17.4134,0.1355896,-0.21006267,-4.1705728,0.039190277,23.01079,39.949818
2021-01-25,5925.51,543.4936363636364,137.93545454545455,8.72090909090909,28.536363636363635,Aswan,0.0,3.8542082,180.96501,28.700762,16.818186,-1.7304891,-0.019582113,-3.7128193,0.027258787,20.007523,49.15831
2021-01-26,5973.06,550.1890909090909,140.15,8.850909090909092,28.718181818181815,Aswan,0.0,3.2835815,200.16289,29.94285,16.219717,-1.9252523,-1.1367594,-3.0625458,0.019846644,27.098251,53.09952
2021-01-27,5777.22,544.3536363636364,140.62545454545455,8.828181818181818,28.901818181818182,Aswan,0.0,2.4741542,176.01575,33.753616,17.144684,-0.15773518,0.30169678,-1.4931437,0.010478343,30.212242,48.650295
2021-01-28,5993.83,549.2654545454545,135.8709090909091,8.855454545454545,29.09181818181818,Aswan,0.0,3.513345,179.45416,27.908728,16.755686,-2.2120056,0.30854797,-3.3504333,0.076349035,24.836784,78.35298
2021-01-29,6079.95,542.040909090909,137.82,8.841818181818182,29.283636363636365,Aswan,0.0,4.3849344,154.70299,42.00862,15.319733,1.8370667,1.9505209,-3.9116108,0.09983074,16.97909,71.45903
2021-01-30,6074.6,546.0218181818182,137.3409090909091,8.92,29.479090909090907,Aswan,0.0,3.861358,187.8048,39.949768,14.680898,0.5206604,-0.46032205,-3.7496083,0.111826375,19.098034,72.50127
2021-01-31,6130.59,561.86,137.21818181818182,9.085454545454546,29.678181818181816,Aswan,0.0,3.6481276,198.9574,35.293674,15.63972,-0.5780538,-1.1597544,-3.4478912,0.02418103,19.00322,36.746113
2021-02-01,5864.08,553.3518181818182,142.09,9.129090909090909,29.88181818181818,Aswan,0.0,1.9606415,231.23418,41.15437,16.07315,1.6072489,-1.4335378,-1.3245951,0.014045545,21.662487,37.137043
2021-02-02,5081.58,481.08090909090913,144.60818181818183,8.600909090909092,30.08818181818182,Aswan,0.0,1.3648658,196.66838,36.75234,18.690012,2.5806377,-0.08277384,-0.034088135,0.012140616,19.36778,32.677452
2021-02-03,5587.57,546.8972727272727,132.48818181818183,9.071818181818182,30.296363636363637,Aswan,0.0,2.396307,206.22746,41.478603,20.25886,5.439524,-0.69152325,-0.7548472,0.0530589,15.690192,28.241323
2021-02-04,6073.12,534.4636363636364,144.76727272727274,9.066363636363636,30.508181818181814,Aswan,0.0,5.8407917,128.44164,35.090965,18.654776,2.4480693,4.583542,-3.567454,0.21435192,20.768679,142.5329
2021-02-05,5841.69,488.1454545454546,158.9009090909091,8.803636363636365,30.722727272727273,Aswan,0.0,6.079441,135.34758,53.71027,16.885324,7.050771,3.6070251,-4.5141244,0.22863925,24.307032,134.91946
2021-02-06,6076.41,550.77,139.33636363636364,9.273636363636363,30.94090909090909,Aswan,0.0,4.4126287,168.33875,45.1394,18.085276,5.3098855,0.89571637,-4.2681785,0.08143422,20.562855,65.469604
2021-02-07,5953.46,544.32,142.1472727272727,9.275454545454545,31.16,Aswan,0.0,3.6031234,212.90169,44.621243,18.359283,5.6030984,-1.8922068,-3.0337982,0.030580264,18.827143,39.378952
2021-02-08,5997.22,544.9272727272727,147.37,9.394545454545455,31.384545454545457,Aswan,0.0,4.6927915,237.0561,48.533325,20.762766,7.075836,-3.9315135,-2.4114635,0.04594737,7.574186,28.66319
2021-02-09,5891.09,553.0336363636363,138.12181818181818,9.445454545454545,31.60909090909091,Aswan,0.0,3.710458,247.80115,43.657124,21.921946,7.8609924,-3.3087971,-1.4388885,0.077002525,10.81686,44.22613
2021-02-10,5555.86,498.9736363636364,154.40818181818182,9.11,31.83818181818182,Aswan,0.0,3.756101,220.4416,41.569614,22.58259,7.933665,-2.2864788,-2.7739766,0.123049915,17.507992,59.082207
2021-02-11,5566.59,494.0718181818182,163.7972727272727,9.152727272727274,32.07,Aswan,0.0,3.4788094,210.37482,34.526318,22.845367,5.788727,-1.7627563,-2.9496815,0.06341206,11.41102,24.2028
2021-02-12,5893.56,550.9454545454545,139.01636363636365,9.593636363636364,32.300000000000004,Aswan,0.0,4.545837,178.09222,21.86189,23.76529,0.5407613,0.17289734,-4.470179,0.04545083,22.071733,46.975277
2021-02-13,6081.34,577.6309090909091,138.7981818181818,9.92909090909091,32.53727272727273,Aswan,0.0,3.3398113,179.63628,32.963352,19.466787,2.4603577,0.10689799,-3.306076,0.06738558,30.871483,78.77263
2021-02-14,5729.22,564.3227272727273,139.8609090909091,9.836363636363636,32.77363636363636,Aswan,0.0,2.212383,165.91365,33.77627,21.650055,4.6052957,-0.5659688,-1.6626943,0.023436967,19.433609,37.50145
2021-02-15,5836.8,559.3772727272727,140.91727272727272,9.837272727272728,33.013636363636365,Aswan,0.0,2.844989,175.72282,31.759714,21.927155,3.9766338,-0.5074565,-2.768916,0.034477253,27.926237,56.47424
2021-02-16,5541.41,462.56454545454545,165.75909090909093,9.164545454545454,33.25272727272727,Aswan,0.0,5.637329,155.88733,28.76011,19.724356,0.44611612,2.4968517,-4.900518,0.14917485,29.777054,131.2015
2021-02-17,4681.61,316.0190909090909,193.12,7.779090909090908,33.49818181818182,Aswan,0.0,7.2666087,143.07161,33.360493,13.234772,-3.2172954,4.3680778,-5.7837777,0.34636703,26.104694,210.51575
2021-02-18,6247.95,522.7645454545454,164.80545454545452,9.957272727272727,33.74,Aswan,0.0,4.077437,154.64966,35.498947,11.483226,-3.9440205,1.6406351,-3.6543121,0.19122517,19.890526,98.2304
2021-02-19,6381.92,566.2472727272727,145.21272727272728,10.217272727272727,33.98636363636364,Aswan,0.0,4.5155635,173.96991,38.223213,13.460683,-1.2020773,0.48408508,-4.4374337,0.06753897,15.352524,52.72332
2021-02-20,6322.400000000001,563.4936363636364,145.22545454545454,10.233636363636364,34.23454545454546,Aswan,0.0,4.837354,169.09003,40.321007,15.449534,1.5069885,0.88312787,-4.702418,0.05702564,14.317503,46.645233
2021-02-21,6401.41,581.4763636363637,141.4518181818182,10.478181818181818,34.482727272727274,Aswan,0.0,4.522286,176.0663,30.686937,16.225332,-1.6058859,0.30716452,-4.482534,0.04826688,24.714462,74.49177
2021-02-22,6270.38,570.2036363636363,145.89090909090908,10.44909090909091,34.731818181818184,Aswan,0.0,3.9374726,176.5763,31.283875,16.0371,-1.45224,0.25287375,-3.8877766,0.04084993,26.101759,64.28639
2021-02-23,6341.59,562.97,149.7190909090909,10.466363636363637,34.983636363636364,Aswan,0.0,5.2109585,154.1278,33.590977,16.523346,-0.20044963,2.311488,-4.62764,0.098895945,23.172728,94.95741
2021-02-24,6274.53,542.8390909090908,152.69454545454545,10.323636363636364,35.235454545454544,Aswan,0.0,6.2136593,150.3046,43.502686,16.15152,3.2507222,2.8984528,-5.3743796,0.116148315,22.290356,91.56196
2021-02-25,6166.65,551.8627272727273,150.52545454545455,10.455454545454545,35.48909090909091,Aswan,0.0,4.7998967,179.6646,37.72815,17.692862,2.70873,0.04119873,-4.7949166,0.087808624,21.902699,80.11075
2021-02-26,6225.3,573.7654545454545,143.31454545454545,10.68818181818182,35.74272727272727,Aswan,0.0,3.7315686,192.32715,29.60143,17.789215,-0.5602315,-0.6829478,-3.5935009,0.03282016,18.933048,36.885685
2021-02-27,6200.95,568.9445454545455,147.34909090909093,10.716363636363637,35.99636363636363,Aswan,0.0,4.082244,162.00955,28.65509,18.986319,-0.6963806,1.2290903,-3.5231884,0.037417084,21.783659,47.21516
2021-02-28,6282.08,560.8027272727272,149.82454545454544,10.712727272727273,36.25181818181818,Aswan,0.0,4.8899484,146.92537,34.299717,18.207346,1.1292216,2.4386241,-4.0961967,0.093462184,25.2948,73.00603
2021-03-01,6219.53,554.7727272727273,156.8063636363636,10.787272727272727,36.50636363636364,Aswan,0.0,4.57524,174.68349,30.19013,18.197336,-0.024098715,0.41945902,-4.5175834,0.07120543,21.981174,64.652725
2021-03-02,6185.28,558.1500000000001,155.2209090909091,10.865454545454545,36.76363636363636,Aswan,0.0,4.2389565,181.75848,37.81057,18.393057,2.9279683,-0.13095093,-4.218094,0.039985467,17.01081,44.5823
2021-03-03,6310.03,560.110909090909,155.90363636363637,10.968181818181819,37.018181818181816,Aswan,0.0,5.6745934,169.5757,33.210495,18.087717,1.0517477,1.0328013,-5.5468545,0.08431485,23.792751,89.25156
2021-03-04,5584.46,526.347,157.366,10.501999999999999,35.475,Aswan,0.0,6.2907395,170.55702,32.56307,16.791656,-0.844574,1.0477396,-6.183253,0.073603824,18.484425,77.55047
2021-03-05,6216.88,542.36,164.92363636363638,10.97181818181818,37.53181818181818,Aswan,0.0,4.601415,200.40706,36.047016,16.896393,1.2473856,-1.5779877,-4.297638,0.03912846,16.848303,49.473198
2021-03-06,6130.6,547.4990909090909,162.30363636363634,11.06090909090909,37.78818181818182,Aswan,0.0,4.409182,205.70996,41.760437,19.3732,4.1634116,-1.8668162,-3.975474,0.02965965,12.185422,30.771023
2021-03-07,6207.52,578.8736363636364,146.2390909090909,11.32909090909091,38.04272727272728,Aswan,0.0,4.571673,187.85146,26.830536,21.239166,-0.2359314,-0.5468648,-4.4721475,0.046842895,19.215485,44.975597
2021-03-08,6165.92,573.17,150.79636363636362,11.387272727272729,38.301818181818184,Aswan,0.0,4.5577903,192.42583,18.686848,22.083487,-3.8891704,-0.921463,-4.420858,0.049244273,20.721445,56.610188
2021-03-09,6019.95,558.7481818181818,157.43,11.340909090909092,38.556363636363635,Aswan,0.0,3.7283995,210.5107,23.383856,22.979889,-0.32365927,-1.8542379,-3.206548,0.03158825,17.045033,37.177773
2021-03-10,5899.86,573.6590909090909,146.9509090909091,11.461818181818181,38.81181818181818,Aswan,0.0,2.684967,218.73778,29.248163,23.574045,3.9247944,-1.5278066,-2.0347393,0.042314947,18.75486,42.107952
2021-03-11,5795.21,564.5118181818182,145.20909090909092,11.373636363636363,39.06545454545455,Aswan,0.0,3.341678,218.69926,22.628988,26.207102,2.4243062,-1.806132,-2.6438854,0.06114993,27.847034,52.51957
2021-03-12,6051.91,547.0163636363636,155.8018181818182,11.35,39.32090909090909,Aswan,0.0,6.688652,180.36238,20.97291,26.322174,2.039622,0.045750935,-6.6649528,0.17587692,25.938976,95.46808
2021-03-13,6156.75,566.2309090909091,150.33090909090907,11.606363636363637,39.57545454545455,Aswan,0.0,5.1765914,181.15247,29.172194,20.768625,1.5094503,-0.124176025,-5.1576743,0.069578625,23.031763,71.38544
2021-03-14,6104.16,574.2436363636364,148.00272727272727,11.745454545454544,39.82818181818182,Aswan,0.0,4.113114,197.2147,26.847595,22.237295,1.0856832,-1.1099548,-3.9039714,0.045691654,22.330303,62.326103
2021-03-15,5420.34,450.9825,163.73749999999998,10.165000000000001,36.8675,Aswan,0.0,2.2062175,189.78734,26.273338,24.351797,2.7708232,-1.0541788,-1.701533,0.048544474,16.598537,31.258017
2021-03-16,5648.95,458.4241666666667,160.2725,10.240833333333333,37.1175,Aswan,0.0,4.0922794,183.73946,21.264898,26.255606,1.796702,-0.26001486,-4.0036163,0.09874231,16.262793,32.736565
2021-03-17,6035.53,523.8466666666667,127.27666666666666,10.775,37.365833333333335,Aswan,0.0,5.5247383,181.17036,30.847467,25.049469,6.215159,-0.039082844,-5.494222,0.16590154,37.2191,111.896645
2021-03-18,6062.59,518.7916666666666,129.95916666666668,10.8025,37.61416666666667,Aswan,0.0,5.8227005,180.21233,25.277061,23.470938,1.6215719,-0.046106976,-5.7912955,0.16364914,19.43824,60.440315
2021-03-19,6051.1900000000005,530.8908333333334,123.74000000000001,10.946666666666667,37.86,Aswan,0.0,4.8147283,185.46965,22.397436,23.051422,-0.08025106,-0.45801798,-4.787313,0.10810799,13.947765,46.110847
2021-03-20,5625.86,499.22333333333336,136.42166666666665,10.7125,38.105,Aswan,0.0,2.9585228,231.55754,21.197506,26.631012,0.97109985,-2.1673534,-1.9153188,0.14465196,10.864567,19.936962
2021-03-21,5514.17,502.1133333333333,134.77583333333334,10.789166666666667,38.34916666666667,Aswan,0.0,2.29017,269.97482,20.946516,29.037994,3.3487854,-2.2543843,0.005396525,0.18054408,17.360006,50.385086
2021-03-22,5665.11,510.44,131.43666666666667,10.926666666666668,38.59083333333333,Aswan,0.0,3.335902,307.05228,17.708448,31.913157,3.6607158,-2.3902333,2.0781758,0.13324122,14.850542,36.709103
2021-03-23,5662.28,501.8441666666667,136.69833333333335,10.929166666666667,38.8325,Aswan,0.0,4.3444686,116.07251,24.890223,32.541737,7.746409,-0.34240723,3.846059,0.11365212,17.28938,46.730225
2021-03-24,5751.55,443.41,162.88166666666666,10.494166666666667,39.0725,Aswan,0.0,7.9444976,162.52599,20.836182,25.624094,0.8310445,2.3669026,-7.5314536,0.48948282,44.15877,269.17694
2021-03-25,5902.2699999999995,455.66083333333336,162.65166666666667,10.738333333333335,39.31083333333333,Aswan,0.0,5.7283683,168.74861,21.83484,20.461334,-2.328542,1.1072031,-5.609492,0.30364174,28.413536,139.81163
2021-03-26,6233.8099999999995,510.6116666666667,136.90416666666667,11.259166666666665,39.5475,Aswan,0.0,6.720165,167.97711,23.582916,20.000397,-1.8759054,1.385615,-6.556936,0.16076224,19.025372,86.31395
2021-03-27,6336.54,524.1341666666666,128.14666666666668,11.402500000000002,39.781666666666666,Aswan,0.0,7.4300637,177.1223,32.65309,18.787668,1.1262919,0.3105723,-7.393809,0.16905843,17.562174,75.76667
2021-03-28,5941.49,517.5563636363636,153.05181818181816,11.781818181818181,41.99545454545454,Aswan,0.0,7.2000604,177.41072,26.081062,19.492666,-1.1131287,0.31607056,-7.1907907,0.0888582,17.70604,62.645554
2021-03-29,6340.98,539.9875000000001,126.89583333333333,11.808333333333332,40.24666666666666,Aswan,0.0,6.936525,173.7367,28.861336,20.03718,0.53726196,0.7287852,-6.889399,0.052513957,15.051756,63.33329
2021-03-30,6163.88,511.81333333333333,138.18333333333334,11.566666666666668,40.473333333333336,Aswan,0.0,5.443846,158.88551,31.552841,19.850739,1.5917053,1.7763621,-5.039795,0.15466519,25.609945,127.02339
2021-03-31,6185.85,522.1725,131.415,11.700833333333334,40.700833333333335,Aswan,0.0,5.171901,160.04323,32.77174,19.592276,2.1752827,1.7031809,-4.8478546,0.12825361,25.035503,97.66826
2021-04-01,6082.84,507.22333333333336,139.76083333333335,11.649166666666666,40.925000000000004,Aswan,0.0,4.4779415,171.90865,25.933302,19.668854,-1.1924744,0.61838275,-4.3476768,0.12281005,21.543072,66.65573
2021-04-02,6139.78,499.38916666666665,142.50833333333333,11.621666666666668,41.14833333333333,Aswan,0.0,6.2285733,165.5706,24.065702,20.633453,-1.1361593,1.5617676,-5.980438,0.11482775,14.118725,64.6027
2021-04-03,6185.11,517.2183333333334,137.79749999999999,11.913333333333334,41.369166666666665,Aswan,0.0,5.528402,179.19458,26.555178,20.338694,-0.17164104,0.057540894,-5.5132394,0.07972563,23.58377,61.771744
2021-04-04,6131.42,513.07,142.01500000000001,11.9825,41.5875,Aswan,0.0,5.0061812,184.22508,19.822798,21.547272,-3.5893657,-0.37878418,-4.967051,0.04684382,20.845547,53.48258
2021-04-05,5947.98,516.8258333333333,137.31333333333333,12.033333333333333,41.80166666666667,Aswan,0.0,3.336003,187.38446,18.115074,22.90388,-3.337738,-0.4162394,-3.2229767,0.0536201,13.750687,40.846188
2021-04-06,5708.15,504.0641666666666,139.36416666666665,11.88,42.01583333333333,Aswan,0.0,2.6761692,193.71034,20.011274,25.798492,-0.41529337,-0.7688904,-2.4405365,0.2315453,17.344719,74.941025
2021-04-07,5725.73,503.00916666666666,140.46083333333334,11.93,42.22666666666667,Aswan,0.0,3.5829675,182.80351,12.86589,28.162668,-3.6901958,-0.46861777,-3.2110035,0.08971737,14.953448,38.271225
2021-04-08,5728.83,506.2183333333333,136.85333333333332,12.0025,42.43333333333333,Aswan,0.0,3.792641,193.90071,14.624808,28.168936,-1.8064066,-0.8485362,-3.6799316,0.07258721,18.078594,45.09345
2021-04-09,5791.2,492.3208333333334,140.06333333333333,11.832500000000001,42.638333333333335,Aswan,0.0,6.0806966,172.4922,23.590818,27.893463,4.4699607,0.7212321,-5.9663086,0.16191931,29.899136,106.07333
2021-04-10,5905.8,484.1116666666667,142.3775,11.8075,42.8425,Aswan,0.0,7.1284842,170.07281,24.787577,25.18692,3.252187,1.1990103,-6.920161,0.2324394,29.19931,137.91708
2021-04-11,6158.16,513.4208333333333,136.7225,12.359166666666667,43.04083333333333,Aswan,0.0,5.9838467,179.82043,26.769625,20.020987,-0.33147177,0.0013427734,-5.9381714,0.07240152,21.287357,73.07435
2021-04-12,6015.46,504.02583333333337,137.14833333333334,12.253333333333332,43.23916666666667,Aswan,0.0,5.650551,169.19226,25.690882,20.85025,-0.4690857,0.9596303,-5.453415,0.08159967,21.01806,80.559395
2021-04-13,5891.4,506.98499999999996,132.02833333333334,12.268333333333333,43.43333333333334,Aswan,0.0,4.4157114,170.82336,19.582706,21.96638,-2.7708435,0.6232045,-4.2918954,0.13548711,27.433315,88.46332
2021-04-14,5716.65,486.83750000000003,142.37583333333333,12.082500000000001,43.625,Aswan,0.0,3.948754,176.36726,17.68554,24.982168,-1.4880472,0.2163798,-3.9045868,0.12569273,19.887419,52.24801
2021-04-15,5699.08,497.08166666666665,135.22083333333333,12.266666666666666,43.810833333333335,Aswan,0.0,3.8549635,170.10081,16.593313,26.680166,-1.2417094,0.57965595,-3.6744792,0.09379726,14.768349,52.08537
2021-04-16,5587.91,498.05749999999995,134.31833333333333,12.332500000000001,43.99666666666667,Aswan,0.0,3.3324587,179.56677,15.521271,27.674957,-1.7233988,-0.11958313,-3.2727764,0.060427006,14.94952,40.08397
2021-04-17,5536.75,491.13000000000005,135.73583333333332,12.285000000000002,44.178333333333335,Aswan,0.0,3.4651573,216.01056,15.402003,29.707998,0.22264607,-1.6276296,-2.8069763,0.051300526,13.399334,32.001724
2021-04-18,5471.55,466.2525,140.3075,11.865,44.35666666666666,Aswan,0.0,5.4727173,261.1195,26.525682,31.43985,9.43806,-5.2195587,-0.26745605,0.074615315,16.413511,40.20292
2021-04-19,5338.49,448.2091666666667,147.59416666666667,11.710833333333333,44.5325,Aswan,0.0,5.2854075,282.5054,29.108469,33.348377,11.595123,-4.741445,1.335846,0.07415336,18.19039,39.5557
2021-04-20,5004.12,430.8258333333333,147.47833333333332,11.290833333333333,44.705000000000005,Aswan,0.0,3.7906988,305.36987,20.72616,34.54719,7.982412,-3.1066284,1.248881,0.110008806,14.455164,40.76792
2021-04-21,4498.58,334.9316666666667,177.22583333333333,9.940833333333334,44.875,Aswan,0.0,4.096604,275.51062,20.640608,33.928944,7.965403,-4.034632,0.27868143,0.10648291,13.192424,33.871483
2021-04-22,4915.31,379.895,173.3975,10.914166666666667,45.04,Aswan,0.0,5.100759,215.11775,21.528502,33.23575,7.8028054,-2.9001617,-4.1541595,0.112962455,15.02581,41.142384
2021-04-23,5378.94,472.30916666666667,132.725,12.153333333333334,45.20416666666667,Aswan,0.0,4.43185,189.49333,19.287275,32.20287,4.852936,-0.70777893,-4.3454742,0.0980494,14.762895,50.665855
2021-04-24,5361.45,469.60083333333336,136.11916666666667,12.2125,45.36166666666667,Aswan,0.0,5.165872,166.19963,15.855548,31.634592,2.254303,1.1153412,-4.8483176,0.15449722,20.739712,81.44887
2021-04-25,5325.88,474.34083333333336,135.30583333333334,12.342500000000001,45.517500000000005,Aswan,0.0,3.5008323,154.27295,14.088687,31.06835,0.054189045,0.6324463,-2.5849712,0.1299335,14.690161,49.67335
2021-04-26,5191.09,411.285,169.6575,11.681666666666667,45.669999999999995,Aswan,0.0,4.423248,174.64331,16.047121,30.729239,1.7738342,0.69240314,-3.9038289,0.34914276,23.150467,110.95044
2021-04-27,5462.13,472.1791666666666,133.76833333333335,12.440833333333332,45.817499999999995,Aswan,0.0,4.8798146,172.05379,25.430632,27.705637,5.683909,0.38450113,-4.7329,0.14718176,26.97073,86.71951
2021-04-28,5327.54,472.9291666666666,130.84416666666667,12.458333333333334,45.96416666666667,Aswan,0.0,3.1504648,215.29169,19.406946,29.685944,3.5241597,-1.7483215,-2.6060486,0.10663301,21.4169,60.061672
2021-04-29,5264.97,466.81916666666666,133.68916666666667,12.456666666666669,46.10583333333333,Aswan,0.0,3.767526,222.32744,17.896196,32.128326,2.6216533,-2.5978801,-2.6528065,0.07717431,13.2512865,31.510977
2021-04-30,5246.85,470.7616666666667,129.07416666666668,12.5,46.244166666666665,Aswan,0.0,3.418495,201.79443,14.472133,33.41039,2.2054749,-1.2723135,-3.137212,0.0846221,10.872127,23.171932
2021-05-01,5149.88,432.0466666666667,155.1425,12.203333333333333,46.37916666666666,Aswan,0.0,3.6597126,209.19135,14.378873,33.943676,2.4144592,-1.5809683,-3.102239,0.16475987,8.993088,30.071594
2021-05-02,5258.99,443.5116666666667,151.77416666666667,12.383333333333333,46.51,Aswan,0.0,3.2169924,193.25356,14.401261,32.90868,1.3902893,-0.71654254,-2.785136,0.09607607,8.82483,28.087818
2021-05-03,5194.52,443.27833333333336,149.72833333333332,12.476666666666667,46.63916666666666,Aswan,0.0,3.6350548,226.7404,14.336815,32.419994,0.9314677,-2.4673564,-2.305664,0.09464469,10.823605,30.145569
2021-05-04,5048.27,430.9358333333333,152.1525,12.274166666666666,46.76333333333333,Aswan,0.0,2.7816546,221.01863,16.328236,33.417877,3.9134014,-1.8470865,-1.9614207,0.16380896,11.101318,43.192894
2021-05-05,4975.94,430.6783333333333,151.32666666666668,12.276666666666666,46.884166666666665,Aswan,0.0,2.4739633,231.60315,19.259266,34.72159,6.6934304,-1.8396047,-1.242045,0.17758074,18.210659,60.1238
2021-05-06,4964.11,405.67249999999996,165.87333333333333,12.109166666666667,47.00083333333333,Aswan,0.0,3.5923176,224.33784,16.920908,35.587963,5.3706765,-2.3044484,-2.6062317,0.17999549,11.421881,41.56328
2021-05-07,5032.49,423.66166666666663,152.97833333333332,12.253333333333332,47.115833333333335,Aswan,0.0,4.2244344,218.64635,13.862025,35.813953,3.3134663,-2.7197163,-3.1927083,0.22087908,12.490419,44.71833
2021-05-08,5059.3099999999995,393.8576923076923,141.35,11.430769230769231,43.723076923076924,Aswan,0.0,3.2725627,193.9983,14.256927,35.46524,3.4518127,-0.7443085,-2.967799,0.20473349,10.591394,42.26744
2021-05-09,5053.7,396.57076923076926,140.94384615384615,11.581538461538461,43.82846153846154,Aswan,0.0,3.4722855,207.82532,9.0646715,34.621326,-3.4466248,-1.6206766,-3.0508373,0.08765915,8.553606,23.357182
2021-05-10,4946.65,390.5238461538462,140.71692307692308,11.414615384615384,43.931538461538466,Aswan,0.0,2.5342674,203.64148,9.7622595,36.175934,-0.7633565,-0.98362225,-2.1917725,0.20010029,14.574501,49.535473
2021-05-11,4872.47,330.0953846153846,175.2969230769231,10.726923076923075,44.03153846153846,Aswan,0.0,5.289017,149.23524,17.406279,34.701,5.680654,2.6549428,-3.9832306,0.36175123,26.433823,107.67587
2021-05-12,5208.81,405.47769230769234,134.4223076923077,11.786923076923076,44.12769230769231,Aswan,0.0,3.8418562,144.81024,18.064844,30.31135,2.8045146,2.1308289,-2.986501,0.113536626,23.015799,77.12915
2021-05-13,5171.99,397.7653846153846,139.7846153846154,11.767692307692307,44.22153846153846,Aswan,0.0,3.7104685,147.08891,16.223845,29.74234,0.9720764,1.7667745,-2.929301,0.095595434,19.85239,59.0851
2021-05-14,5154.12,407.713076923077,133.11153846153846,11.896923076923077,44.31153846153846,Aswan,0.0,3.3989294,177.63501,18.172743,30.722809,3.1121318,0.123306274,-3.2524464,0.05290013,19.309835,54.278328
2021-05-15,5150.07,400.5438461538461,138.2676923076923,11.873076923076923,44.39692307692307,Aswan,0.0,3.8662271,168.29851,13.872692,31.123037,-0.17717488,0.49020386,-3.5278828,0.06947514,13.175409,54.28209
2021-05-16,5002.2,383.44461538461536,143.30769230769232,11.551538461538463,44.48230769230769,Aswan,0.0,4.377746,177.88383,11.52546,32.53067,-1.2516378,0.45784506,-4.0803986,0.122814715,17.065485,71.75433
2021-05-17,4914.73,369.80692307692306,150.6553846153846,11.392307692307693,44.56153846153846,Aswan,0.0,3.1745422,154.79942,14.911339,32.728344,2.5516663,0.9483897,-1.6050211,0.20628077,19.595385,88.915634
2021-05-18,5021.68,383.2615384615384,140.75846153846152,11.625384615384615,44.64,Aswan,0.0,4.0406404,150.77821,22.087824,31.35375,6.536692,1.6742045,-3.4549916,0.12378922,20.270544,74.059944
2021-05-19,5012.389999999999,393.3546153846154,134.1546153846154,11.758461538461539,44.71384615384615,Aswan,0.0,4.124164,150.99637,20.802462,31.910553,6.3334045,1.5561727,-3.2848918,0.12907347,27.161474,98.13472
2021-05-20,4930.42,379.93615384615384,140.63692307692307,11.62076923076923,44.78615384615385,Aswan,0.0,3.602358,133.37505,21.250786,32.417145,6.7081604,2.183965,-2.076126,0.121859744,25.93981,87.16471
2021-05-21,5031.26,393.30384615384617,132.70846153846153,11.82076923076923,44.85307692307693,Aswan,0.0,4.1085906,143.63898,19.2598,32.432526,5.4804587,1.9519705,-3.1853383,0.15813068,18.026089,75.94386
2021-05-22,5067.09,380.46384615384613,138.90769230769232,11.662307692307694,44.91923076923077,Aswan,0.0,6.5517178,169.37065,19.230135,32.30354,5.7018127,1.1413422,-6.3779755,0.19266947,24.221281,101.64543
2021-05-23,5128.36,386.77923076923076,136.70384615384617,11.808461538461538,44.98230769230769,Aswan,0.0,5.273609,162.09712,22.964958,29.084219,5.485016,1.4057974,-5.016332,0.14380828,24.15003,101.82509
2021-05-24,5019.68,389.0684615384616,135.38,11.883846153846154,45.04230769230769,Aswan,0.0,3.9801273,156.26067,23.27324,29.511383,5.8102927,1.1603394,-3.3759663,0.11356911,23.207771,91.602615
2021-05-25,4882.99,377.9815384615385,138.27923076923076,11.678461538461537,45.098461538461535,Aswan,0.0,3.6900141,154.10002,17.934868,31.416983,3.7327373,0.6974538,-2.4378865,0.08074155,23.17187,67.90412
2021-05-26,4815.26,382.9069230769231,135.40923076923076,11.787692307692309,45.153076923076924,Aswan,0.0,3.327153,138.10146,17.957264,32.629383,4.2162986,0.80532837,-1.2432657,0.071702726,12.567314,35.89486
2021-05-27,4766.38,364.7223076923077,143.25615384615384,11.446153846153845,45.20538461538461,Aswan,0.0,3.4389594,135.25587,13.88766,34.22273,1.875234,2.079132,-2.1804607,0.094144,12.628108,33.803024
2021-05-28,4629.45,318.80538461538464,163.11461538461538,10.5,45.25615384615385,Aswan,0.0,5.1262574,176.83557,15.823623,34.864166,4.901357,0.43958536,-5.035385,0.18064219,27.470842,85.00511
2021-05-29,4178.66,225.45384615384617,205.20615384615382,9.28076923076923,45.302307692307686,Aswan,0.0,6.8706107,179.27202,15.99956,34.22566,4.454824,0.06714884,-6.8487954,0.26381168,22.10065,84.32848
2021-05-30,2977.4,107.6,208.26384615384615,6.748461538461539,45.346923076923076,Aswan,0.0,4.1162796,188.18333,20.871984,33.89745,8.318837,-0.3582357,-4.048879,0.30499762,24.819122,82.66586
2021-05-31,4420.22,317.85615384615386,147.14923076923077,10.200769230769232,45.39076923076924,Aswan,0.0,4.512322,192.04356,16.392157,35.373035,5.055084,-0.893987,-4.2582955,0.169965,16.65643,39.916607
2021-06-01,4683.63,349.6838461538461,146.11307692307693,11.19,45.43,Aswan,0.0,4.716474,202.12646,12.395862,37.891834,3.6437073,-1.7269388,-4.3711853,0.1404522,10.491873,33.883354
2021-06-02,4832.07,375.3246153846154,130.11615384615385,11.61076923076923,45.46615384615385,Aswan,0.0,6.225462,183.3243,15.461719,36.70271,5.957021,-0.20148213,-6.1504464,0.22959504,25.506727,82.36653
2021-06-03,4945.47,374.4661538461539,132.35461538461539,11.70923076923077,45.50230769230769,Aswan,0.0,6.8481126,170.0717,22.773033,32.005768,7.6456604,1.127299,-6.739929,0.16064975,27.102768,118.16499
2021-06-04,4978.75,380.4653846153846,127.52,11.782307692307693,45.535384615384615,Aswan,0.0,7.390316,171.42241,18.903387,31.407053,4.510895,1.0789083,-7.305313,0.17940342,35.75858,136.83461
2021-06-05,4938.34,363.5330769230769,137.5430769230769,11.534615384615384,45.566923076923075,Aswan,0.0,6.6979012,165.86092,24.959387,30.273834,7.5510154,1.6017151,-6.49853,0.25000477,34.336517,144.95203
2021-06-06,4890.2,364.93461538461537,136.05076923076925,11.523076923076925,45.597692307692306,Aswan,0.0,5.4623723,170.72917,22.23107,30.697824,5.8772683,0.84523517,-5.3620553,0.2076758,31.520058,106.08225
2021-06-07,4814.53,365.2176923076923,134.48692307692306,11.526923076923076,45.62307692307692,Aswan,0.0,5.678261,178.18306,16.738634,32.351715,3.6852112,0.16775513,-5.673716,0.16783462,34.031544,104.01827
2021-06-08,4797.48,362.3546153846154,135.07538461538462,11.49,45.650000000000006,Aswan,0.0,5.598376,181.29938,19.137897,32.926342,5.7696023,-0.15399678,-5.5581155,0.15850171,32.04587,96.089035
2021-06-09,4799.26,369.01,131.59923076923076,11.623076923076923,45.67230769230769,Aswan,0.0,5.2516274,170.83539,11.847753,33.961742,-0.11508179,0.76194763,-5.103358,0.19024456,23.921772,102.041306
2021-06-10,4792.95,370.49384615384616,132.05076923076925,11.735384615384616,45.69615384615384,Aswan,0.0,4.1979933,190.60951,12.993829,33.47281,1.2030334,-0.65468854,-4.105428,0.10510553,12.806705,40.394695
2021-06-11,4740.46,370.0623076923076,129.54923076923077,11.653076923076924,45.716153846153844,Aswan,0.0,4.455816,191.0954,15.721211,35.35847,4.756012,-0.8883006,-4.308319,0.16162509,17.028086,66.17715
2021-06-12,4682.21,359.0376923076923,136.9746153846154,11.571538461538463,45.73461538461538,Aswan,0.0,4.6129284,199.04932,16.19017,36.59374,5.8720603,-1.5811869,-4.1546226,0.12760824,9.018477,33.769176
2021-06-13,4592.97,348.03153846153845,145.6330769230769,11.381538461538462,45.75153846153846,Aswan,0.0,3.2887049,198.2495,13.79672,36.893055,3.9774475,-0.7163391,-2.8704224,0.23349956,16.000378,66.43263
2021-06-14,4758.11,333.0084615384615,152.49076923076922,11.183076923076923,45.76692307692308,Aswan,0.0,7.6656785,166.19417,22.771057,34.51814,9.579091,1.7890879,-7.414922,0.33548075,30.958557,156.33604
2021-06-15,4843.26,358.6869230769231,136.0,11.515384615384615,45.78153846153846,Aswan,0.0,5.760559,162.1579,21.740091,31.471506,6.673655,1.6001078,-5.4560647,0.2431874,21.71144,95.489716
2021-06-16,4816.96,352.32153846153847,141.22384615384615,11.423846153846153,45.79153846153846,Aswan,0.0,5.5158634,166.7434,18.662533,31.903147,4.755605,1.1582031,-5.324997,0.27042302,21.139568,81.16959
2021-06-17,4775.12,334.25538461538457,153.2323076923077,11.161538461538461,45.802307692307686,Aswan,0.0,5.9206214,183.32475,20.777117,32.1551,6.537262,-0.17833965,-5.8360443,0.17603555,15.883958,53.451416
2021-06-18,4704.3,335.6923076923077,149.73384615384614,11.121538461538462,45.81307692307693,Aswan,0.0,4.8525534,156.36026,17.552828,32.06615,3.9706116,1.7028147,-4.37381,0.2434196,22.123505,106.47219
2021-06-19,4730.52,340.94615384615383,146.53923076923076,11.161538461538461,45.817692307692305,Aswan,0.0,4.964905,150.35382,21.14635,32.223133,6.38915,2.3691914,-4.279953,0.22520864,24.535946,96.98471
2021-06-20,4848.04,376.9061538461538,126.42384615384616,11.738461538461538,45.825384615384614,Aswan,0.0,4.684779,155.36256,15.389367,32.206615,2.2103577,1.8158163,-4.2024436,0.17019811,23.784176,87.969635
2021-06-21,4675.99,360.95461538461535,133.35230769230768,11.463076923076922,45.83076923076923,Aswan,0.0,3.678708,187.73973,16.301691,33.40453,3.5814514,-0.6720886,-3.029419,0.12052514,12.917486,37.729294
2021-06-22,4641.51,354.7476923076923,137.32999999999998,11.370000000000001,45.832307692307694,Aswan,0.0,3.078001,189.8849,16.995562,34.616932,5.2663474,-0.589091,-2.7808735,0.1848017,12.38994,41.512413
2021-06-23,4748.31,359.7961538461538,134.34384615384616,11.438461538461537,45.83307692307692,Aswan,0.0,5.5214477,174.27583,16.649473,35.125885,5.9125876,0.399058,-5.4178824,0.21268576,23.705118,93.12991
2021-06-24,4760.1900000000005,359.68307692307695,134.82076923076923,11.44076923076923,45.83384615384615,Aswan,0.0,5.6099567,162.77472,20.5623,34.212147,7.8012595,1.5334116,-5.328257,0.18166105,23.76187,101.65767
2021-06-25,4752.01,357.41692307692307,135.58076923076922,11.38923076923077,45.83307692307692,Aswan,0.0,5.427584,157.78558,21.168364,33.832836,7.969065,2.0130615,-4.9745994,0.22648998,28.34595,104.77448
2021-06-26,4753.44,358.15384615384613,134.86923076923077,11.414615384615384,45.83,Aswan,0.0,5.0770154,155.8037,21.606949,33.91617,8.427236,2.0471802,-4.597585,0.15217526,20.109612,73.9519
2021-06-27,4759.69,374.8792307692308,126.40153846153846,11.661538461538461,45.826153846153844,Aswan,0.0,3.6525033,146.80052,20.225916,33.75056,7.170481,1.9016418,-3.0695648,0.15912499,21.398312,72.571594
2021-06-28,4616.54,360.96307692307687,133.86,11.446153846153846,45.818461538461534,Aswan,0.0,2.0394824,147.4812,18.701185,34.60318,6.3265686,1.0623068,-1.6723785,0.101728305,14.941543,37.669785
2021-06-29,4624.04,357.8476923076923,134.7246153846154,11.365384615384615,45.81153846153846,Aswan,0.0,4.0933537,175.3657,17.375837,36.197582,7.1939187,0.3319702,-4.0792184,0.15461332,15.916153,55.152122
2021-06-30,4607.66,352.59769230769234,138.06615384615387,11.273076923076925,45.801538461538456,Aswan,0.0,4.523651,173.70024,17.42341,36.82901,7.658274,0.37843323,-4.487208,0.20343278,27.496555,92.53187
2021-07-01,4600.06,348.9761538461538,139.2446153846154,11.195384615384615,45.78769230769231,Aswan,0.0,4.623259,173.86809,18.565731,36.887196,8.509186,0.4542338,-4.5633087,0.1905784,24.838055,80.006454
2021-07-02,4660.5,348.72615384615386,141.39076923076922,11.218461538461538,45.777692307692305,Aswan,0.0,5.2507596,168.14574,16.596834,36.732166,6.7773337,1.1231995,-5.095469,0.1974616,23.090317,76.428986
2021-07-03,4776.98,365.78692307692313,134.93615384615384,11.531538461538462,45.76153846153846,Aswan,0.0,5.830053,172.59431,13.942386,36.88321,4.2552795,0.5558726,-5.708679,0.1511733,21.532703,67.444336
2021-07-04,4786.98,362.7684615384615,139.04999999999998,11.454615384615384,45.74461538461538,Aswan,0.0,4.8774962,165.14583,16.936565,37.241444,7.519033,1.3134257,-4.5004883,0.28267848,19.41052,105.648445
2021-07-05,4731.56,361.47615384615386,135.1346153846154,11.419230769230769,45.72461538461538,Aswan,0.0,4.5457816,159.18471,22.732008,33.905994,9.259918,1.3616842,-4.224167,0.17683141,25.432804,94.885956
2021-07-06,4784.21,369.3607692307692,130.09230769230768,11.483846153846153,45.70461538461538,Aswan,0.0,5.2408185,161.71448,21.00872,33.88899,7.661123,1.6267904,-4.854258,0.20748019,25.486107,100.394
2021-07-07,4747.4,366.7153846153846,131.97615384615386,11.446923076923078,45.68076923076923,Aswan,0.0,4.329145,160.02489,17.507158,34.3649,5.1446023,1.3702545,-4.002752,0.14822006,20.927492,71.053314
2021-07-08,4715.780000000001,358.8553846153846,136.89384615384617,11.311538461538463,45.65384615384615,Aswan,0.0,4.972244,157.78137,18.779034,35.57234,7.555735,1.6982676,-4.5911865,0.20575625,23.893232,82.99015
2021-07-09,4755.37,360.2476923076923,135.49153846153845,11.307692307692308,45.62692307692308,Aswan,0.0,5.3003874,153.43481,19.800993,35.315502,8.089833,2.4193165,-4.6348367,0.22655323,16.62116,89.803246
2021-07-10,4782.23,357.2823076923077,137.2623076923077,11.263846153846155,45.596923076923076,Aswan,0.0,4.735172,139.04501,23.251513,34.62979,9.900624,3.1933594,-3.3919933,0.1941768,15.75683,77.529755
2021-07-11,4770.21,369.6492307692307,129.51461538461538,11.381538461538462,45.56384615384616,Aswan,0.0,3.843396,143.69226,26.374006,34.433258,11.938222,2.2650452,-2.6220906,0.16064169,11.255489,54.682045
2021-07-12,4642.2300000000005,358.58461538461535,136.03923076923076,11.212307692307691,45.52923076923077,Aswan,0.0,3.1411793,157.16988,21.531057,34.88557,9.401764,1.1143442,-2.064331,0.14878717,10.968894,45.527763
2021-07-13,4789.59,370.0330769230769,129.87,11.346153846153847,45.49076923076923,Aswan,0.0,4.9947567,163.69319,21.943773,35.08609,9.693919,1.6339417,-4.4305167,0.14327402,11.038047,47.92361
2021-07-14,4823.19,359.8284615384615,139.63923076923078,11.284615384615384,45.44923076923077,Aswan,0.0,5.099831,146.52528,18.523272,34.885082,6.9361877,2.9058533,-4.0860443,0.17204162,16.275179,77.546326
2021-07-15,4851.99,364.1284615384615,139.29384615384615,11.334615384615384,45.4076923076923,Aswan,0.0,4.1026874,134.12733,19.473116,33.9252,7.17276,3.0344746,-2.607483,0.17016232,16.945518,72.2984
2021-07-16,4864.14,366.9453846153846,139.65,11.384615384615385,45.360769230769236,Aswan,0.0,4.1321626,116.475,17.975292,34.15697,6.3163147,3.6430817,-1.8098551,0.14553805,11.855103,58.36223
2021-07-17,4740.13,366.8184615384616,137.42307692307693,11.32,45.31230769230769,Aswan,0.0,2.6138797,103.957886,16.442417,34.95523,5.5339255,2.4432576,-0.57825214,0.093940094,14.204281,44.438988
2021-07-18,4670.0199999999995,366.4561538461539,137.15384615384616,11.286153846153846,45.25923076923077,Aswan,0.0,2.8967316,135.95258,17.249916,36.50121,7.3112693,1.988154,-1.731196,0.079840586,10.59935,29.698198
2021-07-19,3379.21,203.1076923076923,163.30615384615385,7.87,45.20538461538461,Aswan,0.0,2.6834621,238.6963,17.140898,36.492096,7.4836326,-1.0176035,-1.3238882,0.14139533,10.733402,30.69315
2021-07-20,4280.58,296.9492307692308,156.94,9.825384615384616,45.146153846153844,Aswan,0.0,4.277626,184.53204,19.85789,37.612946,10.241119,-0.39032492,-4.245188,0.16369395,10.430515,39.417732
2021-07-21,4107.11,281.53000000000003,185.50083333333336,10.149166666666668,45.078333333333326,Aswan,0.0,5.920095,161.06926,17.938414,38.23819,9.339264,1.9798279,-5.4152427,0.2711607,15.485706,68.83756
2021-07-22,4646.72,347.8253846153847,147.33307692307693,10.881538461538462,45.02307692307692,Aswan,0.0,3.8085077,139.51675,17.422667,37.66438,8.573151,2.4238129,-2.7089183,0.26114097,11.275308,41.460648
2021-07-23,4773.3,356.2261538461538,140.29846153846154,10.942307692307692,44.95692307692308,Aswan,0.0,5.1216545,163.29189,23.447845,35.879223,11.390533,1.6042786,-4.5751395,0.23674035,15.672023,77.8331
2021-07-24,4797.66,364.4269230769231,136.91076923076923,11.047692307692309,44.886923076923075,Aswan,0.0,4.303951,177.8944,23.486456,34.925365,10.724437,0.34544882,-4.0120645,0.17089783,15.583734,61.32624
2021-07-25,4871.16,372.2261538461538,138.15,11.217692307692307,44.81461538461539,Aswan,0.0,3.9827318,168.28665,22.742208,33.883778,9.30598,0.7587535,-2.9503224,0.1499005,12.5026,59.605503
2021-07-26,4856.08,363.77384615384614,141.13384615384615,11.041538461538462,44.74,Aswan,0.0,4.325505,160.11113,25.028952,32.768627,9.636302,1.4030558,-3.9614208,0.1271067,11.8662405,52.11099
2021-07-27,4851.93,353.9,146.7446153846154,10.882307692307693,44.660000000000004,Aswan,0.0,5.589008,151.56697,21.844187,34.131092,8.709462,2.6187642,-4.9128265,0.25881472,15.527252,81.02495
2021-07-28,4824.9,351.67384615384617,148.7069230769231,10.80923076923077,44.576153846153844,Aswan,0.0,5.321053,145.12074,23.74883,34.509266,10.420074,3.0045369,-4.3660684,0.34433067,21.664421,93.85089
2021-07-29,4889.67,364.2153846153846,144.91076923076923,10.995384615384616,44.49076923076923,Aswan,0.0,4.909552,149.53773,18.748213,34.93147,7.309153,2.4535522,-4.2323403,0.25982675,27.311724,109.593636
2021-07-30,4960.74,368.7584615384615,146.90384615384616,11.132307692307693,44.40384615384615,Aswan,0.0,4.376078,137.21126,18.646425,34.74291,6.734609,2.9532826,-3.0214336,0.15963748,19.56412,77.83453
2021-07-31,4933.3,379.16230769230765,139.72615384615386,11.197692307692307,44.309999999999995,Aswan,0.0,3.1742134,119.82864,19.206873,34.547924,7.4286194,2.6884105,-1.6571859,0.184524,17.154533,74.19948
2021-08-01,4791.14,370.4607692307692,146.93923076923076,11.094615384615384,44.21692307692308,Aswan,0.0,2.484557,146.18317,18.135303,34.70238,6.487783,1.4106699,-0.85983783,0.21844852,13.260822,69.30429
2021-08-02,4854.29,373.3623076923077,146.23384615384614,11.100000000000001,44.11846153846154,Aswan,0.0,3.0489056,135.26778,13.577153,35.67032,3.4442444,2.1169739,-1.2025146,0.13960339,17.175377,52.84397
2021-08-03,4785.11,372.21,146.0176923076923,11.03076923076923,44.01615384615385,Aswan,0.0,2.744343,146.77881,17.062496,35.67276,6.585032,0.027760824,-0.94095355,0.08036398,15.740436,40.026318
2021-08-04,4524.16,283.6615384615385,187.81153846153848,9.77,43.910000000000004,Aswan,0.0,5.5255394,134.67921,26.314783,37.353016,13.450267,2.335317,4.598633,0.119253464,17.30596,42.844376
2021-08-05,4795.32,356.1138461538461,154.6430769230769,10.783846153846154,43.80076923076923,Aswan,0.0,3.0832412,39.501026,18.397635,37.704254,9.152496,2.0286968,1.6793671,0.11316064,14.684613,37.06245
2021-08-06,4474.38,294.30615384615385,169.72384615384615,9.576153846153845,43.690769230769234,Aswan,0.0,4.431377,62.926178,28.839403,35.98575,14.819163,2.8370006,2.7167256,0.1659626,12.505081,43.38289
2021-08-07,4719.63,345.45153846153846,157.48846153846154,10.481538461538461,43.57692307692308,Aswan,0.0,2.8498437,47.601704,37.610497,35.75691,17.910471,2.0060272,1.8642985,0.18558794,10.036282,37.893127
2021-08-08,4800.45,364.1038461538462,149.31230769230768,10.71923076923077,43.45769230769231,Aswan,0.0,3.410509,65.478424,24.881096,37.3802,12.921458,2.9684346,1.2524618,0.14180845,11.471357,39.123604
2021-08-09,4742.58,344.88,163.92461538461538,10.518461538461539,43.33538461538462,Aswan,0.0,2.6429656,79.3602,22.520555,36.198475,10.783356,2.136139,0.05951945,0.177683,15.70629,54.70105
2021-08-10,5104.57,396.16923076923075,138.69615384615383,11.210769230769232,43.21076923076923,Aswan,0.0,4.9967027,151.6118,19.897835,35.39143,8.634186,2.3349507,-3.681493,0.13204306,19.532763,78.036026
2021-08-11,5044.29,382.3115384615385,148.83846153846156,11.045384615384616,43.08384615384615,Aswan,0.0,3.8136237,129.9889,25.430994,34.094067,10.886952,2.8967335,-2.3296509,0.10803691,20.27385,68.789925
2021-08-12,5018.5,386.2546153846154,142.66230769230768,10.976153846153846,42.95153846153846,Aswan,0.0,3.2916307,120.84009,24.72391,34.559967,10.571279,2.8254192,-1.4857178,0.14615574,15.243479,60.436584
2021-08-13,4966.389999999999,373.1707692307692,150.24923076923076,10.75923076923077,42.818461538461534,Aswan,0.0,3.3339012,137.94907,17.558079,35.03059,6.3928123,2.2247875,-2.417638,0.11394892,17.789524,45.062836
2021-08-14,4972.07,373.0492307692308,149.9176923076923,10.680769230769231,42.67923076923077,Aswan,0.0,4.2096343,167.80229,18.974588,35.446278,7.719391,0.7475586,-4.0570374,0.08826248,15.452673,37.839043
2021-08-15,5099.51,382.65384615384613,148.91692307692307,10.845384615384615,42.53846153846154,Aswan,0.0,5.1174445,161.54823,18.256662,34.98363,6.72761,1.645223,-4.7551575,0.17743164,19.162714,84.03044
2021-08-16,5065.37,378.30384615384617,151.10923076923078,10.752307692307692,42.395384615384614,Aswan,0.0,5.2339063,162.83128,19.933044,34.978424,7.786367,1.5816141,-4.9078164,0.15753683,25.840986,91.102295
2021-08-17,5181.92,389.0507692307692,146.54384615384615,10.830769230769231,42.24615384615385,Aswan,0.0,6.2795715,159.89217,20.990015,34.588207,8.375722,2.1950734,-5.821813,0.18708518,28.853575,115.91498
2021-08-18,5181.2,382.83076923076925,153.63538461538462,10.839230769230769,42.09384615384616,Aswan,0.0,5.264755,150.35495,25.184568,33.793774,10.260976,2.5995991,-4.5430145,0.18271844,19.908543,97.886696
2021-08-19,5217.59,391.8715384615385,148.16230769230768,10.876153846153844,41.941538461538464,Aswan,0.0,4.617824,148.21974,22.89142,32.645336,8.505931,2.4129078,-3.9025981,0.1487062,21.901196,104.01506
2021-08-20,5172.0,383.69153846153847,153.5553846153846,10.734615384615385,41.783846153846156,Aswan,0.0,4.448475,154.42323,20.803009,33.24706,7.2857156,1.9185181,-3.9286652,0.13216539,20.876774,70.59121
2021-08-21,5148.04,413.3025,167.385,11.561666666666667,45.00083333333333,Aswan,0.0,4.175574,143.68556,20.467573,33.767,7.619619,2.5041606,-3.2515209,0.1547898,22.80259,82.80606
2021-08-22,5153.32,421.8533333333333,162.70916666666668,11.58,44.840833333333336,Aswan,0.0,3.864174,137.79793,21.32371,34.17805,8.620433,2.5858815,-2.866979,0.13309768,21.022648,66.44779
2021-08-23,5178.1900000000005,421.01500000000004,163.40083333333334,11.525833333333333,44.67583333333334,Aswan,0.0,4.6335945,161.36261,20.06801,34.00699,7.479238,1.4400076,-4.3838196,0.16855171,22.292645,81.51139
2021-08-24,5179.53,421.5175,162.025,11.450000000000001,44.509166666666665,Aswan,0.0,4.848858,162.34927,21.929281,34.04727,8.6753645,1.3876394,-4.571096,0.16981116,17.312378,69.612274
2021-08-25,5156.46,406.35999999999996,169.78,11.2475,44.340833333333336,Aswan,0.0,5.5808773,171.26118,22.982775,33.929596,9.281158,0.8942668,-5.3232117,0.18567991,18.507732,70.6841
2021-08-26,5182.16,411.85999999999996,167.14416666666668,11.222500000000002,44.16583333333333,Aswan,0.0,6.187023,157.53712,23.392878,34.112865,9.810618,2.3789215,-5.6685433,0.22341758,20.184895,107.17831
2021-08-27,5154.55,417.11666666666673,164.72666666666666,11.25,43.990833333333335,Aswan,0.0,4.8956094,163.08559,25.521738,33.98949,11.137034,1.4314829,-4.668808,0.20200138,23.970419,97.73642
2021-08-28,5124.33,411.8258333333333,169.13583333333335,11.17,43.8125,Aswan,0.0,5.1494265,162.01106,23.904894,35.04898,10.812734,1.5405477,-4.859497,0.18846524,25.203566,102.090996
2021-08-29,5187.11,417.80333333333334,167.88666666666668,11.207500000000001,43.6325,Aswan,0.0,5.7056775,165.3374,21.704521,35.400707,9.677155,1.4214884,-5.5138855,0.17099968,27.346094,101.25308
2021-08-30,5241.77,414.49916666666667,173.9375,11.215833333333334,43.445,Aswan,0.0,6.4941998,172.2237,17.402018,35.203766,5.6315002,0.8705902,-6.4346976,0.14668003,24.796608,90.968506
2021-08-31,5241.98,416.41249999999997,169.01583333333335,11.1025,43.26,Aswan,0.0,7.1117797,168.71075,26.40785,34.69286,11.898265,1.3259023,-6.9224954,0.16715902,23.284458,102.9095
2021-09-01,4875.93,369.9608333333333,183.96583333333334,10.405833333333332,43.07,Aswan,0.0,5.1145177,184.0821,24.680328,34.889233,11.290436,-0.17318217,-5.0559387,0.26178154,24.864277,106.73194
2021-09-02,4727.66,369.1141666666667,189.4625,10.490833333333333,42.8775,Aswan,0.0,3.515701,226.76794,23.780558,36.650707,11.856517,-1.454361,-2.509425,0.242277,23.400787,95.97303
2021-09-03,4896.81,408.49083333333334,170.80166666666665,10.83,42.681666666666665,Aswan,0.0,3.7292783,164.28957,23.436396,36.962555,12.502513,0.739858,-3.067805,0.18938822,19.738113,71.962906
2021-09-04,5116.1,422.8933333333334,162.61916666666667,10.894166666666665,42.483333333333334,Aswan,0.0,4.1313176,158.74855,24.02301,35.79239,11.674794,1.534841,-3.7882843,0.23736653,24.560314,103.93131
2021-09-05,5245.73,430.20416666666665,159.9725,10.928333333333333,42.285000000000004,Aswan,0.0,5.287025,160.93343,25.575888,34.76773,11.463857,1.6882426,-4.985092,0.2023707,21.292015,103.31018
2021-09-06,5196.59,423.3066666666667,163.54749999999999,10.8175,42.079166666666666,Aswan,0.0,4.495519,167.11133,30.236685,33.520092,12.966136,0.9069519,-4.3822937,0.17011954,24.678463,89.681114
2021-09-07,5186.27,422.09083333333336,164.22833333333332,10.753333333333332,41.87583333333333,Aswan,0.0,4.900952,181.94606,21.924833,34.170727,8.988027,-0.18407695,-4.877848,0.1740651,19.083918,71.43747
2021-09-08,5232.3,420.81916666666666,168.75833333333333,10.771666666666667,41.66916666666667,Aswan,0.0,5.655594,185.99951,17.262732,34.833973,5.9155173,-0.56270856,-5.6171722,0.20090479,12.296506,44.408714
2021-09-09,5223.08,414.37833333333333,172.0716666666667,10.658333333333333,41.45666666666667,Aswan,0.0,6.638279,182.65356,18.118273,35.291492,6.7560935,-0.18258159,-6.6110992,0.18893439,13.402831,44.782402
2021-09-10,5253.91,409.84,175.47666666666666,10.605,41.24666666666666,Aswan,0.0,6.652614,169.83624,27.151625,34.209217,12.100331,1.1631927,-6.502009,0.24769369,19.177216,98.343216
2021-09-11,5422.38,426.27583333333337,166.73833333333334,10.6725,41.030833333333334,Aswan,0.0,6.3943157,163.04881,31.27405,31.222403,11.788483,1.8816935,-6.0971274,0.23739123,21.894676,111.257164
2021-09-12,5482.32,438.8533333333333,165.41333333333333,10.83,40.814166666666665,Aswan,0.0,5.5123425,159.98425,33.96525,30.333323,12.002919,1.8598734,-5.1314797,0.16791444,21.33138,92.419846
2021-09-13,5395.02,433.5758333333333,172.09416666666667,10.806666666666667,40.596666666666664,Aswan,0.0,4.8298926,177.72395,22.515486,31.718252,6.848704,0.20856221,-4.8187766,0.1070567,22.506086,82.293
2021-09-14,5338.59,428.99583333333334,169.08416666666668,10.610833333333334,40.37583333333333,Aswan,0.0,5.039229,181.2774,21.953293,33.609203,8.429759,0.0438385,-4.9741263,0.17036301,12.086726,44.8167
2021-09-15,5340.23,423.8616666666667,172.00083333333336,10.524166666666668,40.15333333333333,Aswan,0.0,5.766548,171.14154,25.6677,33.730865,10.764476,1.063619,-5.5183005,0.17417827,13.383723,60.60781
2021-09-16,5575.06,439.39166666666665,172.45833333333334,10.753333333333332,39.9275,Aswan,0.0,5.7199388,154.86201,27.422102,30.68464,9.429189,2.4129536,-5.1707153,0.11831628,19.570683,82.51753
2021-09-17,5572.7,442.4583333333333,169.81333333333333,10.7025,39.70166666666667,Aswan,0.0,5.280377,150.00925,30.286644,29.460114,9.79662,2.564748,-4.5720267,0.14876467,25.740627,101.85225
2021-09-18,5423.2,435.00083333333333,177.38083333333336,10.655,39.473333333333336,Aswan,0.0,3.2501688,144.37825,31.312876,29.17048,9.575185,1.4440969,-2.5789745,0.12064229,24.078487,79.75545
2021-09-19,5390.85,449.6683333333333,168.1475,10.685,39.24166666666667,Aswan,0.0,2.3801343,163.62733,26.697863,30.173737,8.157298,0.21989441,-2.1610463,0.06465079,15.620472,44.225708
2021-09-20,4925.46,439.2190909090909,172.54999999999998,10.530909090909091,39.48818181818182,Aswan,0.0,2.9154208,178.71281,19.965084,31.778147,5.580963,0.09680685,-2.7387493,0.06667742,16.71675,40.38607
2021-09-21,5256.24,429.0125,171.92499999999998,10.299999999999999,38.777499999999996,Aswan,0.0,3.2877228,180.70184,18.129446,33.010815,5.316803,-0.036621094,-2.9812214,0.0747966,14.050701,35.52093
2021-09-22,5318.45,437.3441666666667,167.35999999999999,10.304166666666667,38.54333333333333,Aswan,0.0,3.7635353,165.28809,20.745413,33.10367,7.3019104,0.63668317,-3.5261688,0.14299631,19.631462,81.39334
2021-09-23,5383.33,426.92083333333335,173.1916666666667,10.185,38.3075,Aswan,0.0,4.831966,176.87305,20.675682,32.490875,6.7507224,0.20723979,-4.8081765,0.14451727,18.52173,74.61441
2021-09-24,5391.24,429.96250000000003,168.53583333333333,10.103333333333333,38.07083333333333,Aswan,0.0,5.061535,191.849,24.864183,31.658518,8.79361,-0.8564504,-4.90568,0.10324259,19.384834,62.339005
2021-09-25,5296.99,406.2891666666667,175.73416666666665,9.810833333333333,37.8325,Aswan,0.0,5.767723,180.53072,32.758137,30.850739,11.923492,-0.070755005,-5.732305,0.1588724,18.678295,61.919655
2021-09-26,5365.28,422.1366666666667,168.56416666666667,9.878333333333334,37.59166666666667,Aswan,0.0,5.2711067,167.7133,26.16179,29.888824,7.7884827,1.1254629,-5.0414276,0.16317092,19.462385,71.755165
2021-09-27,5437.13,427.3908333333333,166.44833333333332,9.88,37.35333333333333,Aswan,0.0,6.0215697,161.75941,29.88079,29.878977,9.637685,1.8943228,-5.6734314,0.21013181,14.748386,91.578804
2021-09-28,5456.57,418.1541666666667,174.0275,9.815,37.11083333333333,Aswan,0.0,5.7688713,156.52591,28.078918,29.228018,8.246572,2.2703552,-5.2882943,0.13390453,16.82126,73.96694
2021-09-29,5514.55,424.63416666666666,176.68916666666667,9.919166666666667,36.8675,Aswan,0.0,5.374781,160.3467,30.040155,28.674631,8.690501,1.8193003,-5.0291038,0.10225269,25.072613,85.520546
2021-09-30,5507.34,435.93250000000006,173.7491666666667,9.999166666666666,36.623333333333335,Aswan,0.0,4.5923576,162.07384,27.040354,28.63386,6.9854226,1.4029541,-4.3517966,0.094329774,17.753534,69.50694
2021-10-01,5483.87,434.6483333333333,170.92999999999998,9.8725,36.38,Aswan,0.0,5.0977426,166.58698,32.03133,29.575592,10.276113,1.1297354,-4.9028015,0.10747449,27.191431,101.96634
2021-10-02,5392.07,412.67083333333335,182.70916666666668,9.676666666666668,36.13666666666666,Aswan,0.0,4.3850226,160.89735,32.90106,28.779367,10.358958,1.4180094,-4.1348214,0.13256821,24.915174,90.08063
2021-10-03,5583.21,446.08833333333337,164.59916666666666,9.845833333333333,35.89083333333333,Aswan,0.0,5.300456,167.13197,33.76972,28.120758,9.859772,1.1493225,-5.1370597,0.10972062,23.936783,88.527756
2021-10-04,5555.35,439.2266666666667,169.6075,9.774166666666666,35.645833333333336,Aswan,0.0,4.893884,161.27364,36.924423,27.759836,10.8471575,1.4417013,-4.5719757,0.08702506,26.597754,87.445564
2021-10-05,5587.97,443.645,169.37,9.784166666666668,35.4,Aswan,0.0,4.4334464,161.7353,34.112473,27.211496,9.378571,1.2898306,-4.186381,0.09078997,26.88412,90.22151
2021-10-06,5556.99,448.2791666666667,165.5875,9.736666666666666,35.152499999999996,Aswan,0.0,3.968383,164.36034,35.752323,27.145578,9.712148,1.0380605,-3.7804515,0.092383996,24.6325,81.390366
2021-10-07,5453.56,445.18833333333333,160.04333333333332,9.558333333333334,34.906666666666666,Aswan,0.0,3.7620068,166.25363,32.585842,27.689768,8.768138,0.7445882,-3.5221355,0.0865725,26.526114,72.75557
2021-10-08,4893.25,442.38090909090903,148.87272727272727,9.274545454545454,33.98090909090909,Aswan,0.0,4.7133327,175.44933,27.703474,28.767649,7.5143943,0.3607076,-4.696823,0.10078228,24.556616,73.84628
2021-10-09,5252.3,424.9533333333333,162.75333333333333,9.229999999999999,34.4125,Aswan,0.0,4.5753284,193.68333,25.032362,30.95336,8.007802,-1.0960642,-4.3752646,0.08398108,18.975712,48.445534
2021-10-10,4951.4,412.94,150.285,8.834166666666667,34.16916666666667,Aswan,0.0,3.8482301,213.57643,23.072502,33.704254,9.425201,-1.783081,-3.1829224,0.11356544,17.070305,47.06639
2021-10-11,4571.64,423.8954545454546,151.62181818181818,8.881818181818183,32.333636363636366,Aswan,0.0,2.707906,276.68018,22.271837,33.6927,8.538239,-2.080907,-0.23883057,0.10769862,11.005028,26.672855
2021-10-12,4523.8,414.1281818181818,150.88181818181818,8.697272727272727,32.096363636363634,Aswan,0.0,3.471234,199.13618,24.839264,33.75479,10.404938,-1.5096639,2.399643,0.12941474,14.8584,42.328686
2021-10-13,4361.87,306.4891666666667,190.87416666666664,7.9366666666666665,33.42916666666667,Aswan,0.0,3.4266703,176.58739,25.488295,33.48485,10.668691,-0.053410847,-3.2758331,0.14828598,19.22065,67.22597
2021-10-14,5163.26,437.1341666666667,155.99833333333333,9.059166666666666,33.18416666666666,Aswan,0.0,3.1187842,144.76857,25.661316,33.158764,10.432933,-0.09806824,-1.0656179,0.13208234,17.600983,55.455715
2021-10-15,5208.65,451.5741666666667,154.03666666666666,9.1775,32.939166666666665,Aswan,0.0,2.4713557,166.99146,22.860512,33.067127,8.364166,-0.8932088,-1.2712301,0.110602364,17.050797,51.295082
2021-10-16,5416.26,449.71416666666664,154.835,9.115,32.69583333333333,Aswan,0.0,5.3579636,186.37292,21.421926,32.44164,7.295156,-0.596756,-5.2697654,0.09329004,15.288351,48.767117
2021-10-17,5472.22,449.1933333333333,156.3575,9.084999999999999,32.4525,Aswan,0.0,5.613474,192.47334,17.033024,31.763254,3.1272686,-1.1413931,-5.4730887,0.10830366,14.5496235,46.946686
2021-10-18,5610.46,456.6716666666667,153.72833333333332,9.100833333333332,32.21083333333333,Aswan,0.0,6.382486,185.77472,20.655996,29.691559,4.5369363,-0.6201172,-6.334849,0.11199546,17.525015,62.396175
2021-10-19,5681.56,448.4916666666666,160.33833333333334,9.044166666666667,31.968333333333334,Aswan,0.0,7.026111,180.30205,26.997644,27.3461,6.2182517,-0.05065918,-7.0203757,0.08447217,14.781599,60.59761
2021-10-20,5715.05,499.25909090909084,169.4209090909091,9.851818181818182,34.50363636363637,Aswan,0.0,6.550211,188.07515,29.167963,27.093332,7.21109,-0.89476013,-6.485153,0.046114422,10.919285,36.5039
2021-10-21,5671.4,499.4281818181818,167.09545454545454,9.773636363636363,34.25818181818182,Aswan,0.0,6.183149,181.33354,33.682056,26.531809,8.693024,-0.14891052,-6.1698556,0.06735787,18.14407,70.45503
2021-10-22,5628.68,489.2927272727273,170.5563636363636,9.646363636363636,34.015454545454546,Aswan,0.0,5.967294,177.4771,31.85112,26.08837,7.557607,0.2429657,-5.9451346,0.08533318,20.05467,78.12914
2021-10-23,5600.37,487.74363636363637,170.69636363636363,9.581818181818182,33.775454545454544,Aswan,0.0,4.9138284,173.90974,32.98673,25.686514,7.468577,0.49161276,-4.853292,0.07962923,20.373007,73.1254
2021-10-24,5553.53,486.93545454545455,169.78181818181818,9.52,33.53363636363636,Aswan,0.0,4.0989914,173.4563,39.99419,25.050608,9.846995,0.41792807,-4.0236816,0.09114331,15.13785,64.19806
2021-10-25,5524.15,496.78363636363633,163.36,9.5,33.29181818181818,Aswan,0.0,3.753439,177.20691,34.958088,24.959137,8.192128,0.13208516,-3.7442677,0.083591886,16.931118,59.22276
2021-10-26,5356.07,485.88545454545454,163.98363636363635,9.33,33.054545454545455,Aswan,0.0,3.3672826,189.49231,30.779318,26.753082,8.026357,-0.45706177,-3.3128307,0.07044248,10.964727,30.438217
2021-10-27,5331.49,483.05454545454546,163.06636363636363,9.225454545454546,32.81818181818182,Aswan,0.0,3.4749506,223.61641,36.430035,28.291983,10.864736,-2.3041332,-2.5002391,0.08426583,11.347864,28.584364
2021-10-28,5280.09,475.3790909090909,166.39909090909092,9.14090909090909,32.58363636363636,Aswan,0.0,3.3809798,227.37276,30.053352,29.171701,9.00829,-2.4919178,-2.284373,0.07919222,9.933839,28.261806
2021-10-29,5156.53,473.1445454545455,165.46363636363637,9.05181818181818,32.35090909090909,Aswan,0.0,2.3889992,224.60442,29.390808,29.103668,9.342194,-1.4468638,-1.4300079,0.080886655,10.825407,27.948864
2021-10-30,5146.66,467.7554545454546,165.64818181818183,8.955454545454545,32.11727272727273,Aswan,0.0,2.97229,205.6944,23.597116,29.482492,6.526764,-0.894811,-2.7063344,0.069023944,10.583875,27.428606
2021-10-31,4015.12,260.1536363636364,227.65090909090907,7.4363636363636365,31.88909090909091,Aswan,0.0,2.6055043,241.5578,30.013514,29.560537,9.652089,-2.0245361,-1.0037638,0.09644337,12.662022,35.508278
2021-11-01,4899.3099999999995,420.15090909090907,182.3190909090909,8.525454545454545,31.663636363636364,Aswan,0.0,1.9412012,221.045,33.014523,29.655832,11.064117,-1.354894,-1.2804871,0.104727685,12.637114,34.383305
2021-11-02,5541.78,513.69,143.14454545454544,9.043636363636365,31.434545454545454,Aswan,0.0,5.6697392,177.87175,25.883593,28.86498,7.266754,0.2026418,-5.6561837,0.10741526,17.938694,66.57435
2021-11-03,5505.61,513.2263636363637,142.89272727272726,8.99,31.214545454545455,Aswan,0.0,4.8285904,190.03166,31.268915,27.72647,8.894521,-0.80293274,-4.7242484,0.074060515,15.464928,48.40702
2021-11-04,5465.97,511.07272727272726,147.43363636363637,8.97,30.992727272727276,Aswan,0.0,3.6743486,192.40619,33.27414,28.215973,10.045074,-0.77556866,-3.543691,0.048050612,12.944696,39.056732
2021-11-05,5389.24,505.6654545454545,150.08454545454546,8.901818181818182,30.773636363636363,Aswan,0.0,3.006651,204.177,30.892534,28.371328,9.011546,-1.1202749,-2.7483928,0.041688956,10.508637,23.041752
2021-11-06,5176.71,601.5355555555556,168.0622222222222,10.464444444444444,35.583333333333336,Aswan,0.0,2.9838588,206.92403,29.71572,28.284006,8.0330305,-1.2699432,-2.6772003,0.035741463,10.828066,23.425472
2021-11-07,5472.44,508.90363636363634,150.83363636363637,8.865454545454545,30.344545454545457,Aswan,0.0,3.1819382,203.167,28.640821,28.096588,7.5831604,-1.2750498,-2.9026845,0.035033874,11.752207,24.892303
2021-11-08,5489.99,559.8019999999999,167.81300000000002,9.733,33.018,Aswan,0.0,3.2086756,212.50645,27.507517,27.79296,6.6433005,-1.6626129,-2.5095417,0.023748485,10.884596,20.87471
2021-11-09,5503.66,556.211,170.038,9.678,32.805,Aswan,0.0,3.0313816,216.76805,32.461838,26.02481,6.175608,-1.7903188,-2.4218445,0.02325264,11.062504,22.62622
2021-11-10,5484.84,558.038,168.51,9.64,32.595,Aswan,0.0,2.741666,204.26167,36.42327,25.391916,7.5260315,-1.0410156,-2.3166504,0.029834466,8.487051,18.396393
2021-11-11,4487.56,379.212,215.456,8.345,32.387,Aswan,0.0,2.190059,180.8798,26.065742,25.743317,4.484365,-0.44994608,-1.9113413,0.02745806,13.219552,30.264282
2021-11-12,3245.3,212.686,215.974,6.601000000000001,32.184,Aswan,0.0,2.2860327,145.7141,45.05623,25.455313,11.941152,-0.8677063,-1.1208242,0.049267203,18.091942,41.814262
2021-11-13,5669.1,613.3050000000001,126.117,9.586,31.985000000000003,Aswan,4.673004e-05,4.1808624,238.24988,62.276936,26.4169,17.957022,-2.860733,-1.7620646,0.05284718,13.511672,31.034836
2021-11-14,5805.06,627.327,124.37,9.673,31.788999999999998,Aswan,0.0,3.7039158,208.56908,65.25849,24.231192,16.325918,-1.6110891,-3.0816448,0.026581438,8.946368,19.459356
2021-11-15,5773.84,634.9010000000001,123.891,9.711,31.595999999999997,Aswan,0.0,2.5419943,211.96489,52.59781,24.439117,13.191966,-1.3423411,-2.0152485,0.01876727,9.980875,20.482101
2021-11-16,4785.34,444.689,170.943,8.24,31.407999999999998,Aswan,0.0,3.8879669,197.13802,39.28056,24.451242,9.321279,-1.1259562,-3.6977184,0.03556466,15.803316,34.077637
2021-11-17,5666.25,608.399,123.0,9.414,31.223000000000003,Aswan,0.0,4.3258634,205.67879,42.87193,24.881826,10.103993,-1.8405558,-3.9066975,0.046238802,15.483929,28.534111
2021-11-18,5877.0199999999995,632.0899999999999,124.56299999999999,9.565000000000001,31.041000000000004,Aswan,0.0,4.8299117,187.38414,36.11554,25.062002,8.322662,-0.508255,-4.733846,0.04185552,11.772072,27.670467
2021-11-19,5805.7699999999995,583.723,146.453,9.298,30.863,Aswan,0.0,5.407212,165.33528,41.57655,22.15917,8.070546,1.3981476,-5.1238556,0.067785874,22.192112,80.82054
2021-11-20,5977.36,617.925,133.513,9.440999999999999,30.693,Aswan,0.0,4.957683,151.41008,42.11498,21.148264,7.0126038,2.3714752,-4.341375,0.09125407,16.093687,70.690445
2021-11-21,5898.37,608.692,136.251,9.346,30.524,Aswan,0.0,3.777055,116.277916,38.80427,20.331207,5.4263406,3.4111023,-1.5948435,0.057711825,8.74304,37.06028
2021-11-22,5932.81,611.944,138.557,9.379999999999999,30.360000000000003,Aswan,0.0,3.3347824,191.89348,39.397526,19.082754,4.4549866,-0.45491028,-3.0961914,0.04450877,12.289301,33.1954
2021-11-23,5881.08,596.159,145.312,9.251000000000001,30.199,Aswan,0.0,3.903662,191.61151,40.72345,18.841623,4.638743,-0.77041626,-3.8087616,0.015036937,10.858294,22.850245
2021-11-24,5841.66,597.554,146.112,9.241,30.046000000000003,Aswan,0.0,3.530637,177.60492,36.500874,20.205963,4.2413635,0.19102986,-3.4439952,0.010094684,9.657487,17.777737
2021-11-25,5656.06,584.86,146.02100000000002,9.077,29.895,Aswan,0.0,2.6570175,179.89116,35.12327,20.626862,3.7787983,0.03258769,-2.60997,0.026948795,13.420553,27.45765
2021-11-26,5590.0,576.139,148.222,8.983,29.75,Aswan,0.0,3.6263087,198.41528,29.32205,22.37442,3.0349019,-1.0691935,-3.4186249,0.10889104,11.5882225,29.129568
2021-11-27,5538.9,562.556,157.052,8.913,29.610000000000003,Aswan,0.0,3.3012311,208.89531,35.28836,22.568512,5.782705,-1.3175913,-2.8840637,0.051371522,9.154822,28.763298
2021-11-28,5535.31,557.671,155.856,8.818000000000001,29.471999999999998,Aswan,0.0,4.069326,201.0276,32.14484,22.814606,4.7762756,-1.4656576,-3.7945454,0.018294021,10.091318,20.676636
2021-11-29,5331.95,551.269,154.815,8.722,29.343,Aswan,0.0,3.2713814,232.5923,32.321316,26.59675,7.9553933,-2.4815724,-1.9740804,0.039832726,11.180681,28.439598
2021-11-30,5329.65,551.868,156.018,8.718,29.218,Aswan,0.0,2.6134331,223.61345,33.539265,25.51651,7.0825906,-1.7523041,-1.7634379,0.07446595,10.357185,31.717937
2021-12-01,5576.139999999999,560.629,149.952,8.714,29.095999999999997,Aswan,0.0,5.170831,180.5664,28.673027,25.02302,5.3554587,-0.05168152,-5.165731,0.080730975,17.570503,49.35328
2021-12-02,5778.24,572.485,148.647,8.778,28.981,Aswan,0.0,5.8606896,181.85487,45.629826,20.47875,7.7635803,-0.16256206,-5.834254,0.041175053,16.125603,58.627663
2021-12-03,5627.0,565.693,150.81900000000002,8.713,28.869999999999997,Aswan,0.0,3.416361,193.40392,41.06986,19.067617,5.168203,-0.75955707,-3.3260498,0.019205082,10.932276,31.715218
2021-12-04,5447.05,567.937,150.086,8.706,28.762999999999998,Aswan,0.0,2.1934054,151.45412,39.934467,20.428293,6.0759177,-0.75668335,-1.147934,0.014675649,10.605129,21.992512
2021-12-05,5510.74,530.3100000000001,167.92000000000002,8.561,28.663999999999998,Aswan,0.0,3.177862,185.49535,39.139908,20.57779,4.5942283,0.16175334,-2.8070831,0.03785325,11.20047,41.72456
2021-12-06,5494.72,530.489,162.017,8.477,28.569,Aswan,0.0,4.2360578,192.18555,38.39766,18.266266,3.6724346,-0.7751109,-4.1417747,0.06010741,18.822155,57.303772
2021-12-07,5060.8,502.159,164.152,8.228,28.479000000000003,Aswan,0.0,2.1849632,202.41467,54.0686,20.546457,10.502025,-0.37626138,-0.6328532,0.0402632,13.685852,28.695883
2021-12-08,5759.9,540.107,164.956,8.54,28.396000000000004,Aswan,0.0,6.325416,167.14764,25.780602,18.335846,-2.6803486,1.3323263,-6.160792,0.06956956,15.376776,60.57695
2021-12-09,5566.98,515.061,171.362,8.439,28.319,Aswan,0.0,4.5876555,202.45131,40.23649,15.801829,1.6900126,-1.7462616,-4.2252097,0.04707291,17.386883,65.38199
2021-12-10,4921.32,449.812,172.435,7.895999999999999,28.244,Aswan,0.0,3.2766836,216.66896,57.48506,17.533438,8.198395,-1.958786,-2.6219177,0.027923118,12.2058115,29.79652
2021-12-11,4611.78,408.959,187.776,7.544,28.177999999999997,Aswan,0.0,2.7424843,224.70485,51.28708,21.850412,10.060211,-1.7765299,-1.9332733,0.06551373,19.062298,54.19819
2021-12-12,4823.49,464.305,165.48499999999999,7.882000000000001,28.113999999999997,Aswan,0.0,2.3734596,278.50955,65.74582,23.379465,15.876943,-2.2048492,-0.0026804607,0.04154879,19.603888,41.701393
2021-12-13,5025.33,505.55100000000004,156.257,8.111,28.060000000000002,Aswan,0.0,2.6142235,182.71037,54.15799,23.74112,13.20637,-1.976766,0.56863403,0.054178484,24.950264,57.940342
2021-12-14,5390.97,554.894,142.094,8.334,28.009000000000004,Aswan,0.0,2.840764,175.71992,45.867935,23.14802,10.441478,0.43597922,-2.428777,0.056434613,25.898651,57.67586
2021-12-15,5124.53,461.718,171.49,7.927,27.965000000000003,Aswan,0.0,5.646152,166.8164,40.574295,18.64379,4.4834695,1.2817078,-5.474411,0.07726942,19.748543,82.25047
2021-12-16,4790.43,379.57399999999996,203.573,7.4670000000000005,27.925,Aswan,0.0,4.6820416,168.43916,42.154957,15.597565,2.1281636,0.93865967,-4.565638,0.056368314,12.105543,58.82624
2021-12-17,5184.29,469.64700000000005,168.001,7.912999999999999,27.891000000000002,Aswan,0.0,4.0349164,154.05824,43.20331,15.493968,2.5461323,1.7592367,-3.6200562,0.056553595,11.776934,56.891266
2021-12-18,3217.96,191.175,200.7,5.395,27.863,Aswan,0.0,4.4882317,163.7102,46.743954,15.335683,3.5983784,1.2849731,-4.2713165,0.05495607,11.254274,47.65812
2021-12-19,3151.14,251.9475,234.51375000000002,6.78875,28.77625,Aswan,0.0,2.8386748,172.74586,40.83484,14.064769,0.2957255,0.6309967,-2.6143544,0.040048026,10.724335,35.944572
2021-12-20,5615.1,540.389,147.372,8.334,27.826,Aswan,0.0,3.7219274,114.048515,39.685913,14.912913,0.9702861,3.1126301,-1.8014883,0.072918326,9.557695,55.10769
2021-12-21,5982.58,576.461,147.80599999999998,8.599,27.817,Aswan,0.0,4.2662354,181.34851,42.449352,12.148265,-1.055837,-0.023651123,-4.2010703,0.07584351,12.767935,58.964172
2021-12-22,5987.7300000000005,583.972,143.333,8.608,27.812,Aswan,0.0,4.879774,180.7863,44.804127,13.612538,1.2996317,-0.016194662,-4.8579764,0.022360092,10.75889,32.00406
2021-12-23,5838.99,571.9,142.614,8.498999999999999,27.814,Aswan,0.0,4.5323553,177.40901,50.948154,14.389801,3.6484272,0.2345937,-4.5079904,0.036107503,14.817347,52.275734
2021-12-24,5091.38,463.309,161.699,7.866,27.825,Aswan,0.0,4.585502,164.01976,48.72235,15.653148,4.298818,1.2992401,-4.3932137,0.05095236,15.23798,56.489662
2021-12-25,5934.38,581.667,141.273,8.576,27.836000000000002,Aswan,0.0,5.413525,179.41801,39.97365,14.740306,0.6362203,0.061467487,-5.40803,0.037253685,12.390223,41.036667
2021-12-26,5859.37,584.269,141.077,8.581,27.856,Aswan,0.0,3.5816886,184.1515,40.087048,14.277333,0.44025674,-0.2417806,-3.5414531,0.030855786,11.692217,33.38196
2021-12-27,3869.4300000000003,279.18600000000004,199.917,6.486,27.881,Aswan,0.0,3.136865,186.77484,39.97457,15.489655,1.4762268,-0.33472696,-3.0958965,0.025086317,13.130237,28.64943
2021-12-28,2303.48,107.428,182.68800000000002,4.361,27.911,Aswan,0.0,3.0729396,141.98586,32.575832,17.425772,0.35033163,1.8010508,-2.0022228,0.03948014,15.799242,33.012623
2021-12-29,5803.51,577.675,140.184,8.568000000000001,27.948,Aswan,0.0,3.5336902,147.41942,49.108128,15.052724,3.6897686,2.0018513,-2.8099773,0.05941222,14.161944,52.55868
2021-12-30,5658.15,569.667,142.02100000000002,8.508,27.990000000000002,Aswan,0.0,2.2968562,79.09986,49.189594,14.744945,3.5354717,1.4168243,-0.05834961,0.03380558,10.037786,26.130062
2022-01-01,5389.14,517.501,152.712,8.181999999999999,28.107999999999997,Aswan,0.0,3.342179,85.09271,47.41371,16.406647,4.874827,2.18161,0.16412862,0.044193808,9.57509,28.39295
2022-01-02,5815.95,574.3720000000001,140.942,8.571000000000002,28.168,Aswan,0.0,3.3333817,133.99123,56.359753,14.281158,5.377024,2.314916,-2.3574932,0.06854518,12.369581,60.09133
2022-01-03,5677.25,560.111,142.701,8.521,28.235000000000003,Aswan,0.0,3.49307,165.09312,60.02736,14.278148,6.0932517,0.9549866,-3.326889,0.063874386,18.179699,56.33397
2022-01-04,5748.83,572.08,141.25,8.636,28.307,Aswan,0.0,3.9461162,177.94763,58.833233,15.617259,6.5585837,0.18182373,-3.9187367,0.03383108,17.283222,40.710438
2022-01-05,5390.59,507.52200000000005,159.63,8.281,28.386000000000003,Aswan,0.0,3.8423598,193.6657,53.76881,15.152008,5.2227273,-0.8520711,-3.7165782,0.013867632,17.36702,30.625877
2022-01-06,4289.389999999999,341.46999999999997,199.124,7.287000000000001,28.467000000000002,Aswan,0.0,2.9642012,197.78563,53.15965,16.078766,5.9934793,-0.9753418,-2.7507222,0.03612732,15.444338,30.27651
2022-01-07,4982.01,451.413,178.692,7.998,28.558,Aswan,0.0,2.2459955,181.76472,45.445324,17.51358,4.8959045,-0.122039795,-2.0729015,0.042660017,17.817083,37.73216
2022-01-08,2840.04,144.754,217.49200000000002,5.546,28.653000000000002,Aswan,0.0,1.8483018,140.43312,39.010944,18.975983,4.5174866,-0.53637695,-0.21013387,0.021979079,21.106525,35.00438
2022-01-09,1846.1399999999999,90.637,148.496,3.7800000000000002,28.750999999999998,Aswan,0.0,2.185589,171.72697,34.839336,20.557526,4.2439675,-1.059372,-1.2657725,0.049772635,11.212051,21.223946
2022-01-10,4715.87,414.87699999999995,168.881,7.6450000000000005,28.857,Aswan,0.0,5.196338,176.19997,42.497204,16.799795,3.202057,0.29582214,-5.163198,0.076534815,14.994846,33.041473
2022-01-11,6030.17,616.35,140.381,9.186,28.969,Aswan,0.0,3.0389893,193.35872,34.10174,14.816071,-1.972341,-0.6963043,-2.9353282,0.031494983,14.912175,31.514389
2022-01-12,5407.9,564.191,131.467,8.678,29.086000000000002,Aswan,0.0,3.0216062,201.41084,35.47269,15.615468,0.113576256,-1.1406097,-2.623291,0.027079118,13.150679,23.938507
2022-01-13,3042.48,166.928,212.344,5.76,29.203000000000003,Aswan,0.0,4.5051875,183.45679,23.640146,18.385569,-3.1369731,-0.21887207,-4.467397,0.05733992,18.43969,28.732246
2022-01-14,5964.84,532.3000000000001,129.68636363636364,8.146363636363636,26.822727272727274,Aswan,0.0,5.1453147,167.9588,36.99025,16.128897,1.1336975,1.1018829,-5.0096383,0.053076446,13.186263,46.695282
2022-01-15,5990.99,537.2072727272727,129.38181818181818,8.239090909090908,26.956363636363633,Aswan,0.0,3.935304,161.21985,49.076122,14.040273,2.9361064,1.3731791,-3.5825043,0.041819885,12.438717,45.578262
2022-01-16,6055.3,540.6118181818182,131.2209090909091,8.337272727272728,27.09272727272727,Aswan,0.0,3.283397,149.1622,41.178738,12.266022,-1.3108826,1.7833201,-2.5619507,0.06555961,11.801966,50.16828
2022-01-17,4499.58,306.27727272727276,184.7290909090909,6.604545454545455,27.23818181818182,Aswan,0.0,4.188329,112.05215,42.303314,11.303375,-1.3246359,3.8529713,-1.4917755,0.110002235,10.58066,54.358658
2022-01-18,6021.34,537.5336363636363,135.77272727272728,8.384545454545455,27.384545454545457,Aswan,0.0,2.8075168,137.64934,51.35739,11.460358,0.580719,1.8458608,-1.9975128,0.045329407,12.116389,46.627346
2022-01-19,6199.22,542.9318181818181,136.35818181818183,8.477272727272727,27.53727272727273,Aswan,0.0,4.0878196,157.62762,39.003094,10.669993,-3.323578,1.5734965,-3.7632039,0.03693151,11.222658,36.332935
2022-01-20,6166.68,540.7418181818182,133.74454545454546,8.44818181818182,27.69454545454545,Aswan,0.0,4.5385194,178.73671,51.045185,11.820465,1.0609436,0.072647095,-4.5165405,0.03659999,10.260628,33.483154
2022-01-21,5988.36,525.34,140.79999999999998,8.401818181818182,27.85272727272727,Aswan,0.0,3.8376892,195.36815,50.99353,12.007558,1.797699,-0.9871165,-3.6353607,0.015617639,11.359362,22.792591
2022-01-22,6019.8,536.9336363636364,135.2981818181818,8.490909090909092,28.016363636363636,Aswan,0.0,4.151142,174.99536,38.97627,14.112457,-0.121673584,0.41730753,-4.021464,0.018299827,15.913683,26.934872
2022-01-23,6083.77,536.2672727272728,138.40545454545455,8.566363636363636,28.187272727272727,Aswan,0.0,3.9560184,178.13904,40.87254,12.2447,-1.3288676,0.22366841,-3.9074504,0.037734956,18.675966,49.936943
2022-01-24,5909.9,512.1754545454546,144.34727272727272,8.444545454545455,28.36,Aswan,0.0,4.0522885,179.18648,39.9056,12.860829,-0.9903259,0.15319824,-3.9531047,0.05380226,13.158768,47.330887
2022-01-25,6078.21,528.0527272727272,141.6,8.58,28.536363636363635,Aswan,0.0,4.814256,175.71861,37.674088,12.971588,-1.7951761,0.3488922,-4.7376504,0.033758324,12.68685,28.450596
2022-01-26,6147.62,530.9409090909091,143.64818181818183,8.674545454545454,28.718181818181815,Aswan,0.0,4.557565,159.49438,34.565266,12.20287,-3.6837666,1.7021484,-4.1903434,0.054074295,11.864938,40.300903
2022-01-27,5064.43,351.5354545454545,195.85727272727271,7.544545454545454,28.901818181818182,Aswan,0.0,5.9225006,170.18681,38.10344,11.163239,-3.3485615,0.9821065,-5.8198547,0.12746789,20.164576,98.75235
2022-01-28,4873.28,320.68363636363637,208.4109090909091,7.498181818181819,29.09181818181818,Aswan,0.0,5.0242267,178.91888,43.87824,10.152333,-2.3966572,0.12298584,-4.996933,0.038929895,13.076334,35.34813
2022-01-29,6222.72,548.2354545454546,137.8318181818182,8.909090909090908,29.283636363636365,Aswan,0.0,4.4362564,174.0959,42.665413,11.489818,-1.5456644,0.48062134,-4.3774467,0.03007033,13.150711,37.495907
2022-01-30,6029.54,519.9145454545455,150.9390909090909,8.773636363636363,29.479090909090907,Aswan,0.0,3.802223,174.0558,44.690174,12.539134,0.057362873,0.50773114,-3.7084095,0.039333962,12.959874,37.734272
2022-01-31,6242.38,554.4427272727272,136.03181818181818,9.012727272727274,29.678181818181816,Aswan,0.0,4.7319303,134.98174,36.4834,13.823232,-1.2956644,3.387263,-3.1769917,0.053635977,9.166852,34.889793
2022-02-01,5965.77,522.2245454545455,152.74272727272728,8.94818181818182,29.88181818181818,Aswan,0.0,2.7608948,194.4143,46.798145,13.1127825,1.1979879,-0.7619629,-2.2750347,0.15965918,14.088797,76.85388
2022-02-02,5050.780000000001,511.77200000000005,140.691,8.564,28.499000000000002,Aswan,0.0,1.768714,271.06537,51.80508,14.271393,3.2315166,-1.656011,-0.35538736,0.04005059,10.501288,26.332945
2022-02-03,5978.21,533.4427272727272,148.65454545454546,9.102727272727272,30.296363636363637,Aswan,0.0,3.515837,79.74793,36.519367,16.64509,0.26740518,3.4044952,0.2703959,0.07911807,9.689629,31.891367
2022-02-04,6152.59,528.1472727272727,151.00727272727272,9.133636363636363,30.508181818181814,Aswan,0.0,5.0808997,115.32944,32.245613,14.692128,-2.0837505,4.5393066,-2.2510936,0.10298452,13.147265,71.13534
2022-02-05,6142.400000000001,530.3981818181818,150.25636363636363,9.18818181818182,30.722727272727273,Aswan,0.0,4.496369,152.13582,44.07515,13.555491,0.8959859,1.8132273,-3.9669545,0.18188514,18.390266,92.55168
2022-02-06,6238.68,552.2990909090909,144.26454545454547,9.363636363636363,30.94090909090909,Aswan,0.0,4.820336,184.51263,44.901096,13.5218,1.013092,-0.35666403,-4.772522,0.041833043,15.292371,39.54812
2022-02-07,6172.42,553.2527272727273,145.5218181818182,9.44090909090909,31.16,Aswan,0.0,4.7009015,191.22401,34.80122,15.953522,-0.54070026,-0.8907318,-4.5804443,0.025987938,16.159275,34.023453
2022-02-08,6076.86,558.0181818181818,147.14909090909092,9.543636363636365,31.384545454545457,Aswan,0.0,3.316108,209.60596,34.34227,17.174713,0.32233682,-1.5912933,-2.8885396,0.015726764,13.816849,22.92809
2022-02-09,6023.74,553.1690909090909,148.15818181818182,9.567272727272726,31.60909090909091,Aswan,0.0,3.3189614,175.94658,25.267647,18.689932,-1.9990336,0.23599751,-2.9367573,0.022247326,16.887234,27.68562
2022-02-10,6360.84,552.9881818181818,149.0690909090909,9.620000000000001,31.83818181818182,Aswan,0.0,6.153691,165.592,36.092,15.190013,-0.4313253,1.5587616,-5.9348702,0.07183841,17.023134,66.387245
2022-02-11,6411.88,567.0609090909091,143.42545454545456,9.747272727272728,32.07,Aswan,0.0,5.1584544,177.56526,42.18259,13.170074,-0.011484782,0.24636841,-5.122294,0.05475738,14.831508,43.513733
2022-02-12,6178.51,558.0481818181818,145.16363636363636,9.724545454545455,32.300000000000004,Aswan,0.0,4.414063,215.6585,45.863445,15.744374,2.6061096,-2.5924022,-3.5361583,0.04049956,12.542591,38.29318
2022-02-13,6175.53,563.3490909090909,144.6472727272727,9.814545454545454,32.53727272727273,Aswan,0.0,4.276757,204.85329,46.924335,17.407785,4.9194236,-1.6383667,-3.8345337,0.04374837,9.851688,33.28475
2022-02-14,6200.13,573.579090909091,140.34727272727272,9.941818181818181,32.77363636363636,Aswan,0.0,3.8632457,193.45409,30.10575,18.134104,-0.11483765,-0.7924347,-3.7157745,0.03164621,13.217693,25.20116
2022-02-15,6230.87,569.1445454545454,143.38363636363636,9.999090909090908,33.013636363636365,Aswan,0.0,4.6175504,176.21265,34.243694,17.705557,1.0414124,0.32810465,-4.583252,0.03843245,20.491287,49.166965
2022-02-16,6334.13,576.9390909090909,140.6609090909091,10.106363636363637,33.25272727272727,Aswan,0.0,5.436395,176.04535,39.93326,16.795645,1.8705953,0.34354147,-5.3923593,0.05837906,20.734648,63.298294
2022-02-17,6096.44,570.85,143.75454545454545,10.116363636363637,33.49818181818182,Aswan,0.0,3.0656922,169.99385,32.739838,17.589834,0.2694397,0.37428284,-2.5719097,0.048085682,18.461626,47.41555
2022-02-18,6118.76,565.1381818181818,142.13181818181818,10.081818181818182,33.74,Aswan,0.0,3.106599,152.3496,31.474604,17.378082,-0.4492289,1.8179373,-1.8621674,0.066126786,18.669918,53.10263
2022-02-19,6390.52,566.7663636363636,141.74272727272728,10.148181818181818,33.98636363636364,Aswan,0.0,5.528607,118.92975,41.020695,15.7430725,2.3312886,4.7223306,-2.7220001,0.1709818,21.224092,125.37861
2022-02-20,6221.18,546.8854545454545,152.0981818181818,10.134545454545455,34.23454545454546,Aswan,0.0,4.1585755,160.02165,43.290806,15.330068,2.4288635,1.0383301,-3.6072845,0.13252993,16.17263,77.21162
2022-02-21,6197.41,566.6663636363636,146.86727272727273,10.327272727272728,34.482727272727274,Aswan,0.0,4.227291,207.97888,38.646698,17.562408,2.55484,-1.8795929,-3.6834157,0.055715114,15.559611,46.248962
2022-02-22,6186.64,575.9572727272727,143.16363636363636,10.452727272727273,34.731818181818184,Aswan,0.0,3.1186352,188.0539,38.85095,18.093985,2.7030334,-0.33270773,-3.0088959,0.05234363,17.614273,40.446175
2022-02-23,5946.12,568.9645454545454,143.77636363636364,10.434545454545455,34.983636363636364,Aswan,0.0,2.5305426,150.07202,28.029074,19.62963,-0.056325275,0.04163106,-0.12445068,0.032660123,20.86803,40.343323
2022-02-24,6233.43,550.6554545454545,152.39727272727274,10.399090909090908,35.235454545454544,Aswan,0.0,4.81712,115.12092,31.09535,18.488596,0.042877197,3.4225361,-2.309489,0.111523926,14.910835,68.95284
2022-02-25,6097.9,526.8990909090909,163.42727272727274,10.308181818181819,35.48909090909091,Aswan,0.0,3.4613476,132.179,37.102932,17.097647,1.9810282,2.4316304,-2.4083812,0.14010711,13.726957,72.850845
2022-02-26,6391.71,585.9109090909091,140.01909090909092,10.77,35.74272727272727,Aswan,0.0,3.942714,178.16325,37.828842,16.624582,1.5240784,0.1222229,-3.9402363,0.10212562,14.241298,53.524635
2022-02-27,6311.59,579.5381818181818,145.4909090909091,10.818181818181818,35.99636363636363,Aswan,0.0,4.0372853,188.0581,34.83154,17.058828,0.77782184,-0.49645996,-3.9679058,0.043394618,15.78138,36.406185
2022-02-28,6279.97,583.4363636363637,143.91,10.91090909090909,36.25181818181818,Aswan,0.0,4.132168,196.16844,26.23179,18.869944,-1.702179,-1.0176239,-3.9681447,0.021687856,13.329577,24.76445
2022-03-01,6099.4800000000005,567.7781818181819,154.39727272727274,10.917272727272728,36.50636363636364,Aswan,0.0,3.8223755,205.84233,16.381046,21.199453,-6.198069,-1.5260874,-3.40242,0.029993035,14.06662,24.065876
2022-03-02,5850.14,556.440909090909,154.83454545454546,10.824545454545456,36.76363636363636,Aswan,0.0,2.0288098,166.86678,31.37176,22.597647,3.9573467,-1.564794,-0.20402019,0.03088898,8.195783,18.169907
2022-03-03,6020.59,511.64363636363635,175.94454545454545,10.591818181818182,37.018181818181816,Aswan,0.0,5.9092946,163.1938,20.202438,22.717926,-1.3068949,1.5226339,-5.681208,0.072057515,18.135376,54.382088
2022-03-04,5955.94,509.0663636363636,174.96,10.620909090909091,37.275454545454544,Aswan,0.0,5.1512914,190.68414,27.618246,18.29548,-1.6367289,-0.875768,-5.0263367,0.09198952,17.016323,48.83007
2022-03-05,5726.02,545.6736363636363,149.26545454545456,10.814545454545454,37.53181818181818,Aswan,0.0,3.2087638,226.6794,24.63986,22.469065,-0.20777385,-1.9657236,-2.1939697,0.117241755,9.396694,16.3461
2022-03-06,5646.08,530.1572727272728,159.35909090909092,10.787272727272727,37.78818181818182,Aswan,0.0,2.675787,190.80815,22.496489,24.92691,1.5108134,-1.5371399,0.87751263,0.09565055,9.083419,23.53088
2022-03-07,5644.82,479.62727272727267,182.8290909090909,10.506363636363636,38.04272727272728,Aswan,0.0,5.416308,176.92818,15.829942,25.407705,-2.5015564,0.277771,-5.3655243,0.19014369,22.046215,80.93512
2022-03-08,5695.12,525.6763636363636,155.1209090909091,10.799999999999999,38.301818181818184,Aswan,0.0,3.9139693,199.17279,23.01008,23.82779,0.7199605,-0.99217224,-3.6443126,0.08495547,20.956966,56.18683
2022-03-09,5422.15,472.6972727272727,181.44454545454548,10.51909090909091,38.556363636363635,Aswan,0.0,4.4568286,140.65295,26.265306,27.274323,5.0007224,0.97095746,1.1850382,0.121032625,13.465355,36.733337
2022-03-10,5640.45,444.6827272727273,196.12,10.395454545454546,38.81181818181818,Aswan,0.0,7.102867,163.33267,33.033318,22.625153,5.0669656,2.0789642,-6.6727295,0.27901447,23.669323,83.5941
2022-03-11,6136.02,505.27181818181816,178.8309090909091,11.066363636363636,39.06545454545455,Aswan,0.0,6.411309,167.0575,27.032145,16.860178,-2.641042,1.4201202,-6.2315164,0.17540605,23.449617,122.81412
2022-03-12,5967.38,463.9918181818182,200.17181818181817,10.808181818181819,39.32090909090909,Aswan,0.0,6.3945293,179.56435,33.18091,16.028067,-0.6932068,0.053934734,-6.356089,0.07429543,15.638588,44.989082
2022-03-13,6326.42,550.1518181818182,164.64909090909092,11.576363636363636,39.57545454545455,Aswan,0.0,5.5528026,173.91756,30.612183,15.779205,-2.574229,0.59925336,-5.4622397,0.03743332,13.01181,29.571247
2022-03-14,6525.4,576.9081818181818,149.32999999999998,11.803636363636365,39.82818181818182,Aswan,0.0,6.8992653,167.80493,32.891167,15.948558,-0.8986104,1.428772,-6.7227426,0.034777623,14.589561,45.259438
2022-03-15,6590.2699999999995,516.3625000000001,143.0275,10.792499999999999,36.8675,Aswan,0.0,8.174905,169.00926,29.22096,14.189606,-3.9849548,1.5125479,-8.006093,0.054644275,20.045446,65.45109
2022-03-16,6556.87,516.9075,145.54416666666665,10.898333333333333,37.1175,Aswan,0.0,7.340712,185.95744,33.765594,14.165761,-2.2406514,-0.75996906,-7.277649,0.027062427,7.8311596,25.543346
2022-03-17,6416.06,530.4758333333333,135.6425,11.010833333333332,37.365833333333335,Aswan,0.0,4.883766,201.2235,33.339516,16.173248,-0.9981181,-1.623291,-4.5222015,0.023634916,7.6322575,23.229664
2022-03-18,6255.86,528.6283333333333,138.07833333333335,11.085,37.61416666666667,Aswan,0.0,3.4308052,199.10466,25.101046,18.191153,-3.0930989,-0.99330646,-3.191747,0.014595712,12.097183,20.686544
2022-03-19,6285.72,553.0658333333333,127.55416666666667,11.370833333333332,37.86,Aswan,0.0,4.0525694,185.33794,22.069794,19.601877,-3.1146748,-0.34432983,-3.929723,0.025695201,18.64474,39.439972
2022-03-20,5662.84,464.60999999999996,153.32250000000002,10.458333333333334,38.105,Aswan,0.0,3.085432,171.27332,23.026094,19.983877,-2.4220479,0.18001811,-2.958379,0.043477666,14.95323,38.276066
2022-03-21,5983.32,510.5075,137.93416666666667,10.985833333333334,38.34916666666667,Aswan,0.0,3.9668624,184.05731,21.221529,22.4134,-2.1852314,0.6820628,0.28770447,0.19874623,10.651857,19.288624
2022-03-22,6083.1,488.77,146.18583333333333,10.818333333333333,38.59083333333333,Aswan,0.0,5.94384,166.42351,30.094765,20.598623,1.8386129,1.3726349,-5.721415,0.318859,29.761368,96.33797
2022-03-23,6280.12,501.11083333333335,143.5675,11.036666666666667,38.8325,Aswan,0.0,6.04941,165.42328,29.126608,16.679108,-1.8011984,1.4748739,-5.797526,0.19022101,21.273388,66.17522
2022-03-24,6381.66,516.4125,140.39333333333335,11.2975,39.0725,Aswan,0.0,5.0073185,161.14365,24.683372,15.829987,-5.0614524,1.6709341,-4.665858,0.102807686,13.627369,60.26459
2022-03-25,6387.47,512.7516666666667,141.0925,11.305833333333332,39.31083333333333,Aswan,0.0,5.6227818,165.37456,25.651495,16.008127,-4.0300393,1.4210815,-5.4299827,0.12124747,18.217178,76.659134
2022-03-26,6409.33,530.2308333333334,132.06583333333333,11.512500000000001,39.5475,Aswan,0.0,5.804893,185.95454,32.86363,16.855947,-0.33887735,-0.67847186,-5.7114105,0.071912296,15.795544,47.98977
2022-03-27,6365.5599999999995,527.8100000000001,135.01583333333335,11.585,39.781666666666666,Aswan,0.0,7.072643,200.86247,23.956123,18.501373,-2.8323872,-2.432439,-6.6194305,0.060912147,11.013499,46.31505
2022-03-28,6276.09,535.5649999999999,129.39416666666668,11.684166666666668,40.01416666666667,Aswan,0.0,6.8221374,192.2198,13.0989275,21.416086,-8.162852,-1.4816284,-6.6471763,0.12395914,14.301176,56.965042
2022-03-29,5840.94,493.93416666666667,142.01250000000002,11.239166666666668,40.24666666666666,Aswan,0.0,4.5280786,186.98604,16.947912,23.45043,-3.6571553,-0.46242777,-4.3641458,0.3124124,19.822279,77.542465
2022-03-30,5872.75,510.28,134.35083333333333,11.451666666666666,40.473333333333336,Aswan,0.0,5.2801695,181.05635,16.14035,26.180246,-1.5712179,-0.0872345,-5.2561035,0.21538156,27.875826,88.160225
2022-03-31,5831.76,511.1308333333333,136.76833333333335,11.584166666666667,40.700833333333335,Aswan,0.0,3.74915,217.77138,18.549456,27.077707,-0.6829529,-2.2552898,-2.883433,0.111778654,17.766127,44.001038
2022-04-01,5562.38,483.3616666666667,147.3425,11.33,40.925000000000004,Aswan,0.0,2.998511,244.06972,24.6835,27.858307,4.6899314,-2.6552784,-1.3362274,0.13595507,23.367558,64.77852
2022-04-02,5595.6900000000005,496.9925,142.01,11.560833333333333,41.14833333333333,Aswan,0.0,2.9766762,263.6328,20.250532,30.29003,3.6026714,-2.6408844,-0.110183716,0.14631397,20.6923,53.219986
2022-04-03,5472.78,470.0233333333333,154.4025,11.340833333333334,41.369166666666665,Aswan,0.0,3.0795681,260.36978,17.133036,30.62971,2.4113667,-2.8191528,-0.45204672,0.12446701,16.595798,46.56475
2022-04-04,5577.83,507.00333333333333,134.55416666666665,11.729999999999999,41.5875,Aswan,0.0,3.754042,250.29456,15.939374,32.021637,2.201894,-3.37383,-1.0597382,0.12039937,17.299232,49.783863
2022-04-05,5599.47,493.8425,142.40666666666667,11.68,41.80166666666667,Aswan,0.0,4.093806,211.66475,13.317115,31.703684,-0.8644307,-2.0373943,-3.3501587,0.07804319,15.182804,37.024773
2022-04-06,5802.2,521.98,131.85999999999999,12.086666666666666,42.01583333333333,Aswan,0.0,4.5308642,209.19043,12.104077,31.161936,-2.2429302,-1.9032593,-4.0161996,0.091897815,13.047865,36.40485
2022-04-07,5590.0599999999995,475.5158333333334,151.02166666666668,11.61,42.22666666666667,Aswan,0.0,7.295189,225.71729,12.921958,34.23583,0.97280884,-5.237127,-4.7814384,0.253291,18.721523,63.863705
2022-04-08,5490.360000000001,492.5308333333333,144.4175,11.886666666666668,42.43333333333333,Aswan,0.0,3.5896313,180.20085,13.960376,32.85554,0.8880107,-2.19516,0.57396954,0.15553361,17.558846,54.78592
2022-04-09,5439.82,460.26666666666665,154.63333333333335,11.490833333333335,42.638333333333335,Aswan,0.0,4.238397,206.07959,13.267093,32.674225,0.41885376,-1.6497498,-3.6911113,0.18894279,21.114946,63.44437
2022-04-10,5472.9,484.81333333333333,140.93416666666667,11.773333333333333,42.8425,Aswan,0.0,2.8844614,215.5193,21.833292,30.742096,5.2635803,-1.6157938,-2.3664093,0.15357666,24.279762,54.30146
2022-04-11,5410.03,502.9258333333333,130.745,12.0225,43.04083333333333,Aswan,0.0,2.3690298,213.9244,18.870829,31.813711,4.33609,-1.2295126,-1.5954691,0.10420349,17.184752,39.759335
2022-04-12,5625.01,475.17249999999996,144.47666666666666,11.784999999999998,43.23916666666667,Aswan,0.0,6.2595196,180.24156,19.28238,29.666819,3.6699932,-0.05284627,-6.18395,0.17627344,26.143967,69.93926
2022-04-13,5548.96,442.34083333333336,165.0625,11.639166666666666,43.43333333333334,Aswan,0.0,4.828609,166.79222,22.755545,25.363596,1.8046774,0.7873993,-4.606064,0.19279699,24.185984,79.94555
2022-04-14,5806.78,503.47583333333336,134.63750000000002,12.32,43.625,Aswan,0.0,4.7265763,174.65776,22.708221,25.60961,1.5604553,0.4144745,-4.6814117,0.10380323,18.834293,57.50453
2022-04-15,5736.16,510.57166666666666,130.56916666666666,12.450833333333334,43.810833333333335,Aswan,0.0,3.870455,183.61287,16.17327,26.943756,-1.9749451,-0.17703755,-3.741328,0.070413746,11.031465,33.852264
2022-04-16,5367.95,454.94,157.89666666666668,11.875,43.99666666666667,Aswan,0.0,2.7875721,202.33067,11.559098,29.210032,-4.423696,-0.85849,-2.5060222,0.18513821,9.898372,22.927597
2022-04-17,5067.25,394.7991666666667,190.9333333333333,11.385833333333332,44.178333333333335,Aswan,0.0,2.9295998,261.64694,14.378479,31.882233,0.9811096,-2.7737224,-0.4742991,0.2545579,9.843813,36.22071
2022-04-18,5299.15,462.37833333333333,146.69833333333335,11.889166666666666,44.35666666666666,Aswan,0.0,3.8883865,217.64824,16.67945,33.15323,3.0848694,-1.3377889,2.3665516,0.17459664,10.74293,42.30577
2022-04-19,4200.43,186.18499999999997,269.1608333333333,8.956666666666667,44.5325,Aswan,0.0,6.3762126,203.9954,19.89462,29.899973,4.1178284,-0.25406393,-4.995102,0.19790877,20.225544,54.968735
2022-04-20,5671.26,466.3866666666667,143.6525,12.090833333333334,44.705000000000005,Aswan,0.0,7.4744077,171.52293,20.736536,27.126291,2.2259827,1.0494791,-7.375509,0.20675787,21.072578,61.798096
2022-04-21,5800.82,512.305,123.41916666666667,12.741666666666667,44.875,Aswan,0.0,4.9294224,177.9944,21.1306,25.603018,0.5462138,0.13180034,-4.8929086,0.056202106,21.12747,63.016315
2022-04-22,5375.35,466.1266666666667,146.31083333333333,12.279166666666667,45.04,Aswan,0.0,3.0602913,182.24658,17.05904,28.092926,0.2538147,-0.010391235,-2.5721436,0.046266243,17.191374,41.59025
2022-04-23,5617.83,503.4583333333333,125.145,12.72,45.20416666666667,Aswan,0.0,4.457517,146.4922,15.86271,28.34382,-1.0523376,1.9802347,-2.8336437,0.07375458,16.442528,49.536736
2022-04-24,4990.61,361.66249999999997,202.79333333333332,11.253333333333332,45.36166666666667,Aswan,0.0,2.9960048,168.33067,15.073105,27.937815,-1.7869568,1.1136729,-1.8006998,0.2348086,12.086355,43.821144
2022-04-25,5275.81,462.4875,141.06583333333333,12.167499999999999,45.517500000000005,Aswan,0.0,3.3701637,179.98198,14.134938,29.68757,-1.413503,-0.24766032,-3.233012,0.2873652,15.550725,57.81862
2022-04-26,5224.71,459.2691666666667,142.4375,12.236666666666666,45.669999999999995,Aswan,0.0,2.5444517,201.56519,20.227037,30.807932,4.123281,-1.6668447,-0.5031738,0.14812663,13.101286,33.943867
2022-04-27,4555.13,418.25636363636363,143.32,11.52,42.85,Aswan,0.0,3.1332493,215.01805,17.424007,31.268625,2.759837,-1.4399363,-1.885315,0.11176816,14.968752,42.25483
2022-04-28,5078.04,429.81749999999994,156.95833333333334,11.955,45.96416666666667,Aswan,0.0,2.0638592,200.8321,16.338675,31.27839,2.2161357,-0.4308014,-0.8441264,0.21168901,20.11326,54.526215
2022-04-29,5099.67,429.76,156.365,11.998333333333333,46.10583333333333,Aswan,0.0,3.0757399,178.23424,17.872145,33.105457,4.201406,-1.4505717,0.4945933,0.23299307,18.112152,49.895485
2022-04-30,5120.05,428.42083333333335,152.94,11.918333333333331,46.244166666666665,Aswan,0.0,5.572005,133.9305,20.260757,35.387115,8.009105,0.8012848,3.6314495,0.28603774,13.574459,45.384483
2022-05-01,5325.25,432.5333333333333,156.2,12.191666666666668,46.37916666666666,Aswan,0.0,6.096994,177.38014,16.486513,31.681467,1.9884338,0.2675527,-6.0842795,0.26838383,17.925306,59.160378
2022-05-02,5078.27,423.99916666666667,157.5425,12.058333333333332,46.51,Aswan,0.0,3.3424988,262.62296,12.515447,32.18277,-1.765391,-2.6376698,-1.059316,0.23807096,12.142847,32.188183
2022-05-03,4942.86,393.6875,176.04916666666668,11.765833333333333,46.63916666666666,Aswan,0.0,3.6768029,236.58057,16.631609,34.528473,4.334788,-0.288798,2.3302867,0.2769816,12.167221,38.8437
2022-05-04,4876.36,334.8208333333333,207.48666666666668,11.112499999999999,46.76333333333333,Aswan,0.0,5.97745,171.15321,18.3604,32.420155,5.128652,0.98434955,-5.748759,0.40174365,33.48551,105.88791
2022-05-05,5391.7,425.4025,158.78083333333333,12.276666666666666,46.884166666666665,Aswan,0.0,6.621378,169.94519,24.341188,28.23233,4.948395,1.1298981,-6.485499,0.22803159,24.183739,71.78052
2022-05-06,5544.31,455.97,143.61416666666668,12.796666666666667,47.00083333333333,Aswan,0.0,6.5960927,168.51343,22.531733,26.441153,1.4848531,1.2187601,-6.4300027,0.08010654,16.773277,52.72099
2022-05-07,5364.17,433.50916666666666,153.185,12.512500000000001,47.115833333333335,Aswan,0.0,4.65192,188.91719,21.026426,26.236725,1.4382223,-0.7083435,-4.523188,0.116371594,19.58807,56.319958
2022-05-08,5135.43,382.12307692307695,147.09615384615384,11.223076923076924,43.723076923076924,Aswan,0.0,3.6594594,218.12108,15.211823,29.713776,-0.58425903,-2.0925243,-2.7853596,0.21731257,14.153248,50.047943
2022-05-09,4906.6,359.8738461538461,160.1346153846154,11.016923076923076,43.82846153846154,Aswan,0.0,3.392521,222.80803,12.266601,32.0786,-1.4393005,-1.7842865,-2.198705,0.34666047,15.253841,53.622917
2022-05-10,5131.14,379.2484615384616,148.72,11.174615384615382,43.931538461538466,Aswan,0.0,5.288611,183.7642,12.037444,32.99348,-0.4472758,-0.4054362,-5.221878,0.361422,18.349108,65.116455
2022-05-11,5083.33,369.6815384615384,151.3792307692308,11.157692307692308,44.03153846153846,Aswan,0.0,5.478752,193.1823,14.035823,32.043365,0.47899374,-1.2234293,-5.3338776,0.4078076,17.07903,54.989674
2022-05-12,5054.11,380.1207692307692,144.58461538461538,11.284615384615385,44.12769230769231,Aswan,0.0,4.781477,205.59541,15.299954,32.805004,2.2684631,-2.0291138,-4.2314553,0.39893797,17.315836,67.06953
2022-05-13,4839.360000000001,349.9646153846154,163.51384615384615,10.979999999999999,44.22153846153846,Aswan,0.0,4.274615,250.78917,11.468349,35.345856,-0.2404887,-3.8861847,-1.5450846,0.28718954,16.15522,64.76337
2022-05-14,4863.22,375.61538461538464,147.11,11.306923076923077,44.31153846153846,Aswan,0.0,4.285692,188.5893,11.140243,37.477203,1.530426,-3.0715687,1.513326,0.23460972,16.648552,59.557804
2022-05-15,4851.46,332.9184615384615,169.48846153846154,10.753076923076922,44.39692307692307,Aswan,0.0,5.825686,175.20087,20.858122,34.70352,8.438141,0.47725424,-5.8046722,0.3793148,36.990482,100.262344
2022-05-16,4516.6,253.26076923076923,210.4923076923077,9.897692307692306,44.48230769230769,Aswan,0.0,6.58769,185.7624,16.199827,33.130524,3.6651917,-0.68333435,-6.5382333,0.38192034,21.28498,59.759502
2022-05-17,4639.93,324.97769230769234,154.50230769230768,10.251538461538463,44.56153846153846,Aswan,0.0,5.8171067,177.99121,14.815175,32.346912,2.0863342,0.20317586,-5.769358,0.3523409,20.522816,66.30249
2022-05-18,4991.76,373.61846153846153,144.26153846153846,11.330769230769231,44.64,Aswan,0.0,5.0406227,178.96509,16.61646,32.909985,3.7345276,0.023935953,-5.0144706,0.29817304,20.577374,70.2963
2022-05-19,4919.95,377.52461538461534,142.74692307692308,11.487692307692308,44.71384615384615,Aswan,0.0,3.8291233,186.12915,12.698012,33.886547,0.67332965,-0.3855947,-3.7422283,0.17502776,12.3737755,31.397669
2022-05-20,4984.07,379.99923076923073,142.19230769230768,11.566153846153846,44.78615384615385,Aswan,0.0,4.7848,179.47815,9.106547,33.672516,-3.8630474,0.014521281,-4.7513733,0.17155194,13.755888,41.43288
2022-05-21,4988.92,364.47153846153844,148.49384615384616,11.321538461538463,44.85307692307693,Aswan,0.0,6.4150424,170.70665,18.962341,31.779123,5.0047097,1.0038401,-6.269892,0.1982369,23.05152,65.894196
2022-05-22,5080.2300000000005,349.01076923076926,157.6123076923077,11.186923076923078,44.91923076923077,Aswan,0.0,7.196256,160.08488,20.079512,28.49055,2.544749,2.4232635,-6.7650757,0.31890985,23.413784,97.490974
2022-05-23,5292.01,403.15076923076924,126.41307692307691,11.997692307692308,44.98230769230769,Aswan,0.0,6.673121,164.18103,20.080742,28.268545,2.6379292,1.7891998,-6.4032235,0.13634236,16.94085,57.173912
2022-05-24,5156.94,393.8369230769231,132.18076923076922,11.957692307692307,45.04230769230769,Aswan,0.0,5.364721,169.99466,18.192417,29.052317,1.3753153,0.9496765,-5.134298,0.10300102,18.45029,56.881386
2022-05-25,5098.76,399.82384615384615,127.09076923076924,11.985384615384616,45.098461538461535,Aswan,0.0,4.3482018,161.91002,17.526697,30.152658,1.8455302,1.3129526,-4.015442,0.110386744,14.860975,44.712452
2022-05-26,5007.25,384.1815384615384,135.56,11.836923076923076,45.153076923076924,Aswan,0.0,4.5803914,152.4935,15.317479,31.36319,1.5060934,1.889679,-3.9603832,0.107985586,17.13787,63.002758
2022-05-27,4978.59,379.3638461538461,138.5,11.775384615384617,45.20538461538461,Aswan,0.0,3.9747598,141.37737,19.281284,31.105783,4.4461975,2.4561207,-3.0078022,0.12612769,15.9024315,64.694115
2022-05-28,4879.81,377.86,137.34615384615384,11.70923076923077,45.25615384615385,Aswan,0.0,3.472704,146.52257,20.926344,32.41023,6.657705,1.8085684,-2.9043732,0.20673135,17.288671,78.021225
2022-05-29,4817.16,375.1261538461539,138.47692307692307,11.693076923076923,45.302307692307686,Aswan,0.0,3.578368,160.14314,15.639675,33.264557,2.9339092,0.78611755,-3.2491608,0.14198114,16.470259,61.53374
2022-05-30,4776.62,376.11153846153843,137.18153846153845,11.75153846153846,45.346923076923076,Aswan,0.0,2.9453926,180.308,16.348408,34.232006,4.4870505,-0.17508952,-2.746226,0.12768742,15.13514,45.418633
2022-05-31,4846.66,376.00307692307695,137.74692307692308,11.804615384615385,45.39076923076924,Aswan,0.0,4.0605235,175.0732,11.245786,34.61156,-0.8479106,0.42934164,-3.9156086,0.10077403,12.906365,37.77839
2022-06-01,4863.54,379.77846153846156,128.65769230769232,11.726153846153846,45.43,Aswan,0.0,5.424413,163.20224,17.718267,34.41438,5.919749,1.2971243,-5.0797677,0.20218083,21.437506,75.98805
2022-06-02,4787.45,340.9692307692307,152.94692307692307,11.308461538461538,45.46615384615385,Aswan,0.0,5.1431546,157.52095,20.622572,31.634918,5.8168845,1.9089457,-4.7140756,0.16454974,21.89779,73.11272
2022-06-03,4766.150000000001,345.73923076923074,146.77307692307693,11.255384615384616,45.50230769230769,Aswan,0.0,5.124684,168.54295,18.367704,32.198475,4.1195374,1.0230814,-4.9631295,0.13589361,13.658946,45.690727
2022-06-04,4638.81,327.5546153846154,155.4276923076923,10.905384615384616,45.535384615384615,Aswan,0.0,5.138135,174.86491,16.848782,34.191723,4.731191,0.43256125,-5.1062217,0.17530765,13.774981,39.22162
2022-06-05,4731.91,355.16153846153844,140.45384615384614,11.371538461538462,45.566923076923075,Aswan,0.0,5.1672006,173.74345,15.819965,35.179108,4.7490945,0.6216685,-4.9932656,0.18510874,15.301432,45.10984
2022-06-06,4787.16,365.19,133.65076923076924,11.478461538461538,45.597692307692306,Aswan,0.0,5.1359215,162.60999,15.887275,34.805164,4.534658,1.5432383,-4.845978,0.18235373,16.582214,50.019875
2022-06-07,4820.71,369.60461538461544,129.70538461538462,11.562307692307693,45.62307692307692,Aswan,0.0,5.3859563,168.02557,21.021849,34.14387,8.190501,1.0067037,-5.085215,0.19670448,17.364244,59.66266
2022-06-08,4712.28,359.6707692307692,134.6546153846154,11.405384615384616,45.650000000000006,Aswan,0.0,4.794083,166.13118,20.967827,33.94644,7.7038474,1.0085754,-4.6149545,0.16948166,19.963976,59.677536
2022-06-09,4677.06,357.13384615384615,135.98923076923077,11.393076923076924,45.67230769230769,Aswan,0.0,4.2998314,175.61281,17.052118,35.28319,6.189443,0.28624472,-4.278875,0.143399,17.938622,42.74003
2022-06-10,4694.49,365.01307692307694,131.47153846153844,11.553846153846154,45.69615384615384,Aswan,0.0,5.016266,177.11377,14.202945,36.41853,4.0626526,0.185908,-4.9599204,0.13195698,11.161935,31.977089
2022-06-11,4689.42,362.8192307692307,134.3823076923077,11.539230769230768,45.716153846153844,Aswan,0.0,4.590952,173.72893,13.177999,36.635082,3.4053447,0.4387156,-4.438619,0.15066117,13.186916,45.24658
2022-06-12,4708.62,374.11615384615385,126.16923076923078,11.782307692307691,45.73461538461538,Aswan,0.0,4.5318313,173.29254,13.194397,36.931713,3.7676494,0.5610504,-4.4714355,0.098820984,10.970962,37.084618
2022-06-13,4717.47,359.1215384615385,133.9446153846154,11.503846153846155,45.75153846153846,Aswan,0.0,5.6009927,172.29437,20.323837,35.69148,8.596751,0.5946248,-5.297155,0.18575886,15.077491,68.18787
2022-06-14,4777.49,365.8123076923076,128.87538461538463,11.633076923076922,45.76692307692308,Aswan,0.0,5.4224668,176.96529,23.470757,33.756256,9.660472,0.3433787,-5.146993,0.13464746,11.138221,45.78815
2022-06-15,4866.67,377.2807692307692,123.63692307692307,11.84153846153846,45.78153846153846,Aswan,0.0,5.2988133,161.98006,22.816757,32.94701,8.504059,1.6457266,-4.968872,0.07895909,15.544232,50.909508
2022-06-16,4827.3,371.6853846153846,127.1823076923077,11.762307692307692,45.79153846153846,Aswan,0.0,5.086789,150.29634,25.527498,32.74519,9.93871,2.3796437,-4.303131,0.11452246,17.90852,65.9441
2022-06-17,4769.78,368.98538461538465,128.89692307692306,11.717692307692307,45.802307692307686,Aswan,0.0,4.371983,142.93048,28.217148,32.858063,11.555898,2.339391,-3.5391235,0.16256285,24.525526,97.365326
2022-06-18,4683.73,359.79538461538465,131.48384615384614,11.54076923076923,45.81307692307693,Aswan,0.0,4.1136975,133.64635,26.413214,32.90331,10.442454,2.226003,-2.9267323,0.17287803,25.003948,98.40823
2022-06-19,4711.6,353.1461538461539,136.19076923076923,11.288461538461538,45.817692307692305,Aswan,0.0,5.23377,164.18213,24.718414,33.94164,10.363434,1.3731893,-5.041331,0.19969621,23.335163,88.144104
2022-06-20,4715.34,344.7069230769231,143.08615384615385,11.228461538461538,45.825384615384614,Aswan,0.0,6.131024,165.11633,19.833002,33.89574,7.218577,1.5606995,-5.9177246,0.2084885,19.511032,65.23362
2022-06-21,4557.3,279.86384615384617,188.01153846153846,10.603846153846153,45.83076923076923,Aswan,0.0,6.5763817,158.5649,20.315207,33.142895,6.487539,2.3522594,-6.135859,0.2609325,23.756567,88.699615
2022-06-22,4872.85,360.43,134.73692307692306,11.482307692307693,45.832307692307694,Aswan,0.0,6.875612,156.27574,22.69705,32.58072,7.812246,2.7583008,-6.240753,0.20063019,22.22098,92.76526
2022-06-23,4829.78,370.70923076923077,129.33692307692309,11.633846153846154,45.83307692307692,Aswan,0.0,4.431227,156.38225,27.242056,31.85904,10.071361,1.6515299,-4.0088043,0.10414938,24.678066,71.203186
2022-06-24,4735.7,371.89,129.96846153846153,11.678461538461537,45.83384615384615,Aswan,0.0,3.4672673,163.79468,20.277365,33.08316,6.231272,0.8304545,-3.2820435,0.07757401,18.657051,53.605835
2022-06-25,4682.08,358.6869230769231,136.51076923076923,11.464615384615383,45.83307692307692,Aswan,0.0,3.9812305,154.80214,17.22768,34.97859,5.7408752,1.5106455,-3.522817,0.1014631,8.112335,25.569809
2022-06-26,4740.7,362.18461538461537,132.81307692307692,11.47923076923077,45.83,Aswan,0.0,5.578962,158.86694,21.806818,34.78604,9.517894,1.7441458,-4.9905343,0.16180137,17.05291,55.359993
2022-06-27,4758.96,371.4307692307693,129.79923076923077,11.663846153846153,45.826153846153844,Aswan,0.0,4.113934,167.95479,19.09685,33.85277,6.654531,0.8753459,-3.9551036,0.10506695,15.064373,54.664288
2022-06-28,3337.72,331.544,124.84400000000001,10.603,43.692,Aswan,0.0,5.9490223,159.799,21.058783,34.02351,8.228668,1.8540344,-5.4096017,0.16125825,16.098007,70.47899
2022-06-29,3776.7400000000002,374.145,134.91299999999998,11.522,47.748000000000005,Aswan,0.0,4.7829,156.4753,21.780268,33.25707,8.195058,2.1486664,-3.7522023,0.17133525,14.339642,60.12823
2022-06-30,4729.61,356.2569230769231,134.18153846153845,11.322307692307692,45.801538461538456,Aswan,0.0,4.1942797,146.53654,23.154753,32.935535,8.802643,2.3800507,-2.949992,0.15188903,12.264418,57.368958
2022-07-01,4702.64,361.0546153846154,131.18384615384616,11.37076923076923,45.78769230769231,Aswan,0.0,3.4435818,154.41356,27.378592,33.427563,11.611888,1.8103638,-2.180542,0.16544303,10.295624,51.96227
2022-07-02,4765.69,363.18,131.29384615384615,11.416923076923078,45.777692307692305,Aswan,0.0,4.033937,142.72578,22.876162,33.475574,9.077382,2.4144084,-2.750824,0.15176079,11.362343,54.678288
2022-07-03,4747.7,367.7476923076923,128.00230769230768,11.453846153846154,45.76153846153846,Aswan,0.0,3.7092588,138.95058,20.541355,33.94107,7.848297,2.5090282,-2.0438182,0.12966344,9.351348,45.558067
2022-07-04,4689.14,358.47538461538466,133.25230769230768,11.306923076923077,45.74461538461538,Aswan,0.0,3.1846173,132.63286,19.5037,34.06607,7.403066,2.441513,-1.8417257,0.13384786,9.569477,41.51255
2022-07-05,4678.2300000000005,361.2753846153846,132.8453846153846,11.358461538461539,45.72461538461538,Aswan,0.0,3.6759927,135.23482,17.685051,35.30362,6.7109275,2.5431366,-1.5817922,0.1092436,8.988591,32.249146
2022-07-06,4650.1900000000005,360.7107692307692,133.99923076923076,11.336153846153847,45.70461538461538,Aswan,0.0,3.5233676,169.10075,19.681267,35.370514,8.505035,0.8322754,-2.473714,0.123726875,10.8448715,40.155846
2022-07-07,4739.1,369.55384615384617,130.82153846153847,11.49923076923077,45.68076923076923,Aswan,0.0,4.0742674,169.95738,19.662268,34.56493,7.600657,0.5667267,-3.8540394,0.13014716,13.304138,47.99057
2022-07-08,4839.69,374.05384615384617,129.34307692307692,11.563846153846153,45.65384615384615,Aswan,0.0,5.3963704,154.53735,15.489362,34.166737,3.8684795,2.1580303,-4.433853,0.12093903,17.288185,56.263176
2022-07-09,4769.91,361.40846153846155,135.05384615384617,11.329230769230769,45.62692307692308,Aswan,0.0,3.8858862,135.06688,22.014204,32.888256,8.201243,2.7468567,-2.569753,0.1298467,11.443334,49.284042
2022-07-10,4713.95,365.14,132.78923076923076,11.36076923076923,45.596923076923076,Aswan,0.0,3.2375097,130.33293,23.147964,33.27823,9.064606,2.3790283,-2.072815,0.1696431,14.162721,58.554646
2022-07-11,4664.37,348.91076923076923,141.94076923076923,11.090000000000002,45.56384615384616,Aswan,0.0,4.3751316,169.7491,19.623943,35.307037,8.6493225,0.5683136,-4.0417275,0.1540902,15.372568,59.516647
2022-07-12,4702.65,348.40384615384613,140.30076923076925,11.027692307692309,45.52923076923077,Aswan,0.0,5.788716,159.87361,26.522238,34.604156,12.454417,1.757665,-4.985031,0.20548865,15.082412,73.17471
2022-07-13,4707.98,360.65846153846155,135.21307692307693,11.206923076923077,45.49076923076923,Aswan,0.0,3.6304216,135.4553,26.641134,32.975574,11.038564,2.4041493,-2.4399567,0.13656236,18.29808,72.899574
2022-07-14,4817.16,358.4269230769231,139.19846153846154,11.16,45.44923076923077,Aswan,0.0,5.319538,150.93718,26.355253,32.545483,10.610423,2.5067596,-4.6121063,0.18288389,20.724136,92.00748
2022-07-15,4862.18,363.74692307692305,137.17923076923077,11.304615384615385,45.4076923076923,Aswan,0.0,4.880099,142.05171,25.871447,31.669992,9.163646,2.8885396,-3.7949982,0.10747506,14.120102,53.280468
2022-07-16,4806.93,351.3292307692308,143.5176923076923,11.08769230769231,45.360769230769236,Aswan,0.0,4.5755954,141.8755,23.07473,32.587555,8.474599,2.85555,-3.545227,0.11486693,12.027517,55.94063
2022-07-17,4815.82,361.1238461538461,138.69538461538463,11.204615384615384,45.31230769230769,Aswan,0.0,4.418667,140.38614,22.46652,32.877106,8.386871,2.782964,-3.3571575,0.12700573,14.302307,63.361855
2022-07-18,4792.35,364.16615384615386,138.9530769230769,11.263076923076921,45.25923076923077,Aswan,0.0,3.5290213,125.837135,21.994482,32.47118,7.686432,2.6926575,-1.9991964,0.13362251,20.088276,80.95763
2022-07-19,4756.39,368.3992307692307,135.56461538461537,11.26,45.20538461538461,Aswan,0.0,3.2582977,130.78319,19.543882,34.33487,7.4646707,2.261851,-1.6255646,0.15209112,12.817845,58.89211
2022-07-20,4809.07,366.3415384615385,136.7176923076923,11.202307692307691,45.146153846153844,Aswan,0.0,4.683258,156.49666,17.903742,34.949535,6.5694885,1.9646097,-4.0748086,0.14396913,13.456308,64.58647
2022-07-21,4865.13,360.0607692307692,141.50615384615384,11.096153846153847,45.08692307692308,Aswan,0.0,5.964498,151.9535,23.50878,34.32193,10.184072,2.809021,-5.236374,0.16017619,16.126236,64.9511
2022-07-22,4837.57,349.57076923076926,149.5523076923077,10.966153846153846,45.02307692307692,Aswan,0.0,5.3337607,152.54431,23.62419,33.143463,9.446686,2.4248402,-4.7323,0.21711074,19.432217,71.285164
2022-07-23,4801.14,343.3223076923077,153.5169230769231,10.877692307692307,44.95692307692308,Aswan,0.0,5.2672505,152.49702,24.900782,33.27831,9.933014,2.406377,-4.668915,0.28429234,19.556133,87.23524
2022-07-24,4883.7300000000005,350.4884615384616,153.66923076923078,11.028461538461539,44.886923076923075,Aswan,0.0,5.321711,155.98622,20.399174,33.97818,7.684397,2.0698497,-4.86321,0.18190166,20.606415,71.544304
2022-07-25,4223.45,341.5625,141.33833333333334,10.665000000000001,42.5225,Aswan,0.0,3.4332535,150.34944,20.351723,33.836334,7.6516013,1.481542,-2.9309032,0.1352118,17.320202,71.697876
2022-07-26,4872.599999999999,380.4215384615385,137.26461538461538,11.360000000000001,44.74,Aswan,0.0,3.626337,142.28459,18.303276,34.102528,6.258209,1.7467142,-2.3264873,0.09800361,14.810175,51.726204
2022-07-27,4841.47,354.5276923076923,157.07846153846154,11.041538461538462,44.660000000000004,Aswan,0.0,4.0555887,144.64949,16.567635,34.442455,5.171621,1.8119711,-3.020528,0.09385842,14.480737,53.850662
2022-07-28,4844.77,375.7692307692308,138.29384615384615,11.203076923076923,44.576153846153844,Aswan,0.0,3.3964214,131.46086,16.954035,34.369373,5.4070535,2.1957958,-1.816625,0.107325725,12.480671,45.720688
2022-07-29,4439.24,278.72999999999996,187.21615384615384,9.884615384615385,44.49076923076923,Aswan,0.0,3.3749247,142.71375,18.572466,35.139637,7.538157,2.1531017,-2.3882854,0.14749026,12.484663,39.227745
2022-07-30,4813.81,349.54846153846154,153.15153846153845,10.774615384615384,44.40384615384615,Aswan,0.0,4.3470497,157.63548,19.428211,34.844227,7.7561746,1.9409739,-3.6691387,0.19709289,11.45311,53.594154
2022-07-31,4938.17,364.40230769230766,147.24692307692308,11.013846153846155,44.309999999999995,Aswan,0.0,4.6738153,148.7149,18.431253,34.54825,6.847158,2.5693512,-3.784373,0.112219766,14.713707,62.516487
2022-08-01,4927.6,363.24615384615385,150.62692307692308,11.010769230769231,44.21692307692308,Aswan,0.0,3.7622044,134.9601,20.808565,33.634674,8.123932,2.673167,-2.6046906,0.12104924,13.35751,61.909645
2022-08-02,4882.47,365.62,146.78923076923076,10.927692307692308,44.11846153846154,Aswan,0.0,3.756255,142.75551,21.863966,35.111156,9.541738,2.0759633,-2.981547,0.11697777,15.039495,46.869495
2022-08-03,4818.32,361.54076923076923,147.44153846153847,10.861538461538462,44.01615384615385,Aswan,0.0,3.7547348,161.99568,20.047005,35.02815,8.575429,0.9962209,-3.485667,0.14111836,14.12088,51.012466
2022-08-04,4772.5,359.65,147.0946153846154,10.726923076923075,43.910000000000004,Aswan,0.0,4.355624,171.57788,20.85815,35.367096,9.502838,0.5408376,-4.2838235,0.17978856,11.672825,55.138206
2022-08-05,4488.76,306.9307692307692,169.78153846153845,9.896923076923077,43.80076923076923,Aswan,0.0,4.2257605,176.06331,20.609186,36.057446,9.935863,0.24558003,-4.181376,0.17945996,14.498312,58.572395
2022-08-06,4590.46,325.92846153846153,166.5176923076923,10.27076923076923,43.690769230769234,Aswan,0.0,3.984171,164.03798,23.820833,36.585766,12.641835,0.6207886,-3.6109772,0.17785072,15.685913,65.601944
2022-08-07,4703.43,344.34769230769234,156.71846153846155,10.458461538461538,43.57692307692308,Aswan,0.0,4.152587,156.64178,22.22468,36.96052,11.78653,1.3858591,-3.7322338,0.20486738,14.553806,66.40417
2022-08-08,4467.7300000000005,266.4676923076923,202.17076923076922,9.667692307692308,43.45769230769231,Aswan,0.0,5.327434,167.09007,22.360512,36.26399,11.252513,1.0517731,-5.043091,0.28015018,12.541809,55.025658
2022-08-09,4779.71,337.93,161.7069230769231,10.314615384615385,43.33538461538462,Aswan,0.0,5.232081,161.28728,20.699366,36.858387,10.461334,1.7999725,-4.828634,0.2633453,12.834169,46.47454
2022-08-10,4002.77,193.60923076923078,222.93923076923076,8.436153846153847,43.21076923076923,Aswan,0.0,5.2457166,166.06197,23.153282,35.87914,11.452952,1.230011,-5.0669503,0.392912,13.059874,51.480835
2022-08-11,4790.92,341.87538461538463,156.7823076923077,10.19923076923077,43.08384615384615,Aswan,0.0,5.531256,161.51884,24.456903,35.960033,12.123688,1.6959127,-5.1819863,0.44911313,14.540076,55.751892
2022-08-12,4854.01,341.36307692307696,163.17384615384617,10.298461538461538,42.95153846153846,Aswan,0.0,5.842794,163.8419,22.801842,35.431873,10.732493,1.5536448,-5.5913086,0.36812145,14.297079,60.524517
2022-08-13,4941.59,346.02076923076925,161.4253846153846,10.305384615384614,42.818461538461534,Aswan,0.0,6.115219,159.13014,23.584969,34.385895,10.133616,2.1919758,-5.689804,0.3381701,14.62134,64.99746
2022-08-14,5011.639999999999,356.0723076923077,159.89846153846153,10.475384615384616,42.67923076923077,Aswan,0.0,4.985496,155.54942,25.595802,33.658356,10.976552,1.8862559,-4.5493064,0.27371958,18.177338,68.530464
2022-08-15,4980.62,355.0592307692308,161.15692307692308,10.45923076923077,42.53846153846154,Aswan,0.0,4.6825767,158.82994,24.925072,33.40608,10.446849,1.5753835,-4.369522,0.2325582,16.901367,71.0497
2022-08-16,4929.8,353.9553846153846,160.55153846153846,10.356153846153846,42.395384615384614,Aswan,0.0,3.96735,152.9032,25.905869,33.51488,10.731598,1.7149506,-3.526952,0.22338,18.737488,73.338684
2022-08-17,4981.85,359.9761538461538,158.32076923076923,10.414615384615384,42.24615384615385,Aswan,0.0,4.5603695,154.88281,26.265818,34.18977,11.667958,1.9520823,-4.11706,0.26664072,19.021112,94.82823
2022-08-18,4936.34,366.1953846153846,155.17153846153846,10.445384615384615,42.09384615384616,Aswan,0.0,3.7904584,150.4793,27.863546,33.71459,12.114736,1.7026571,-3.1480458,0.2645685,19.257896,83.66286
2022-08-19,5010.37,365.8484615384615,157.8153846153846,10.45,41.941538461538464,Aswan,0.0,4.4207788,149.7682,21.676653,34.515453,9.052643,2.251648,-3.7438252,0.24758399,16.767498,67.2432
2022-08-20,5064.69,376.61769230769227,152.9276923076923,10.542307692307693,41.783846153846156,Aswan,0.0,4.0562954,151.55946,22.124239,34.48982,9.451243,2.0200093,-3.3900502,0.21302542,10.557588,58.87778
2022-08-21,5061.4,416.16,162.7575,11.505,45.00083333333333,Aswan,0.0,3.1724641,145.29955,20.301908,34.92227,8.47639,2.0429127,-2.2678173,0.1378746,11.885982,44.142086
2022-08-22,4901.69,393.01,174.05916666666667,11.178333333333333,44.840833333333336,Aswan,0.0,2.8850152,172.89009,18.7938,35.13728,7.53067,0.052419025,-2.2631328,0.16140392,10.571766,35.71637
2022-08-23,5000.98,398.9041666666667,172.74166666666667,11.231666666666667,44.67583333333334,Aswan,0.0,3.2615764,185.39319,20.366447,34.96573,8.377513,0.14658101,-3.0842998,0.09649269,10.908101,30.640648
2022-08-24,4924.18,407.7583333333334,167.56666666666666,11.26,44.509166666666665,Aswan,0.0,2.6861808,230.68787,19.315577,35.833893,8.508779,-1.0266062,-1.2415365,0.102212496,11.504404,32.803265
2022-08-25,5112.35,415.24499999999995,167.2125,11.3775,44.340833333333336,Aswan,0.0,4.487084,150.03383,19.35742,36.270336,9.086904,1.8993124,-3.626826,0.16802698,10.922658,43.682327
2022-08-26,5147.53,414.74916666666667,167.5975,11.33,44.16583333333333,Aswan,0.0,4.300964,144.79903,27.661951,33.88313,12.129954,2.403188,-3.4701843,0.12539357,16.3297,69.71651
2022-08-27,5058.11,402.9183333333333,175.04333333333332,11.167499999999999,43.990833333333335,Aswan,0.0,4.021144,165.54521,24.761633,34.065174,10.982819,0.8370056,-3.8915508,0.10681837,16.039097,67.48158
2022-08-28,4962.47,414.1225,164.57583333333335,11.144166666666665,43.8125,Aswan,0.0,3.960967,123.43298,24.350233,35.827057,12.175934,0.44952902,-2.5274403,0.11207007,10.830711,37.15445
2022-08-29,4653.76,348.23083333333335,198.2675,10.414166666666667,43.6325,Aswan,0.0,3.2068737,143.21884,25.882238,36.842518,13.7674055,1.5447489,-2.6169841,0.1381327,9.953878,34.917473
2022-08-30,4895.6,380.07666666666665,180.41833333333332,10.675833333333335,43.445,Aswan,0.0,4.9731336,175.31328,27.659567,37.263744,15.011871,0.34757996,-4.922796,0.1542936,12.831615,41.054375
2022-08-31,4992.59,393.32666666666665,175.09416666666667,10.755833333333333,43.26,Aswan,0.0,5.45163,172.36006,29.144331,36.15746,15.004791,0.71498615,-5.3620453,0.25862518,19.156195,73.684296
2022-09-01,5049.95,418.30333333333334,161.25083333333333,10.935,43.07,Aswan,0.0,4.508997,165.98222,32.91383,35.187653,15.899078,0.87301636,-4.3793845,0.28361467,25.330654,92.38663
2022-09-02,5046.39,412.5491666666667,164.7225,10.840000000000002,42.8775,Aswan,0.0,3.9811954,161.09694,29.316498,35.0725,14.301015,1.1559042,-3.7695057,0.24946216,24.941969,85.80321
2022-09-03,5120.59,422.8141666666667,160.11333333333334,10.894166666666665,42.681666666666665,Aswan,0.0,4.9585423,169.48647,27.823046,35.066395,13.495677,0.8524068,-4.8218536,0.19707385,20.071728,67.25026
2022-09-04,5135.38,418.41083333333336,163.52333333333334,10.8275,42.483333333333334,Aswan,0.0,4.802709,167.56512,31.429504,34.856678,15.020416,1.0062917,-4.6873016,0.18933016,23.39292,79.25124
2022-09-05,5177.68,422.7225,162.0275,10.829166666666666,42.285000000000004,Aswan,0.0,4.8732605,163.05898,29.292978,34.464508,13.500641,1.4027659,-4.5992227,0.19055021,25.22694,86.962326
2022-09-06,4700.68,409.6336363636364,163.90818181818182,10.587272727272726,41.51272727272727,Aswan,0.0,5.2853303,148.35478,29.380209,33.691803,12.996735,2.862671,-4.3450217,0.17998332,18.554573,87.41557
2022-09-07,5372.26,434.45250000000004,162.23583333333332,10.971666666666666,41.87583333333333,Aswan,0.0,4.7665324,155.825,29.860598,32.337963,11.702138,1.9634298,-4.3112283,0.10403022,12.639963,57.43994
2022-09-08,5408.41,444.96250000000003,158.52583333333334,11.044166666666667,41.66916666666667,Aswan,0.0,4.508613,158.4242,30.016174,32.73469,12.626536,1.6551565,-4.16659,0.105109,13.664689,50.570625
2022-09-09,5309.02,437.15833333333336,160.85583333333332,10.879166666666668,41.45666666666667,Aswan,0.0,4.4006343,153.99518,31.895905,32.18513,12.834462,1.8196818,-3.9239502,0.13130969,17.685516,57.152695
2022-09-10,5179.37,421.8966666666667,170.41583333333332,10.7175,41.24666666666666,Aswan,0.0,3.7309818,168.128,28.843168,32.851795,12.117828,0.85413617,-3.1803334,0.15970066,17.944183,62.366104
2022-09-11,5285.43,437.1933333333333,161.57583333333335,10.775833333333333,41.030833333333334,Aswan,0.0,4.2940974,165.60756,28.748789,33.28108,12.033356,1.0473989,-4.133596,0.16887605,24.592644,77.925186
2022-09-12,5335.46,436.58666666666664,164.75166666666667,10.7725,40.814166666666665,Aswan,0.0,4.4778857,162.88568,23.630571,33.167713,8.717682,1.3104655,-4.2427726,0.13715869,22.748205,71.43242
2022-09-13,5287.22,429.33833333333337,167.32916666666668,10.6375,40.596666666666664,Aswan,0.0,4.1075664,162.59703,23.988302,33.258778,9.441234,1.191864,-3.793935,0.11620583,17.867617,56.3562
2022-09-14,5362.11,435.6425,162.7425,10.612499999999999,40.37583333333333,Aswan,0.0,5.205828,173.41997,23.865068,33.456615,9.353099,0.64605206,-5.0906577,0.10295251,10.681522,35.838562
2022-09-15,5366.1,427.2633333333333,166.59916666666666,10.480833333333333,40.15333333333333,Aswan,0.0,5.8573723,169.79414,24.837313,32.56721,9.485097,1.023468,-5.713745,0.12222779,14.741732,47.95862
2022-09-16,5483.22,437.73499999999996,165.94666666666666,10.6,39.9275,Aswan,0.0,5.3240347,163.69524,25.049864,30.911123,7.693105,1.440272,-5.0793457,0.12585776,17.23842,67.21097
2022-09-17,5549.599999999999,447.13916666666665,161.35,10.624166666666666,39.70166666666667,Aswan,0.0,5.5827613,152.54945,27.42417,30.157217,8.603261,2.648229,-4.8593345,0.1453917,16.742863,66.72868
2022-09-18,5479.58,441.99916666666667,167.7525,10.603333333333333,39.473333333333336,Aswan,0.0,4.104617,168.25227,27.759146,30.19278,8.913808,0.9338735,-3.9807484,0.07664566,16.593262,55.886524
2022-09-19,5580.97,453.76666666666665,163.74333333333334,10.676666666666668,39.24166666666667,Aswan,0.0,4.8278594,181.09041,25.15911,30.751211,8.271474,0.33068338,-4.397425,0.06889333,12.900241,44.14822
2022-09-20,5521.33,444.895,168.34416666666667,10.553333333333333,39.01166666666666,Aswan,0.0,4.2325525,160.80852,26.583794,30.10383,8.364247,1.4775034,-3.9277954,0.066974014,14.61848,46.750904
2022-09-21,5505.26,442.7475,170.17416666666668,10.495,38.777499999999996,Aswan,0.0,3.8914745,149.80292,26.191858,30.807037,8.341461,2.0018055,-3.254486,0.104994416,12.881932,51.181637
2022-09-22,5454.27,440.58833333333337,169.75666666666666,10.4,38.54333333333333,Aswan,0.0,4.5089965,180.29303,26.267769,30.80004,8.810292,0.05173238,-4.4385223,0.08534123,13.991217,40.2797
2022-09-23,5350.31,436.42,171.64916666666667,10.3125,38.3075,Aswan,0.0,2.8508852,223.1198,22.840117,31.888092,7.4701233,-1.7755432,-2.1012928,0.03791392,6.9178295,16.261255
2022-09-24,5324.28,433.91083333333336,175.025,10.274166666666666,38.07083333333333,Aswan,0.0,2.8568604,213.17786,25.47953,32.60375,9.211253,-1.5786438,-2.308426,0.06435355,6.686019,19.405602
2022-09-25,5297.84,439.46250000000003,166.39583333333334,10.163333333333332,37.8325,Aswan,0.0,3.2490127,202.2253,20.900091,33.15616,7.2955627,-0.99877423,-2.7415416,0.08016593,6.6629057,19.66828
2022-09-26,5167.719999999999,421.3875,172.40583333333333,9.9325,37.59166666666667,Aswan,0.0,3.5800602,212.05359,21.696983,34.70165,8.903229,-1.90595,-2.9932911,0.2586823,12.067156,48.999733
2022-09-27,4987.83,398.77,179.84333333333333,9.681666666666667,37.35333333333333,Aswan,0.0,2.8094537,263.77438,19.205368,36.03067,8.138092,-2.4148152,-0.32641092,0.29396772,8.534788,40.50534
2022-09-28,5106.8,421.0416666666667,173.52583333333334,9.852500000000001,37.11083333333333,Aswan,0.0,2.839914,232.12415,19.596731,36.057037,8.595612,-2.1848958,-1.4019928,0.157945,11.258774,42.07939
2022-09-29,5243.7,422.6816666666667,175.6208333333333,9.861666666666666,36.8675,Aswan,0.0,3.363188,214.02124,19.914942,34.474274,7.4505105,-1.9395243,-2.654948,0.10238045,8.506113,27.419798
2022-09-30,5272.5199999999995,423.595,176.28166666666667,9.841666666666667,36.623333333333335,Aswan,0.0,3.0529873,238.75793,23.310686,33.103424,9.075836,-2.1363983,-1.6337891,0.08686819,8.245417,28.366734
2022-10-01,5240.62,425.325,172.22833333333332,9.755,36.38,Aswan,0.0,3.5901067,207.54504,22.656586,33.893055,9.177318,-1.6724548,-3.1718647,0.115190625,8.644157,34.61499
2022-10-02,5263.92,431.2616666666667,169.81583333333336,9.755,36.13666666666666,Aswan,0.0,3.2748091,189.4593,21.085924,33.095043,7.6758523,-0.18754578,-2.6725261,0.099693686,10.470844,40.230827
2022-10-03,5222.42,441.7891666666667,163.465,9.760833333333332,35.89083333333333,Aswan,0.0,2.9314747,151.51402,22.518808,32.829254,8.481842,0.70199585,-2.2183685,0.12187615,11.286322,42.32218
2022-10-04,5244.1900000000005,433.6983333333333,167.1425,9.645,35.645833333333336,Aswan,0.0,3.9002388,166.23683,31.562775,32.57323,12.587148,0.16894023,-3.6767375,0.10506185,11.013528,34.28647
2022-10-05,5048.79,422.89166666666665,161.25416666666666,9.3575,35.4,Aswan,0.0,2.8302286,141.7306,25.33947,32.895008,10.058421,-0.20826213,-2.0024364,0.15672937,11.326012,40.455627
2022-10-06,3142.1,114.65833333333335,243.9225,6.376666666666666,35.152499999999996,Aswan,0.0,2.0172071,218.87292,24.346441,34.256744,10.615631,-1.2787374,-1.4774576,0.09872181,7.2754264,20.989138
2022-10-07,5363.1,438.17249999999996,157.96333333333334,9.421666666666667,34.906666666666666,Aswan,0.0,5.658058,176.83992,33.652992,32.142487,13.776683,0.26060486,-5.6375327,0.10699807,17.971165,50.74808
2022-10-08,5503.83,445.23583333333335,156.65666666666667,9.454166666666667,34.660833333333336,Aswan,0.0,5.7629476,174.18835,27.659288,29.755686,8.714833,0.511851,-5.6916757,0.13041797,18.828245,61.707306
2022-10-09,5498.01,445.08166666666665,158.53,9.43,34.4125,Aswan,0.0,5.4976134,174.41417,29.841887,28.76586,8.808014,0.503184,-5.4609933,0.11004282,16.62273,51.530327
2022-10-10,5466.62,442.31583333333333,159.99749999999997,9.365,34.16916666666667,Aswan,0.0,5.371015,175.28407,29.373383,28.534658,8.326976,0.3471222,-5.3117065,0.08897617,15.214054,48.8497
2022-10-11,4799.08,426.3127272727272,148.51909090909092,8.874545454545455,32.333636363636366,Aswan,0.0,4.5387673,176.6253,32.540485,28.54068,10.130035,0.24971008,-4.528376,0.07721593,14.871912,44.210457
2022-10-12,4753.07,421.83818181818185,151.27727272727273,8.805454545454545,32.096363636363634,Aswan,0.0,4.112844,169.01317,31.094625,28.981842,9.536937,0.6770986,-3.989329,0.06773631,12.656734,36.4768
2022-10-13,5476.24,442.7733333333333,159.61249999999998,9.226666666666667,33.42916666666667,Aswan,0.0,4.5334363,169.55652,35.282883,28.618317,11.180409,0.7287445,-4.4144287,0.075057365,14.424361,40.08448
2022-10-14,5568.43,454.4783333333333,154.79749999999999,9.265833333333333,33.18416666666666,Aswan,0.0,4.9060445,167.42528,33.46866,27.880198,9.775136,0.9146118,-4.713028,0.08686698,14.624629,50.88478
2022-10-15,5469.89,461.50666666666666,151.61583333333334,9.262500000000001,32.939166666666665,Aswan,0.0,3.287814,177.73529,29.423819,27.480215,7.5055237,-0.119644165,-3.2582245,0.08269372,13.412376,41.43885
2022-10-16,5462.54,453.53833333333336,152.21,9.1225,32.69583333333333,Aswan,0.0,4.0517135,182.44145,22.618906,29.210276,5.4435935,-0.13163757,-3.9875233,0.072317764,12.259951,29.928171
2022-10-17,5542.46,449.21583333333336,152.3925,9.024166666666668,32.4525,Aswan,0.0,5.879454,182.7199,31.93307,28.499258,9.875804,-0.22086589,-5.8408456,0.10448116,13.941836,48.30817
2022-10-18,5461.52,441.4008333333333,155.335,8.9125,32.21083333333333,Aswan,0.0,5.069677,182.39104,32.970623,28.308502,10.18985,-0.18577576,-5.027247,0.07764144,11.954823,37.583748
2022-10-19,4869.07,356.53416666666664,179.42083333333332,8.1675,31.968333333333334,Aswan,0.0,4.3836765,192.3402,30.374245,28.11441,8.946605,-0.7674815,-4.2835236,0.098901,12.570111,38.5111
2022-10-20,5196.96,489.73545454545456,158.73545454545456,9.577272727272726,34.50363636363637,Aswan,0.0,3.2762673,159.10907,32.189396,29.086172,10.770497,0.19443767,-2.6947377,0.1072674,17.469154,50.16442
2022-10-21,5399.32,470.9218181818182,170.03181818181818,9.453636363636363,34.25818181818182,Aswan,0.0,5.155785,152.43889,36.969692,28.106924,11.697825,2.3179321,-4.4734397,0.076111466,14.674024,35.529854
2022-10-22,5627.22,493.3654545454545,169.81181818181818,9.677272727272728,34.015454545454546,Aswan,0.0,5.245132,158.20135,34.520504,26.145578,8.4711,1.9704489,-4.7935386,0.09475715,18.067848,62.376755
2022-10-23,5672.79,494.6281818181818,168.27272727272728,9.613636363636363,33.775454545454544,Aswan,0.0,4.7710724,158.66364,37.538887,25.431793,9.330231,1.7552643,-4.4086204,0.092214756,15.828476,49.684036
2022-10-24,5567.53,481.5181818181818,170.25,9.458181818181819,33.53363636363636,Aswan,0.0,4.3486753,147.20801,31.699793,24.192291,6.0098367,2.102473,-3.5274048,0.10389611,15.707863,49.07807
2022-10-25,5664.68,514.59,159.42909090909092,9.675454545454544,33.29181818181818,Aswan,0.0,2.6585205,118.58276,38.176895,23.514395,7.6896873,2.0165813,-0.9644928,0.15016834,13.1429205,40.0713
2022-10-26,5622.45,490.419090909091,170.65818181818182,9.473636363636365,33.054545454545455,Aswan,0.0,3.6939116,158.1911,37.955917,23.868317,8.247223,1.3828837,-3.2645519,0.09240311,10.160723,37.102997
2022-10-27,5538.63,481.4154545454545,171.38636363636363,9.32181818181818,32.81818181818182,Aswan,0.0,3.7824109,176.23299,40.41715,24.53124,9.566966,0.27648926,-3.734914,0.058844563,14.345154,37.44643
2022-10-28,5487.54,498.8372727272727,158.28545454545454,9.307272727272727,32.58363636363636,Aswan,0.0,3.19543,174.77238,38.51738,25.567698,9.96109,0.19125874,-3.0307617,0.047930382,13.813946,29.02843
2022-10-29,5346.39,462.76727272727277,173.8709090909091,9.039090909090909,32.35090909090909,Aswan,0.0,3.3145454,165.37007,33.58807,26.429758,8.557689,0.6547699,-2.9084117,0.07395962,14.968805,35.169903
2022-10-30,4728.55,350.1718181818182,204.10545454545453,8.155454545454544,32.11727272727273,Aswan,0.0,3.5978777,153.5288,39.3583,24.90152,9.78954,1.4500631,-3.1403809,0.11442159,18.395704,54.941685
2022-10-31,5434.47,475.86727272727273,164.51363636363638,9.013636363636364,31.88909090909091,Aswan,0.0,4.504627,162.94647,41.249836,24.918854,10.529613,1.2417654,-4.276937,0.09210819,20.581009,57.99089
2022-11-01,5822.79,525.5309090909091,148.30454545454546,9.31090909090909,31.663636363636364,Aswan,0.0,5.353279,162.40971,33.736675,24.362131,6.912262,1.6392416,-5.075872,0.066250294,18.741886,53.218307
2022-11-02,5921.85,543.7345454545455,141.9190909090909,9.376363636363637,31.434545454545454,Aswan,0.0,4.278906,156.35796,36.523785,22.531076,6.477936,1.714976,-3.9022572,0.048428006,14.802206,42.849968
2022-11-03,5726.34,522.3818181818182,147.7718181818182,9.156363636363636,31.214545454545455,Aswan,0.0,4.2025266,174.7397,41.16753,23.133535,8.665517,0.36751303,-4.114273,0.04768411,15.075935,42.36106
2022-11-04,5603.16,517.4263636363636,150.94454545454548,9.098181818181818,30.992727272727276,Aswan,0.0,3.0019934,163.24422,34.909115,23.000803,6.3717346,0.5881602,-2.7419891,0.049094312,11.208511,31.606976
2022-11-05,5629.86,517.9472727272728,148.08454545454546,9.043636363636365,30.773636363636363,Aswan,0.0,2.833974,174.36841,35.39615,23.221506,6.778961,0.25145975,-2.5125072,0.038089786,12.804806,29.044933
2022-11-06,5685.9,522.3372727272728,148.89545454545453,9.040909090909091,30.55909090909091,Aswan,0.0,3.109586,164.96454,33.44218,22.83487,5.2231345,0.6970317,-2.8451538,0.027254887,13.563089,28.972462
2022-11-07,5792.64,532.6181818181818,142.96272727272728,9.043636363636365,30.344545454545457,Aswan,0.0,4.201571,164.87363,33.818348,22.329172,5.15152,1.102117,-3.9135742,0.03485339,15.162699,34.58349
2022-11-08,5787.2699999999995,578.9480000000001,159.509,9.847,33.018,Aswan,0.0,3.8302004,168.80037,30.465643,22.117014,3.4506733,0.80286664,-3.6914825,0.05268967,13.163908,43.87296
2022-11-09,5699.41,578.512,156.679,9.756,32.805,Aswan,0.0,3.2965238,171.45927,40.164608,21.842112,7.2706604,0.45743307,-3.199712,0.037832864,10.45343,30.930243
2022-11-10,5675.41,582.085,149.456,9.652,32.595,Aswan,0.0,3.4063509,173.69061,42.931538,22.671946,9.178864,0.35342407,-3.385152,0.032164246,10.4158535,25.279186
2022-11-11,5516.89,549.909,159.371,9.370000000000001,32.387,Aswan,0.0,3.8830798,183.32133,37.60004,23.579092,8.26358,-0.2225291,-3.86734,0.036766455,9.61429,20.160755
2022-11-12,5119.85,491.98400000000004,168.584,8.837,32.184,Aswan,0.0,3.777007,181.25867,34.525448,24.28775,7.6498923,-0.1305542,-3.7533162,0.032230094,9.467051,19.389046
2022-11-13,5484.89,559.562,151.15,9.3,31.985000000000003,Aswan,0.0,4.2956986,179.53203,35.660168,24.924387,8.617584,0.036671955,-4.2904716,0.045979537,9.781351,21.27747
2022-11-14,5429.5,548.937,155.576,9.205,31.788999999999998,Aswan,0.0,4.1087604,175.5144,33.495148,25.322174,8.003245,0.25034586,-4.038254,0.050008126,16.154911,38.792316
2022-11-15,5633.43,567.23,150.566,9.3,31.595999999999997,Aswan,0.0,4.9638634,167.6334,39.750988,24.264801,9.306224,1.0629272,-4.783956,0.051256478,18.049162,44.67188
2022-11-16,5787.16,563.3190000000001,162.41199999999998,9.370000000000001,31.407999999999998,Aswan,0.0,5.330041,163.69409,37.60538,20.825918,5.3368225,1.4650778,-5.072418,0.06417125,18.310743,56.496048
2022-11-17,5685.58,559.354,161.589,9.273,31.223000000000003,Aswan,0.0,3.6893823,167.56642,36.49073,20.42341,4.683258,0.79895526,-3.5960796,0.033731453,14.003847,34.767914
2022-11-18,5686.13,567.8779999999999,155.388,9.261,31.041000000000004,Aswan,0.0,3.7916787,183.49834,37.695847,20.726309,5.4547424,-0.18039958,-3.7131855,0.022496313,13.903341,24.771816
2022-11-19,5668.05,555.4559999999999,165.711,9.212,30.863,Aswan,0.0,4.0849338,193.33327,30.739584,21.272696,2.7377014,-0.91050214,-3.967158,0.021835525,8.462839,15.172453
2022-11-20,5593.2,564.96,154.905,9.142,30.693,Aswan,0.0,3.135925,205.77794,46.65645,22.16633,9.935781,-1.3755087,-2.782369,0.03653819,11.596697,31.80046
2022-11-21,5050.63,498.259,175.16299999999998,8.687999999999999,30.524,Aswan,0.0,2.0666535,169.52112,55.976887,24.787506,14.165924,-1.1862589,-1.3277893,0.085746,21.023903,63.45281
2022-11-22,4931.18,488.753,162.531,8.519,30.360000000000003,Aswan,0.0,2.7613666,180.93703,46.977676,26.007395,13.269765,-0.090901695,-2.7368877,0.12086412,19.798893,58.532528
2022-11-23,4562.34,429.80699999999996,173.086,7.997,30.199,Aswan,0.0,4.02856,173.55623,34.347168,26.718903,9.703033,0.3347931,-3.9678142,0.11875044,20.613615,52.455322
2022-11-24,5638.02,546.8109999999999,162.99200000000002,8.925,30.046000000000003,Aswan,0.0,5.226696,162.56166,35.170586,22.282785,5.4292703,1.5388031,-4.972239,0.06384689,17.654598,59.7452
2022-11-25,5590.02,544.5640000000001,161.986,8.861,29.895,Aswan,0.0,3.5806758,165.37642,31.82315,20.570059,2.5631409,1.0086416,-3.404607,0.048453033,11.883859,47.743725
2022-11-26,5617.7,547.653,159.43400000000003,8.829,29.75,Aswan,0.0,4.0595355,188.19995,42.59392,20.838694,7.0613503,-0.5932515,-3.9997203,0.031594053,10.505323,27.923615
2022-11-27,5183.24,498.54499999999996,167.643,8.512,29.610000000000003,Aswan,0.0,2.8306987,203.25966,41.73216,20.25235,6.525869,-1.17423,-2.5441334,0.023866275,8.549204,20.081562
2022-11-28,2764.58,124.90599999999999,233.965,5.701,29.471999999999998,Aswan,0.0,2.0999808,178.65266,40.22778,21.961008,7.6988015,-0.035532635,-0.9517822,0.035864286,9.324163,19.558182
2022-11-29,5484.62,549.274,157.807,8.737,29.343,Aswan,0.0,2.4827404,167.46733,34.342876,21.958567,4.392324,0.7827199,-2.2636414,0.035494275,8.805042,22.77837
2022-11-30,4422.85,365.968,212.9,7.634,29.218,Aswan,0.0,1.8796061,222.88898,42.725708,21.159494,6.878408,-1.102951,-1.0051829,0.024116457,9.342434,19.766098
2022-12-01,5464.91,557.361,149.808,8.655,29.095999999999997,Aswan,0.0,2.6976137,198.24702,46.339855,21.585196,8.8579,-0.9246063,-2.4077709,0.02586392,7.094268,14.490271
2022-12-02,5626.2,562.92,152.065,8.728,28.981,Aswan,0.0,3.9541342,189.07854,34.250195,21.337717,4.597483,-0.64856464,-3.8413136,0.029928297,10.755638,20.44531
2022-12-03,4201.02,345.293,189.409,7.036,28.869999999999997,Aswan,0.0,3.1807718,186.93138,33.82917,20.34089,3.4732158,-0.36668906,-3.0664215,0.028589094,10.857114,19.89684
2022-12-04,5387.66,524.114,162.57999999999998,8.476,28.762999999999998,Aswan,0.0,3.3090296,175.94225,36.287933,19.977365,4.158274,0.31288147,-3.2429402,0.021243628,13.015555,27.153458
2022-12-05,5623.98,555.1279999999999,150.092,8.567,28.663999999999998,Aswan,0.0,4.3119082,162.91573,45.281204,20.11856,7.4780173,1.248642,-4.083069,0.037164472,15.01553,51.58293
2022-12-06,5701.57,559.551,151.08700000000002,8.617,28.569,Aswan,0.0,4.9421062,170.36566,48.815624,19.512686,7.97582,0.8538971,-4.850759,0.03625804,14.117118,46.993393
2022-12-07,5703.0,567.716,150.741,8.671000000000001,28.479000000000003,Aswan,0.0,3.6921892,176.6114,47.71892,18.577545,6.364492,0.21089172,-3.6390889,0.04561685,13.2399645,46.94799
2022-12-08,5512.37,545.991,153.787,8.532,28.396000000000004,Aswan,0.0,3.0506275,192.36664,41.898926,17.501862,3.7534077,-0.5315755,-2.9659882,0.024640286,12.333408,23.807602
2022-12-09,5618.03,558.701,151.78699999999998,8.548,28.319,Aswan,0.0,4.09998,185.75862,32.85474,19.784739,2.3889873,-0.3253479,-4.0582123,0.03222869,12.535007,26.366007
2022-12-10,5583.71,563.479,149.185,8.549,28.244,Aswan,0.0,3.9936855,194.40074,30.735758,21.083405,2.6825256,-0.8639221,-3.8208973,0.03494688,12.451059,30.543308
2022-12-11,5549.85,565.033,149.954,8.568999999999999,28.177999999999997,Aswan,0.0,2.8941305,190.25458,30.294947,20.463531,1.8583883,-0.546992,-2.8030446,0.03156878,11.990328,27.223751
2022-12-12,5409.39,563.014,147.125,8.5,28.113999999999997,Aswan,0.0,1.8126701,188.42175,33.775898,19.488028,2.478424,0.04046631,-1.4075521,0.012496853,15.462322,27.715796
2022-12-13,5430.84,560.924,145.994,8.458,28.060000000000002,Aswan,0.0,2.0178413,191.30797,27.01467,21.11799,1.2761942,0.13174947,-1.777471,0.039000653,12.496056,35.820473
2022-12-14,5554.96,562.7529999999999,144.65,8.437000000000001,28.009000000000004,Aswan,0.0,3.3519363,186.07422,35.882618,20.097483,4.182363,-0.25016275,-3.2702534,0.049162436,13.571153,36.72664
2022-12-15,5573.32,560.732,143.268,8.389999999999999,27.965000000000003,Aswan,0.0,3.872967,187.3,44.414654,20.005362,7.079824,-0.503362,-3.8298085,0.018351909,12.141275,24.818882
2022-12-16,5569.23,558.24,145.536,8.378,27.925,Aswan,0.0,3.839565,208.00606,45.528625,20.529694,7.9917703,-1.7977651,-3.3894298,0.0201004,13.1043215,25.203377
2022-12-17,5540.13,559.759,146.389,8.403,27.891000000000002,Aswan,0.0,3.629629,207.3274,56.816013,21.140696,10.882965,-1.6622314,-3.2234395,0.029795565,13.31216,32.699303
2022-12-18,5466.5599999999995,559.717,142.122,8.370000000000001,27.863,Aswan,0.0,3.5843189,205.07628,53.905415,21.711985,10.801666,-1.497467,-3.1935322,0.08746599,17.352627,50.694904
2022-12-19,5386.82,553.6229999999999,144.382,8.333,27.843,Aswan,0.0,3.104634,204.58742,53.773876,22.058828,11.108958,-1.2886454,-2.7667491,0.08476061,17.11296,45.68113
2022-12-20,5260.23,551.856,142.18400000000003,8.328,27.826,Aswan,0.0,2.1688187,191.90843,43.92978,22.426584,8.918447,-0.87803143,-1.8514608,0.056999408,12.626091,28.904018
2022-12-21,5270.26,508.36899999999997,150.566,8.068999999999999,27.817,Aswan,0.0,4.9113603,178.98836,45.17447,20.456858,7.7421775,0.0700531,-4.88471,0.05355482,18.628214,50.522606
2022-12-22,5045.33,495.186,147.219,7.992999999999999,27.812,Aswan,0.0,3.8782177,154.94846,47.14951,19.240793,7.254954,1.3753,-3.17512,0.06508896,17.68892,52.633316
2022-12-23,5824.73,560.72,146.878,8.413,27.814,Aswan,0.0,4.608637,126.58874,44.11983,15.922028,3.3107808,3.6781769,-2.765218,0.075784296,10.827887,62.45066
2022-12-24,5555.04,544.882,150.318,8.33,27.825,Aswan,0.0,2.5763218,123.12277,50.99524,14.898427,4.589264,2.1513722,-1.3909912,0.10931206,10.576086,64.653915
2022-12-25,5729.01,560.162,145.055,8.42,27.836000000000002,Aswan,0.0,3.591349,143.17116,41.58848,15.66332,2.09846,2.1440582,-2.8805134,0.042913202,6.1523104,24.895988
2022-12-26,5741.59,563.6890000000001,144.055,8.421,27.856,Aswan,0.0,4.1563087,140.73398,49.70793,16.686188,5.68277,2.4771068,-3.2672424,0.085924864,8.497662,42.461006
2022-12-27,5883.0,578.115,142.15699999999998,8.565000000000001,27.881,Aswan,0.0,4.6346807,170.76106,50.105377,16.171457,5.144114,0.60736084,-4.5004525,0.044708714,14.240803,50.21335
2022-12-28,5737.71,563.1510000000001,145.702,8.447,27.911,Aswan,0.0,4.036413,203.05641,53.020233,16.108469,5.876129,-1.5715891,-3.6997783,0.015113659,9.504385,22.388575
2022-12-29,5737.79,566.729,146.074,8.491,27.948,Aswan,0.0,3.9508498,195.8125,62.24469,16.477936,8.532216,-1.0049235,-3.7855682,0.015670668,7.7796497,19.922136
2022-12-30,5867.25,589.354,141.869,8.683,27.990000000000002,Aswan,0.0,3.7527664,184.30798,37.241306,16.647776,1.5248922,-0.2164917,-3.7154744,0.012590517,10.756094,23.560165
2022-12-31,4813.15,416.509,186.945,7.68,28.038,Aswan,0.0,3.01204,183.46558,40.032776,16.166412,2.0731506,-0.20039876,-2.995641,0.021956237,11.364004,32.15751
2023-01-01,5766.34,583.271,143.945,8.684000000000001,28.107999999999997,Aswan,0.0,2.72384,172.44035,44.017033,15.526113,2.7595112,0.276179,-2.3925273,0.013260907,13.577887,28.506813
2023-01-02,5816.5,584.4399999999999,146.649,8.746,28.168,Aswan,0.0,3.0008457,170.69185,45.80489,15.5016985,2.9224346,0.5242564,-2.7702534,0.027314868,16.064352,40.822742
2023-01-03,5805.4,570.268,147.19400000000002,8.626000000000001,28.235000000000003,Aswan,0.0,3.6772282,152.98882,49.641296,15.613759,4.250641,1.7607523,-3.0714874,0.029319147,17.563599,42.089996
2023-01-04,5761.12,569.761,144.672,8.619,28.307,Aswan,0.0,3.4693518,156.72531,50.029938,15.377431,4.4981995,1.4453684,-3.106252,0.053160954,16.751205,50.948288
2023-01-05,5741.79,572.779,141.675,8.636,28.386000000000003,Aswan,0.0,3.5691335,176.7647,59.157864,15.549062,6.812327,0.23731486,-3.5175934,0.052323177,17.9849,50.990616
2023-01-06,5768.12,572.608,144.73,8.666,28.467000000000002,Aswan,0.0,3.8514812,182.69585,50.797276,16.172678,5.2591043,-0.18689983,-3.834254,0.028300792,14.154195,32.70269
2023-01-07,5770.85,586.566,139.995,8.75,28.558,Aswan,0.0,2.6951344,186.04128,40.691624,15.6996155,1.723704,-0.19441731,-2.6670787,0.022608047,11.637243,27.19182
2023-01-08,4989.68,463.221,162.21200000000002,7.962000000000001,28.653000000000002,Aswan,0.0,2.9755166,175.9933,42.314518,15.987701,2.642812,0.12162781,-2.5960796,0.012666853,13.490416,23.704357
2023-01-09,5806.24,560.762,148.932,8.65,28.750999999999998,Aswan,0.0,4.4810925,147.33604,43.062183,16.182281,3.1135967,2.4199371,-3.7668355,0.049546905,9.571161,35.099
2023-01-10,5788.79,577.033,143.263,8.761,28.857,Aswan,0.0,3.2562408,177.37221,51.571575,15.147125,4.6398826,0.22599284,-3.1952972,0.055536956,12.092007,48.055782
2023-01-11,5742.3,575.803,145.208,8.799,28.969,Aswan,0.0,3.2485132,194.36113,53.074387,16.233389,5.695709,-0.70769244,-3.1026103,0.012379442,11.943125,20.909721
2023-01-12,5864.3,576.824,147.95,8.884,29.086000000000002,Aswan,0.0,3.4259527,178.15558,46.210114,15.878001,3.820221,0.2660624,-3.1849365,0.01019593,14.507111,26.266636
2023-01-13,5602.49,520.635,170.85899999999998,8.584999999999999,29.203000000000003,Aswan,0.0,3.474859,165.83958,43.535107,15.020741,2.356598,0.9576111,-3.1183064,0.052038904,10.76824,39.63495
2023-01-14,5917.78,534.3263636363637,131.97545454545454,8.172727272727272,26.822727272727274,Aswan,0.0,3.32186,175.40761,42.177387,14.046458,0.81501263,0.39998373,-3.1946056,0.043021627,8.685108,29.756199
2023-01-15,5405.53,450.2709090909091,158.5390909090909,7.73,26.956363636363633,Aswan,0.0,3.12599,186.52887,45.686787,14.984283,2.9036357,-0.12276205,-3.0097148,0.026080303,10.088215,29.170174
2023-01-16,5629.89,499.04636363636365,137.92454545454547,8.036363636363637,27.09272727272727,Aswan,0.0,3.3485405,156.90062,40.63097,15.569896,1.6183167,1.6313171,-2.6690724,0.033879235,7.155818,24.631845
2023-01-17,5946.81,531.9318181818181,135.90818181818182,8.286363636363637,27.23818181818182,Aswan,0.0,3.5824795,191.90718,43.82066,14.996898,2.058665,-0.665273,-3.4052887,0.07846729,10.430446,48.549374
2023-01-18,5359.65,449.47181818181815,157.6909090909091,7.809090909090909,27.384545454545457,Aswan,0.0,3.5809276,207.86322,51.894962,16.019196,5.2308655,-1.6699982,-3.1536865,0.022435423,8.57465,19.231022
2023-01-19,5687.9,522.2027272727273,134.90454545454546,8.219090909090909,27.53727272727273,Aswan,0.0,3.155021,215.82402,55.07539,17.255117,7.206614,-1.8799082,-2.5086772,0.029327689,9.14005,24.588114
2023-01-20,5590.01,529.1172727272727,129.51,8.315454545454545,27.69454545454545,Aswan,0.0,2.3566327,189.2837,56.21205,18.474112,8.828359,-0.58791095,-2.0371907,0.035227843,14.931776,35.292435
2023-01-21,5869.05,550.1663636363636,125.63909090909091,8.481818181818182,27.85272727272727,Aswan,0.0,3.7761586,183.56892,34.2947,18.67219,2.4540913,-0.23500569,-3.733312,0.034155495,21.836231,43.53958
2023-01-22,5790.78,536.2727272727273,129.51818181818183,8.424545454545454,28.016363636363636,Aswan,0.0,4.026679,183.80717,30.909643,18.971182,1.3825582,-0.21979268,-3.994939,0.034960963,23.325016,49.883316
2023-01-23,5821.82,542.960909090909,129.39545454545453,8.522727272727273,28.187272727272727,Aswan,0.0,3.621919,189.63629,30.514536,18.452383,0.49909464,-0.6284892,-3.5622509,0.019379165,21.556667,38.72045
2023-01-24,5874.66,546.9709090909091,131.01454545454547,8.623636363636363,28.36,Aswan,0.0,3.494311,184.00555,30.527021,18.284576,0.2653707,-0.24083455,-3.4346619,0.016168661,20.6191,35.598625
2023-01-25,5899.82,551.6245454545455,128.3190909090909,8.687272727272727,28.536363636363635,Aswan,0.0,3.2183437,175.62776,46.00268,17.912668,5.0992737,0.28621927,-3.1856537,0.042063035,25.163654,66.48659
2023-01-26,5788.21,538.2936363636364,136.17,8.672727272727274,28.718181818181815,Aswan,0.0,2.9098465,201.65569,37.564945,17.873688,2.471751,-0.982076,-2.6547852,0.032840945,18.812004,41.592995
2023-01-27,5735.7300000000005,539.0318181818183,134.32181818181817,8.685454545454546,28.901818181818182,Aswan,0.0,2.8129895,239.45442,45.68329,19.349274,5.592112,-1.94369,-1.4597473,0.021838242,15.694795,29.031017
2023-01-28,5723.03,538.2218181818181,133.86272727272728,8.72090909090909,29.09181818181818,Aswan,0.0,3.3378837,304.6087,43.762756,20.886545,6.7700906,-2.733083,1.7149658,0.03133119,11.628435,24.616959
2023-01-29,5640.79,524.3627272727273,136.91545454545454,8.664545454545454,29.283636363636365,Aswan,0.0,3.0248067,310.4138,53.518536,20.635,9.575267,-1.6811218,1.7510834,0.036289085,16.38557,28.684563
2023-01-30,5805.38,553.6172727272727,130.9418181818182,8.872727272727273,29.479090909090907,Aswan,0.0,2.9910228,236.40947,40.768314,23.20523,7.787018,0.77375287,2.1623993,0.040538706,12.512842,23.343796
2023-01-31,6148.55,552.9181818181818,135.63363636363636,8.979090909090909,29.678181818181816,Aswan,0.0,6.3662868,169.66191,28.550085,18.766348,-0.040211994,1.1497803,-6.2164664,0.12080704,19.435001,74.144135
2023-02-01,6124.12,539.1890909090909,145.1818181818182,9.000909090909092,29.88181818181818,Aswan,0.0,4.051649,146.68138,30.251501,14.947581,-2.684499,2.2810261,-3.317042,0.118962966,16.091413,83.56003
2023-02-02,6121.87,533.9,147.93272727272728,9.035454545454545,30.08818181818182,Aswan,0.0,4.751213,173.38318,37.882015,14.850331,0.3657125,0.4833425,-4.640381,0.10021732,11.419805,56.189632
2023-02-03,6120.9800000000005,549.5554545454545,142.36,9.155454545454546,30.296363636363637,Aswan,0.0,3.9549828,183.88556,33.214993,14.653229,-1.60849,-0.2434845,-3.912257,0.01795521,10.454744,23.922398
2023-02-04,5949.57,518.4527272727272,152.10454545454547,8.996363636363636,30.508181818181814,Aswan,0.0,3.8628948,169.40826,35.221745,15.110829,-0.5842387,0.7187144,-3.78479,0.01948119,16.770136,36.420235
2023-02-05,5947.61,544.4163636363636,140.32272727272726,9.214545454545455,30.722727272727273,Aswan,0.0,2.6898606,173.15521,32.837963,15.347402,-1.3697205,-0.012069702,-2.4794056,0.023745652,14.57885,35.51048
2023-02-06,5380.16,520.768,151.23600000000002,9.095,30.847,Aswan,0.0,3.4175622,153.59055,30.3107,16.175283,-1.5553488,1.9100393,-2.6825054,0.09866882,7.31238,31.668137
2023-02-07,6118.78,520.6436363636363,157.97,9.248181818181818,31.16,Aswan,0.0,4.6287274,160.60335,35.8838,13.544423,-1.7455343,1.5477753,-4.355108,0.10827947,14.360526,74.36455
2023-02-08,6260.43,547.9081818181818,145.0690909090909,9.391818181818183,31.384545454545457,Aswan,0.0,5.130532,182.9034,35.618732,13.7221575,-1.8015238,-0.3588562,-5.0180054,0.059303712,11.9871235,48.531403
2023-02-09,6107.55,542.4672727272728,144.88545454545454,9.372727272727273,31.60909090909091,Aswan,0.0,5.0232663,206.08488,37.966526,15.858144,0.949941,-2.1963043,-4.4765015,0.048012964,8.506451,23.453312
2023-02-10,5662.72,484.80454545454546,165.77454545454546,9.101818181818182,31.83818181818182,Aswan,0.0,3.4768674,200.1297,46.298157,17.52237,4.165273,-1.069107,-3.2297516,0.03997273,13.6161175,28.502857
2023-02-11,5878.75,532.3836363636364,152.4218181818182,9.452727272727273,32.07,Aswan,0.0,3.1702015,170.34648,26.891617,18.434479,-1.8979594,0.82803345,-2.216858,0.043525625,13.052469,22.508938
2023-02-12,5903.12,509.42272727272723,152.6890909090909,9.333636363636364,32.300000000000004,Aswan,0.0,4.7973533,176.66333,35.176723,16.17504,0.32746378,0.23453267,-4.69429,0.0765699,18.928799,61.397095
2023-02-13,6274.29,562.6127272727273,140.63363636363636,9.763636363636364,32.53727272727273,Aswan,0.0,5.7049136,178.29199,28.872614,16.679352,-1.885671,0.21243794,-5.6734924,0.025952816,11.900764,22.458868
2023-02-14,6380.95,562.8363636363637,146.75181818181818,9.907272727272728,32.77363636363636,Aswan,0.0,5.1678524,157.95764,36.34876,14.334544,-1.0463156,1.9840292,-4.737452,0.056317654,20.709404,70.66261
2023-02-15,6410.62,563.4818181818182,144.38,9.927272727272728,33.013636363636365,Aswan,0.0,5.5998974,150.61125,42.436157,14.157135,1.070221,2.7311451,-4.880854,0.066356316,19.327875,68.351814
2023-02-16,6451.46,581.6681818181819,139.44272727272727,10.142727272727273,33.25272727272727,Aswan,0.0,4.5121856,169.46149,41.586643,13.98111,0.29637656,0.8357544,-4.4052377,0.046316333,16.195366,47.142174
2023-02-17,6271.0599999999995,552.0418181818181,151.97727272727272,9.997272727272728,33.49818181818182,Aswan,0.0,5.021587,184.20723,38.652924,14.917714,0.40957642,-0.33610535,-4.974299,0.028927865,17.442833,45.240868
2023-02-18,6072.22,529.8527272727273,159.3409090909091,9.878181818181817,33.74,Aswan,0.0,4.589282,187.23921,41.068756,16.66861,2.9812725,-0.57469684,-4.546402,0.07209764,19.928905,59.268192
2023-02-19,6084.4,543.5972727272728,152.6809090909091,10.005454545454546,33.98636363636364,Aswan,0.0,4.385397,193.71898,38.65241,18.9051,3.553294,-1.0450541,-4.258779,0.12541324,19.922482,63.363125
2023-02-20,6022.6,555.2063636363637,143.54454545454544,10.139090909090909,34.23454545454546,Aswan,0.0,4.4836044,185.1443,28.542063,20.245108,1.3128967,-0.4081675,-4.43218,0.14434431,27.595604,79.273766
2023-02-21,6216.24,571.8581818181818,141.92363636363638,10.344545454545454,34.482727272727274,Aswan,0.0,4.906458,178.82654,37.896175,18.33194,3.1150615,0.075236,-4.8840995,0.08142781,28.809303,80.76609
2023-02-22,6147.0199999999995,563.6672727272727,147.49636363636364,10.364545454545455,34.731818181818184,Aswan,0.0,3.7793005,166.47223,35.473198,18.314035,2.302887,0.8203786,-3.5195923,0.05223694,22.347736,69.04647
2023-02-23,6262.92,565.4863636363636,148.38090909090909,10.454545454545455,34.983636363636364,Aswan,0.0,4.661804,162.61485,44.68275,17.51293,4.476959,1.4348043,-4.3834686,0.051273182,23.830563,67.95264
2023-02-24,6207.9800000000005,566.8154545454546,146.39545454545453,10.507272727272728,35.235454545454544,Aswan,0.0,3.8594265,164.47557,39.4108,17.277578,2.6597393,1.0861816,-3.6157227,0.051251013,17.67919,53.524307
2023-02-25,6205.8,578.170909090909,140.58818181818182,10.626363636363637,35.48909090909091,Aswan,0.0,3.6636698,175.30042,34.33357,18.359528,1.8468323,0.3153839,-3.6330872,0.049253892,16.249582,44.865387
2023-02-26,6250.63,596.1872727272728,135.7418181818182,10.860909090909091,35.74272727272727,Aswan,0.0,3.3163917,179.83784,31.81975,18.957184,1.1745504,0.035888672,-3.3040059,0.029558241,15.2838125,33.350693
2023-02-27,6040.12,554.5872727272728,159.21,10.701818181818181,35.99636363636363,Aswan,0.0,3.7109091,215.30162,30.873764,20.489084,1.1870016,-1.9505615,-2.9786987,0.027955761,12.406411,23.35786
2023-02-28,6049.25,580.4918181818182,144.51636363636365,10.888181818181819,36.25181818181818,Aswan,0.0,2.7151515,200.75609,29.192589,21.249014,1.0377096,-0.9488881,-2.3625286,0.040133,10.113326,20.94291
2023-03-01,5735.44,555.9445454545455,147.9009090909091,10.685454545454546,36.50636363636364,Aswan,0.0,2.2763786,216.42534,35.67934,22.809235,6.040029,-1.2756042,-1.8162231,0.11401099,14.921504,39.730255
2023-03-02,5608.88,544.8681818181818,155.75454545454545,10.703636363636365,36.76363636363636,Aswan,0.0,1.6402656,229.97467,27.45951,25.059479,4.386953,-1.0026296,-1.0704905,0.084141515,14.145241,38.257645
2023-03-03,5736.03,554.8118181818182,154.1690909090909,10.88090909090909,37.018181818181816,Aswan,0.0,3.246948,254.12819,22.11209,26.463694,2.111562,-2.6071422,-1.3198801,0.08010234,12.680132,34.754303
2023-03-04,5826.9800000000005,546.7181818181817,158.9990909090909,10.902727272727272,37.275454545454544,Aswan,0.0,3.116069,254.0968,19.63952,26.243479,0.51626587,-2.9849193,-0.8176829,0.062624194,7.179253,19.785002
2023-03-05,4398.820000000001,297.5890909090909,240.88272727272727,8.845454545454546,37.53181818181818,Aswan,0.0,2.489681,254.07304,26.54767,26.657867,5.528717,-2.2389476,-0.44385782,0.06576048,11.856645,31.738857
2023-03-06,5544.39,526.5227272727273,152.90727272727273,10.692727272727273,37.78818181818182,Aswan,0.0,3.5127237,237.1548,35.505398,28.33381,11.112538,-1.5833282,-1.4096222,0.063546516,15.913902,37.700264
2023-03-07,4647.16,314.1818181818182,231.5090909090909,8.989090909090908,38.04272727272728,Aswan,0.0,5.00028,181.72926,24.48763,24.278717,2.4006245,-0.11816915,-4.911901,0.10992707,19.031624,54.906597
2023-03-08,6229.43,563.6800000000001,151.14727272727274,11.254545454545454,38.301818181818184,Aswan,0.0,6.163049,170.63371,25.207743,21.211252,-0.0262146,1.0098673,-6.0645194,0.03987848,17.710957,53.015617
2023-03-09,6029.21,545.7372727272727,158.2490909090909,11.157272727272728,38.556363636363635,Aswan,0.0,4.2930903,196.20943,23.198294,21.504791,-0.6609802,-0.95765686,-4.0776825,0.082030684,12.2527895,42.456062
2023-03-10,5967.2300000000005,561.9218181818183,152.1590909090909,11.368181818181817,38.81181818181818,Aswan,0.0,3.0799878,231.10846,26.650795,22.348867,1.7186584,-1.7451528,-1.3162231,0.05328571,7.6355324,22.734093
2023-03-11,5857.78,569.0472727272728,148.6609090909091,11.49,39.06545454545455,Aswan,0.0,2.3029044,224.12274,26.082794,22.281809,1.1817932,-0.8843791,-0.1762085,0.03522398,7.297871,21.240896
2023-03-12,5980.82,549.5081818181818,158.2990909090909,11.404545454545454,39.32090909090909,Aswan,0.0,3.5418394,146.23279,23.15167,22.596182,0.045481365,2.163274,-2.2480977,0.041725483,8.991495,25.697659
2023-03-13,5813.68,552.2736363636363,150.97,11.386363636363637,39.57545454545455,Aswan,0.0,1.9904327,192.89099,26.09458,23.60733,2.9382222,1.5977224,-0.17906697,0.08215131,8.085712,41.928104
2023-03-14,5962.05,556.2645454545454,148.58363636363637,11.474545454545455,39.82818181818182,Aswan,0.0,3.6973133,185.88184,28.985962,24.347565,4.9019265,3.056778,0.10382589,0.11578789,8.621602,46.222725
2023-03-15,6222.15,521.3508333333333,137.52666666666667,10.776666666666666,36.8675,Aswan,0.0,4.247074,152.39098,34.686382,19.976389,3.2613018,1.9342905,-3.7531483,0.14279215,15.6301155,88.46962
2023-03-16,6050.96,525.8333333333334,135.28333333333333,10.870833333333332,37.1175,Aswan,0.0,2.3752348,190.17818,26.496132,19.899567,-0.45744833,-0.3785502,-1.9897105,0.0405749,12.775473,33.68479
2023-03-17,6024.94,527.7916666666666,134.77583333333334,10.954166666666666,37.365833333333335,Aswan,0.0,2.5979388,186.91882,20.631107,21.01415,-2.7432353,-0.2138621,-2.3803914,0.029230502,10.052518,19.791012
2023-03-18,5886.34,526.9458333333333,133.1875,10.9775,37.61416666666667,Aswan,0.0,2.3954751,165.33086,13.935813,24.418283,-5.2560525,1.5453898,-0.6545461,0.050605584,9.757416,29.101727
2023-03-19,6151.82,516.7291666666666,137.00666666666666,10.936666666666667,37.86,Aswan,0.0,4.5414257,157.6739,26.864746,20.976065,1.010732,1.7514445,-3.7908936,0.12759717,13.727041,82.26381
2023-03-20,6300.86,523.8725000000001,133.83916666666667,11.06,38.105,Aswan,0.0,4.746851,154.13371,31.676153,18.95108,1.4812723,2.1349385,-4.1912384,0.102888316,12.576153,66.713196
2023-03-21,4822.63,505.892,117.498,10.545,36.260000000000005,Aswan,0.0,3.802063,159.44456,30.62442,19.325754,1.3650614,1.3552246,-3.4554188,0.08651273,13.516857,54.72741
2023-03-22,5251.56,514.8136363636363,129.5472727272727,10.965454545454547,38.17090909090909,Aswan,0.0,2.058304,155.2049,27.480225,21.52424,1.436025,0.1665446,-1.311788,0.0925028,13.005673,37.661274
2023-03-23,4406.64,297.0175,187.9725,8.5525,38.8325,Aswan,0.0,2.7530591,279.28003,34.240063,23.087555,5.5825095,-2.2363331,0.1414388,0.19523726,11.064042,23.602703
2023-03-24,5627.0,484.35999999999996,143.89083333333335,10.83,39.0725,Aswan,0.0,3.9496155,214.9453,30.551287,25.978262,6.2927146,-0.3179474,2.0889332,0.21212812,8.598289,28.97056
2023-03-25,5744.88,437.27583333333337,164.29,10.458333333333334,39.31083333333333,Aswan,0.0,6.582466,119.18891,29.91095,25.0253,6.050283,5.731028,-2.8253937,0.48623794,33.668816,217.29836
2023-03-26,6073.78,507.5941666666667,132.91333333333333,11.137500000000001,39.5475,Aswan,0.0,5.5974946,142.81743,41.86009,22.429434,8.155995,3.213501,-4.409836,0.25048637,27.735312,129.60362
2023-03-27,6083.78,529.3625000000001,128.95416666666668,11.508333333333333,39.781666666666666,Aswan,0.0,3.4781864,159.86601,27.16313,21.597403,1.5480856,1.2883453,-3.183792,0.06731199,12.206159,56.627327
2023-03-28,6019.0,534.1458333333334,126.505,11.612499999999999,40.01416666666667,Aswan,0.0,3.375598,185.05884,21.927155,23.457102,-0.08326212,-0.26071167,-3.2861023,0.038877524,11.17747,34.12629
2023-03-29,5718.19,461.4483333333333,160.955,11.041666666666666,40.24666666666666,Aswan,0.0,4.2583327,186.29114,19.129305,24.47346,-0.8286235,-0.3000641,-4.08166,0.020123944,10.793274,20.673153
2023-03-30,6124.68,491.4825,149.29916666666665,11.395000000000001,40.473333333333336,Aswan,0.0,7.406321,164.0648,29.068762,22.260406,2.635081,1.998169,-7.0988517,0.1153622,20.59182,78.30294
2023-03-31,6302.84,519.9391666666667,133.32750000000001,11.700833333333334,40.700833333333335,Aswan,0.0,7.2724605,174.18486,29.895117,19.512278,0.5638733,0.6941376,-7.207006,0.061666578,20.819427,68.127014
2023-04-01,6169.42,519.1975,135.69333333333333,11.794166666666667,40.925000000000004,Aswan,0.0,5.263337,172.58427,31.651037,19.51887,1.5213928,0.5603485,-5.148722,0.025866687,14.58864,43.273468
2023-04-02,6017.73,516.8341666666666,135.84583333333333,11.820833333333333,41.14833333333333,Aswan,0.0,3.5266285,183.33714,23.573599,21.766348,-0.46135458,-0.18315633,-3.4191082,0.021877753,10.590634,22.128462
2023-04-03,5801.05,512.5649999999999,137.33166666666668,11.798333333333334,41.369166666666665,Aswan,0.0,2.53304,182.2736,18.330992,23.627594,-2.1823833,-0.47166443,-2.2308197,0.014557316,8.080623,15.663622
2023-04-04,5802.01,520.7216666666667,134.25083333333333,11.979999999999999,41.5875,Aswan,0.0,2.7161996,182.7548,14.416886,25.648102,-4.140635,-0.32906088,-2.2757976,0.02253657,10.242556,19.664839
2023-04-05,5925.41,510.5825,137.9625,11.919166666666667,41.80166666666667,Aswan,0.0,4.7984023,180.61176,14.22424,26.73461,-2.986908,0.08824158,-4.7471566,0.062167305,11.19377,35.431427
2023-04-06,5941.9400000000005,507.48499999999996,137.68083333333334,11.910833333333334,42.01583333333333,Aswan,0.0,5.16879,180.47046,18.876678,25.286856,-0.62476605,-0.07714844,-5.126577,0.104597576,17.951132,63.38616
2023-04-07,5786.69,503.27,140.97,11.9775,42.22666666666667,Aswan,0.0,3.5227344,211.27812,16.599829,25.950348,-2.000824,-1.8135427,-2.989919,0.039053857,9.138521,22.875336
2023-04-08,4894.71,337.505,207.51166666666666,10.1425,42.43333333333333,Aswan,0.0,3.9775088,245.36559,15.046824,28.99006,-0.9168701,-3.4470417,-1.091273,0.162182,9.891066,45.49666
2023-04-09,5416.17,453.47416666666663,150.46333333333334,11.314166666666667,42.638333333333335,Aswan,0.0,4.5993476,289.5601,23.25892,31.15209,7.738027,-4.2098746,1.4171906,0.15284769,13.52787,46.51959
2023-04-10,5309.91,454.87833333333333,147.78583333333333,11.329166666666666,42.8425,Aswan,4.7683716e-06,3.9667847,227.11542,36.659107,31.47582,14.3854065,-1.1577606,2.5697632,0.1697629,11.783184,33.805332
2023-04-11,3678.43,149.26833333333335,243.09666666666666,7.546666666666667,43.04083333333333,Aswan,0.0,6.3498034,155.08038,34.66225,26.224436,9.109447,2.6619873,-5.724528,0.42169064,34.391438,163.1049
2023-04-12,5937.599999999999,460.88166666666666,156.50666666666666,11.758333333333333,43.23916666666667,Aswan,0.0,6.8989987,147.11041,21.58693,22.324127,-1.0351664,3.8264465,-5.691152,0.2622878,15.2452,109.84412
2023-04-13,5976.92,506.1333333333334,132.7675,12.2675,43.43333333333334,Aswan,0.0,4.0612245,173.71162,27.423462,20.75821,0.588857,0.45125327,-4.0321655,0.12756215,14.936347,81.25555
2023-04-14,5651.86,469.8341666666667,148.6825,11.851666666666667,43.625,Aswan,0.0,3.5632641,210.30486,23.228144,23.538483,0.8315328,-1.5729116,-2.9576263,0.05462853,11.770672,37.097458
2023-04-15,5552.469999999999,484.01500000000004,137.22333333333333,11.9975,43.810833333333335,Aswan,0.0,3.0880384,195.22144,22.139679,26.750885,2.6142476,-0.63029987,-2.504079,0.05447172,9.745036,23.756838
2023-04-16,5584.86,483.49083333333334,142.11166666666665,12.131666666666668,43.99666666666667,Aswan,0.0,3.7949588,170.50447,17.284517,27.247385,0.07624308,0.47309875,-3.4977367,0.068537265,8.257214,24.775513
2023-04-17,5610.66,504.69250000000005,131.40416666666667,12.475000000000001,44.178333333333335,Aswan,0.0,3.0273678,164.40047,13.909321,27.754303,-2.6015728,0.60912067,-2.7026215,0.06379,8.2138,29.79066
2023-04-18,5573.02,499.50916666666666,128.63916666666668,12.375,44.35666666666666,Aswan,0.0,4.1111417,186.9858,12.119926,29.358551,-3.4222107,-0.487147,-4.080424,0.101084605,6.0655975,14.518816
2023-04-19,5358.349999999999,468.66499999999996,143.84333333333333,12.048333333333332,44.5325,Aswan,0.0,2.656,209.1873,15.609433,30.97232,0.84349567,-0.94912213,-2.205724,0.1688235,6.4343166,14.557032
2023-04-20,5321.86,465.58750000000003,140.42833333333334,11.979999999999999,44.705000000000005,Aswan,0.0,3.1488001,234.48303,20.861609,31.60497,6.2398987,-1.2193247,1.2204285,0.23486313,8.320294,32.04891
2023-04-21,5455.98,465.9175,142.46166666666667,12.066666666666668,44.875,Aswan,0.0,4.7724643,167.52942,22.276388,28.515533,4.876455,0.6009674,-4.625112,0.28143838,18.651464,78.01364
2023-04-22,5228.95,452.93666666666667,146.2775,11.938333333333333,45.04,Aswan,0.0,2.8933132,163.9112,22.339117,29.354239,4.2158914,-0.40060425,-1.8016154,0.2192179,9.260368,31.647223
2023-04-23,4219.88,252.7275,223.37166666666667,9.42,45.20416666666667,Aswan,9.536743e-07,3.6581933,150.00955,18.597513,32.506664,4.971588,0.19191487,0.97164917,0.4407139,11.99728,63.715515
2023-04-24,5202.97,434.8566666666666,152.9625,11.748333333333333,45.36166666666667,Aswan,0.0,5.2843194,205.97346,20.608082,31.899893,5.559153,-2.6784363,-3.5465343,0.52020377,15.246624,71.477325
2023-04-25,5343.19,445.4866666666667,145.79416666666665,11.909999999999998,45.517500000000005,Aswan,0.0,4.9371057,205.77739,21.648376,30.53588,5.843333,-1.9135793,-4.2220664,0.26359713,10.299356,34.84777
2023-04-26,5464.25,459.5925,142.88,12.159166666666666,45.669999999999995,Aswan,0.0,4.741205,177.99529,12.000455,29.580313,-2.8928325,0.051757812,-4.6551614,0.23212083,7.1230354,20.50748
2023-04-27,5505.54,479.97166666666664,131.00666666666666,12.521666666666667,45.817499999999995,Aswan,0.0,4.261139,155.2853,14.041734,29.982004,-0.48418173,1.8338877,-3.6821797,0.1209961,9.603164,45.747658
2023-04-28,5418.4800000000005,471.75916666666666,131.09666666666666,12.421666666666667,45.96416666666667,Aswan,0.0,4.031878,151.01837,18.422401,29.081451,2.5314026,2.2204692,-3.024297,0.122721195,11.66189,60.162098
2023-04-29,5571.0199999999995,472.1066666666666,129.92749999999998,12.478333333333333,46.10583333333333,Aswan,0.0,5.4061317,164.70882,23.750183,26.400217,3.7141826,1.3602091,-4.9793243,0.11054328,10.876434,51.040764
2023-04-30,5643.38,479.1766666666667,130.12166666666667,12.715833333333334,46.244166666666665,Aswan,0.0,5.0832524,167.86601,21.69956,24.047272,0.26887003,1.0807394,-4.926422,0.09731165,15.476624,53.886105
2023-05-01,5481.38,454.8183333333333,150.47583333333333,12.616666666666667,46.37916666666666,Aswan,0.0,3.88525,163.6678,19.716127,24.463938,-0.5020447,0.742513,-3.6016743,0.060589377,13.220749,48.810898
2023-05-02,4771.69,440.7236363636364,147.3081818181818,12.32181818181818,45.99090909090909,Aswan,0.0,3.465577,160.55336,18.516317,26.735422,0.43154907,0.61897784,-3.0219624,0.034169905,12.481028,33.555573
2023-05-03,5309.88,448.7391666666667,148.45166666666668,12.555,46.63916666666666,Aswan,0.0,3.4038217,192.3145,17.992207,29.059967,1.9158427,-0.9938507,-2.7546132,0.021829166,7.594227,15.30895
2023-05-04,4928.57,373.4141666666667,191.08166666666668,11.783333333333333,46.76333333333333,Aswan,0.0,2.7507513,169.75337,15.90588,30.679108,1.2166239,0.2957255,-2.0156758,0.039592735,6.8001623,16.873072
2023-05-05,5085.12,431.3541666666667,155.30083333333332,12.3375,46.884166666666665,Aswan,0.0,1.9740347,99.333336,12.875084,32.832508,0.12816365,1.8005625,-0.25789896,0.096826784,6.304516,21.675747
2023-05-06,5298.53,418.0641666666667,159.96166666666667,12.160000000000002,47.00083333333333,Aswan,0.0,5.752085,160.69128,19.775723,29.2801,3.5361226,1.7678121,-5.2461295,0.32055026,16.265842,105.946815
2023-05-07,5288.9400000000005,419.81,158.02333333333334,12.208333333333334,47.115833333333335,Aswan,0.0,4.749565,167.70204,21.903986,27.850168,3.9252827,1.1332703,-4.357615,0.2413122,11.343666,76.87037
2023-05-08,5413.84,404.4323076923077,136.83923076923077,11.604615384615386,43.723076923076924,Aswan,0.0,5.4053817,162.54224,23.962988,26.80126,4.246002,1.6017812,-5.104777,0.11802898,9.87598,51.54196
2023-05-09,5254.15,381.4184615384615,152.1276923076923,11.366923076923078,43.82846153846154,Aswan,0.0,3.7385378,157.49565,23.564001,27.281809,4.387441,1.2222036,-3.1250103,0.076051354,11.844521,41.92308
2023-05-10,5178.55,402.14846153846156,139.18615384615384,11.679230769230768,43.931538461538466,Aswan,0.0,2.787865,152.8108,19.377096,28.170807,2.27359,0.5028229,-0.65856934,0.043558493,10.591663,21.367859
2023-05-11,5045.96,382.64153846153846,146.6776923076923,11.376153846153848,44.03153846153846,Aswan,0.0,3.317394,216.51634,11.788208,32.3745,-0.97006226,-1.0486654,2.0506694,0.16210185,8.363903,21.490402
2023-05-12,5058.82,362.2153846153846,156.68076923076922,11.081538461538461,44.12769230769231,Aswan,0.0,4.587139,200.68054,17.801691,32.83739,4.6814675,0.6891327,-3.795868,0.24712911,11.983035,60.459064
2023-05-13,5206.63,384.87538461538463,144.00384615384615,11.456923076923077,44.22153846153846,Aswan,0.0,6.217785,174.41734,27.146708,30.062246,8.708649,0.5141856,-6.1592155,0.11531644,22.021997,62.174683
2023-05-14,5151.14,386.9392307692308,144.80307692307693,11.524615384615384,44.31153846153846,Aswan,0.0,4.458244,174.3509,19.136024,29.594147,2.938385,0.26828003,-4.255661,0.072572924,19.680822,62.738426
2023-05-15,5079.42,396.46999999999997,137.1469230769231,11.74,44.39692307692307,Aswan,0.0,3.4135256,147.96526,19.555862,29.92219,3.6532288,1.4161377,-2.3538768,0.09663999,15.352287,57.898167
2023-05-16,4639.49,286.84076923076924,198.99923076923076,10.307692307692308,44.48230769230769,Aswan,0.0,3.3899593,153.57625,15.427335,30.928537,1.3611552,1.1890208,-2.263219,0.1017537,11.779358,37.7377
2023-05-17,5014.63,385.31538461538463,140.15,11.551538461538463,44.56153846153846,Aswan,0.0,3.8631372,163.67397,12.591184,33.02945,0.46117148,1.0956064,-3.7035115,0.14504711,9.120252,32.89479
2023-05-18,4968.74,361.16615384615386,151.22538461538463,11.18923076923077,44.64,Aswan,0.0,5.1486983,173.5356,19.702248,33.154205,6.9029846,0.8353526,-4.900991,0.37215185,17.451828,78.03264
2023-05-19,5224.89,384.72076923076924,138.48923076923077,11.646153846153847,44.71384615384615,Aswan,0.0,6.4755225,158.44312,21.753809,28.439035,4.05484,2.3608296,-6.0028534,0.16232154,16.225838,78.20466
2023-05-20,5126.11,382.3576923076923,139.22923076923078,11.65230769230769,44.78615384615385,Aswan,0.0,4.706631,156.66884,21.00067,27.25463,2.753896,1.7340851,-4.2505746,0.08089282,11.472481,45.88917
2023-05-21,4860.5,351.65769230769234,154.37,11.116923076923078,44.85307692307693,Aswan,0.0,3.4884303,225.26671,18.011347,30.652414,3.117096,-1.0936584,-2.092163,0.28171632,8.515263,33.073914
2023-05-22,4687.64,343.66076923076923,159.7746153846154,11.053076923076922,44.91923076923077,Aswan,0.0,1.924797,142.29884,19.157618,33.482006,6.2980857,0.72871906,1.4578196,0.30799034,9.83338,44.149784
2023-05-23,2745.52,107.85153846153845,183.24461538461537,6.048461538461538,44.98230769230769,Aswan,0.0,2.998131,153.98515,18.430159,35.41324,7.1878967,-1.0543264,-1.811498,0.51546526,21.79254,98.389755
2023-05-24,4733.38,349.0330769230769,153.20461538461538,11.103076923076923,45.04230769230769,Aswan,0.0,2.4755473,203.32097,20.139479,34.220203,8.1058655,-0.06680298,0.5266978,0.33529603,21.06569,66.64355
2023-05-25,4044.71,215.9530769230769,214.76384615384617,9.423846153846153,45.098461538461535,Aswan,0.0,4.0048184,184.20311,14.997256,34.59968,3.9872944,-0.324646,-3.9695637,0.32669067,14.368149,50.94771
2023-05-26,3936.02,191.18153846153848,219.21076923076924,8.703846153846154,45.153076923076924,Aswan,0.0,4.9151936,285.82828,23.891762,35.447094,10.949697,-3.953888,0.5170339,0.3070789,14.728264,50.49824
2023-05-27,3643.67,182.2076923076923,205.1123076923077,8.313076923076924,45.20538461538461,Aswan,0.0,4.53841,243.67047,29.144793,35.971832,14.7829485,-3.452016,-1.6362559,0.38060772,18.177216,61.22704
2023-05-28,3415.09,133.18307692307692,226.41307692307691,7.785384615384615,45.25615384615385,Aswan,6.67572e-06,4.8018374,225.54704,30.963076,33.374176,13.834544,-3.7991333,-2.3832295,0.3511086,22.765785,84.24741
2023-05-29,4940.4400000000005,361.7692307692308,142.17846153846153,11.373076923076923,45.302307692307686,Aswan,0.0,5.3671594,151.61095,26.04077,31.34138,9.253001,2.0983887,-4.3456216,0.30051923,19.24638,100.443695
2023-05-30,4952.78,376.6546153846154,134.2976923076923,11.675384615384615,45.346923076923076,Aswan,0.0,4.4199214,163.86633,23.334595,30.855051,7.019684,1.031545,-4.1871185,0.12070041,13.50765,49.970413
2023-05-31,4753.26,370.0984615384615,135.36307692307693,11.579230769230769,45.39076923076924,Aswan,0.0,2.094651,226.45341,18.812817,32.675934,5.840403,-1.0736948,-1.4757284,0.094771974,8.23871,27.88528
2023-06-01,4656.04,368.5507692307692,131.78538461538463,11.450769230769229,45.43,Aswan,0.0,3.4568462,265.78445,17.043615,35.578686,6.1936746,-3.3581593,-0.13902791,0.10447183,6.547822,24.215536
2023-06-02,4625.39,363.75,135.7553846153846,11.410769230769231,45.46615384615385,Aswan,0.0,2.9444969,208.71326,17.858707,36.25886,7.354482,-2.2973633,1.0986379,0.13889278,5.79698,27.0688
2023-06-03,4466.16,346.7053846153846,145.83461538461538,11.25076923076923,45.50230769230769,Aswan,0.0,2.5821023,255.78564,15.886803,37.412098,6.429026,-2.0588634,-0.87857056,0.13440353,7.464182,29.580307
2023-06-04,4359.03,275.1446153846154,184.47230769230768,10.216923076923077,45.535384615384615,Aswan,2.3841858e-06,4.8645535,232.64796,22.646553,36.732655,11.599599,-3.6531067,-3.0591633,0.17806381,12.210544,38.94499
2023-06-05,4342.19,324.37692307692305,144.21846153846153,10.555384615384614,45.566923076923075,Aswan,0.0,2.6394432,202.4156,19.782682,36.31542,9.431305,-1.1097056,-2.018407,0.20292792,10.381298,35.040844
2023-06-06,4144.56,357.2058333333334,131.33583333333334,11.2525,44.916666666666664,Aswan,0.0,4.1365438,163.18697,17.679647,36.42284,7.732412,0.14625041,-3.2010906,0.18364027,12.276348,50.101707
2023-06-07,4450.89,328.3546153846154,157.70153846153846,11.005384615384616,45.62307692307692,Aswan,0.0,2.917868,213.06909,16.830967,36.79955,7.1191306,-1.6923676,0.6200002,0.25746292,10.318731,38.38818
2023-06-08,3948.1,209.04076923076926,217.06076923076924,9.164615384615384,45.650000000000006,Aswan,0.0,3.8098147,132.6086,18.09774,38.805737,9.982086,0.02519226,2.1764119,0.30650645,15.468961,58.047215
2023-06-09,4219.71,243.52769230769232,207.75153846153847,9.884615384615385,45.67230769230769,Aswan,0.0,4.5983486,33.710205,23.700691,38.372303,13.254954,2.14268,3.5187633,0.34996265,17.530369,67.01619
2023-06-10,4592.68,317.62307692307695,160.71076923076922,10.774615384615384,45.69615384615384,Aswan,0.0,5.1901817,142.78503,22.311071,35.470856,10.353749,2.834142,-3.700714,0.5319008,28.091877,138.9743
2023-06-11,4802.89,370.1869230769231,125.90307692307692,11.633846153846154,45.716153846153844,Aswan,0.0,4.989348,146.31386,23.634811,33.52888,9.702708,2.6923625,-3.723236,0.17549273,16.977442,78.567215
2023-06-12,4036.9900000000002,335.50666666666666,125.38499999999999,10.902499999999998,42.80166666666667,Aswan,0.0,3.0579042,179.63959,20.616264,33.880524,8.052724,0.9736023,-2.3888092,0.17443058,8.251187,47.178253
2023-06-13,4608.13,348.3530769230769,139.70153846153846,11.275384615384613,45.75153846153846,Aswan,0.0,3.7738028,202.50581,19.990326,36.22232,9.459218,-0.09439596,2.4204407,0.20114009,7.014691,35.43993
2023-06-14,4494.45,301.6038461538461,171.36076923076922,10.650769230769232,45.76692307692308,Aswan,0.0,4.113396,115.477356,19.905289,36.99486,10.149811,1.6318156,-1.7098032,0.23593967,13.565182,61.902493
2023-06-15,4783.9,369.53615384615387,129.2330769230769,11.653846153846153,45.78153846153846,Aswan,0.0,5.1319747,160.26845,22.200806,33.47875,8.703522,1.5203756,-4.6919913,0.15784079,16.605053,58.076904
2023-06-16,4782.22,376.38846153846157,125.42307692307692,11.873076923076923,45.79153846153846,Aswan,0.0,4.213097,167.66492,20.891998,33.439526,7.7124734,0.87276715,-4.0773673,0.102392234,13.073164,48.136307
2023-06-17,4599.34,362.80538461538464,132.81538461538463,11.635384615384615,45.802307692307686,Aswan,0.0,2.9766223,191.52179,12.990262,36.005035,2.7717183,-0.42986044,-2.7067413,0.09098168,6.0829,19.410582
2023-06-18,4608.24,341.2261538461538,146.45538461538462,11.24,45.81307692307693,Aswan,0.0,4.180856,184.82312,17.372042,37.36685,7.9291077,-0.5049591,-4.007014,0.2251552,9.577435,41.481895
2023-06-19,4735.25,352.5446153846154,138.9623076923077,11.336923076923076,45.817692307692305,Aswan,0.0,5.9240546,173.65874,19.915716,34.864574,8.284495,0.66922,-5.7528076,0.20853025,12.670399,50.72136
2023-06-20,4838.17,367.97769230769234,130.92846153846153,11.59,45.825384615384614,Aswan,0.0,5.407497,159.78963,21.183699,32.151928,6.9723206,1.5204977,-4.9796243,0.12755872,16.955317,59.430916
2023-06-21,4834.86,377.45692307692303,124.50846153846153,11.705384615384615,45.83076923076923,Aswan,0.0,4.212728,145.82259,27.992142,31.497305,10.312897,2.1640167,-3.4075215,0.12161637,18.29847,72.251724
2023-06-22,4839.07,373.15076923076924,128.80076923076925,11.663846153846153,45.832307692307694,Aswan,0.0,4.3423963,145.02907,26.666382,32.035473,10.230052,2.3841045,-3.5464325,0.1429609,23.971357,85.25139
2023-06-23,4776.88,370.5884615384615,131.49769230769232,11.653076923076924,45.83307692307692,Aswan,0.0,3.7038193,129.44353,25.310076,32.16096,9.440419,1.7882437,-2.3039348,0.11441035,18.92655,75.00251
2023-06-24,4742.55,372.21999999999997,129.48384615384614,11.650769230769232,45.83384615384615,Aswan,0.0,2.9989042,135.96655,20.998404,33.241364,7.419098,1.644928,-1.7876638,0.10220611,19.456623,67.78743
2023-06-25,4729.900000000001,365.4907692307692,130.8276923076923,11.514615384615384,45.83307692307692,Aswan,0.0,4.0524716,141.84784,19.036486,33.72696,6.713369,2.3661041,-2.936803,0.11143752,15.531818,60.35823
2023-06-26,4761.46,367.5153846153846,129.8723076923077,11.55153846153846,45.83,Aswan,0.0,4.463612,143.96483,17.573019,33.60375,5.1704,2.558843,-3.4146168,0.13403812,16.300146,70.648506
2023-06-27,4790.77,368.36615384615385,131.1223076923077,11.596153846153847,45.826153846153844,Aswan,0.0,4.1048055,146.16322,15.77135,32.640045,3.0183818,2.2475483,-3.3872325,0.16728708,19.802908,117.93825
2023-06-28,4717.41,360.2346153846154,135.0053846153846,11.464615384615383,45.818461538461534,Aswan,0.0,4.6580086,163.42351,18.812637,34.82844,7.326731,1.3063914,-4.349787,0.34891558,39.049526,217.96881
2023-06-29,4805.74,365.80692307692306,131.29461538461538,11.51,45.81153846153846,Aswan,0.0,5.6612353,156.62865,20.956308,34.31957,8.582428,2.245046,-5.023748,0.26688224,23.250065,173.4722
2023-06-30,4213.04,338.24583333333334,131.95583333333335,10.951666666666666,43.58583333333333,Aswan,0.0,5.7059216,149.83327,23.145975,33.147694,9.119537,2.6848042,-4.8126426,0.42572683,59.811752,324.56177
2023-07-01,4842.7699999999995,371.6953846153846,129.73384615384614,11.616153846153846,45.78769230769231,Aswan,0.0,4.4080443,142.79022,25.496016,32.210114,9.740875,2.4916584,-3.4856212,0.496095,65.601776,345.16638
2023-07-02,4773.9400000000005,365.29999999999995,134.17384615384614,11.54076923076923,45.777692307692305,Aswan,0.0,4.1171794,147.12964,25.943031,33.031567,10.569489,2.075648,-3.4595795,0.44749296,61.06624,297.02283
2023-07-03,4722.58,365.85153846153844,131.95923076923077,11.476923076923075,45.76153846153846,Aswan,0.0,4.140531,144.41212,22.609488,33.552887,8.815094,1.8136139,-3.3106892,0.39192966,59.74561,305.04092
2023-07-04,4682.71,360.0015384615384,136.37,11.391538461538461,45.74461538461538,Aswan,0.0,3.2452192,152.86443,15.030721,34.74706,4.0525613,1.4529215,-2.8861847,0.18534012,15.939877,79.3401
2023-07-05,4190.9,343.0466666666667,136.76583333333335,10.966666666666667,45.16166666666667,Aswan,0.0,4.9481125,165.47452,15.881912,36.339184,6.2626038,1.3064982,-4.5528007,0.38267946,29.10891,192.923
2023-07-06,4756.0199999999995,356.84923076923076,134.33692307692309,11.254615384615384,45.70461538461538,Aswan,0.0,6.0453696,155.18825,24.975693,35.05598,11.807689,2.6106212,-5.3282266,0.3712976,37.39886,242.0257
2023-07-07,4741.81,338.85,148.67538461538462,11.011538461538462,45.68076923076923,Aswan,0.0,5.4934673,151.5402,24.013716,34.10554,10.457347,2.6387787,-4.812032,0.36162373,40.899864,254.42972
2023-07-08,4802.2,364.45153846153846,134.23384615384614,11.404615384615385,45.65384615384615,Aswan,0.0,4.397728,139.60474,23.912577,33.38402,9.651845,2.8083394,-3.2505138,0.33641842,39.480522,234.39172
2023-07-09,4765.25,353.3738461538462,141.96692307692308,11.287692307692309,45.62692307692308,Aswan,0.0,4.8902874,139.54706,23.667961,33.940014,9.9270735,3.1206157,-3.640569,0.4337753,38.156166,233.93506
2023-07-10,4836.27,364.13461538461536,135.6423076923077,11.38923076923077,45.596923076923076,Aswan,0.0,4.5976467,130.49202,26.84246,32.780994,10.882965,3.4232128,-2.8516438,0.44070935,37.55597,257.2874
2023-07-11,4773.0,368.05692307692306,134.2976923076923,11.45,45.56384615384616,Aswan,0.0,3.0884352,117.74576,27.048113,32.233715,10.643463,2.6434581,-1.409551,0.36346394,39.083088,243.46103
2023-07-12,4733.97,365.973076923077,132.71692307692308,11.330769230769231,45.52923076923077,Aswan,0.0,3.1740615,139.94556,25.040827,34.28905,10.978099,1.9198557,-2.2818909,0.23138186,28.784687,164.07434
2023-07-13,4740.71,357.47538461538466,138.26923076923077,11.196153846153846,45.49076923076923,Aswan,0.0,4.83505,145.1935,21.582304,35.107574,9.668691,2.5869293,-3.9208171,0.2993501,21.689041,149.92654
2023-07-14,4803.95,353.09076923076924,145.0676923076923,11.103076923076923,45.44923076923077,Aswan,0.0,5.601398,150.6252,19.730707,34.75658,7.907135,2.7556152,-4.785904,0.40675524,39.688347,253.89203
2023-07-15,4778.33,364.4553846153846,137.07846153846154,11.30076923076923,45.4076923076923,Aswan,0.0,4.0660634,130.7389,19.596876,35.079254,7.7835183,3.0960083,-2.5453033,0.30707234,33.73313,227.71658
2023-07-16,4718.85,358.61307692307696,139.65307692307692,11.185384615384615,45.360769230769236,Aswan,0.0,3.6368198,133.0468,17.644283,35.72403,7.1030173,2.6995392,-2.2605236,0.30269486,26.182728,175.69727
2023-07-17,4684.65,355.7315384615385,140.8923076923077,11.099999999999998,45.31230769230769,Aswan,0.0,3.482126,145.22514,15.307628,35.905994,5.2826233,2.1233876,-2.39387,0.19792062,13.245869,85.12007
2023-07-18,4727.98,367.11999999999995,136.69384615384615,11.28,45.25923076923077,Aswan,0.0,3.127038,93.979645,16.96553,36.106598,6.6660867,2.8394725,-0.34194946,0.1631886,17.276188,102.7616
2023-07-19,4690.84,366.87,137.73153846153846,11.26923076923077,45.20538461538461,Aswan,0.0,2.6603577,159.66115,20.282726,35.54833,9.218495,1.805191,-0.45370993,0.20151985,16.798382,107.91597
2023-07-20,4623.55,367.9623076923077,137.9946153846154,11.272307692307692,45.146153846153844,Aswan,0.0,2.6468706,165.50905,14.636418,36.84862,5.4507546,-0.22351074,-0.58544415,0.15853226,13.756321,78.18141
2023-07-21,4741.65,366.38,140.28923076923076,11.245384615384616,45.08692307692308,Aswan,0.0,3.3514726,135.23279,18.635557,36.205475,8.170726,2.2752483,-1.8246664,0.17455551,15.064449,87.102585
2023-07-22,4813.92,373.46153846153845,137.8446153846154,11.323846153846155,45.02307692307692,Aswan,0.0,3.9212315,160.19391,18.535404,36.27815,8.343822,1.166804,-3.2457275,0.27976966,31.276089,184.23352
2023-07-23,4842.5,381.94,134.83307692307693,11.453846153846154,44.95692307692308,Aswan,0.0,2.916683,98.32364,16.136272,35.138172,5.4337463,2.5728607,-0.2931315,0.26720467,31.812727,190.83005
2023-07-24,4747.22,377.2853846153846,135.77615384615385,11.321538461538463,44.886923076923075,Aswan,0.0,2.3544629,115.991005,18.829372,36.095043,8.593495,2.0638275,-0.011072795,0.23000577,23.005169,133.23804
2023-07-25,4754.05,375.29076923076923,137.43615384615384,11.244615384615384,44.81461538461539,Aswan,0.0,2.5701418,86.51569,18.766043,36.16267,7.9385476,2.4479625,0.38475546,0.26364622,17.478035,110.61722
2023-07-26,4614.28,330.63692307692304,165.92076923076925,10.762307692307692,44.74,Aswan,0.0,3.4354267,121.949196,20.114656,36.59073,9.634105,1.7423807,-0.14630635,0.25913805,22.967701,134.1174
2023-07-27,4809.74,375.91769230769233,138.51,11.22923076923077,44.660000000000004,Aswan,0.0,3.1570766,100.84799,15.382027,37.144848,6.4212136,3.1051025,-0.19432068,0.17784783,18.240335,89.99938
2023-07-28,4723.14,368.71153846153845,141.2076923076923,11.077692307692306,44.576153846153844,Aswan,0.0,3.086788,166.98094,18.15837,36.648266,8.350413,0.93991596,-1.6187032,0.21543017,18.631872,98.617546
2023-07-29,4914.99,387.6769230769231,133.30769230769232,11.33769230769231,44.49076923076923,Aswan,0.0,4.2033305,141.1244,15.973441,36.861645,6.812246,2.5986125,-3.2622375,0.17858538,18.826952,114.536835
2023-07-30,4998.16,381.4469230769231,140.3623076923077,11.30923076923077,44.40384615384615,Aswan,0.0,5.211633,139.01274,19.977562,35.433502,8.279042,3.171758,-3.7215474,0.3132193,47.320724,264.69873
2023-07-31,4945.8,380.3384615384615,139.12615384615384,11.215384615384615,44.309999999999995,Aswan,0.0,3.5030727,132.53203,22.499071,33.720287,9.173248,2.6345978,-1.9398804,0.26229283,29.19808,197.96362
2023-08-01,4800.8,370.6530769230769,145.30769230769232,11.07,44.21692307692308,Aswan,0.0,2.6944897,160.84863,23.030321,34.443104,9.944977,0.6287689,-1.5711313,0.14474902,12.987556,85.916176
2023-08-02,4753.83,362.78615384615387,149.46,10.924615384615386,44.11846153846154,Aswan,0.0,2.485475,210.84216,18.78602,36.497875,8.91861,0.5882263,-0.02075704,0.147356,9.279322,56.127956
2023-08-03,4505.58,313.5623076923077,177.39538461538461,10.340000000000002,44.01615384615385,Aswan,0.0,2.5368574,144.15863,20.51837,36.584625,10.042877,0.24212138,-1.8484904,0.23432466,10.470748,58.8444
2023-08-04,4375.29,270.0953846153846,197.78615384615384,9.803846153846154,43.910000000000004,Aswan,0.0,3.5734768,168.49146,19.54989,36.802807,9.578278,0.7922465,-2.8414001,0.37422362,20.843716,113.25382
2023-08-05,4725.46,343.63846153846157,161.13230769230768,10.580769230769231,43.80076923076923,Aswan,0.0,3.4621499,144.31828,18.32461,36.276276,8.361318,1.6479696,-1.9803416,0.28930002,26.52099,158.94972
2023-08-06,4910.93,371.5123076923077,149.5776923076923,11.029230769230768,43.690769230769234,Aswan,0.0,3.629133,152.35185,14.342069,35.635082,4.166575,1.6519165,-2.7145894,0.24008255,27.512314,159.66539
2023-08-07,4870.45,374.3184615384616,147.84076923076924,11.053076923076922,43.57692307692308,Aswan,0.0,3.080415,140.19627,14.137237,36.723297,4.9596252,1.8783722,-2.2958324,0.19679505,7.4589467,55.18064
2023-08-08,4826.49,378.2646153846154,146.6823076923077,11.048461538461538,43.45769230769231,Aswan,0.0,1.9066969,160.94008,15.4767275,36.74104,6.1782937,0.9051158,-1.4466146,0.23980153,10.374874,78.323265
2023-08-09,4764.9,371.57153846153847,146.87846153846155,10.842307692307692,43.33538461538462,Aswan,0.0,2.686718,146.5241,19.89849,37.1481,10.1752825,1.2491862,-2.1292877,0.25255895,12.595011,74.81888
2023-08-10,4885.61,361.8876923076923,153.0223076923077,10.697692307692307,43.21076923076923,Aswan,0.0,5.065363,177.65752,20.342798,37.078033,10.406077,0.2194926,-5.0203094,0.31716645,45.644436,225.5482
2023-08-11,5054.33,368.40076923076924,155.13692307692307,10.863076923076923,43.08384615384615,Aswan,0.0,6.047255,157.53976,20.948084,35.449535,9.467438,2.3775837,-5.329361,0.26405418,53.286404,271.77597
2023-08-12,5066.84,380.3284615384615,148.53307692307692,10.96923076923077,42.95153846153846,Aswan,0.0,4.085575,137.91609,31.211443,32.651928,12.92097,2.5542958,-3.041336,0.47456443,79.66258,405.35443
2023-08-13,4968.2699999999995,376.85615384615386,149.7753846153846,10.870000000000001,42.818461538461534,Aswan,0.0,3.398529,132.31664,30.766779,33.601715,13.388661,2.152013,-1.9266968,0.345314,55.913727,309.62766
2023-08-14,4824.37,341.37461538461537,166.59615384615384,10.376923076923077,42.67923076923077,Aswan,0.0,3.3667603,141.1491,33.575474,33.795887,14.82079,1.8575388,-2.4916432,0.3170681,37.736855,227.19452
2023-08-15,4980.6,359.1569230769231,157.28153846153847,10.50076923076923,42.53846153846154,Aswan,0.0,5.594154,156.91359,29.674881,34.488026,13.967275,2.2045135,-5.100418,0.48186845,66.411125,369.05634
2023-08-16,5040.83,365.9653846153846,154.67615384615385,10.545384615384616,42.395384615384614,Aswan,0.0,5.5885487,153.96028,30.69522,33.716297,13.822825,2.4708354,-4.9975486,0.44588137,79.143585,402.1594
2023-08-17,5025.429999999999,374.92153846153843,149.73076923076923,10.590769230769231,42.24615384615385,Aswan,0.0,4.435236,150.41678,32.78561,33.35774,14.44278,2.145879,-3.8102367,0.38551927,68.126755,347.9782
2023-08-18,5009.48,373.6446153846154,151.68615384615384,10.586923076923076,42.09384615384616,Aswan,0.0,4.3678765,157.86499,28.484686,33.788563,12.607005,1.6351013,-3.965973,0.26023337,44.351093,272.49155
2023-08-19,4934.55,359.2476923076923,158.67230769230767,10.332307692307692,41.941538461538464,Aswan,0.0,4.757693,165.08282,25.52794,35.20572,12.297923,1.1758066,-4.570872,0.3015026,63.389442,307.89224
2023-08-20,4982.49,369.44,154.3476923076923,10.410769230769231,41.783846153846156,Aswan,0.0,5.135962,168.9547,25.37596,35.18529,12.0183,0.9583435,-5.0323844,0.36625445,76.61237,333.75958
2023-08-21,5032.96,401.7383333333333,167.835,11.277500000000002,45.00083333333333,Aswan,0.0,5.78063,173.54625,25.960983,35.181793,12.464589,0.59437054,-5.689626,0.36966068,87.85498,339.9995
2023-08-22,4843.400000000001,404.2058333333334,166.79416666666665,11.255833333333333,44.840833333333336,Aswan,0.0,3.3602426,151.7274,24.925316,35.174793,12.030182,-0.010223389,-2.7071178,0.31385913,82.857544,315.44373
2023-08-23,4704.92,354.0,188.6291666666667,10.6825,44.67583333333334,Aswan,0.0,3.5217876,153.1655,21.812574,36.491528,11.167958,1.597341,-2.9604797,0.39323965,69.8001,304.14584
2023-08-24,4640.63,346.7575,188.10083333333333,10.415000000000001,44.509166666666665,Aswan,0.0,4.695086,173.06932,20.589888,36.40608,10.079498,0.5448303,-4.6002197,0.37732208,72.994385,297.36948
2023-08-25,5042.0599999999995,390.61083333333335,180.6875,11.113333333333332,44.340833333333336,Aswan,0.0,7.0488753,177.4665,16.864529,37.187733,7.3753967,0.32724,-7.038717,0.29328996,77.70793,339.33655
2023-08-26,5126.15,406.68249999999995,172.56166666666664,11.225000000000001,44.16583333333333,Aswan,0.0,7.2234874,182.24059,17.542488,37.05785,7.703196,-0.2562256,-7.21463,0.19101027,44.871212,185.6879
2023-08-27,5089.36,398.0683333333333,177.72666666666666,11.104166666666666,43.990833333333335,Aswan,0.0,7.055322,180.1584,17.784262,37.180573,8.419911,-0.048884075,-7.026993,0.14692968,19.964134,118.606155
2023-08-28,5002.99,413.37916666666666,168.14166666666668,11.195833333333333,43.8125,Aswan,0.0,4.2389035,189.5753,23.080528,36.905262,12.0260315,0.21114604,-3.34846,0.24054527,36.809494,185.79706
2023-08-29,5233.0,421.93666666666667,170.23749999999998,11.371666666666668,43.6325,Aswan,0.0,5.164692,154.7448,24.34313,35.504467,11.620758,2.099345,-4.654795,0.26956844,39.20443,214.4614
2023-08-30,5144.7,420.4483333333333,171.67416666666668,11.318333333333335,43.445,Aswan,0.0,2.9452705,165.94409,23.367693,34.128735,9.990387,0.34575906,-2.8807728,0.3420471,32.649117,194.3707
2023-08-31,5054.65,420.7608333333333,170.50583333333333,11.241666666666667,43.26,Aswan,0.0,2.272295,216.13972,23.898901,34.878895,10.644603,-1.369161,-1.7713877,0.11834137,14.105913,55.80451
2023-09-01,5002.52,430.8258333333333,161.07916666666668,11.1975,43.07,Aswan,0.0,2.2681067,197.83354,18.399363,35.485504,7.5269265,-0.94014996,-1.7169952,0.11016447,10.119454,43.17951
2023-09-02,5122.47,421.0408333333333,162.605,10.970833333333333,42.8775,Aswan,0.0,4.9506707,171.93648,28.118423,35.81949,14.110667,0.5699768,-4.777542,0.34037268,30.029533,154.4376
2023-09-03,5233.76,420.75666666666666,163.93833333333333,10.941666666666668,42.681666666666665,Aswan,0.0,5.6653595,163.60614,27.026766,34.42561,12.470693,1.5586039,-5.408966,0.52519184,89.56614,429.82526
2023-09-04,5202.62,429.04583333333335,160.39000000000001,10.979166666666666,42.483333333333334,Aswan,0.0,3.8405674,148.56474,29.338491,32.056225,11.388417,1.7573801,-3.3018036,0.32318544,42.15396,252.79947
2023-09-05,4137.08,228.83,237.6258333333333,8.7325,42.285000000000004,Aswan,0.0,3.6921284,160.65303,25.379225,33.311024,10.417714,1.1637421,-3.4743702,0.3207357,25.718182,158.44058
2023-09-06,5147.22,414.6716666666667,168.68583333333333,10.759166666666665,42.079166666666666,Aswan,0.0,4.795408,177.11694,19.796741,35.433422,8.549306,0.32636514,-4.707128,0.22644337,12.530056,83.40783
2023-09-07,4950.72,365.5291666666667,200.14583333333334,10.409166666666666,41.87583333333333,Aswan,0.0,5.3838325,187.28943,15.932654,36.561512,6.155426,-0.5469716,-4.9508004,0.22300649,14.431681,97.71855
2023-09-08,5154.66,426.39000000000004,166.68,10.840833333333334,41.66916666666667,Aswan,0.0,5.2171717,178.1361,16.733755,37.81493,8.023997,0.28366598,-5.1427712,0.29994905,27.368773,161.98872
2023-09-09,5168.12,414.33750000000003,172.115,10.661666666666667,41.45666666666667,Aswan,0.0,6.0975785,170.84314,20.551569,36.79027,9.966054,0.9747467,-5.946518,0.4280081,54.7906,287.223
2023-09-10,5218.67,420.4816666666666,170.37583333333333,10.703333333333333,41.24666666666666,Aswan,0.0,5.70719,189.27039,20.885845,36.0052,9.852855,-0.6021271,-5.146215,0.31771323,43.638073,234.93752
2023-09-11,5058.849999999999,429.39916666666664,164.725,10.698333333333332,41.030833333333334,Aswan,0.0,2.9815118,186.5887,19.320364,35.615387,8.413402,-0.08888245,-2.4039357,0.2721682,29.766083,177.71631
2023-09-12,5139.42,404.02500000000003,175.40666666666667,10.378333333333334,40.814166666666665,Aswan,0.0,4.527956,163.6234,25.125732,34.621166,11.653066,1.1288147,-4.0747323,0.30919835,30.927681,165.87927
2023-09-13,5219.68,405.97333333333336,176.01916666666668,10.375833333333333,40.596666666666664,Aswan,0.0,4.539793,161.05977,29.744766,32.91161,12.60733,1.5080668,-4.0584817,0.40041178,37.786217,236.8931
2023-09-14,5360.87,431.7475,166.01083333333335,10.604166666666666,40.37583333333333,Aswan,0.0,4.767589,157.07922,33.63702,32.072826,13.393951,1.8543905,-4.388311,0.39939588,45.86533,258.87115
2023-09-15,5342.17,436.185,164.65583333333333,10.604166666666666,40.15333333333333,Aswan,0.0,4.1967816,154.5072,26.042223,32.076813,10.039378,1.5093588,-3.7964427,0.2748975,44.320755,237.37718
2023-09-16,5346.75,439.0408333333333,163.32750000000001,10.579166666666667,39.9275,Aswan,0.0,3.9064558,164.0578,20.929413,31.721426,6.507151,0.8141225,-3.7265422,0.27071965,45.530277,243.92175
2023-09-17,5235.96,424.4216666666667,168.01083333333332,10.354166666666666,39.70166666666667,Aswan,0.0,3.6403272,156.3743,23.06735,31.860016,7.920237,1.1302948,-3.1472423,0.3088168,41.619457,246.50644
2023-09-18,5214.87,428.4058333333333,165.18583333333333,10.324166666666667,39.473333333333336,Aswan,0.0,3.3734083,146.09587,21.159357,32.872223,7.3027244,1.7595876,-2.3709362,0.25804523,29.761497,180.05408
2023-09-19,5287.72,429.5308333333333,163.25166666666667,10.258333333333335,39.24166666666667,Aswan,0.0,4.48267,157.75458,23.618902,32.760326,8.694244,1.7705078,-4.026052,0.34524807,39.552933,247.41925
2023-09-20,5428.2,437.145,165.31416666666667,10.3725,39.01166666666666,Aswan,0.0,5.1944337,164.42578,26.96116,32.65559,10.726959,1.3669382,-4.973826,0.2823168,38.683266,219.44106
2023-09-21,5399.01,438.58500000000004,165.93583333333333,10.355,38.777499999999996,Aswan,0.0,4.2554235,161.3684,27.750717,31.249338,10.036041,1.1472269,-4.0300193,0.25525188,44.116302,239.89316
2023-09-22,5304.71,435.30916666666667,165.045,10.231666666666667,38.54333333333333,Aswan,0.0,3.346957,154.26604,27.224922,31.44571,10.02652,1.031077,-2.9947712,0.23156959,34.677444,176.89316
2023-09-23,5305.98,432.74583333333334,165.835,10.151666666666667,38.3075,Aswan,0.0,4.333558,164.81407,25.26078,32.24934,9.456451,1.0750071,-4.14271,0.2944705,36.92465,207.28458
2023-09-24,5269.68,431.6641666666667,165.08583333333334,10.070833333333335,38.07083333333333,Aswan,0.0,4.3535004,168.65611,27.667948,32.99942,11.19221,0.84676105,-4.249705,0.37093955,44.334797,235.6401
2023-09-25,5256.02,435.06583333333333,163.08416666666668,10.043333333333333,37.8325,Aswan,0.0,4.0596642,174.61797,22.031286,33.822662,8.853993,0.30266318,-3.9788616,0.37756425,56.350826,286.67044
2023-09-26,5121.82,423.92249999999996,168.2875,9.903333333333334,37.59166666666667,Aswan,0.0,3.505451,166.65263,19.812857,34.72688,8.173248,0.6090749,-3.1116078,0.32517734,38.89019,211.49072
2023-09-27,5140.78,432.8666666666666,164.20000000000002,9.924999999999999,37.35333333333333,Aswan,0.0,2.9640238,198.88106,15.706256,35.04955,4.9794006,-0.7683614,-2.8261364,0.29576954,29.778725,139.27167
2023-09-28,4877.5199999999995,402.19083333333333,171.22083333333333,9.543333333333333,37.11083333333333,Aswan,0.0,3.0017452,204.74928,18.02727,35.865143,7.477366,-1.1134542,-2.7195232,0.2348869,18.888073,72.775375
2023-09-29,5128.5199999999995,429.68666666666667,167.04333333333332,9.824166666666667,36.8675,Aswan,0.0,3.643131,229.92336,17.9457,36.6481,8.129628,-2.794566,-2.2219594,0.2250675,16.569542,58.326084
2023-09-30,5164.01,434.1033333333333,165.60833333333332,9.823333333333334,36.623333333333335,Aswan,0.0,3.755853,211.17189,17.188078,36.967846,7.659739,-2.031789,-3.0062206,0.17971689,14.285329,55.43316
2023-10-01,5126.28,424.4358333333333,161.17083333333332,9.568333333333333,36.38,Aswan,0.0,4.2805686,196.23445,18.785494,34.88573,7.553457,-1.0902354,-4.073069,0.16823918,21.496292,85.57096
2023-10-02,5388.94,448.88000000000005,151.5025,9.711666666666668,36.13666666666666,Aswan,0.0,5.8864155,186.98067,28.276373,33.630604,12.399241,-0.7380015,-5.8316903,0.3002445,71.88488,343.3924
2023-10-03,5034.75,398.7325,163.80583333333334,9.17,35.89083333333333,Aswan,0.0,5.330884,192.32442,26.32715,31.722647,9.778392,-1.0969696,-5.171839,0.25128248,63.568855,259.9964
2023-10-04,5421.73,449.9483333333333,156.55833333333334,9.7125,35.645833333333336,Aswan,0.0,4.5468082,201.69835,25.168114,31.564606,8.913646,-1.6583252,-4.211207,0.1700069,51.568962,216.4668
2023-10-05,5418.83,459.28749999999997,155.11916666666667,9.771666666666667,35.4,Aswan,0.0,4.2889595,204.96063,25.695986,32.78718,10.123932,-1.7391611,-3.8013408,0.213715,49.118484,199.35864
2023-10-06,5420.88,453.42833333333334,157.18416666666667,9.676666666666668,35.152499999999996,Aswan,0.0,4.8187943,194.06969,30.708403,32.74291,12.366608,-1.079717,-4.631851,0.23817992,68.57024,281.78833
2023-10-07,5364.03,449.12083333333334,156.53583333333333,9.556666666666667,34.906666666666666,Aswan,0.0,4.781053,194.7798,30.27745,32.638744,12.44457,-1.1126455,-4.563568,0.2473137,84.11907,323.477
2023-10-08,5263.79,447.0733333333333,155.57333333333332,9.4625,34.660833333333336,Aswan,0.0,3.2488067,218.85036,25.827194,33.17113,10.169179,-1.9735514,-2.5526326,0.24709293,22.362362,91.98283
2023-10-09,5237.5599999999995,449.425,154.89000000000001,9.446666666666667,34.4125,Aswan,0.0,2.852012,189.95045,24.759644,33.25113,9.892975,-0.5748851,-2.6189167,0.25252914,54.186558,188.4547
2023-10-10,5413.69,443.9166666666667,154.81916666666666,9.315833333333334,34.16916666666667,Aswan,0.0,5.914467,175.73558,37.699013,31.316233,14.696767,0.42536417,-5.8927155,0.4418887,124.99728,525.7088
2023-10-11,5522.78,451.77500000000003,152.68916666666667,9.344166666666666,33.92166666666667,Aswan,0.0,5.65032,175.18959,28.913767,29.466705,9.026113,0.52091473,-5.581141,0.3286582,83.325096,404.85992
2023-10-12,5571.64,454.7516666666667,153.45333333333335,9.3425,33.67583333333334,Aswan,0.0,5.767984,177.06451,31.75949,28.740713,9.820546,0.31348166,-5.7526245,0.25566402,68.94262,357.34436
2023-10-13,5633.92,458.2083333333333,153.4425,9.341666666666667,33.42916666666667,Aswan,0.0,6.6193213,177.0017,30.169357,28.84667,9.283356,0.39411926,-6.5956573,0.20096621,62.704067,334.45453
2023-10-14,5632.22,458.5325,151.53583333333333,9.268333333333333,33.18416666666666,Aswan,0.0,6.0373497,173.87793,32.194893,28.232492,9.569977,0.6141205,-5.9997253,0.24121916,71.7104,368.8
2023-10-15,5585.48,452.05749999999995,153.8216666666667,9.171666666666667,32.939166666666665,Aswan,0.0,5.6496143,175.68164,27.206182,28.091217,6.920156,0.42551675,-5.6153717,0.20778646,51.708008,281.48853
2023-10-16,5648.16,450.2291666666667,159.89166666666668,9.193333333333333,32.69583333333333,Aswan,0.0,5.1451187,168.14746,25.485365,27.349436,5.5126853,1.0467428,-5.026377,0.25071353,40.60768,253.37476
2023-10-17,5681.83,456.34083333333336,160.23666666666665,9.229166666666666,32.4525,Aswan,0.0,4.751871,175.74666,30.518522,26.435617,7.162832,0.38230896,-4.679789,0.16761559,52.53182,270.25867
2023-10-18,5666.08,461.8775,155.68083333333334,9.186666666666666,32.21083333333333,Aswan,0.0,4.607776,175.28156,32.159275,26.46988,8.008453,0.3750356,-4.5310006,0.20622668,55.964836,278.66165
2023-10-19,5558.97,459.6675,152.10083333333333,9.059166666666668,31.968333333333334,Aswan,0.0,3.6695907,185.39001,32.503735,26.56192,8.32193,-0.35439554,-3.5472515,0.16184697,49.049843,226.25656
2023-10-20,5459.08,495.13000000000005,164.6381818181818,9.724545454545455,34.50363636363637,Aswan,0.0,3.4100704,193.37154,32.19364,28.088938,9.518951,-0.8013713,-3.2791748,0.06886149,18.1824,73.85347
2023-10-21,5350.13,485.72272727272724,166.41727272727272,9.57181818181818,34.25818181818182,Aswan,0.0,3.3895652,208.52362,28.27433,29.207672,8.532216,-1.5866293,-2.94487,0.055693,16.324451,59.869324
2023-10-22,5327.49,484.4890909090909,163.78636363636363,9.487272727272726,34.015454545454546,Aswan,0.0,3.8384125,207.77751,23.034311,30.193674,6.5765686,-1.6592153,-3.3539124,0.07542431,18.338524,68.60759
2023-10-23,5157.62,470.5254545454545,166.4518181818182,9.333636363636364,33.775454545454544,Aswan,0.0,2.7704446,217.42224,29.380959,30.165274,10.220612,-1.6596375,-2.1726887,0.08117052,12.696251,37.870735
2023-10-24,5211.0,485.3218181818182,161.54999999999998,9.382727272727273,33.53363636363636,Aswan,0.0,2.8732405,196.96802,32.590504,30.687653,11.90388,-0.7911275,-2.5376637,0.12973528,22.12369,75.52599
2023-10-25,5127.64,481.9281818181818,162.52454545454546,9.323636363636364,33.29181818181818,Aswan,0.0,2.0652506,194.92085,32.25586,30.59138,11.588695,-0.9455922,-1.6880544,0.15515816,27.100277,98.34726
2023-10-26,5225.87,488.4818181818182,163.52272727272728,9.360000000000001,33.054545454545455,Aswan,0.0,2.3538888,276.0637,33.707832,31.180328,11.993642,-2.342453,0.18743388,0.13848287,23.121998,76.83426
2023-10-27,4907.36,460.77818181818185,167.43363636363637,9.097272727272726,32.81818181818182,Aswan,0.0,1.1610245,220.67444,31.064837,31.093985,11.349762,-0.83516437,0.2538503,0.11274212,20.15609,56.201725
2023-10-28,3814.92,282.43,191.1818181818182,7.1890909090909085,32.58363636363636,Aswan,0.0,2.6062827,243.7976,39.92375,31.225168,15.261383,-1.6589304,0.7186127,0.094650514,19.271133,51.450127
2023-10-29,4902.22,443.3118181818182,162.55181818181816,8.737272727272726,32.35090909090909,Aswan,0.0,2.2627885,244.22237,44.637226,30.284494,15.886139,-1.8406118,-0.73550415,0.08550371,20.538906,63.875877
2023-10-30,5108.72,466.39545454545447,166.87181818181818,8.956363636363635,32.11727272727273,Aswan,0.0,2.56346,252.43398,50.206326,29.930084,16.77424,-1.7340851,-0.47183228,0.06887252,12.486019,42.907745
2023-10-31,5155.88,484.62727272727267,159.99272727272728,9.02909090909091,31.88909090909091,Aswan,0.0,1.9395224,244.77368,48.273,29.806387,16.318756,-1.3906046,-0.052683514,0.050088014,13.533529,36.531578
2023-11-01,5395.17,527.3454545454546,137.3709090909091,9.168181818181818,31.663636363636364,Aswan,0.0,2.3416793,187.44421,32.71317,29.440176,10.965159,-0.2244517,-2.214035,0.1237658,26.56946,90.899
2023-11-02,5522.96,526.5072727272727,139.82999999999998,9.146363636363636,31.434545454545454,Aswan,0.0,3.9746685,179.8565,36.261154,28.81363,12.127757,0.015187581,-3.9503937,0.16323332,46.396286,192.78235
2023-11-03,5511.04,529.0045454545455,139.06181818181818,9.120909090909091,31.214545454545455,Aswan,0.0,3.185138,190.49329,33.197216,28.353506,9.97346,-0.5361023,-3.0697174,0.10437754,31.059784,126.320724
2023-11-04,5318.85,518.6772727272727,140.2381818181818,8.962727272727273,30.992727272727276,Aswan,0.0,2.5161412,213.68294,39.234844,28.805002,12.829742,-1.3832804,-1.705602,0.035363127,16.336395,37.618042
2023-11-05,5195.6,502.22909090909087,138.81272727272727,8.76,30.773636363636363,Aswan,0.0,2.141856,195.24007,33.7365,28.838205,11.17512,-0.76165265,-1.8940786,0.039637543,15.326746,43.096264
2023-11-06,5282.2,505.79636363636365,141.08454545454546,8.749090909090908,30.55909090909091,Aswan,0.0,2.7696192,212.8501,30.636797,29.721018,10.269765,-1.3092905,-2.2967377,0.061067358,14.887906,49.26023
2023-11-07,5328.27,504.6890909090909,141.30818181818182,8.700909090909091,30.344545454545457,Aswan,0.0,3.4766846,218.01038,32.49516,29.841135,11.074534,-2.1278179,-2.7340648,0.06425317,13.4744625,41.546646
2023-11-08,5088.63,502.707,171.509,9.226,33.018,Aswan,0.0,3.6482575,225.43904,37.09397,29.890696,12.650136,-2.5817363,-2.5724182,0.07251892,13.488235,47.14762
2023-11-09,5330.26,560.355,140.727,9.401,32.805,Aswan,0.0,4.408812,254.28108,40.60616,29.084219,13.888824,-3.647934,-0.9372864,0.06504801,15.349131,61.068
2023-11-10,5456.09,595.629,132.259,9.586,32.595,Aswan,0.0,3.3188107,285.2624,46.359867,29.040924,16.007639,-2.9721527,1.0247549,0.04990486,14.48905,33.921593
2023-11-11,5139.13,517.028,162.884,9.095,32.387,Aswan,0.0,3.4808056,295.3762,42.11614,29.892242,14.7673235,-3.132136,1.5007883,0.11031543,13.143551,42.465202
2023-11-12,4435.71,390.434,202.376,8.270999999999999,32.184,Aswan,0.0,2.7105935,195.88216,51.73311,29.036692,17.83316,-2.0317433,1.2360687,0.08098835,19.77465,53.797028
2023-11-13,4878.82,485.62699999999995,166.43599999999998,8.761,31.985000000000003,Aswan,0.0,2.9917252,235.09746,50.522915,29.915274,18.161774,-2.2737477,-1.5080668,0.059137158,18.803297,43.68428
2023-11-14,4990.33,467.27699999999993,182.072,8.72,31.788999999999998,Aswan,0.0,5.0139866,170.63695,37.079945,28.95987,12.640859,0.86578876,-4.8734994,0.17434345,30.24887,144.37537
2023-11-15,5889.04,608.5550000000001,139.905,9.620999999999999,31.595999999999997,Aswan,0.0,5.358761,164.51709,36.817776,24.313873,8.404449,1.4559021,-5.1392975,0.14772567,41.922653,239.17828
2023-11-16,5472.15,541.91,166.999,9.184000000000001,31.407999999999998,Aswan,0.0,3.141879,177.5006,44.932972,22.814688,9.697418,0.17052715,-3.117635,0.11487992,45.904114,202.80045
2023-11-17,5715.67,604.425,139.619,9.491,31.223000000000003,Aswan,0.0,3.36886,194.49426,40.713223,24.656729,10.0208235,-0.7773641,-3.1736908,0.041875105,17.264248,66.29227
2023-11-18,5484.77,561.156,152.31900000000002,9.203,31.041000000000004,Aswan,0.0,3.5940807,177.39745,37.21172,24.46988,8.602611,0.14320374,-3.4198558,0.040460516,19.508091,65.73054
2023-11-19,5759.44,592.527,144.083,9.337,30.863,Aswan,0.0,4.3355193,152.26044,44.497696,23.23583,9.897044,2.0163624,-3.655482,0.15656437,33.58847,194.3446
2023-11-20,5523.27,524.447,167.274,8.952,30.693,Aswan,0.0,4.9028754,154.4171,41.30322,21.402414,7.2783103,2.1103313,-4.4243774,0.46908307,76.001396,448.4017
2023-11-21,5748.41,582.35,148.201,9.213,30.524,Aswan,0.0,3.8955386,200.7306,43.846832,20.17154,7.0163474,-1.2134145,-3.524577,0.0962403,31.147223,145.94356
2023-11-22,5163.27,505.32399999999996,172.012,8.732000000000001,30.360000000000003,Aswan,0.0,1.7831298,249.51442,53.93646,21.514313,10.854238,-1.3910522,-1.0563914,0.021038422,7.1344204,25.048475
2023-11-23,5575.39,587.625,145.542,9.168,30.199,Aswan,0.0,2.6031008,194.15997,45.308857,22.617178,9.175771,-0.63679,-2.3570404,0.020833094,6.748625,22.79714
2023-11-24,5354.26,565.0640000000001,146.29,8.981,30.046000000000003,Aswan,0.0,2.4852786,200.01213,42.556454,22.473215,8.811351,-1.1894379,-2.0630493,0.019893343,8.193804,25.161854
2023-11-25,5325.57,555.621,151.307,8.848,29.895,Aswan,0.0,2.254706,191.06526,46.811295,23.251535,10.680409,-0.35024515,0.021077475,0.013074741,6.6838617,16.315891
2023-11-26,5432.89,565.211,144.392,8.834999999999999,29.75,Aswan,0.0,2.541405,229.05481,30.718954,26.946198,7.5882874,0.15835571,-1.9175924,0.07304537,11.949505,51.48315
2023-11-27,5659.91,558.067,151.786,8.845,29.610000000000003,Aswan,0.0,5.806807,183.79741,29.133669,22.046377,2.8587139,-0.35915628,-5.7757416,0.15526003,34.75524,213.90303
2023-11-28,5716.68,568.766,152.65,8.909,29.471999999999998,Aswan,0.0,4.6496387,196.6165,39.134018,20.01415,5.388743,-1.2902527,-4.4387307,0.091888994,41.13142,179.68933
2023-11-29,5375.8099999999995,525.2909999999999,160.16199999999998,8.619,29.343,Aswan,0.0,3.7006614,206.03717,49.03003,20.570303,8.223785,-1.4658356,-3.256892,0.03238486,10.283527,41.22576
2023-11-30,5636.84,584.649,143.516,8.901,29.218,Aswan,0.0,3.5374508,199.86452,30.233452,21.821442,2.938385,-1.1235098,-3.3063507,0.032528866,12.250494,50.73257
2023-12-01,5596.76,578.632,144.591,8.815999999999999,29.095999999999997,Aswan,0.0,3.467798,202.38737,31.045746,22.09081,3.6447651,-1.2047831,-3.1998596,0.04055181,17.689602,69.30409
2023-12-02,5663.49,581.346,145.055,8.829,28.981,Aswan,0.0,3.7781296,195.2063,33.574986,21.397043,4.2403054,-0.91849774,-3.6145222,0.03680669,17.443619,64.27093
2023-12-03,5538.41,575.107,144.51399999999998,8.742,28.869999999999997,Aswan,0.0,3.092919,198.8819,38.243835,22.323233,7.097402,-0.89513654,-2.793691,0.053800248,22.891685,68.25015
2023-12-04,4864.65,499.483,152.623,8.192,28.762999999999998,Aswan,0.0,2.3141735,196.41998,52.990063,23.448313,12.717438,-0.65644836,-1.7774454,0.08554974,24.975708,69.92112
2023-12-05,3463.58,266.64,187.79699999999997,6.192,28.663999999999998,Aswan,0.0,1.7150503,175.31483,42.642834,25.506826,11.876943,0.1716156,-1.3102976,0.11702457,30.814331,89.63326
2023-12-06,5775.94,586.893,142.964,8.769,28.569,Aswan,0.0,4.5184627,168.43279,32.004776,22.569895,4.3834534,0.93507385,-4.4111633,0.12547268,41.842216,209.4465
2023-12-07,5644.3,585.057,138.208,8.690999999999999,28.479000000000003,Aswan,0.0,3.5468903,188.0147,45.36638,20.071768,7.496897,-0.4519094,-3.4896443,0.08352898,28.441986,120.3126
2023-12-08,5330.05,560.603,141.221,8.487,28.396000000000004,Aswan,0.0,3.1254842,157.69644,40.54321,21.477203,7.503245,0.6374715,-1.8219553,0.04407244,16.56636,41.295357
2023-12-09,5693.5199999999995,572.601,150.191,8.667,28.319,Aswan,0.0,3.0687888,195.2052,36.193356,19.408762,2.967926,-0.628479,-2.9128315,0.062154897,18.20791,91.84609
2023-12-10,5043.37,501.97700000000003,153.377,8.099,28.244,Aswan,9.536743e-07,2.4771643,261.4658,51.111256,21.340729,10.381093,-1.1903483,-1.012731,0.07260809,13.568808,40.13823
2023-12-11,3691.2,255.863,217.238,6.5200000000000005,28.177999999999997,Aswan,0.0,3.523534,157.38177,45.456882,24.208487,11.60082,1.217748,-3.0601552,0.071452275,17.59268,63.8705
2023-12-12,5718.469999999999,563.1279999999999,146.26,8.496,28.113999999999997,Aswan,0.0,5.284825,143.59222,30.964499,19.973867,2.0000713,3.285019,-3.9125874,0.21312523,31.178204,229.87653
2023-12-13,5717.03,569.003,142.704,8.507,28.060000000000002,Aswan,0.0,4.3732047,165.44643,48.65592,18.085276,6.6499734,1.0213623,-4.101003,0.13537802,35.62329,199.23448
2023-12-14,5628.17,561.903,144.094,8.418,28.009000000000004,Aswan,0.0,4.09339,198.89014,49.405415,19.358307,8.045888,-1.3286743,-3.8182628,0.08672376,23.333286,122.32923
2023-12-15,5552.79,559.962,145.743,8.413,27.965000000000003,Aswan,0.0,3.954194,233.44641,56.382328,21.55956,10.624095,-3.0665996,-2.284602,0.041075096,12.332712,56.32675
2023-12-16,5416.099999999999,557.806,144.15900000000002,8.367,27.925,Aswan,0.0,3.073373,245.76826,49.648285,23.041656,10.65388,-2.6139576,-1.2936249,0.11900689,19.702887,91.59966
2023-12-17,5474.82,556.699,148.27,8.406,27.891000000000002,Aswan,0.0,3.7342787,232.1014,51.22061,23.764801,11.274648,-2.8974,-2.2296245,0.15106332,21.888016,92.65538
2023-12-18,5593.54,557.1020000000001,153.568,8.437999999999999,27.863,Aswan,0.0,3.854997,203.50763,54.2433,21.453604,10.250234,-1.4179586,-3.424174,0.07114007,16.126163,70.71688
2023-12-19,5521.58,563.9649999999999,145.935,8.437999999999999,27.843,Aswan,0.0,2.9882972,198.67628,39.74142,20.730051,6.1399636,-0.89992267,-2.7989807,0.0655431,17.499353,60.163727
2023-12-20,4202.83,359.10499999999996,187.251,7.101999999999999,27.826,Aswan,0.0,2.119292,211.83098,49.63232,21.332916,9.825511,-1.2071127,-1.5364786,0.04601475,17.004993,51.29593
2023-12-21,4936.92,500.16099999999994,152.866,7.968000000000001,27.817,Aswan,0.0,2.2527149,210.09892,52.028393,22.25113,11.461986,-0.34604898,-0.5105031,0.056124628,14.462442,40.28627
2023-12-22,5475.38,514.005,163.74,8.197,27.812,Aswan,0.0,4.9723954,160.4186,35.4576,18.84382,2.2524312,1.5463715,-4.602249,0.10694446,37.254112,195.22034
2023-12-23,5687.25,559.3,148.921,8.437999999999999,27.814,Aswan,0.0,3.0662928,151.85954,49.141205,17.09024,6.088938,1.4696604,-2.6879628,0.17226684,37.304134,180.31395
2023-12-24,5667.86,561.289,147.904,8.427,27.825,Aswan,0.0,3.1153004,175.3698,46.325756,17.006174,4.9237366,0.3437449,-3.0160573,0.14899051,21.189423,143.35413
2023-12-25,5646.46,560.409,146.602,8.407,27.836000000000002,Aswan,0.0,3.8769681,189.56355,50.884396,17.79296,7.0318093,-0.60350543,-3.7852478,0.14038032,27.89603,138.36377
2023-12-26,5668.97,571.192,143.98499999999999,8.492,27.856,Aswan,0.0,3.39667,185.42635,44.17993,18.922842,6.0322976,-0.30621848,-3.3633068,0.06548159,21.263874,77.69521
2023-12-27,5648.16,572.548,143.457,8.509,27.881,Aswan,0.0,2.7156074,155.69743,51.05723,18.38207,7.680084,1.1179047,-2.2888439,0.10287964,29.997183,152.5572
2023-12-28,5719.5,563.332,144.959,8.45,27.911,Aswan,0.0,4.3500013,160.9203,55.05724,17.710276,8.164459,1.4392649,-4.1042123,0.22506955,52.04109,253.06221
2023-12-29,5495.05,542.1890000000001,147.66299999999998,8.325,27.948,Aswan,0.0,3.1755683,166.33223,64.91529,17.692698,10.516347,0.73098755,-2.9975586,0.1323179,41.87362,162.60019
2023-12-30,5550.58,561.629,143.70999999999998,8.443999999999999,27.990000000000002,Aswan,0.0,2.998789,190.83574,54.61774,19.182037,9.284821,-0.36496988,-2.8933766,0.10058004,30.936184,85.03518
2023-12-31,5547.32,561.264,146.257,8.466,28.038,Aswan,0.0,3.2000778,206.79659,51.40132,16.00943,5.986969,-1.4426727,-2.85643,0.051128358,18.257423,43.274796
2019-01-01,3806.7799999999997,309.03499999999997,161.29000000000002,5.802,23.497,Cairo,0.0,2.630526,204.29059,56.132214,13.9479065,4.4916077,1.649498,0.86383057,0.012626481,122.8321,170.28802
2019-01-02,3383.33,239.02399999999997,168.006,5.336,23.56,Cairo,8.106232e-06,5.751455,27.905182,43.090168,14.077423,1.2015686,3.2481613,4.2751465,0.16894476,61.106182,95.178696
2019-01-03,5232.78,500.89400000000006,131.787,7.006,23.63,Cairo,0.0,5.5051613,53.316986,48.569355,15.663116,4.4356995,4.400223,3.305191,0.14659417,110.1178,153.00876
2019-01-04,5171.13,508.879,131.03400000000002,7.108,23.704,Cairo,0.0,2.7856636,208.0847,47.618477,14.165192,2.5086975,1.0307922,2.1939468,0.118616,75.14566,106.49657
2019-01-05,5120.06,493.354,136.642,7.046000000000001,23.785000000000004,Cairo,0.0,3.2537303,68.46187,36.812305,15.243683,0.20401001,2.923523,0.6436081,0.11274104,114.97319,168.34108
2019-01-06,4754.39,382.071,174.91500000000002,6.5200000000000005,23.874,Cairo,0.0,6.7653365,65.45273,41.270664,13.304962,-0.3864441,6.210594,2.3952484,0.24292712,111.2894,181.58981
2019-01-07,4291.33,362.08000000000004,148.443,6.18,23.966,Cairo,9.536743e-07,5.956347,49.065765,46.078648,12.236603,0.91238403,4.643837,3.1974945,0.1837404,120.62615,169.35068
2019-01-08,4683.99,419.37399999999997,140.95499999999998,6.593999999999999,24.064,Cairo,0.0,6.348428,52.32434,48.941612,12.615753,1.3876038,5.09391,2.8108215,0.26727763,116.77753,168.4053
2019-01-09,4695.2,398.073,170.507,6.6370000000000005,24.168,Cairo,0.0,2.5413415,74.52324,54.221825,11.635651,2.2044983,2.4228287,0.67396545,0.042584628,62.118877,83.367905
2019-01-10,5353.67,540.267,127.772,7.3950000000000005,24.279,Cairo,0.0,1.7673142,265.72177,47.374554,12.379303,-0.10714722,-1.3152771,-0.45037842,0.0148114655,106.59332,148.33981
2019-01-11,5222.94,525.9390000000001,129.149,7.378,24.395,Cairo,0.0,1.9136459,224.18893,47.735733,12.456451,0.6091614,-1.1977005,-1.2346878,0.0063482826,87.755646,121.95801
2019-01-12,5311.23,549.5980000000001,122.974,7.516,24.516,Cairo,0.0,2.2983398,145.94647,42.724102,14.080475,0.24450684,-0.2197876,1.1849823,0.019979754,111.21601,153.95172
2019-01-13,3402.39,232.31799999999998,172.70999999999998,5.354,24.644,Cairo,0.0,7.3769326,53.70479,37.45722,13.769562,-0.6453552,6.007736,4.197693,0.41384745,157.1728,239.44049
2019-01-14,3066.17,210.87600000000003,160.385,4.916,24.777,Cairo,0.0,5.5592794,55.756165,45.523018,14.722809,2.9393616,4.594368,3.129959,0.24760251,183.51694,252.71362
2019-01-15,5516.8,521.673,134.051,7.464999999999999,24.915,Cairo,0.0,6.706064,26.128708,38.657555,13.291534,-1.4388123,3.2973557,5.559387,0.15724823,83.55576,118.31372
2019-01-16,2496.42,193.64666666666665,139.7288888888889,4.523333333333333,25.193333333333335,Cairo,1.4305115e-06,9.598027,60.19197,33.1688,12.93277,-2.907074,7.7475357,2.966774,0.6754658,182.93903,304.8493
2019-01-17,3548.35,264.54200000000003,168.524,5.654,25.209,Cairo,0.0,3.2654085,88.416504,56.996284,11.812286,3.1319885,2.624588,-0.014549255,0.03682216,67.14247,91.98894
2019-01-18,5150.72,498.296,144.28300000000002,7.4510000000000005,25.362000000000002,Cairo,0.0,2.2649858,174.85745,56.587097,13.941071,4.605438,0.18637848,-2.2526398,0.0024600783,84.69322,117.137535
2019-01-19,5193.75,487.47200000000004,148.33499999999998,7.4159999999999995,25.52,Cairo,0.0,3.1927476,229.4674,62.481903,13.918488,5.9167786,-2.402031,-2.1008835,0.0067749326,39.00872,55.003452
2019-01-20,3041.5299999999997,163.483,208.30900000000003,5.4,25.685000000000002,Cairo,0.0,2.1967318,242.95178,61.73429,13.484772,5.3498535,-1.9858704,-0.9245682,0.029833324,38.251347,53.71374
2019-01-21,5192.33,490.18636363636364,113.69272727272728,7.019090909090909,23.655454545454543,Cairo,0.0,2.089818,139.5497,48.768414,17.627228,4.996002,-0.025802612,0.56757355,0.057033695,82.20293,113.585945
2019-01-22,4906.44,420.86454545454546,136.74454545454546,6.725454545454546,23.83090909090909,Cairo,0.0,2.4326334,178.57437,70.17996,13.210236,7.129303,0.14716482,-2.2344437,0.061824713,101.81894,140.5904
2019-01-23,2425.85,95.70181818181818,181.4618181818182,4.317272727272727,24.007272727272724,Cairo,0.0,2.2342973,300.7324,59.621216,16.273834,6.764435,-1.2465057,0.6337738,0.02594607,70.82808,96.942215
2019-01-24,5080.68,423.1636363636364,144.80545454545452,6.886363636363637,24.19454545454545,Cairo,0.0,5.6692224,216.59753,27.410515,17.13382,-2.006073,2.7759018,3.4748688,0.28706777,120.32962,170.92581
2019-01-25,5386.5,494.51545454545453,123.77090909090909,7.318181818181818,24.38181818181818,Cairo,0.0,2.3746667,174.32173,38.14216,15.494659,-0.57406616,0.24555969,2.0303192,0.16614267,157.72507,210.91289
2019-01-26,5353.25,473.8109090909091,131.2809090909091,7.233636363636364,24.572727272727274,Cairo,0.0,4.034604,187.84071,29.63929,17.810822,-1.873169,1.1948166,3.215889,0.16248612,107.03128,139.85815
2019-01-27,5238.67,430.1627272727273,147.36363636363637,7.068181818181818,24.770000000000003,Cairo,0.0,4.1674485,55.99283,29.443111,15.092438,-2.8486023,3.606514,1.8426743,0.37702563,146.96881,199.01025
2019-01-28,5460.33,474.28272727272724,129.86363636363637,7.300909090909091,24.970000000000002,Cairo,0.0,4.367471,67.66365,42.17463,14.879303,1.7628479,3.80056,1.388382,0.2006754,101.54843,134.99088
2019-01-29,5278.96,468.15636363636366,129.02545454545455,7.35,25.177272727272726,Cairo,0.0,2.6040292,178.98312,38.611565,14.955719,-0.040527344,-0.027282715,2.5779877,0.09394236,75.195656,102.417786
2019-01-30,5540.01,476.49363636363637,136.8972727272727,7.4772727272727275,25.383636363636366,Cairo,0.0,4.1453056,50.156525,38.551292,14.73111,-0.4234314,3.386917,1.2526398,0.20113939,106.409485,156.15997
2019-01-31,5083.49,422.6054545454545,145.10636363636365,7.081818181818182,25.596363636363638,Cairo,0.0,3.3251474,40.107803,36.03428,14.832428,-1.2037048,2.3257065,1.9762268,0.23151845,119.621735,169.36435
2019-02-01,5168.34,454.83181818181816,144.61,7.430909090909091,25.813636363636363,Cairo,0.0,1.7091069,234.4533,37.73312,15.773468,0.37954712,0.12687683,0.07910156,0.19105396,151.16772,221.41483
2019-02-02,5342.72,469.40363636363634,139.5909090909091,7.574545454545455,26.033636363636365,Cairo,0.0,3.1396556,221.30658,46.36184,16.136505,3.8999329,-1.7486115,-2.4509125,0.12687042,98.011,136.19357
2019-02-03,5425.47,456.89909090909094,152.10454545454547,7.6036363636363635,26.256363636363634,Cairo,0.0,4.494708,233.5138,57.965904,16.5961,6.0587463,-3.642624,-2.593895,0.024208639,34.036045,51.4794
2019-02-04,5391.26,512.3927272727273,127.39545454545454,7.927272727272728,26.483636363636364,Cairo,0.0,2.8964992,137.51276,45.465626,18.651031,4.7016907,-0.5744629,0.8846283,0.043487743,49.526688,67.66709
2019-02-05,3949.49,325.5109090909091,139.7027272727273,6.157272727272727,26.713636363636365,Cairo,4.2915344e-05,4.8033934,334.0384,40.48832,20.73819,5.901886,-1.0036392,4.3213196,0.15132946,114.41921,160.3916
2019-02-06,1676.1399999999999,94.81363636363636,99.76727272727273,2.9909090909090907,26.94818181818182,Cairo,0.00093460083,2.3184927,128.69525,54.463585,14.063873,4.652069,1.500145,-0.87177277,0.3681057,144.51678,197.21355
2019-02-07,5498.06,463.86909090909097,146.5690909090909,7.84,27.184545454545457,Cairo,0.0,4.0338984,191.28181,65.344215,13.782135,5.587677,1.4226379,3.3108215,0.3275641,118.57183,171.85464
2019-02-08,5200.78,416.03999999999996,161.5127272727273,7.584545454545454,27.425454545454546,Cairo,0.0,4.8667216,45.673447,51.43592,15.2500305,4.1959534,3.359146,2.2700958,0.20766988,112.543945,147.42459
2019-02-09,4223.32,287.37363636363636,186.83636363636361,6.455454545454546,27.66818181818182,Cairo,4.7683716e-07,2.298515,96.12744,59.310696,15.248322,6.460846,2.2420807,-0.39694977,0.060577966,48.4325,62.939823
2019-02-10,3321.37,168.10818181818183,201.17454545454547,5.693636363636364,27.912727272727274,Cairo,1.8119812e-05,3.0926445,179.39131,61.636627,14.57193,6.619049,1.478096,-1.7586823,0.020412827,59.84384,83.96341
2019-02-11,4107.400000000001,252.85454545454547,207.29545454545453,6.539090909090908,28.16090909090909,Cairo,0.0,2.2175045,152.36319,60.956085,14.7048645,5.9689026,1.0147781,-1.9639969,0.0041962154,33.232933,46.06746
2019-02-12,5480.42,471.76545454545453,151.6418181818182,8.165454545454544,28.414545454545454,Cairo,0.0,2.2276506,233.30325,53.979706,15.204987,4.282379,-1.7635574,-1.2335281,0.006097755,45.28401,63.222122
2019-02-13,4640.42,426.00699999999995,154.108,7.845000000000001,28.671999999999997,Cairo,0.0,3.5885234,148.35701,56.89387,15.705353,5.0760803,0.6028137,0.99388885,0.017402343,62.980106,87.81612
2019-02-14,4910.32,358.1972727272727,173.46818181818182,7.426363636363636,28.920909090909092,Cairo,0.0,5.3062983,33.741272,44.99212,13.8159485,1.4512024,3.7314377,2.9057007,0.258511,116.657845,174.72862
2019-02-15,1758.1,47.44818181818182,149.30545454545452,3.4354545454545455,29.179090909090906,Cairo,7.6293945e-06,5.905858,50.945663,56.46134,12.987335,4.497101,4.511612,3.7021484,0.39384812,194.50848,267.36066
2019-02-16,4362.2,326.59999999999997,157.92909090909092,6.840000000000001,29.44272727272727,Cairo,3.33786e-06,4.2978272,58.81482,55.9108,14.661774,4.2114563,3.6302109,1.8130112,0.06810905,57.522827,83.45369
2019-02-17,4250.85,298.1818181818182,175.02545454545455,6.805454545454546,29.703636363636363,Cairo,1.1444092e-05,3.5969706,211.06934,46.68605,14.615265,2.2691956,2.3437576,2.14888,0.13388678,69.80071,100.28314
2019-02-18,4887.04,379.77000000000004,168.32181818181817,7.619999999999999,29.969090909090905,Cairo,0.00011062622,3.0651026,78.682526,44.34807,14.174713,2.0271301,1.658783,-0.70871735,0.1640157,88.94046,134.86505
2019-02-19,4149.65,278.0963636363636,192.2881818181818,6.804545454545454,30.235454545454544,Cairo,0.0,2.1775858,153.02286,56.24301,14.65152,4.639435,1.0220108,-1.902832,0.004021331,32.78587,45.27717
2019-02-20,4076.12,254.79272727272726,210.41454545454545,6.958181818181819,30.505454545454544,Cairo,0.0,2.3758616,171.19385,56.398144,15.788605,5.93277,0.5501785,-1.4152908,0.01824644,50.905678,70.940094
2019-02-21,5612.92,485.9990909090909,155.54181818181817,8.781818181818183,30.775454545454547,Cairo,0.0,2.9708326,192.44328,51.351162,15.510773,4.381378,0.5157318,-1.7029953,0.02105683,37.048447,52.33893
2019-02-22,5202.39,425.28909090909093,168.10636363636365,8.31909090909091,31.045454545454547,Cairo,1.9073486e-06,2.4846117,158.69025,56.83047,15.255646,5.744293,0.9474716,-1.4596558,0.010810334,46.811848,64.73781
2019-02-23,4635.66,326.14,202.23454545454544,7.678181818181819,31.320909090909087,Cairo,0.0,1.8752624,186.28964,51.057545,15.9079895,4.056061,0.75940704,0.9061432,0.03813898,62.899147,87.016396
2019-02-24,5598.88,508.39090909090913,147.53,9.112727272727271,31.594545454545457,Cairo,0.0,2.0156984,259.80255,46.065056,16.864899,3.4896545,-1.9837646,-0.32736206,0.29062906,129.18774,180.35913
2019-02-25,5675.28,520.6372727272727,144.6,9.264545454545454,31.87,Cairo,0.0,4.920991,153.87349,28.585743,21.95279,-0.96676636,0.24363708,2.0067825,0.2589844,80.9881,107.87503
2019-02-26,5059.34,352.1963636363637,208.06545454545451,8.209090909090909,32.14818181818182,Cairo,0.0,5.3113866,86.37344,29.327528,18.110382,-0.059173584,5.1952133,0.62687683,0.27317065,130.46698,191.54529
2019-02-27,4205.26,235.29999999999998,226.78181818181818,7.143636363636364,32.42636363636364,Cairo,1.9073486e-06,4.653862,89.431946,58.864708,16.00467,6.882599,4.6474533,0.14474487,0.12701197,55.530994,91.623856
2019-02-28,4635.5,282.4654545454545,221.5918181818182,7.717272727272728,32.70545454545454,Cairo,2.4795532e-05,6.211678,96.806076,57.039143,14.489899,5.8960266,5.8205185,-1.5033646,0.18955806,70.56172,113.965866
2019-03-01,3859.89,251.10818181818183,178.24818181818182,6.717272727272728,32.98545454545455,Cairo,0.0,4.134676,102.21747,50.71984,14.379059,3.9964905,3.9704819,-0.990921,0.029700786,26.505836,41.267067
2019-03-02,5726.29,472.3772727272728,169.11,9.307272727272727,33.267272727272726,Cairo,0.0,3.2387938,48.07469,46.4345,15.771881,2.6407776,2.6625519,1.4324417,0.070438325,63.39108,93.2222
2019-03-03,5961.4,507.0581818181818,156.55272727272725,9.605454545454545,33.550909090909094,Cairo,0.0,5.05348,212.46562,39.47515,16.08316,1.0785217,3.4524765,2.7457428,0.17161462,67.46331,105.920746
2019-03-04,4303.05,255.47272727272727,232.75181818181818,7.637272727272728,33.83272727272727,Cairo,0.0,2.5639744,86.51732,56.983036,16.349396,6.6527405,2.5509033,0.12473297,0.047112897,56.918087,79.563034
2019-03-05,3417.73,187.64,195.5090909090909,6.159090909090909,34.11545454545455,Cairo,0.00015687943,2.6587675,188.99672,64.792786,15.685699,8.819366,0.5434265,-1.9692612,0.01327003,41.398907,59.11712
2019-03-06,5068.42,362.29727272727274,211.35636363636365,8.759090909090908,34.39636363636364,Cairo,0.0,2.5679865,199.94833,65.31264,15.099884,7.4183655,-1.050705,-2.1310577,0.0020934762,55.770065,76.98333
2019-03-07,5399.14,428.5972727272727,188.1909090909091,9.324545454545454,34.68181818181818,Cairo,0.0,3.4711542,200.00287,62.236732,16.391266,7.5503235,-1.0250778,-3.2428818,0.003036959,39.45151,55.599686
2019-03-08,5891.51,506.1463636363637,162.87545454545455,9.964545454545455,34.96363636363637,Cairo,0.0,3.7553148,211.54376,56.911873,17.199371,6.7174377,-2.1310654,-3.0364761,0.011332809,40.79546,60.751945
2019-03-09,6148.61,539.079090909091,154.21272727272728,10.314545454545454,35.24818181818182,Cairo,0.0,4.6316023,233.85947,49.160072,17.83609,4.8763733,-3.700325,-2.7774124,0.014666752,31.462578,48.274956
2019-03-10,6092.29,550.2845454545454,146.06,10.408181818181818,35.53090909090909,Cairo,0.0,3.4776835,202.0405,56.12427,17.280914,6.526291,-1.0349655,-3.015068,0.0041408986,49.013756,68.84676
2019-03-11,5880.28,537.6636363636363,147.06545454545454,10.340909090909092,35.81636363636363,Cairo,0.0,2.755518,200.38702,56.651314,18.084259,7.487335,-0.9136658,-2.5975952,0.038559154,58.20289,82.810745
2019-03-12,4452.54,300.6372727272727,216.65999999999997,8.252727272727272,36.098181818181814,Cairo,0.0,1.996618,229.35217,43.8751,19.351105,3.5083923,-1.3937836,-1.2907867,0.055633686,84.50815,117.315094
2019-03-13,5783.46,472.4054545454546,176.4609090909091,10.005454545454546,36.38181818181818,Cairo,0.0,4.8109803,209.8682,49.84195,17.598297,5.946808,3.9614258,1.2101135,0.4188077,206.20477,308.95374
2019-03-14,4692.51,285.06454545454545,236.16727272727275,8.481818181818182,36.664545454545454,Cairo,4.7683716e-07,6.107197,94.972046,49.48963,17.087189,5.9569397,5.9780655,-0.47190094,0.19104692,122.998505,182.08563
2019-03-15,5844.82,488.3836363636364,169.11636363636364,10.22181818181818,36.946363636363635,Cairo,0.0,3.2870486,177.95152,47.979294,18.625153,4.865753,2.6160126,1.0134964,0.12410433,96.77871,142.52625
2019-03-16,4470.4,304.03818181818184,187.6290909090909,7.958181818181819,37.22818181818182,Cairo,6.055832e-05,4.959518,60.58043,53.785923,16.214752,6.244171,3.7960281,-0.8031006,0.29296213,111.23226,165.27034
2019-03-17,5779.46,477.0054545454546,180.61909090909091,10.323636363636364,37.50909090909091,Cairo,0.0,2.8013363,106.94801,54.228878,16.743195,6.3386536,2.5789413,-0.9278717,0.007638265,30.345955,44.322296
2019-03-18,5934.63,547.0609090909091,146.6809090909091,10.860000000000001,37.78909090909091,Cairo,0.0,2.4844718,226.96088,51.251827,18.273956,6.478302,-1.7872162,-1.7141953,0.006045877,66.28561,93.25719
2019-03-19,5652.9800000000005,504.7581818181818,150.65454545454546,10.405454545454544,38.06818181818182,Cairo,0.0,3.4761314,214.3363,56.66439,19.298859,9.190216,-1.9857025,-2.848198,0.010095805,42.317024,60.350136
2019-03-20,5719.04,484.89272727272726,171.94454545454548,10.505454545454546,38.346363636363634,Cairo,0.0,3.7125068,213.46933,60.85533,19.476105,9.944366,-2.0559769,-3.0904617,0.046982504,22.932259,33.01561
2019-03-21,5851.3099999999995,525.4963636363636,151.92363636363638,10.824545454545456,38.623636363636365,Cairo,0.0,3.5346437,216.9339,61.598747,20.027985,10.631012,-2.1445541,-2.8034668,0.06784955,34.629784,50.13793
2019-03-22,5964.66,497.17083333333335,135.79083333333332,10.141666666666667,35.80416666666667,Cairo,0.0,3.8531752,225.43166,52.55049,20.838165,8.022247,-2.76445,-2.6808014,0.073491246,43.245934,61.64732
2019-03-23,4931.29,366.44666666666666,156.33916666666667,8.588333333333333,36.0775,Cairo,7.05719e-05,4.94705,239.16632,44.84344,21.579254,7.8059387,-4.288849,-2.4554062,0.46866816,53.33493,78.55327
2019-03-24,4940.04,300.42583333333334,211.90666666666667,8.612499999999999,36.35166666666667,Cairo,0.0,6.1705017,154.29166,56.537064,19.265533,9.376495,2.268196,-4.728142,0.2538258,34.149178,52.65246
2019-03-25,2854.26,119.35666666666667,180.54666666666665,5.390833333333333,36.6225,Cairo,2.0503998e-05,5.0507417,120.15164,50.191055,17.346588,5.4496155,4.3429794,-2.5703278,0.023224045,37.779778,57.47477
2019-03-26,5849.69,452.45166666666665,157.09583333333333,10.054166666666667,36.891666666666666,Cairo,0.0,3.225295,89.59549,50.25276,17.09903,4.9888,3.1926804,0.22277832,0.01744216,33.828712,49.508896
2019-03-27,5778.24,461.5058333333333,149.78166666666667,10.095,37.163333333333334,Cairo,0.0,3.0945263,148.54266,47.381805,18.098785,4.7638245,1.9333191,-2.1200867,0.058879193,78.634865,115.28956
2019-03-28,5391.4,445.1575,145.98666666666668,9.848333333333333,37.4275,Cairo,0.0,2.35756,152.75981,45.241585,19.92398,5.080719,0.39626312,0.34563446,0.05225165,58.11259,80.81122
2019-03-29,3956.11,226.94916666666666,194.59666666666666,7.290833333333333,37.69416666666667,Cairo,0.0,4.3883195,191.28735,27.08774,23.261993,2.080841,1.1132507,3.2143326,0.26287913,68.36775,103.969666
2019-03-30,2135.9,27.63666666666667,193.5175,4.26,37.95916666666667,Cairo,2.2888184e-05,7.4744134,77.26782,45.9003,18.314728,6.438507,7.0137024,0.9907379,0.5742171,183.78474,274.00305
2019-03-31,3278.44,120.31083333333333,212.33,6.064166666666666,38.220000000000006,Cairo,3.0517578e-05,4.842377,88.038376,53.524635,15.712921,5.50296,4.836334,0.1960144,0.17701474,52.58403,85.69838
2019-04-01,4128.48,189.91166666666666,232.10916666666665,7.585833333333333,38.48,Cairo,9.536743e-07,4.5160637,52.32248,48.08589,16.401398,4.317047,3.8557816,1.8069077,0.17630322,84.32111,121.16177
2019-04-02,5752.12,428.6975,173.02583333333334,10.285,38.73916666666667,Cairo,0.0,2.8954659,213.01723,45.706234,17.785187,4.3819885,1.8209152,0.85344696,0.12246178,101.05259,147.41348
2019-04-03,5086.72,385.82750000000004,177.74666666666667,9.766666666666667,38.995,Cairo,0.0,2.3165586,198.9538,51.492897,20.024078,7.0660706,-0.8313141,-0.65280914,0.17437407,50.15612,75.66295
2019-04-04,5453.44,402.7383333333333,179.95666666666668,10.066666666666666,39.25,Cairo,0.0,3.6405134,172.62323,59.67726,19.39212,9.7117,0.33249664,-3.4095306,0.0801795,32.702095,47.412964
2019-04-05,5539.51,418.57500000000005,171.92166666666665,10.241666666666667,39.50083333333333,Cairo,0.0,2.0325696,212.07834,56.630733,19.064117,8.466827,-1.1105728,-1.6607132,0.040206756,55.641792,77.57473
2019-04-06,1634.85,11.903333333333334,170.61166666666665,3.5816666666666666,39.75,Cairo,0.0,4.6891365,124.76003,40.89132,22.307037,6.1478577,-1.5419159,2.3980026,0.1313804,39.045403,55.320007
2019-04-07,5583.32,459.4491666666667,155.82416666666668,10.746666666666668,39.998333333333335,Cairo,0.0,3.4128222,48.5746,36.00255,26.483795,8.975006,2.3198624,1.1452789,0.38332963,112.7751,151.78543
2019-04-08,5260.82,394.3866666666667,183.85333333333332,10.237499999999999,40.245,Cairo,0.0,2.920258,142.23376,44.819496,23.555817,8.458405,2.0253983,-1.0972214,0.25341234,117.506744,158.10828
2019-04-09,4847.24,335.34666666666664,179.90416666666667,9.199166666666667,40.485,Cairo,0.0,3.985231,210.53831,46.263885,21.958527,8.595612,1.3260498,0.42197418,0.19526473,74.18652,109.030304
2019-04-10,5847.61,491.8283333333333,140.8775,11.249166666666667,40.7275,Cairo,0.0,2.5859125,193.25044,43.52855,20.14566,5.990631,0.5834274,-1.1748505,0.11473251,62.40189,93.83242
2019-04-11,5976.82,502.74083333333334,137.66166666666666,11.4525,40.964166666666664,Cairo,0.0,3.9346006,219.7669,41.697342,20.766876,5.9010315,-2.3833694,-3.0117874,0.05087467,30.172176,44.365997
2019-04-12,6109.6900000000005,502.9925,139.6225,11.558333333333332,41.19833333333333,Cairo,0.0,5.0599976,235.07587,49.385685,20.346222,7.2479553,-4.1712265,-2.7765732,0.038209587,32.201477,53.005035
2019-04-13,5550.87,404.0492307692308,159.04615384615383,10.109230769230768,38.37307692307692,Cairo,0.0,4.50882,138.34479,47.77383,23.670319,5.0552063,-0.20310211,1.7147293,0.17672534,28.120575,40.67833
2019-04-14,5250.39,336.4561538461539,177.0976923076923,9.242307692307692,38.59384615384616,Cairo,0.0,4.4201083,94.627625,25.963064,25.15628,3.9787903,4.268059,-0.2792282,0.605708,274.87857,371.39255
2019-04-15,1027.08,1.2038461538461538,107.13307692307693,2.1523076923076925,38.81230769230769,Cairo,0.0,4.060321,214.98898,60.508644,19.286163,11.306915,-2.2969818,-3.291092,0.41247338,67.610245,98.12822
2019-04-16,5382.110000000001,344.70923076923077,181.12846153846155,9.605384615384615,39.027692307692305,Cairo,0.0,4.2113457,123.50078,60.05588,19.980255,9.315338,3.4581146,-0.75250244,0.48736638,117.36279,164.17737
2019-04-17,5069.3,270.41846153846154,219.4953846153846,9.143846153846154,39.2423076923077,Cairo,0.0,3.3459263,135.54141,57.588898,18.449005,8.382233,2.4891663,-2.2068253,0.020082489,26.385376,38.745728
2019-04-18,5869.97,449.07,130.9446153846154,10.746923076923078,39.45307692307692,Cairo,0.0,2.5781598,150.09615,49.808784,18.159698,5.7185364,1.512825,-1.8987808,0.010803672,32.32259,45.587326
2019-04-19,5530.5,367.8176923076923,172.06230769230768,10.023076923076925,39.660000000000004,Cairo,0.0,3.5071006,172.87427,42.680275,19.969269,5.396881,1.7465591,-1.8226395,0.038183812,62.025402,87.41992
2019-04-20,5791.6,397.44076923076926,160.95153846153846,10.428461538461537,39.86538461538461,Cairo,0.0,3.9851375,139.30933,51.969334,18.4628,6.99234,2.774887,-2.6146698,0.018609207,26.532063,41.124245
2019-04-21,5880.0,395.40999999999997,163.90307692307695,10.504615384615384,40.068461538461534,Cairo,0.0,4.707349,135.31177,47.902214,17.952057,5.075836,3.153885,-3.4505692,0.018813364,24.393488,39.30945
2019-04-22,5882.88,427.40538461538466,144.76846153846154,10.753076923076922,40.26615384615385,Cairo,0.0,2.818874,138.02032,47.898945,17.601105,5.3076477,1.8960419,-2.085579,0.008180136,34.046585,49.25054
2019-04-23,5636.05,391.35153846153844,157.93307692307692,10.314615384615385,40.46307692307692,Cairo,0.0,3.4838755,217.4003,41.969227,19.45633,4.6419983,-2.1993408,-2.6857758,0.15382423,45.952602,67.68036
2019-04-24,5455.74,352.32076923076926,176.43615384615384,9.950769230769232,40.65538461538461,Cairo,0.0,6.026339,227.5034,45.203556,21.52298,6.091095,-4.43042,-4.0820312,0.23512629,32.139748,54.353592
2019-04-25,5473.73,360.49461538461543,176.5469230769231,10.196153846153846,40.84615384615385,Cairo,0.0,6.7320824,223.8476,43.398617,23.765045,7.1200256,-4.66877,-4.8499527,0.3940501,57.128365,90.892456
2019-04-26,5696.1,421.6992307692308,141.20461538461538,10.698461538461537,41.03384615384615,Cairo,0.0,5.3848476,218.358,39.26847,24.666656,7.539459,-3.309143,-4.2421875,0.54970324,73.60975,110.365486
2019-04-27,5648.85,445.6261538461539,127.07692307692308,11.048461538461538,41.21846153846154,Cairo,0.0,3.7511473,196.47794,33.89653,25.47464,6.4619446,-0.6472168,-3.3640747,0.3955147,69.805084,101.869415
2019-04-28,5376.650000000001,435.1492307692307,134.15384615384616,10.983076923076924,41.399230769230776,Cairo,0.0,2.0512202,210.8774,37.179054,26.191315,6.9032288,-0.3291397,-0.9087982,0.30983287,106.315895,148.20818
2019-04-29,5466.58,400.7023076923077,151.8530769230769,10.657692307692308,41.57692307692308,Cairo,0.0,3.3998995,98.48387,28.425985,28.080597,7.9413147,3.346634,-0.5546341,0.32414955,117.16408,164.63867
2019-04-30,4638.48,307.7346153846154,171.15153846153845,9.253076923076923,41.75153846153846,Cairo,0.0,3.1372342,195.37743,43.5342,27.405182,11.906158,-1.0611572,-2.82592,0.4184519,90.574326,120.338715
2019-05-01,5065.639999999999,341.3292307692308,183.05461538461537,10.114615384615385,41.92230769230769,Cairo,0.0,4.4747076,172.32379,29.2306,29.89505,8.615143,0.3772049,0.10907745,0.45336485,86.87114,115.67145
2019-05-02,2520.87,117.79307692307692,147.11615384615385,5.06076923076923,42.09076923076923,Cairo,2.861023e-06,4.337534,149.42824,35.475945,28.569733,10.623932,1.9367447,-3.7621613,0.77966833,121.16781,166.36797
2019-05-03,5608.4400000000005,409.2823076923077,145.92076923076922,10.87923076923077,42.25538461538462,Cairo,0.0,4.689408,163.23895,45.422203,24.5159,10.723419,1.5421143,-4.295395,0.18530782,42.876152,57.985588
2019-05-04,5546.93,393.69307692307694,158.4123076923077,10.871538461538462,42.41615384615385,Cairo,0.0,2.9995565,212.41269,44.93967,22.644928,8.266876,-1.6123734,-2.4672012,0.04501968,27.22221,41.481365
2019-05-05,5260.16,362.4061538461538,170.91153846153844,10.472307692307691,42.574615384615385,Cairo,0.0,3.4401293,254.1997,40.492813,26.304962,7.0416565,-3.12352,-0.9610443,0.21145546,43.365234,63.824852
2019-05-06,4532.83,228.83615384615385,232.55846153846156,9.134615384615385,42.72923076923077,Cairo,0.0,3.683682,233.58313,26.387918,28.313751,6.9931946,1.5165634,0.18789673,0.41460472,94.58937,134.84467
2019-05-07,5516.75,394.6584615384615,152.2576923076923,10.913076923076924,42.879230769230766,Cairo,0.0,4.2999725,159.43806,50.974525,22.975616,10.402863,1.4660721,-3.8669968,0.10907679,22.953434,36.9178
2019-05-08,5239.23,333.8369230769231,187.10307692307694,10.473076923076924,43.027692307692305,Cairo,0.0,2.759035,181.90146,47.331608,22.252838,9.315216,0.47246552,-1.9236069,0.081881315,41.875923,65.288086
2019-05-09,4830.8,228.88615384615383,246.07923076923078,9.424615384615384,43.17307692307692,Cairo,0.0,2.7255569,157.61127,47.025375,21.202667,8.434723,1.1665573,-2.362114,0.018765451,23.8406,34.60855
2019-05-10,5480.610000000001,427.8015384615385,128.6446153846154,11.323846153846155,43.31461538461539,Cairo,0.0,2.076502,202.29428,43.517746,21.487823,6.917267,-0.65447235,-1.7015915,0.0066146497,29.44128,41.256416
2019-05-11,5344.22,427.96384615384613,125.77538461538461,11.32846153846154,43.45307692307692,Cairo,0.0,2.4859095,220.19513,38.34957,25.170319,7.7462463,-1.5597458,-1.8488312,0.03775962,31.29085,44.442295
2019-05-12,5210.36,433.6069230769231,125.02384615384615,11.476153846153846,43.58846153846154,Cairo,0.0,2.2074947,257.47086,24.758854,28.33731,5.4263,-2.1629944,-0.33338928,0.09366268,48.438053,71.055305
2019-05-13,5309.04,419.66923076923075,134.27923076923076,11.37076923076923,43.71846153846154,Cairo,0.0,3.6511939,249.0709,20.691158,30.382965,4.178009,-3.3553085,-1.3257751,0.11126006,45.45259,68.17751
2019-05-14,5396.76,424.20692307692303,131.6176923076923,11.476153846153846,43.84461538461539,Cairo,0.0,5.2181263,249.28113,20.224323,31.259674,5.0204163,-4.842308,-1.7757187,0.100383215,37.17151,56.978096
2019-05-15,5232.76,430.31615384615384,127.15461538461538,11.570769230769232,43.96923076923077,Cairo,0.0,2.186975,236.41586,26.49486,29.849152,6.884552,-1.8739624,-1.1252747,0.10345278,31.503357,48.253956
2019-05-16,5125.29,408.2407692307692,140.15153846153845,11.298461538461538,44.089999999999996,Cairo,0.0,2.9046297,169.88522,24.979586,31.454254,6.782257,-0.30329132,-1.4503098,0.15868361,34.032116,47.68221
2019-05-17,5406.54,405.6276923076923,138.07,11.113846153846152,44.20846153846154,Cairo,0.0,4.696891,120.335846,37.704094,27.626251,10.891754,4.05777,-2.3282166,0.100958034,38.379154,59.646683
2019-05-18,5315.599999999999,412.5276923076923,136.17153846153846,11.460769230769232,44.32076923076923,Cairo,0.0,3.759253,210.62671,25.877796,28.222565,5.3335266,1.2696991,0.08660126,0.18270808,52.233055,80.60217
2019-05-19,5489.93,430.58,124.33692307692309,11.62923076923077,44.431538461538466,Cairo,0.0,3.7164793,198.73914,44.72742,25.884674,11.143951,-1.2814255,-3.467865,0.034432456,41.01883,60.53537
2019-05-20,5409.68,417.02153846153846,130.4,11.507692307692308,44.53846153846154,Cairo,0.0,4.334366,229.79901,40.96537,27.311554,10.626251,-3.224472,-2.8757477,0.08056979,34.504044,50.94864
2019-05-21,4712.25,391.1541666666667,135.955,11.07,44.01583333333334,Cairo,0.0,4.885847,237.26358,38.387283,30.484283,11.566193,-4.114647,-2.6341171,0.19033304,61.227432,87.92703
2019-05-22,4499.03,355.655,161.60083333333333,10.764166666666666,44.11833333333333,Cairo,0.0,3.3984227,254.27025,22.062136,33.809357,5.2191467,-3.1536026,-0.9354477,0.26293737,42.70968,63.174038
2019-05-23,4823.75,311.17214285714283,170.10142857142858,9.968571428571428,41.745,Cairo,0.0,4.46869,159.17337,17.25779,36.669586,5.8021545,0.050735474,2.2049408,0.2660326,80.60634,109.65468
2019-05-24,4793.87,363.5576923076923,139.23923076923077,10.36076923076923,42.606153846153845,Cairo,0.0,3.4620137,226.97379,20.322645,34.300323,8.264191,1.2216492,-0.714447,0.19655642,94.83562,135.18878
2019-05-25,4979.9800000000005,299.6435714285714,170.565,9.747857142857143,41.92642857142857,Cairo,0.0,3.6119695,189.12555,46.501984,27.894196,14.095123,-0.5653229,-3.5611954,0.30054182,37.28354,53.830162
2019-05-26,5404.62,384.30571428571426,121.62357142857142,10.825000000000001,42.012142857142855,Cairo,0.0,3.8922966,215.87225,45.67028,26.798615,11.671417,-2.2839355,-3.1473007,0.07571739,29.88964,46.016663
2019-05-27,5286.9,366.8957142857143,129.25285714285715,10.546428571428573,42.09428571428572,Cairo,0.0,3.9755728,218.54669,45.682037,27.135406,11.606476,-2.4171524,-3.1129684,0.18097301,23.258612,35.111862
2019-05-28,5365.92,387.3971428571428,117.77357142857143,10.865714285714287,42.17285714285714,Cairo,0.0,4.292918,219.7633,49.498363,28.147003,14.380646,-2.7085876,-3.3272858,0.09345396,36.88563,55.218983
2019-05-29,5357.06,395.2514285714286,113.74214285714287,10.992857142857144,42.24714285714286,Cairo,0.0,5.076694,220.21161,44.698887,30.365875,14.038727,-3.0985336,-3.9824524,0.11514312,32.408237,47.48165
2019-05-30,5261.34,375.0514285714286,125.22642857142857,10.687857142857142,42.31857142857143,Cairo,0.0,5.280336,203.6089,36.45388,30.310211,12.01297,-2.1858215,-4.80204,0.19553977,62.26893,89.59285
2019-05-31,4668.02,260.65500000000003,184.4992857142857,9.528571428571428,42.38857142857143,Cairo,0.0,4.4265947,190.27863,41.083664,30.1586,13.659821,-0.7841339,-4.356552,0.24549207,33.717415,49.95665
2019-06-01,5101.240000000001,349.1021428571429,136.3542857142857,10.346428571428572,42.45285714285715,Cairo,0.0,4.2337737,192.82626,43.843693,29.7388,13.928009,-0.97080994,-4.119751,0.16786432,30.187197,43.78102
2019-06-02,5151.2,370.3107142857143,120.29285714285713,10.587142857142856,42.51428571428572,Cairo,0.0,4.3454924,210.63876,39.54683,30.504913,13.616486,-2.2520294,-3.7122192,0.23032701,42.543747,61.97149
2019-06-03,5055.97,338.31857142857143,138.89714285714285,10.213571428571429,42.57285714285714,Cairo,0.0,5.524656,230.51529,42.491814,31.014557,15.249664,-4.317322,-3.414566,0.33789864,39.696053,59.890488
2019-06-04,4450.71,203.68785714285715,210.82214285714286,8.54,42.62714285714286,Cairo,0.0,6.481596,211.62776,41.604523,29.835358,14.930817,-2.958313,-5.5103073,0.4037111,79.62563,109.685776
2019-06-05,2921.11,95.24428571428572,182.35357142857143,5.632142857142857,42.68,Cairo,6.67572e-06,4.4704547,212.30531,42.980736,29.373932,15.3211975,-2.3887482,-3.778717,0.46431482,78.4628,102.624405
2019-06-06,5134.21,362.53499999999997,123.78285714285714,10.607142857142858,42.72714285714286,Cairo,0.0,4.844289,211.25972,48.757866,29.903961,16.39151,-2.566475,-4.092636,0.26546195,50.23964,72.46488
2019-06-07,5217.14,379.20285714285717,113.99714285714286,10.772142857142857,42.775,Cairo,0.0,3.945137,192.82298,43.924683,29.226593,14.467194,-0.8667526,-3.8483124,0.08674629,30.427094,43.830914
2019-06-08,5244.12,376.1921428571428,117.27071428571428,10.630714285714287,42.81571428571429,Cairo,0.0,3.2674203,157.2232,52.09175,27.173859,15.032013,1.3041534,-2.6321182,0.015492771,22.578085,33.11065
2019-06-09,5192.84,368.42285714285714,121.79142857142857,10.615714285714287,42.853571428571435,Cairo,0.0,2.544785,115.14284,53.684723,27.723663,15.309723,2.2962341,-0.7362442,0.025227105,25.796051,38.63392
2019-06-10,5146.82,372.1485714285714,116.61285714285714,10.615714285714287,42.89,Cairo,0.0,3.2127125,125.69942,43.31804,29.941803,13.506378,2.7148209,-0.88772583,0.0644051,38.236732,57.31941
2019-06-11,4847.84,326.0657142857143,142.19071428571428,10.225714285714286,42.92142857142857,Cairo,0.0,3.2974014,145.33391,40.11681,31.448273,13.6128235,1.5547104,0.55711365,0.116505966,49.31591,73.002815
2019-06-12,4508.42,344.9653846153846,117.19692307692307,10.002307692307692,41.214615384615385,Cairo,0.0,3.124515,149.60245,48.12308,29.352448,15.496979,2.0123749,-2.2183685,0.061008446,30.304733,43.274597
2019-06-13,5078.25,350.0364285714286,129.61499999999998,10.349285714285715,42.97642857142857,Cairo,0.0,3.040377,181.34247,47.654507,28.912628,15.689362,1.0079117,-2.081398,0.053354755,47.42805,66.5672
2019-06-14,4640.33,240.36785714285716,196.21357142857144,9.242857142857144,42.99928571428571,Cairo,0.0,2.6356769,135.26602,54.588272,27.802887,17.03775,1.8876572,-1.8131561,0.056897514,30.242987,41.74598
2019-06-15,5031.05,357.6064285714286,123.08857142857143,10.349285714285713,43.01857142857143,Cairo,0.0,2.6422167,141.22363,50.371826,29.542389,16.599884,1.687767,-1.3769302,0.06340288,47.26291,64.50281
2019-06-16,5160.88,380.6114285714286,106.09285714285714,10.772857142857143,43.035000000000004,Cairo,0.0,4.2654138,108.29874,50.313118,29.569122,15.600861,4.078865,-0.57357025,0.0920757,37.104214,60.957596
2019-06-17,5116.38,371.92571428571426,113.83571428571429,10.59,43.04785714285714,Cairo,0.0,2.6059594,127.67941,49.838722,29.15384,16.437042,2.1883698,-1.2967148,0.08740417,32.323204,46.61537
2019-06-18,5019.15,375.3128571428571,111.63428571428572,10.687142857142858,43.05785714285714,Cairo,0.0,2.8839488,164.66983,47.201157,30.61734,15.945221,1.4534531,-1.8964005,0.09707165,50.488544,71.068726
2019-06-19,4948.47,360.69571428571425,118.855,10.39,43.065,Cairo,0.0,3.1591473,184.25362,36.060524,32.69803,14.348907,0.6540375,-2.361557,0.28349987,46.8916,65.698975
2019-06-20,4993.94,360.53785714285715,120.99357142857143,10.545714285714286,43.06928571428572,Cairo,0.0,3.7148094,219.34018,35.662743,32.080963,13.799103,-2.3595505,-2.8569489,0.19297835,35.946106,52.48149
2019-06-21,5146.929999999999,371.39428571428573,117.59214285714286,10.699285714285713,43.07,Cairo,0.0,4.5236607,186.70656,46.91009,29.7294,15.381744,-0.433609,-4.219719,0.10727479,24.727173,36.33594
2019-06-22,5136.599999999999,380.37357142857144,108.015,10.787142857142857,43.067142857142855,Cairo,0.0,3.4463043,163.2055,54.504723,29.54422,18.160553,1.1387329,-3.2226334,0.025160287,27.465586,39.474976
2019-06-23,5033.78,350.1021428571429,128.8992857142857,10.31142857142857,43.06214285714286,Cairo,0.0,3.0891151,172.18292,58.810066,29.659943,19.242828,0.47156525,-3.045189,0.024977686,31.152908,44.185635
2019-06-24,5193.61,384.59928571428566,109.09,10.835714285714285,43.05285714285714,Cairo,0.0,4.17151,198.92284,52.771347,30.559967,18.231598,-1.4705734,-3.8627396,0.031462982,25.63987,37.72869
2019-06-25,5107.1,388.40500000000003,104.61357142857142,10.94,43.042142857142856,Cairo,0.0,3.2144141,202.1025,49.47928,31.614899,17.738312,-1.2441177,-2.9595032,0.031040587,38.456757,54.333008
2019-06-26,5014.41,391.055,102.72500000000001,10.991428571428571,43.026428571428575,Cairo,0.0,2.7744474,187.46538,40.328865,33.13614,15.660797,-0.2215805,-2.7043457,0.05166258,45.236443,64.347496
2019-06-27,4984.37,389.0957142857143,103.6907142857143,10.949285714285713,43.00857142857143,Cairo,0.0,2.8114305,194.72787,42.293797,33.019684,16.499908,-0.018417358,-2.2561264,0.13689926,55.63639,81.81085
2019-06-28,5033.71,366.9571428571429,118.25142857142858,10.514285714285714,42.989285714285714,Cairo,0.0,4.000014,153.95007,46.65437,31.69461,17.965973,1.7167358,-2.7257004,0.11451295,36.35536,53.399445
2019-06-29,5055.16,356.25642857142856,127.4542857142857,10.412857142857144,42.964285714285715,Cairo,0.0,2.645126,135.56195,52.513557,30.618439,17.94522,2.0568848,-1.5253143,0.051989786,33.62909,49.355423
2019-06-30,5064.63,368.51142857142855,117.90142857142858,10.527857142857142,42.93714285714286,Cairo,0.0,2.2710538,134.29736,51.424644,30.39029,17.585602,1.6816254,-1.4215622,0.029018588,34.443497,49.31228
2019-07-01,4861.09,328.3357142857143,142.20142857142858,10.022857142857143,42.90642857142858,Cairo,0.0,2.6440873,147.24208,53.64092,31.003815,18.560455,1.4576416,-2.1651611,0.030786602,32.10095,45.909927
2019-07-02,4510.94,376.9438461538462,100.90076923076923,10.549230769230768,42.197692307692314,Cairo,0.0,2.5947096,195.72275,45.98849,32.027985,16.793732,-0.4572754,-2.136238,0.024701484,46.243862,64.280594
2019-07-03,4603.25,419.7425,104.87833333333333,11.659166666666666,45.564166666666665,Cairo,0.0,3.0301454,187.66049,42.05175,31.73941,15.425446,-0.13947296,-2.8294296,0.016171237,42.166084,58.668514
2019-07-04,5215.14,431.7684615384615,106.68153846153845,11.926923076923078,45.99076923076923,Cairo,0.0,3.4309855,191.74695,42.564896,31.015778,15.168732,-0.4491806,-3.3436966,0.017915057,34.46806,49.592014
2019-07-05,5186.74,404.44307692307694,127.78307692307693,11.456923076923077,45.95076923076923,Cairo,0.0,3.0354218,173.57605,48.144684,29.313995,16.13211,0.40117645,-2.9952087,0.015679654,26.099415,37.667007
2019-07-06,5091.67,401.6169230769231,126.69384615384615,11.367692307692307,45.9076923076923,Cairo,0.0,2.6898549,149.35616,54.432014,31.060333,18.703644,1.4849014,-2.219101,0.030788764,35.062664,50.06965
2019-07-07,5209.31,427.0792307692308,109.55692307692308,11.776153846153846,45.862307692307695,Cairo,0.0,4.0230556,140.84828,52.33961,31.062653,17.757477,2.6750107,-2.9688568,0.03349515,26.059055,39.457863
2019-07-08,5164.05,417.0515384615385,114.26384615384616,11.623076923076923,45.81153846153847,Cairo,0.0,3.2737308,129.4913,50.68477,30.290314,17.30252,2.5427399,-2.061386,0.028612614,23.23416,35.589184
2019-07-09,5152.13,423.9607692307692,111.63307692307693,11.695384615384615,45.75769230769231,Cairo,0.0,2.5973616,157.77362,49.29438,30.539093,16.381012,1.0879135,-2.341362,0.035044596,33.63336,51.684296
2019-07-10,5087.93,402.4184615384616,125.33076923076922,11.218461538461538,45.70230769230769,Cairo,0.0,2.921454,162.6106,51.02073,31.490387,19.164948,0.91539764,-2.772499,0.08139376,26.758247,47.963287
2019-07-11,5066.72,410.64384615384614,119.06,11.401538461538461,45.643076923076926,Cairo,0.0,2.7529674,166.12607,52.906204,31.539093,18.866608,0.6473923,-2.6751404,0.12575524,21.99458,51.343315
2019-07-12,4983.9,394.1646153846154,129.72846153846154,11.232307692307693,45.58153846153846,Cairo,0.0,2.9845448,182.22928,44.968918,32.921173,17.457062,1.3435745,-1.637886,0.24383175,14.223412,33.065414
2019-07-13,5160.55,416.04,117.77230769230769,11.478461538461538,45.51538461538462,Cairo,0.0,3.2299466,172.18913,47.957443,31.183868,16.865143,0.70762634,-2.7797394,0.07141635,20.274809,36.673874
2019-07-14,5158.83,425.34769230769234,110.13153846153847,11.623076923076923,45.44538461538461,Cairo,0.0,2.4935496,188.34975,44.267715,29.907135,15.141998,-0.16080475,-2.4114609,0.010518954,18.032125,29.53119
2019-07-15,5121.42,419.17615384615385,112.29230769230769,11.496153846153845,45.37384615384615,Cairo,0.0,2.9797165,171.12744,49.403282,31.000519,17.879547,0.85230255,-2.7050476,0.07814324,23.438866,45.249542
2019-07-16,4882.21,380.46384615384613,141.1723076923077,11.026923076923076,45.29692307692308,Cairo,0.0,2.1173608,191.87143,45.275246,32.791656,16.892487,0.06503296,-1.0094986,0.3142647,15.187561,24.955624
2019-07-17,4752.97,337.7123076923077,162.13,10.38923076923077,45.21923076923077,Cairo,0.0,5.330453,231.49585,26.024797,36.479645,13.911285,2.3414536,1.8964691,0.43554395,19.103016,79.32893
2019-07-18,5062.65,398.7853846153846,127.75846153846155,11.177692307692308,45.13384615384616,Cairo,0.0,3.5776186,157.44415,44.17955,32.3284,17.527374,1.5086136,-2.1148376,0.18407083,12.969425,50.041397
2019-07-19,5126.01,406.1876923076924,123.41692307692308,11.214615384615387,45.04692307692308,Cairo,0.0,2.9653025,202.77618,49.80879,30.569366,17.761261,-1.025322,-2.6844482,0.07119635,20.48154,37.160343
2019-07-20,5135.13,388.4438461538461,137.10538461538462,10.942307692307692,44.95923076923077,Cairo,0.0,3.5488074,182.55861,50.32831,29.697662,17.18692,0.03793335,-3.3600845,0.067187905,20.681978,38.331524
2019-07-21,5062.24,360.43,156.50615384615384,10.821538461538463,44.86538461538461,Cairo,0.0,3.281157,162.86331,50.371735,29.173004,17.073639,1.0141068,-3.1158447,0.023773504,15.78294,29.793558
2019-07-22,5128.21,393.4569230769231,137.59384615384616,11.013846153846155,44.76923076923077,Cairo,0.0,2.35538,159.32828,57.198605,29.920197,18.899445,0.8068924,-2.2008514,0.0381032,27.07298,49.36228
2019-07-23,5148.139999999999,406.28615384615387,127.95769230769231,11.053076923076922,44.67,Cairo,0.0,2.5424426,146.52963,54.87922,30.753693,18.316925,1.4441605,-2.0380173,0.03888625,19.07268,35.762226
2019-07-24,5177.26,417.1046153846154,124.73153846153846,11.276923076923076,44.566153846153846,Cairo,0.0,2.3199043,161.86554,50.89559,30.808746,16.919098,0.7876358,-2.1694107,0.047611892,26.389729,46.406902
2019-07-25,5207.24,425.6769230769231,120.01615384615386,11.382307692307693,44.45769230769231,Cairo,0.0,2.1013408,160.02597,47.69428,30.67154,16.225616,0.8346329,-1.7533722,0.033835337,27.057024,44.20249
2019-07-26,5211.88,413.20153846153846,125.67153846153846,11.11076923076923,44.349230769230765,Cairo,0.0,3.0500073,157.70459,55.738754,30.57901,18.505157,1.2136383,-2.7815247,0.026944965,19.386753,36.90582
2019-07-27,5179.62,393.20307692307694,137.77846153846156,10.833076923076923,44.23307692307692,Cairo,0.0,2.8990605,144.15625,55.314556,30.033722,18.530426,1.8353424,-2.198578,0.04760518,20.389795,41.335754
2019-07-28,5232.85,406.9723076923077,132.56923076923078,11.025384615384617,44.11769230769231,Cairo,0.0,2.3679597,141.01878,51.663734,29.710846,17.16922,1.6090393,-1.592392,0.041256864,17.574615,32.340897
2019-07-29,5228.95,431.24,115.52384615384615,11.343846153846155,43.99615384615385,Cairo,0.0,2.146502,169.93765,47.963577,30.303741,16.791534,0.4816208,-2.0718002,0.038735867,25.264648,42.988182
2019-07-30,5165.68,424.8538461538461,123.46153846153847,11.238461538461538,43.871538461538464,Cairo,0.0,2.7209375,182.2168,48.172546,31.168488,15.929718,0.19031525,-2.5324326,0.025093447,19.67443,32.548386
2019-07-31,5193.3,422.77923076923076,122.27076923076923,11.106923076923076,43.74384615384615,Cairo,0.0,3.0401726,165.9797,52.805187,31.957672,19.064972,1.0037918,-1.9635391,0.089737356,28.698586,61.8519
2019-08-01,5210.05,422.13230769230773,122.51384615384616,10.993076923076924,43.614615384615384,Cairo,0.0,3.0141864,170.36403,53.982925,31.176178,19.06778,0.51397705,-2.483429,0.038181525,27.344059,47.9868
2019-08-02,5281.75,429.39153846153846,119.54615384615384,11.106153846153846,43.47846153846154,Cairo,0.0,2.8231347,147.39568,50.292664,31.375153,18.013214,1.9058533,-1.7643127,0.03976532,22.671429,39.493725
2019-08-03,5299.8,434.17615384615385,114.81384615384614,11.092307692307694,43.34076923076923,Cairo,0.0,2.9394581,156.10608,45.44177,32.181305,17.892975,1.7769775,-1.810669,0.06688203,26.880991,51.86653
2019-08-04,5281.31,433.2230769230769,116.12230769230769,11.120000000000001,43.19923076923077,Cairo,0.0,3.1038668,145.67021,55.172974,31.882355,20.269073,1.7638016,-2.5535889,0.089323744,14.530376,30.051975
2019-08-05,5229.23,406.4669230769231,135.37,10.801538461538463,43.05538461538462,Cairo,0.0,2.9315958,145.16855,56.103127,31.373932,19.248566,1.7610016,-2.3273544,0.16421886,19.576363,46.526573
2019-08-06,5431.5,441.0161538461538,116.34307692307692,11.23076923076923,42.90538461538461,Cairo,0.0,3.194365,135.99667,56.199615,29.894562,17.793732,2.4117508,-1.8412704,0.07945332,15.31204,42.34702
2019-08-07,5338.57,430.36769230769227,120.39230769230768,11.042307692307691,42.75461538461538,Cairo,0.0,2.2103329,117.23303,54.026108,29.386139,17.799713,1.9844131,-0.96170807,0.05190091,24.563942,49.726204
2019-08-08,5108.63,382.1823076923077,150.06153846153845,10.469999999999999,42.599230769230765,Cairo,0.0,2.3644993,187.3712,54.66803,30.59256,19.045685,-0.17163086,-2.2972107,0.08495878,29.822836,57.29256
2019-08-09,5345.43,432.0346153846154,121.07461538461538,10.903846153846153,42.440000000000005,Cairo,0.0,2.7339325,166.2262,51.37941,31.121124,18.536407,0.7130661,-2.6347427,0.05585238,24.602076,45.08533
2019-08-10,5377.76,449.2969230769231,113.50461538461538,11.181538461538462,42.27846153846154,Cairo,0.0,2.5432658,194.28064,35.518143,31.284943,13.402985,0.57738495,-1.067215,0.05628131,24.719366,42.087105
2019-08-11,5272.21,446.18384615384616,117.29230769230769,11.149230769230769,42.112307692307695,Cairo,0.0,2.5695357,176.1122,40.199066,31.706085,13.867218,0.6035538,-0.7665634,0.04051972,22.708431,37.594624
2019-08-12,5266.62,449.17384615384617,114.48538461538462,11.107692307692307,41.94461538461538,Cairo,0.0,2.457223,158.43457,43.60378,31.903107,15.661652,0.9625168,-0.37445068,0.048383772,30.814528,52.247635
2019-08-13,5243.67,431.6884615384615,125.2576923076923,10.83,41.77384615384615,Cairo,0.0,2.1842551,148.94415,44.7541,31.398834,16.061554,1.09021,-1.3271332,0.042354867,30.282328,47.671406
2019-08-14,5273.71,446.02230769230766,117.39076923076922,11.013846153846155,41.599230769230765,Cairo,0.0,2.835211,178.02615,47.056583,31.89029,15.471466,0.74931335,-2.1838684,0.04212989,24.716648,44.10092
2019-08-15,5273.51,442.3007692307692,116.94615384615385,10.87153846153846,41.41923076923077,Cairo,0.0,3.8801808,169.2545,29.644909,35.032135,12.813385,-0.1693039,2.087654,0.084885344,20.591745,38.74701
2019-08-16,5150.62,412.16230769230765,131.59846153846155,10.42,41.23846153846154,Cairo,0.0,3.2121463,167.3753,51.24437,32.889923,20.077911,0.7041397,-2.9372482,0.12742588,28.10659,52.47812
2019-08-17,5308.04,422.9246153846153,129.99692307692308,10.562307692307693,41.05461538461539,Cairo,0.0,3.4328122,168.62863,53.378742,31.439484,18.93631,0.96247864,-3.0889435,0.059112787,17.957514,37.120537
2019-08-18,5231.99,383.29538461538465,154.43846153846155,10.194615384615386,40.86538461538461,Cairo,0.0,3.0968218,144.33084,56.821396,30.018463,18.859406,1.8793106,-2.4297638,0.038652167,23.62193,47.609154
2019-08-19,5475.97,436.42923076923074,123.90384615384616,10.676923076923078,40.675384615384615,Cairo,0.0,3.208552,120.95404,53.534737,28.48941,16.011993,2.9071274,-0.9959488,0.033552274,16.314804,41.015335
2019-08-20,5181.43,398.95923076923077,142.01307692307694,10.176153846153845,40.48076923076923,Cairo,0.0,2.2846677,155.58916,55.107616,29.411774,18.118439,0.83483124,-2.0979996,0.026395004,28.158047,50.91417
2019-08-21,5352.08,434.02846153846156,123.95692307692308,10.488461538461538,40.283846153846156,Cairo,0.0,2.6328235,182.0068,52.980568,30.381989,18.092316,-0.085861206,-2.626152,0.03172269,25.080723,44.111954
2019-08-22,5440.0,431.0138461538462,128.08923076923077,10.491538461538463,40.08538461538462,Cairo,0.0,3.8245564,197.67642,48.712467,30.376373,17.222809,-1.1237259,-3.644928,0.022182917,22.605541,43.15983
2019-08-23,5406.88,431.0023076923077,127.83,10.38846153846154,39.88153846153846,Cairo,0.0,2.9117303,182.22614,50.788986,29.777985,17.008698,-0.10694885,-2.9095993,0.027949596,35.342697,58.45614
2019-08-24,5274.64,419.8184615384616,132.0823076923077,10.218461538461538,39.676923076923075,Cairo,0.0,2.0183492,170.05011,51.135513,30.537994,18.024933,0.44833374,-1.8437042,0.031041475,25.780075,41.92321
2019-08-25,5282.33,424.6815384615385,130.05769230769232,10.243076923076924,39.46615384615385,Cairo,0.0,2.2116961,169.75894,51.978638,31.521027,18.509674,0.60959625,-1.4770966,0.07664841,31.087242,59.869892
2019-08-26,5188.22,403.94999999999993,139.95076923076923,9.963846153846154,39.25615384615384,Cairo,0.0,2.4361207,170.99644,53.99155,31.279572,18.766022,0.54958344,-2.3119888,0.09693198,30.505568,57.7155
2019-08-27,5203.71,400.7653846153846,142.48384615384614,9.909230769230769,39.042307692307695,Cairo,0.0,2.4783452,182.29218,54.183037,31.160675,19.211945,0.3008728,-2.243599,0.082033835,35.5866,64.73031
2019-08-28,5264.78,403.20384615384614,141.07461538461538,9.873076923076923,38.824615384615385,Cairo,0.0,3.2484612,169.22583,51.451103,31.4971,18.270538,0.5353241,-3.198555,0.07979194,30.230675,55.634132
2019-08-29,5303.68,413.84230769230766,135.02153846153846,9.911538461538461,38.60307692307693,Cairo,0.0,2.9581316,166.59622,55.507576,31.146515,19.047882,0.705925,-2.872116,0.07773278,25.419434,47.40232
2019-08-30,5324.06,409.27846153846156,139.7930769230769,9.873076923076923,38.38153846153846,Cairo,0.0,2.834678,178.83133,54.74618,30.589508,18.351349,-0.020843506,-2.8257217,0.060942315,25.72076,46.558464
2019-08-31,5345.95,428.9576923076923,130.3846153846154,10.02076923076923,38.15692307692307,Cairo,0.0,1.4383271,167.50806,50.16192,30.230988,17.313995,0.30014038,-1.3213272,0.05098786,20.127686,34.612793
2019-09-01,5468.41,486.8025,129.8775,11.0025,41.0,Cairo,0.0,2.682238,181.24942,55.54941,30.466217,18.64566,-0.093696594,-2.676262,0.052618265,32.98618,58.20392
2019-09-02,5602.04,511.0058333333333,117.705,11.188333333333333,40.77,Cairo,0.0,2.8255198,185.0685,55.498184,30.016266,18.539703,-0.13505554,-2.7224808,0.057542585,26.562025,46.94249
2019-09-03,5527.33,487.1125,129.82916666666668,10.886666666666668,40.54333333333333,Cairo,0.0,2.7097707,176.39442,51.882202,29.09256,17.283112,0.3147354,-2.623932,0.03873434,28.39843,48.034924
2019-09-04,5568.63,496.90749999999997,124.40583333333335,10.938333333333333,40.30833333333333,Cairo,0.0,2.9504237,157.4456,53.49701,29.461945,17.942902,1.2211761,-2.66671,0.03306002,22.87918,39.5694
2019-09-05,5544.34,509.4166666666667,117.78833333333334,10.990833333333333,40.075833333333335,Cairo,0.0,2.8130028,169.36389,50.134937,29.911896,16.642365,1.2388763,-2.1052551,0.03741225,27.00465,44.872383
2019-09-06,5256.68,492.5783333333333,122.88166666666666,10.7275,39.8375,Cairo,0.0,2.2111905,212.63455,46.368458,31.862091,17.451447,-1.0916977,-1.0098419,0.11058016,25.21867,46.9151
2019-09-07,5457.07,477.95416666666665,133.00666666666666,10.584999999999999,39.597500000000004,Cairo,0.0,3.5502946,166.59052,52.572853,30.292755,17.901886,0.9900894,-3.0092316,0.06159979,23.235191,43.224266
2019-09-08,4736.98,297.9175,223.76083333333335,9.19,39.3575,Cairo,0.0,3.0002894,158.39594,54.028137,29.355255,18.016632,1.1584244,-2.7639084,0.054195218,24.54304,43.974827
2019-09-09,5362.900000000001,440.37583333333333,153.38083333333333,10.248333333333333,39.11333333333334,Cairo,0.0,3.0955944,158.48962,53.83716,29.021759,17.553375,1.2161942,-2.8320694,0.0354413,19.090551,35.99642
2019-09-10,5469.28,461.5391666666667,145.34583333333333,10.374166666666666,38.8675,Cairo,2.3841858e-06,3.2192245,155.39252,54.809902,28.888458,17.668732,1.3707047,-2.9092407,0.029942317,23.833607,40.95827
2019-09-11,5545.37,483.6025,133.44416666666666,10.4625,38.62083333333333,Cairo,0.0,2.8618295,173.73792,55.456123,28.261261,17.32425,0.36125183,-2.833809,0.036695812,26.243664,43.37301
2019-09-12,5571.06,481.11833333333334,133.81333333333333,10.383333333333335,38.37,Cairo,0.0,3.4556313,177.30191,54.552284,28.790558,17.667755,0.4647522,-3.3622513,0.059680484,23.559994,42.893005
2019-09-13,4996.12,365.08750000000003,184.9775,9.37,38.119166666666665,Cairo,0.0,3.1357982,160.63345,59.577232,28.509918,18.788239,1.2653961,-2.7982712,0.094041936,23.882524,46.88051
2019-09-14,4968.49,335.6816666666667,207.71583333333334,9.255833333333333,37.8675,Cairo,0.0,2.7727103,122.46831,54.657227,27.755768,16.536652,2.4424362,-1.0844193,0.059978463,17.249554,37.531643
2019-09-15,4946.63,343.88916666666665,200.01916666666668,9.198333333333332,37.611666666666665,Cairo,0.0,3.1332126,137.72403,51.479885,28.460846,16.403961,2.1112976,-2.315033,0.07411461,25.892498,51.741886
2019-09-16,5166.31,423.2375,157.5575,9.655,37.35666666666666,Cairo,0.0,1.9443707,138.3997,59.08921,28.448517,18.319122,1.2366409,-1.4780045,0.05294692,28.269958,50.06108
2019-09-17,5385.7,446.34999999999997,148.075,9.798333333333334,37.098333333333336,Cairo,0.0,3.7465744,198.4909,54.904713,29.414337,18.096588,-1.2780762,-3.5003052,0.054563917,23.817244,48.712475
2019-09-18,4981.93,468.61909090909086,131.1681818181818,9.816363636363636,35.34,Cairo,0.0,3.8549397,196.13345,53.205425,28.42398,16.29129,-1.0603638,-3.7058487,0.051961347,18.697906,39.788887
2019-09-19,5261.61,420.90166666666664,157.6975,9.4875,36.579166666666666,Cairo,0.0,3.602976,196.85153,62.29055,27.810944,18.588531,-1.0945587,-3.4215622,0.0691748,27.175034,57.72741
2019-09-20,5323.64,437.43249999999995,149.45000000000002,9.533333333333333,36.3175,Cairo,0.0,3.7936366,175.57318,56.993732,28.069733,17.410065,0.30623627,-3.775528,0.06762564,26.442566,51.282246
2019-09-21,5466.11,446.15916666666664,151.5225,9.658333333333333,36.053333333333335,Cairo,0.0,3.7666173,183.71706,56.07242,27.747467,17.180206,-0.33644104,-3.7430878,0.03758964,22.296392,42.809784
2019-09-22,5029.84,372.40916666666664,178.79916666666668,8.966666666666667,35.79,Cairo,4.7683716e-07,3.639499,170.61884,61.06804,27.661163,18.19107,0.57756805,-3.5928955,0.07473263,18.148766,36.542442
2019-09-23,5096.84,375.6566666666667,182.18083333333334,9.031666666666668,35.524166666666666,Cairo,0.0,3.7128916,182.27657,54.91119,28.116974,17.330963,-0.3793106,-3.587906,0.056310087,22.167143,47.423996
2019-09-24,5507.36,447.0233333333333,155.46583333333334,9.5725,35.2575,Cairo,0.0,3.4494443,190.05649,56.92734,27.39151,16.916046,-0.54642487,-3.390808,0.046819806,29.253834,53.18299
2019-09-25,5495.92,475.38416666666666,141.11249999999998,9.700000000000001,34.99,Cairo,0.0,2.2626796,176.59961,52.69418,27.338776,14.745514,0.23639679,-2.1783524,0.048287638,26.763577,41.00872
2019-09-26,5324.1900000000005,469.75833333333327,137.13916666666668,9.5,34.722500000000004,Cairo,0.0,2.1547766,203.45294,38.265167,29.536652,13.190582,0.068862915,-0.91708374,0.17178473,36.703423,73.35414
2019-09-27,5029.73,405.69166666666666,159.30833333333334,8.915833333333333,34.4525,Cairo,0.0,2.4690237,183.09094,59.072464,28.898468,18.951447,-0.16526031,-2.300476,0.05061198,26.354412,49.962463
2019-09-28,4904.18,363.2033333333333,178.74,8.602500000000001,34.185,Cairo,0.0,3.016744,189.89981,58.845955,28.31961,18.199371,-0.5001831,-2.9726715,0.023361787,28.84267,49.6659
2019-09-29,5298.39,424.2308333333333,158.4,9.05,33.913333333333334,Cairo,0.0,3.4082515,179.2785,54.042053,27.647125,16.23758,0.31793976,-3.3320541,0.01780433,27.211868,47.698933
2019-09-30,5160.69,393.3883333333333,171.8975,8.801666666666668,33.6425,Cairo,0.0,3.0446339,169.65341,54.647175,27.025665,16.111847,0.6333771,-2.9641724,0.02023577,27.791742,47.418667
2019-10-01,5428.83,460.7933333333333,141.75916666666666,9.209166666666667,33.369166666666665,Cairo,0.0,2.3721743,152.07959,54.939075,26.584991,15.547394,1.1974258,-1.8945389,0.020003607,28.089672,43.775154
2019-10-02,5487.3,483.19,128.9725,9.2675,33.09916666666667,Cairo,0.0,2.8973842,159.46725,53.937485,27.1409,15.188019,1.4650345,-1.6097946,0.03598637,30.734682,48.20627
2019-10-03,5454.59,500.5325,121.33666666666666,9.320833333333335,32.82833333333333,Cairo,0.0,2.2760801,218.22581,43.77234,28.091705,12.862579,-0.76299286,-1.0827103,0.04872038,33.488422,56.3888
2019-10-04,5458.29,485.0741666666667,129.71583333333334,9.178333333333333,32.55583333333333,Cairo,0.0,3.1931968,245.78796,35.181778,29.802643,11.404694,-2.7478943,-1.2891235,0.06123001,20.15836,44.211163
2019-10-05,5488.95,490.92499999999995,128.29666666666665,9.18,32.28416666666667,Cairo,0.0,3.2781496,212.3211,32.73988,28.969025,8.859528,-1.4435196,-2.6547852,0.04842745,22.48987,40.661896
2019-10-06,5419.13,471.02500000000003,129.95666666666668,8.9,32.01,Cairo,0.0,2.4906168,195.09816,51.37561,27.612457,15.555939,-0.017723083,-2.0788193,0.13820624,28.755512,55.39502
2019-10-07,5421.67,469.7483333333333,134.43166666666667,8.888333333333334,31.7375,Cairo,0.0,2.4874978,160.16333,52.160526,26.661163,14.543732,1.0785446,-1.9016876,0.060605414,23.474873,40.39128
2019-10-08,5298.79,465.1366666666667,130.935,8.76,31.46666666666667,Cairo,0.0,2.705058,207.06952,53.563797,27.66861,15.484894,-0.66503143,-2.0791626,0.027121907,23.599848,40.847553
2019-10-09,5553.59,478.1433333333334,131.16166666666666,8.849166666666667,31.194166666666664,Cairo,0.0,4.218143,222.9807,53.949085,28.515045,16.352325,-2.5906906,-2.965393,0.02794412,16.848068,39.433346
2019-10-10,5080.51,377.9491666666667,172.02416666666667,8.151666666666667,30.923333333333332,Cairo,0.0,4.3033514,210.50473,59.873615,27.098541,17.387115,-2.1199265,-3.7345734,0.046696365,17.637352,45.24885
2019-10-11,5507.67,470.73083333333335,131.46666666666667,8.659166666666666,30.65416666666667,Cairo,0.0,3.6612387,202.91989,57.29384,27.3992,16.430328,-1.4046173,-3.3793564,0.06202423,18.021967,40.75638
2019-10-12,5425.51,463.3933333333334,127.98916666666668,8.481666666666667,30.383333333333336,Cairo,0.0,3.905818,211.01288,58.8295,27.477448,16.658478,-1.9189453,-3.389946,0.0754741,26.666117,54.40821
2019-10-13,5169.83,428.8425,138.02083333333334,8.176666666666668,30.114166666666666,Cairo,0.0,3.6252513,196.76062,58.34266,27.929108,17.575592,-0.99279785,-3.4833832,0.10945817,28.029814,58.26466
2019-10-14,5001.1,418.45666666666665,139.55333333333334,8.035833333333334,29.843333333333334,Cairo,0.0,2.582342,166.68845,59.848106,27.703766,17.690826,0.58345795,-2.5152206,0.094244204,31.913246,57.31519
2019-10-15,4829.9800000000005,388.0825,148.6275,7.78,29.5775,Cairo,0.0,2.6256495,123.71716,63.15825,27.469025,18.657745,2.2532501,-1.1359406,0.10946595,26.189394,53.10247
2019-10-16,5168.32,433.18416666666667,137.0091666666667,8.074166666666667,29.310000000000002,Cairo,0.0,2.911264,144.2601,64.51027,27.62027,18.497833,1.5002975,-2.4277115,0.10449813,26.500263,51.566414
2019-10-17,5064.06,420.4791666666667,137.35166666666666,7.8999999999999995,29.043333333333333,Cairo,0.0,2.6010163,185.87958,57.778435,26.57901,16.309967,-0.09883118,-2.522606,0.08936724,39.072975,71.39824
2019-10-18,5125.76,420.50833333333327,133.60916666666665,7.805833333333333,28.779166666666665,Cairo,0.0,3.9654167,212.88623,61.234276,26.438385,16.862701,-2.0277863,-3.380104,0.091775805,28.920774,57.99114
2019-10-19,5309.86,485.53999999999996,141.92818181818183,8.675454545454546,30.982727272727274,Cairo,0.0,4.6805153,235.64279,56.171093,27.313019,15.977814,-3.7639313,-2.6949463,0.1592066,21.478008,58.686108
2019-10-20,5153.01,483.00909090909084,141.09727272727272,8.582727272727272,30.70909090909091,Cairo,0.0,2.9768739,237.31436,44.340576,28.746246,12.738922,-2.484665,-1.5824203,0.14728677,34.651344,70.90979
2019-10-21,4520.6,441.688,178.15800000000002,8.751000000000001,33.376999999999995,Cairo,0.0,2.1238267,260.7156,39.41834,28.733673,12.861969,-2.0180054,0.08983612,0.17730798,39.940624,82.397545
2019-10-22,1460.22,29.546,163.69400000000002,3.563,33.103,Cairo,2.002716e-05,4.412246,209.05577,60.0098,26.091583,16.94693,-1.9534302,-3.723465,0.18383126,30.004208,71.00801
2019-10-23,3993.35,332.832,185.35899999999998,7.5200000000000005,32.831,Cairo,0.0004940033,2.3239036,136.33313,67.41673,23.709625,16.369904,1.5969696,-1.6878815,0.055263113,23.383633,40.33826
2019-10-24,3661.65,264.165,196.78,6.784000000000001,32.558,Cairo,4.2915344e-06,3.236843,74.6286,62.508495,22.697418,14.387604,3.0798645,0.35746765,0.05385615,37.831123,75.80186
2019-10-25,2120.63,81.023,187.20999999999998,4.526,32.287,Cairo,0.0005841255,5.2799664,51.321304,67.1346,22.273224,15.645538,4.220604,2.5647888,0.1202598,25.745726,92.70884
2019-10-26,3698.5,232.233,230.392,6.946,32.024,Cairo,0.00029563904,6.2802663,128.03076,66.46646,23.769562,16.627472,4.123329,-3.7469788,0.036071636,14.96433,51.65934
2019-10-27,4739.22,411.70799999999997,193.369,8.33,31.756999999999998,Cairo,0.0,2.7399313,132.32802,65.88457,23.41629,15.682159,1.9797821,-1.8900452,0.049623024,31.055843,54.537495
2019-10-28,4779.06,399.567,207.988,8.3,31.493000000000002,Cairo,0.0,2.2872686,134.56651,61.21415,23.402618,14.450592,1.8437347,-1.2876816,0.037496917,30.633362,62.473766
2019-10-29,4491.32,389.553,190.702,8.046000000000001,31.232,Cairo,0.0,2.6625504,134.68495,56.998672,22.860992,12.840363,1.7060928,-1.9295502,0.022267556,29.889746,51.46221
2019-10-30,4335.69,336.339,217.93400000000003,7.714999999999999,30.974,Cairo,0.0,2.5590858,195.62979,58.679974,23.388458,13.946564,-0.69470215,-2.4629364,0.039034467,35.07904,57.32779
2019-10-31,4475.32,354.13,216.02800000000002,7.83,30.719,Cairo,0.0,2.9105563,179.78235,60.64923,23.079498,13.704132,0.035957336,-2.8938904,0.049863465,33.24096,54.24787
2019-11-01,5404.68,564.373,136.676,8.925,30.466,Cairo,0.0,2.406225,211.71033,56.550213,22.50113,12.485382,-0.8643646,-1.9310837,0.076451145,33.883736,57.301476
2019-11-02,5357.94,557.4010000000001,141.124,8.843,30.216,Cairo,0.0,2.6776972,258.81683,46.79578,24.484894,10.214264,-2.6242294,-0.49777222,0.12044886,44.734905,80.1892
2019-11-03,5310.16,580.605,129.83499999999998,8.892999999999999,29.969,Cairo,0.0,2.4705431,288.65765,39.735336,25.986359,9.77713,-2.3923492,0.4388275,0.10680767,17.338505,36.755688
2019-11-04,5332.34,553.463,142.393,8.724,29.725,Cairo,0.0,2.9915776,243.90297,51.410828,25.359161,11.802643,-2.6835709,-1.3209915,0.071685985,20.808643,46.758972
2019-11-05,5082.01,510.67300000000006,147.747,8.359,29.482999999999997,Cairo,0.0,3.1681352,205.836,61.18408,23.691315,14.236725,-1.0289383,-2.8344574,0.04174526,30.735592,55.553787
2019-11-06,4772.68,442.23499999999996,171.26000000000002,7.9159999999999995,29.246,Cairo,0.0,3.4275148,188.31488,64.83682,24.078156,15.872467,-0.66521454,-3.3124847,0.06558588,23.376991,47.46801
2019-11-07,4498.82,424.832,168.802,7.712000000000001,29.009000000000004,Cairo,9.536743e-07,2.0521464,189.26839,64.61346,25.602692,17.544464,-0.29882812,-1.9860687,0.2062297,34.37867,81.03511
2019-11-08,3864.65,355.944,154.263,6.784000000000001,28.778,Cairo,0.0,2.192134,183.5681,60.895103,24.17044,15.586578,0.3484726,-1.6071243,0.2518853,53.711147,128.9531
2019-11-09,4898.95,480.725,153.107,8.016,28.551,Cairo,0.0,3.300499,193.18771,66.2838,24.524323,15.9409485,-0.8078842,-3.1971436,0.09745744,29.44587,61.52105
2019-11-10,4593.88,435.771,159.522,7.6290000000000004,28.325,Cairo,0.0,2.7977896,186.54138,66.98639,24.022736,15.936676,-0.57538605,-2.6528397,0.07467715,27.195423,51.84387
2019-11-11,4341.08,459.09888888888895,165.1788888888889,8.06111111111111,30.162222222222226,Cairo,0.0,3.2792203,194.68256,68.23372,24.76297,17.438507,-0.96946716,-3.1014862,0.12868708,35.43824,71.18416
2019-11-12,4600.07,523.55,141.80666666666667,8.045555555555556,27.634444444444444,Cairo,0.0,3.9912868,233.12442,43.964912,26.863922,11.80545,-3.2669525,-2.1810684,0.13562956,25.095486,61.062332
2019-11-13,5135.66,563.114,129.581,8.266,27.673000000000002,Cairo,0.0,2.3861818,151.28381,46.311035,26.355743,12.276886,0.49861145,0.13991547,0.065726385,31.484425,57.423912
2019-11-14,5062.59,513.999,142.65,7.904000000000001,27.464,Cairo,0.0,4.1569796,182.24785,35.85745,25.697906,9.046783,1.4433594,2.091484,0.09414026,49.294365,89.198044
2019-11-15,4840.63,451.48400000000004,163.825,7.539,27.259000000000004,Cairo,0.0,3.3685913,127.49124,60.782295,22.492218,13.1409,2.494629,-2.1440659,0.07271121,21.315125,44.86091
2019-11-16,4428.82,386.21,173.526,7.05,27.058,Cairo,0.0,3.3979392,163.26212,55.74182,22.549347,12.266998,0.7237396,-3.282814,0.021109004,16.0894,29.577747
2019-11-17,4325.3099999999995,377.86400000000003,168.06199999999998,6.877,26.859,Cairo,0.0,3.5481572,197.09045,61.436363,22.26065,13.442169,-1.648529,-2.6913223,0.0606527,30.63776,59.85156
2019-11-18,5100.17,528.2819999999999,136.173,7.808,26.665,Cairo,0.0,2.6554534,238.3145,38.526485,23.419708,7.9400024,-2.261589,-1.3846436,0.17300166,35.40139,82.02608
2019-11-19,5361.08,539.148,143.518,7.9670000000000005,26.477999999999998,Cairo,0.0,3.7061548,222.9397,22.224014,21.493805,-1.205246,-2.5211945,-2.7163162,0.10581103,36.207653,79.73964
2019-11-20,5479.5599999999995,545.536,144.573,7.998,26.294,Cairo,0.0,3.6357512,224.2494,34.814034,19.772614,1.4617004,-2.5891724,-2.5386734,0.07073362,34.445564,74.01369
2019-11-21,3672.1,286.318,183.176,6.177,26.113999999999997,Cairo,0.0,2.3097901,229.00635,33.414722,19.0596,0.896698,-1.7407303,-1.517334,0.056421164,37.03409,71.219086
2019-11-22,5137.15,531.287,136.808,7.689,25.940999999999995,Cairo,0.0,2.5573082,203.39674,27.349869,20.098541,0.67019653,-0.22568512,-1.5800095,0.05068759,49.904472,83.44949
2019-11-23,5151.13,527.3489999999999,133.927,7.593999999999999,25.769,Cairo,0.0,2.2353764,228.59131,54.036217,20.143097,9.546783,-1.3571243,-1.4265671,0.023907516,38.672386,62.936615
2019-11-24,5033.08,516.972,134.86200000000002,7.507,25.604000000000003,Cairo,0.0,1.9163694,235.68417,51.233482,20.33255,8.678253,-1.3236542,-1.0615616,0.031693496,59.92775,93.16791
2019-11-25,4913.75,476.15500000000003,146.264,7.265000000000001,25.445,Cairo,0.0,4.7072,159.92467,44.345497,22.743927,7.618683,0.11115265,3.579567,0.07951121,20.36776,49.43809
2019-11-26,4957.8099999999995,485.822,143.548,7.275,25.288,Cairo,0.0,4.89559,41.154404,31.356966,24.284576,6.105011,2.8675537,3.062767,0.20249903,30.273338,95.59201
2019-11-27,5187.85,500.93199999999996,144.06,7.358,25.139000000000003,Cairo,0.0,3.9226787,73.24988,31.465378,20.240387,2.0420227,3.7557373,1.1321793,0.15866566,20.389362,79.5332
2019-11-28,4682.05,449.99899999999997,149.305,6.983,24.993000000000002,Cairo,0.0,2.1912122,76.20961,47.21998,19.932892,8.251251,1.2943497,0.008903503,0.07826301,35.632942,77.64737
2019-11-29,4764.63,457.912,149.63400000000001,7.031999999999999,24.853,Cairo,0.0,2.953259,186.72061,55.39492,21.354889,11.338287,-0.34939575,-2.9319687,0.009831342,28.319408,45.262436
2019-11-30,4299.46,357.21799999999996,181.446,6.437,24.718,Cairo,0.0,3.1547155,199.73895,60.929768,19.75882,11.499908,-0.86133575,-2.9847336,0.0073331036,29.617281,48.216293
2019-12-01,4947.5,491.235,136.399,7.109,24.589,Cairo,7.677078e-05,2.7985244,163.8229,64.26072,19.846954,12.700226,1.2472687,-2.2395859,0.015561804,28.461384,48.658318
2019-12-02,4840.53,459.23699999999997,150.029,6.947,24.466,Cairo,0.0,2.7686472,138.93286,56.838062,20.285553,9.989899,1.6504898,-2.1263123,0.00713901,17.344479,31.306862
2019-12-03,4639.67,514.1122222222223,134.85444444444445,7.362222222222223,25.002222222222223,Cairo,0.0,2.6193633,175.7406,56.065323,18.031769,8.527618,0.19241333,-2.6122665,0.0051289927,18.84257,31.044144
2019-12-04,5168.05,523.009,130.632,7.215999999999999,24.234,Cairo,0.0,2.7324905,201.70822,51.941933,18.915192,8.343658,-0.9666443,-2.5528793,0.007980125,33.69574,54.276897
2019-12-05,5117.05,523.875,126.59200000000001,7.151999999999999,24.127000000000002,Cairo,0.0,2.6820173,201.7822,62.74212,18.168365,10.300568,-0.4632187,-2.1934433,0.023777353,51.962894,78.44272
2019-12-06,2450.48,116.151,189.05599999999998,4.575,24.024,Cairo,0.0,3.7216952,153.52054,63.5311,19.506134,11.524933,2.0074997,-2.9176102,0.06287894,17.357004,37.669598
2019-12-07,4889.67,467.669,144.254,6.865,23.928,Cairo,9.536743e-07,2.71164,137.07832,53.18219,19.084015,8.657013,1.8080521,-2.0051727,0.008013893,19.784336,34.421688
2019-12-08,4038.8199999999997,344.361,158.504,6.036,23.84,Cairo,0.0,2.986474,60.198517,52.059624,19.136017,8.751129,2.7301788,0.27630615,0.049545042,24.783112,61.77842
2019-12-09,4196.61,369.387,154.92000000000002,6.226,23.753999999999998,Cairo,9.346008e-05,3.2942398,75.80243,58.27768,19.497345,10.619171,3.211708,0.622818,0.050397165,17.95174,47.815033
2019-12-10,4509.86,416.07700000000006,150.922,6.5120000000000005,23.676,Cairo,0.0,3.1603374,169.91739,54.870174,19.141754,8.668121,0.37623596,2.8753204,0.05971583,43.81696,85.52702
2019-12-11,1629.06,47.928,160.36100000000002,3.522,23.603,Cairo,0.0,3.6142907,27.536148,44.65693,18.06363,5.357086,1.6003494,3.0217514,0.17950419,29.186298,91.22996
2019-12-12,3522.86,310.71799999999996,121.58700000000002,5.04,23.535,Cairo,0.0,5.6063256,211.47021,52.348225,16.585114,6.677765,4.073799,2.0498886,0.22422707,40.36175,125.00385
2019-12-13,3916.3,335.479,144.68099999999998,5.767,23.476,Cairo,0.0,5.634177,39.965942,52.242508,16.11905,5.945221,3.6198654,3.6776276,0.28193876,30.100777,118.39557
2019-12-14,5223.21,497.60299999999995,135.643,6.931,23.421,Cairo,0.0,5.0303955,30.072662,43.349644,15.323517,1.6515198,2.8019638,4.096733,0.15235496,22.689236,71.8923
2019-12-15,3847.7999999999997,301.12800000000004,165.323,5.7829999999999995,23.372,Cairo,0.000121593475,5.3747396,37.248413,46.90236,15.417511,3.973053,2.594864,4.183304,0.26547074,24.307898,119.05149
2019-12-16,4954.54,467.918,142.89600000000002,6.7299999999999995,23.329,Cairo,0.0,3.3715231,237.60925,61.320442,15.621613,6.976837,-2.4594727,-2.1766205,0.1092726,59.348198,150.53976
2019-12-17,4716.72,430.191,153.345,6.525,23.293,Cairo,0.0,3.0925188,204.46368,63.8302,16.583405,8.7586975,-1.5458145,-2.5660095,0.027629254,31.835045,57.43772
2019-12-18,5231.48,512.839,130.236,6.965999999999999,23.262,Cairo,0.0,4.0673738,237.65837,62.94635,16.897125,8.797638,-3.4598007,-2.1324997,0.031848807,27.255627,62.281155
2019-12-19,5227.47,519.359,129.369,7.023999999999999,23.238,Cairo,0.0,4.362252,231.50258,61.521053,17.605621,7.6509094,-3.4108124,-2.7192383,0.01812377,26.495993,49.806152
2019-12-20,4638.48,452.06000000000006,139.322,6.683,23.222,Cairo,0.0,2.554009,219.02586,51.833042,16.686066,5.3302307,-1.6072464,-1.964325,0.023978565,40.805046,66.47851
2019-12-21,5129.03,511.51000000000005,129.14000000000001,6.953,23.207,Cairo,0.0,2.6682477,199.19804,50.72075,15.634552,4.994293,-0.86538696,-2.5236053,0.017831383,45.180794,72.31796
2019-12-22,5139.64,508.796,128.666,6.947,23.201999999999998,Cairo,0.0,2.719293,216.56189,63.234585,16.474274,8.149139,-1.6321106,-2.1738892,0.023003234,38.766254,65.70671
2019-12-23,4917.2,453.49800000000005,148.32999999999998,6.708,23.203,Cairo,0.0,3.0503569,148.88826,60.144085,15.766266,7.0346527,1.533577,1.7221069,0.025361618,76.12685,124.73364
2019-12-24,5079.28,477.01800000000003,136.08700000000002,6.779999999999999,23.21,Cairo,0.0,6.6991663,38.002182,46.351334,16.109772,4.04657,4.333061,4.7690353,0.17691363,26.323675,107.20789
2019-12-25,3971.75,291.512,183.248,5.819,23.222,Cairo,0.0,7.0752006,62.26326,46.73124,16.460846,5.004303,6.3314743,2.7809296,0.42550576,32.702183,199.99808
2019-12-26,4824.97,426.416,152.895,6.507000000000001,23.240000000000002,Cairo,0.0,7.6195993,56.427017,46.886925,16.69217,5.066925,6.071396,3.7057877,0.3229625,24.490086,150.36603
2019-12-27,3894.04,312.406,158.327,5.743,23.264,Cairo,7.6293945e-06,4.6133757,94.20178,44.678383,16.07779,3.8329163,4.2710037,-0.6392975,0.111613385,18.958363,92.96776
2019-12-28,4047.41,341.78999999999996,153.723,5.899,23.296,Cairo,0.0,3.2954168,35.790848,54.909706,13.989166,4.410431,2.2233887,2.10466,0.032201543,21.63689,48.03144
2019-12-29,4748.9,435.302,142.884,6.577,23.333000000000002,Cairo,0.0,4.5175304,20.254868,45.973366,14.434113,2.538971,1.901413,3.9723434,0.07073009,23.125298,54.77858
2019-12-30,5210.26,492.13500000000005,135.018,6.915000000000001,23.377000000000002,Cairo,0.0,6.1248884,38.397842,36.37108,15.764191,0.46987915,3.7572708,4.2779846,0.17046927,16.683846,71.71088
2019-12-31,5088.73,500.63100000000003,131.363,6.957000000000001,23.426,Cairo,0.0,2.2671723,72.06578,51.153862,13.685577,3.2965393,1.3742142,0.15866852,0.10368408,27.120434,70.4547
2020-01-01,3610.38,264.576,182.38,5.689,23.497,Cairo,0.0,2.1968243,139.83217,64.69617,14.527985,7.226715,1.3963699,-1.5492477,0.036151357,22.405952,36.789917
2020-01-02,4932.74,470.395,128.06599999999997,6.794,23.56,Cairo,0.0,3.810821,73.48035,42.005787,13.0961,0.276886,3.4900208,1.3811569,0.14278434,15.498686,39.31189
2020-01-03,4830.25,412.38,159.31900000000002,6.571,23.63,Cairo,0.0,6.134762,48.578262,49.82785,13.455597,2.2546692,4.7261734,3.7575836,0.1953074,19.324047,100.286804
2020-01-04,3027.77,201.9,163.131,4.989,23.704,Cairo,4.7683716e-07,6.131835,68.31116,55.63758,13.123932,4.377472,5.1142273,2.0380096,0.19763836,26.014044,142.92958
2020-01-05,5269.0,505.081,129.942,7.0680000000000005,23.785000000000004,Cairo,0.0,4.3093853,41.592087,50.952488,12.902496,2.591217,2.981575,2.9704056,0.079397224,15.972041,46.902893
2020-01-06,5011.02,456.23900000000003,141.187,6.813,23.874,Cairo,0.0,6.5804043,25.026947,49.401237,13.448883,2.8044739,3.1398773,5.602295,0.08334323,15.077215,56.715996
2020-01-07,3816.77,281.967,171.772,5.769,23.966,Cairo,0.0,6.8766036,50.42888,47.465828,13.273346,2.1944885,5.4629135,3.8958817,0.27829468,22.911678,131.93793
2020-01-08,5284.53,489.74300000000005,137.20499999999998,7.05,24.064,Cairo,0.0,6.7764187,71.03583,48.77282,13.312164,2.5379944,6.310997,1.8274841,0.15573947,20.715155,120.466644
2020-01-09,2738.31,180.875,147.10399999999998,4.42,24.168,Cairo,3.4809113e-05,4.640568,74.29083,56.168,13.4930725,4.7848206,4.4345245,0.63435364,0.12528354,17.680666,94.772095
2020-01-10,2996.4100000000003,238.35999999999999,128.934,4.654999999999999,24.279,Cairo,1.001358e-05,4.6698833,117.02194,59.76979,13.550201,5.315216,2.8814926,-1.7965088,0.05967575,19.269913,68.558624
2020-01-11,4806.4400000000005,442.57300000000004,157.699,6.928,24.395,Cairo,0.0,1.5193446,100.38173,66.3082,13.271149,6.1738586,1.4948273,-0.24770355,0.0058545577,17.865147,28.557205
2020-01-12,3571.21,273.586,169.591,5.699,24.516,Cairo,0.0,1.6750202,212.22221,54.931274,15.272003,5.847931,0.9610214,0.48120117,0.03115384,24.043766,47.278152
2020-01-13,4713.86,439.25100000000003,152.029,6.93,24.644,Cairo,0.0,2.0263615,213.69783,55.7984,14.556305,4.6212463,-0.92113495,-1.5038986,0.05137846,21.864937,48.463192
2020-01-14,2482.45,161.85777777777778,178.23444444444445,4.7988888888888885,24.9,Cairo,0.0,3.349879,228.00912,55.660538,15.864777,6.507721,-2.5699692,-2.1150436,0.03747481,27.783237,51.2781
2020-01-15,3161.37,252.365,139.81900000000002,5.144,24.915,Cairo,0.0,4.6271024,242.88315,58.111435,18.245392,8.549103,-4.133148,-2.0028534,0.06206881,17.76543,46.582985
2020-01-16,5139.24,482.326,142.472,7.2219999999999995,25.058,Cairo,0.0,5.06606,180.05092,49.586815,16.875153,6.1141663,1.4356308,3.2246475,0.15125245,18.372864,58.74552
2020-01-17,2232.04,97.106,174.935,4.152,25.209,Cairo,2.002716e-05,6.3046465,59.75061,60.7032,15.520294,7.938263,4.5521317,1.7080765,0.15472758,21.481642,104.256256
2020-01-18,1661.11,77.86800000000001,131.35899999999998,3.282,25.362000000000002,Cairo,1.5735626e-05,3.9672554,77.55766,67.04574,14.95108,8.628204,3.703247,0.43070984,0.05448451,12.877024,50.60299
2020-01-19,2870.91,207.272,142.512,4.6579999999999995,25.52,Cairo,8.9645386e-05,3.7789855,71.23262,63.37922,14.65152,7.5085754,3.5527496,1.0531845,0.0712898,15.13138,61.39106
2020-01-20,3232.25,229.35099999999997,165.529,5.267,25.685000000000002,Cairo,3.194809e-05,3.7099342,93.92107,55.341297,15.03775,5.9895325,2.808426,-1.2847824,0.042096965,15.177443,44.205467
2020-01-21,3470.19,226.73636363636362,154.38181818181818,5.0672727272727265,23.655454545454543,Cairo,0.0,5.109248,144.74052,44.038483,14.889069,2.205719,2.6629944,-4.2603226,0.015485513,13.048744,34.7902
2020-01-22,4563.12,330.9836363636364,169.03,6.234545454545454,23.83090909090909,Cairo,9.536743e-06,3.571166,137.28604,56.15748,13.1250305,4.066681,2.368576,-2.6632767,0.013198254,12.858889,26.59635
2020-01-23,3573.28,227.81272727272727,168.44636363636363,5.377272727272727,24.007272727272724,Cairo,0.0,3.0061066,57.923553,55.764015,12.875519,3.9177551,2.2902374,0.69355774,0.024720944,19.23848,42.139862
2020-01-24,3567.04,210.81545454545457,179.93272727272728,5.317272727272727,24.19454545454545,Cairo,0.0,4.660075,115.928055,45.951874,15.015045,3.0986633,2.2438126,-1.9356918,0.019361332,15.023182,40.08106
2020-01-25,5515.47,496.1627272727273,121.15454545454546,7.283636363636364,24.38181818181818,Cairo,0.0,2.8402927,190.3332,49.235935,12.035187,0.7036438,-0.6647339,-2.6782532,0.019667102,14.037178,30.476881
2020-01-26,5571.860000000001,496.2790909090909,123.08727272727273,7.340909090909091,24.572727272727274,Cairo,0.0,2.9002662,241.47604,45.979755,13.28067,1.0074768,-2.2979736,-1.5609207,0.02633226,19.65943,42.792763
2020-01-27,5068.5,425.5072727272727,143.26363636363638,6.992727272727273,24.770000000000003,Cairo,0.0,2.8267016,238.71213,47.25617,14.550812,1.8629456,-2.4102936,-1.4742508,0.02133901,19.304035,36.959984
2020-01-28,4690.93,359.3954545454545,165.6936363636364,6.635454545454545,24.970000000000002,Cairo,0.0,2.8937697,178.5058,55.62617,14.571442,5.3102417,1.2269897,-1.5296249,0.034392435,27.85495,46.744392
2020-01-29,4556.63,350.6463636363637,164.19272727272727,6.618181818181818,25.177272727272726,Cairo,0.0,2.8527334,104.293045,57.537247,14.6315,5.8177795,2.7601547,-0.71299744,0.025206568,17.492752,35.01452
2020-01-30,5200.04,453.3390909090909,138.4318181818182,7.306363636363637,25.383636363636366,Cairo,0.0,2.9591875,175.34381,57.069794,15.556183,5.9394836,0.94812775,-0.44701385,0.055218376,24.688366,52.86354
2020-01-31,4454.05,316.4290909090909,181.20727272727274,6.542727272727273,25.596363636363638,Cairo,1.4305115e-06,3.7169213,105.11099,51.507385,15.042023,4.9569397,1.9464569,-1.2254486,0.06182322,21.12399,45.40419
2020-02-01,4380.58,316.8854545454546,177.19363636363636,6.519090909090909,25.813636363636363,Cairo,0.0,2.6901846,179.58968,55.38077,13.993561,4.71109,0.8233719,-1.6259003,0.006296658,16.212894,28.289492
2020-02-02,5118.35,452.1945454545454,142.84818181818184,7.438181818181818,26.033636363636365,Cairo,0.0,2.0182667,186.67378,58.527077,15.13797,5.980255,-0.25896454,-1.9277267,0.012688821,27.957182,46.66497
2020-02-03,4331.41,307.9145454545455,180.87363636363636,6.52,26.256363636363634,Cairo,0.0,2.78442,184.92877,59.055187,14.691925,6.0870667,-0.05495453,-2.7023163,0.0060042758,25.609306,40.69673
2020-02-04,3939.5099999999998,253.91545454545457,192.2,6.238181818181818,26.483636363636364,Cairo,0.0,2.6506007,185.1211,65.48013,15.479889,8.281769,1.0032043,-1.2411957,0.013981009,21.0654,37.974785
2020-02-05,5166.26,425.5709090909091,153.9018181818182,7.424545454545455,26.713636363636365,Cairo,0.0,3.71862,187.67284,56.45303,16.39859,6.3089905,1.3895187,3.0958328,0.053607207,25.106964,52.81491
2020-02-06,5121.23,419.0009090909091,155.56181818181818,7.419090909090909,26.94818181818182,Cairo,0.0,5.4959826,34.344864,41.49916,18.426056,4.5018616,2.7277222,3.954979,0.25769404,21.97995,105.62303
2020-02-07,4645.64,368.5854545454545,144.04999999999998,6.84909090909091,27.184545454545457,Cairo,0.0,4.667614,72.654816,37.795006,15.871979,1.0775452,4.5284653,0.9498596,0.29880154,16.141743,84.82886
2020-02-08,2471.94,92.83,181.99,4.339090909090909,27.425454545454546,Cairo,2.7179718e-05,5.143133,107.81293,56.793274,14.219757,5.506134,4.583107,-1.7590485,0.07936296,14.153664,63.017944
2020-02-09,3395.02,154.54545454545453,215.46818181818182,5.684545454545455,27.66818181818182,Cairo,0.0,4.031272,116.23071,55.7359,12.4617,2.5394592,3.0717545,-2.2404175,0.041398026,13.245041,41.778008
2020-02-10,1618.8799999999999,26.992727272727276,158.06272727272724,3.3663636363636367,27.912727272727274,Cairo,0.0,3.9044743,137.93655,49.034996,12.842804,2.0451965,2.5039062,-2.9755936,0.01775683,12.651602,28.883251
2020-02-11,2002.28,68.13090909090909,159.47181818181818,3.8072727272727267,28.16090909090909,Cairo,0.0,2.9000018,86.16603,56.46716,13.990509,5.2845764,2.892189,0.21166229,0.036896735,12.122114,35.19108
2020-02-12,5122.66,425.96000000000004,151.70454545454547,7.734545454545454,28.414545454545454,Cairo,0.0,3.4095647,204.09055,50.026295,15.54361,4.507477,1.4762268,2.7040634,0.097490475,17.022255,51.698715
2020-02-13,5315.72,466.9627272727273,147.28181818181818,8.09,28.667272727272724,Cairo,0.0,2.1544986,217.78636,47.82734,17.459991,5.5794983,0.8977585,1.3613129,0.098285615,26.330645,68.327576
2020-02-14,2802.59,130.09636363636366,192.48909090909092,5.154545454545454,28.920909090909092,Cairo,0.0,3.443954,238.75323,65.601875,17.40384,9.921295,-2.9370728,-1.793541,0.050615013,38.21799,75.89795
2020-02-15,3910.7,279.4463636363636,172.9409090909091,6.554545454545456,29.179090909090906,Cairo,0.0,2.2285604,147.64244,72.04597,16.33133,10.19339,0.960495,-0.7004242,0.031055732,53.431797,89.54973
2020-02-16,3936.0899999999997,219.9818181818182,218.4318181818182,6.577272727272727,29.44272727272727,Cairo,1.335144e-05,2.8170152,207.10927,67.93546,16.27298,9.631989,0.9886017,-0.969162,0.06684069,35.807068,59.660107
2020-02-17,4382.78,288.9472727272727,201.9481818181818,7.069999999999999,29.703636363636363,Cairo,1.1444092e-05,3.077835,183.56787,66.92668,16.522003,9.451202,-0.32352448,-2.97052,0.052359693,22.127882,48.343925
2020-02-18,3782.71,259.92454545454547,170.4872727272727,6.25909090909091,29.969090909090905,Cairo,4.7683716e-07,2.7791986,164.35052,64.1946,15.854889,8.3697815,0.8673706,-2.224083,0.041798066,23.545862,46.299873
2020-02-19,3784.31,239.91181818181815,179.27545454545455,6.175454545454545,30.235454545454544,Cairo,2.5749207e-05,3.8273869,133.05753,62.95748,15.434113,7.419586,2.8571625,-2.5429382,0.04201255,17.876637,41.173676
2020-02-20,5151.74,408.8009090909091,172.75727272727272,8.166363636363636,30.505454545454544,Cairo,0.0,3.2095733,92.14789,63.84839,15.724762,7.4598694,3.18647,-0.005088806,0.019605286,16.301493,35.545753
2020-02-21,4467.5,307.8027272727273,189.66636363636363,7.316363636363636,30.775454545454547,Cairo,0.0,5.370862,44.143677,49.22106,16.292145,4.7795715,4.0387115,2.3684387,0.18984331,15.829086,76.52241
2020-02-22,2205.68,121.70818181818181,130.23090909090908,3.9463636363636367,31.045454545454547,Cairo,0.0,2.926221,91.311066,59.794746,14.683014,6.2190247,2.9106174,-0.13434601,0.016688664,13.069431,29.751183
2020-02-23,1630.51,32.486363636363635,157.77363636363637,3.488181818181818,31.320909090909087,Cairo,2.4318695e-05,1.6707842,117.29317,52.582916,15.75943,5.5160217,0.9049454,-0.009994507,0.028892308,19.47582,36.690823
2020-02-24,2783.5099999999998,191.81181818181815,125.05818181818182,4.760909090909092,31.594545454545457,Cairo,0.0007534027,2.32627,192.03247,64.71153,12.557526,5.637726,-0.12587738,-1.998085,0.06074086,24.218994,44.74025
2020-02-25,3698.4,182.60272727272726,226.15454545454548,6.4772727272727275,31.87,Cairo,0.0,3.9300995,109.859406,72.42185,14.244904,8.650787,3.6294174,-1.4369812,0.029876878,15.609872,37.816
2020-02-26,5592.82,484.6281818181818,152.95636363636365,9.018181818181818,32.14818181818182,Cairo,0.0,1.9130423,196.01712,66.36438,15.899567,8.747345,0.7367325,1.5251083,0.02949852,21.24019,51.731388
2020-02-27,4571.66,343.7236363636364,189.3381818181818,7.908181818181817,32.42636363636364,Cairo,0.0,2.235048,188.45357,54.896675,18.505646,8.005646,0.020805359,1.6751022,0.02313109,30.225344,51.7727
2020-02-28,5474.46,479.9927272727273,159.5981818181818,9.126363636363637,32.70545454545454,Cairo,0.0,2.429943,221.14682,49.159885,19.88028,6.742096,1.252327,0.56020355,0.02724939,39.86254,65.03673
2020-02-29,4366.75,254.57181818181817,232.45454545454547,7.488181818181818,32.70545454545454,Cairo,0.0,4.0444093,115.31947,63.969944,16.950958,8.656891,3.697136,-1.226654,0.09043077,10.497894,40.70111
2020-03-01,5369.22,453.78272727272724,161.85727272727274,8.986363636363636,32.98545454545455,Cairo,0.0,2.8003318,131.68063,57.010437,16.81192,7.3367004,2.115631,-1.7920532,0.015319912,14.171593,32.833252
2020-03-02,5932.58,536.6545454545454,148.00545454545454,9.796363636363637,33.267272727272726,Cairo,0.0,2.3196676,205.469,58.168163,15.557404,6.483429,-0.9115524,-2.0790787,0.015944578,27.299772,44.49971
2020-03-03,5601.69,465.80909090909086,173.13636363636363,9.368181818181817,33.550909090909094,Cairo,0.0,3.6743207,234.83795,52.270798,18.00943,6.3074646,-2.9710999,-2.1526642,0.01915723,15.011202,33.67994
2020-03-04,5865.85,545.2327272727272,147.30090909090907,10.009090909090908,33.83272727272727,Cairo,0.0,2.484292,153.99866,56.794483,18.802277,7.4888,0.49043274,-0.059379578,0.03641521,31.47107,56.591805
2020-03-05,5753.2,508.71181818181816,158.70000000000002,9.76909090909091,34.11545454545455,Cairo,0.0,3.8364382,220.37927,31.067078,21.503448,3.0713196,1.671196,1.3740158,0.10552207,30.140217,68.83659
2020-03-06,4402.01,240.13,249.5909090909091,7.824545454545454,34.39636363636364,Cairo,0.00036382675,4.6573095,104.21858,50.936188,17.649567,7.020172,4.512192,-1.1152878,0.3734078,15.923106,95.628876
2020-03-07,5363.030000000001,440.4627272727273,183.8490909090909,9.398181818181818,34.68181818181818,Cairo,0.0,2.0175104,194.59619,61.025436,17.785309,8.941315,-0.44501495,-1.704216,0.046377674,20.213846,39.78096
2020-03-08,6008.400000000001,544.7900000000001,149.41454545454545,10.25909090909091,34.96363636363637,Cairo,0.0,3.8528483,242.62572,50.57984,20.007477,7.6942444,-3.4302979,-1.7413864,0.058948837,11.67017,32.598095
2020-03-09,5797.75,520.3336363636364,155.43727272727273,10.112727272727271,35.24818181818182,Cairo,0.0,4.4050756,159.78699,39.14886,21.92044,3.893097,0.94784546,3.067749,0.104404375,23.107466,53.36226
2020-03-10,5328.8,439.99090909090904,172.0472727272727,9.4,35.53090909090909,Cairo,0.0,2.8419824,182.22766,50.710552,18.09134,6.4792786,-0.40960693,-2.574356,0.057977237,13.503296,27.073061
2020-03-11,5178.78,377.91727272727275,204.86272727272726,9.078181818181818,35.81636363636363,Cairo,0.0,5.7988214,228.44075,61.095695,18.926544,10.572174,-4.3511047,-3.832016,0.20710218,14.093974,57.299118
2020-03-12,678.93,6.755454545454546,80.3790909090909,1.6818181818181819,36.098181818181814,Cairo,0.0015559196,4.74559,207.25333,91.4557,16.493805,15.059723,-2.145218,-3.9844742,0.80500084,22.656197,70.74028
2020-03-13,1277.79,17.87090909090909,131.8609090909091,2.8427272727272728,36.38181818181818,Cairo,0.00025463104,6.730337,56.83716,89.46057,15.573639,13.792755,4.962387,3.408348,0.24168941,29.609428,152.83296
2020-03-14,3518.73,181.24818181818182,218.9063636363636,6.7718181818181815,36.664545454545454,Cairo,0.00011205673,4.264972,104.94606,79.319725,18.853302,14.824738,4.0691986,-0.7748947,0.11711685,28.982811,91.95249
2020-03-15,5409.51,446.9836363636363,185.08727272727273,9.909090909090908,36.946363636363635,Cairo,0.0,1.7236009,157.00446,72.70718,19.977692,14.148956,0.7516861,-0.066459656,0.060574546,32.352226,62.59958
2020-03-16,5766.51,534.3490909090909,147.4618181818182,10.59909090909091,37.22818181818182,Cairo,0.0,1.5691613,208.95464,61.427032,21.038239,12.476959,1.0278702,-0.3963623,0.033143498,33.129326,63.519806
2020-03-17,4082.78,220.9209090909091,232.2109090909091,7.623636363636364,37.50909090909091,Cairo,0.0,5.0537305,131.16692,66.76865,16.383453,9.37735,4.212715,-1.8236084,0.13249928,16.059258,73.48501
2020-03-18,4957.75,287.19545454545454,257.5918181818182,9.002727272727272,37.78909090909091,Cairo,0.0,4.598894,113.94295,52.582474,15.311676,5.4079895,4.217743,-1.8292618,0.09229988,14.623098,62.01821
2020-03-19,5348.17,365.24636363636364,228.91363636363639,9.666363636363636,38.06818181818182,Cairo,0.0,4.580371,86.90518,57.55561,15.823517,6.571167,4.3594513,-0.43857574,0.1301674,12.164183,49.735744
2020-03-20,3412.14,169.01363636363638,208.45454545454547,6.494545454545454,38.346363636363634,Cairo,0.00013065338,4.6673656,88.71622,57.4404,13.6562805,5.1125793,4.49749,-0.6477814,0.11441517,14.737484,65.46285
2020-03-21,5028.53,323.1925,192.0575,8.441666666666666,35.52916666666667,Cairo,0.0,3.560183,123.084595,54.62988,14.706329,4.5554504,2.1327438,-2.1400452,0.031594638,15.051882,36.2429
2020-03-22,6183.12,536.3874999999999,122.88666666666667,10.53,35.80416666666667,Cairo,0.0,1.6484662,276.18283,56.05481,14.936188,4.369293,-1.6378326,0.18043518,0.03782065,26.220436,39.778408
2020-03-23,5273.7,344.74916666666667,205.57333333333335,9.069166666666666,36.0775,Cairo,0.0,5.484273,173.01477,40.11826,20.431793,4.526001,0.9483185,4.6396103,0.41584536,25.493874,96.228966
2020-03-24,5753.33,461.8875,154.39083333333335,10.025833333333333,36.35166666666667,Cairo,0.0,3.041606,103.086334,43.085262,20.987213,7.4725647,2.881897,-0.8251724,0.32298392,35.71476,118.00202
2020-03-25,5472.35,400.09916666666663,176.05166666666665,9.538333333333332,36.6225,Cairo,0.0,2.7314847,207.72989,61.729767,18.747467,9.960602,-1.2848511,-2.4084854,0.18912119,30.374672,74.196304
2020-03-26,2282.08,115.75500000000001,139.10083333333333,4.49,36.891666666666666,Cairo,0.0,1.9442718,296.17236,55.556602,20.879913,10.702301,-1.3474121,0.079460144,0.3860938,18.668964,54.03493
2020-03-27,5295.74,369.965,192.0666666666667,9.404166666666667,37.163333333333334,Cairo,6.198883e-06,4.5747185,190.119,46.772865,23.336578,10.832794,-0.5450821,-3.808876,0.49410146,36.571896,120.60417
2020-03-28,5360.389999999999,390.6116666666667,174.2775,9.465833333333334,37.4275,Cairo,0.0,3.1070778,134.02766,58.7276,19.275665,9.545319,2.2484512,-1.9807663,0.18884104,17.616173,43.6334
2020-03-29,6012.98,506.1041666666667,135.06083333333333,10.671666666666667,37.69416666666667,Cairo,0.0,2.1313577,178.23189,47.255966,19.757965,5.7447815,1.3867111,0.4025879,0.13553402,16.635159,54.74601
2020-03-30,5654.89,458.5108333333333,146.8975,10.165833333333333,37.95916666666667,Cairo,0.0,4.228515,188.24864,32.210857,22.84964,4.388092,0.93504333,3.9719467,0.28997058,19.547676,56.283386
2020-03-31,5583.9400000000005,431.1025,165.9475,10.0925,38.220000000000006,Cairo,0.0,7.002159,212.25233,22.777077,26.131989,3.2010803,3.487999,4.4472733,0.57729286,23.145159,142.51315
2020-04-01,5078.4800000000005,309.6275,225.00666666666666,9.231666666666667,38.48,Cairo,0.0,3.1333961,92.482574,49.364105,20.562164,8.805817,3.1245728,-0.14858246,0.11108138,15.001519,46.400677
2020-04-02,5726.6,462.76416666666665,155.97083333333333,10.545,38.73916666666667,Cairo,0.0,2.6703444,198.02196,50.370903,20.556427,8.304108,0.20526123,-1.336998,0.08017151,22.221737,41.70878
2020-04-03,5696.89,462.925,157.33,10.638333333333334,38.995,Cairo,0.0,2.4194098,256.7995,45.470333,21.983673,7.414337,-2.3440933,-0.55522156,0.11418107,28.741531,57.88598
2020-04-04,5689.92,465.2341666666667,158.31666666666666,10.743333333333334,39.25,Cairo,0.0,4.435174,309.70645,30.548862,26.473663,4.5309143,-2.392395,2.0240173,0.14790261,13.609451,55.537857
2020-04-05,3619.57,115.37166666666667,272.49583333333334,7.180833333333333,39.50083333333333,Cairo,0.0,5.2518144,229.22314,24.001179,26.672516,4.2831116,1.6470718,2.3410873,0.52629226,26.48877,120.92253
2020-04-06,5278.76,369.52833333333336,191.50416666666663,9.8475,39.75,Cairo,0.0,3.0614629,185.6239,55.393486,21.11795,10.448273,-0.0870285,-2.8691864,0.2101658,15.112465,42.92897
2020-04-07,5891.0199999999995,472.8325,151.23749999999998,10.894166666666665,39.998333333333335,Cairo,0.0,3.4315362,172.00879,49.18342,20.074005,7.713043,0.5633087,-3.0222702,0.075873114,20.354374,40.21139
2020-04-08,5405.15,385.5075,189.50666666666666,10.173333333333334,40.245,Cairo,0.0,2.5195804,191.87146,53.151424,19.256989,8.128571,0.5818558,-1.2507172,0.04857116,18.229767,36.02751
2020-04-09,4111.28,198.38333333333333,231.2975,7.828333333333333,40.485,Cairo,0.0,3.8033676,164.61923,55.369663,19.127228,8.826691,2.1270676,-0.91461945,0.091192305,14.521374,41.828342
2020-04-10,5095.31,279.30833333333334,247.33583333333334,9.5325,40.7275,Cairo,0.0,3.4529972,104.61722,52.732018,18.292755,7.0610657,3.358368,-0.38830566,0.109705955,14.562174,48.977768
2020-04-11,5626.83,414.7091666666667,181.71083333333334,10.64,40.964166666666664,Cairo,0.0,2.1762803,124.527954,56.04919,18.324615,8.36673,1.7539597,-1.2547073,0.07182579,16.88208,30.754358
2020-04-12,5603.67,400.2076923076923,157.25,9.981538461538461,38.14846153846154,Cairo,0.0,2.7153108,192.01353,56.07,19.79654,8.950592,-0.4280243,-2.59227,0.016911712,24.454353,40.703117
2020-04-13,5943.7,454.7653846153846,132.5053846153846,10.586923076923076,38.37307692307692,Cairo,0.0,3.0151215,202.19156,49.971012,19.753815,6.2219543,-1.0741882,-2.7623901,0.018683305,23.007113,39.728794
2020-04-14,5752.11,416.38,146.46307692307693,10.13846153846154,38.59384615384616,Cairo,0.0,3.6968026,193.82643,52.010895,20.984894,8.245636,-1.0530472,-3.5015793,0.027902119,16.222437,34.380943
2020-04-15,5556.24,412.5338461538461,150.38692307692307,10.264615384615384,38.81230769230769,Cairo,0.0,2.2735705,208.90637,52.040977,22.161774,9.906189,-1.102684,-1.9852676,0.10778374,23.371635,57.047817
2020-04-16,5615.06,391.5692307692308,161.20615384615382,10.053076923076922,39.027692307692305,Cairo,0.0,3.935948,125.32007,38.59297,23.707062,8.773773,3.445488,-1.7282257,0.20495495,30.585304,86.29251
2020-04-17,4715.62,219.2723076923077,239.26615384615386,8.536923076923078,39.2423076923077,Cairo,0.0,4.57489,151.80916,53.331444,21.548126,10.250519,1.4604263,-3.9042053,0.048546158,15.35162,43.72471
2020-04-18,5504.57,383.4815384615385,160.75384615384615,9.968461538461538,39.45307692307692,Cairo,0.0,3.5927415,198.11124,57.062897,21.981232,11.743195,-1.391182,-3.2135773,0.10235195,18.70477,42.78749
2020-04-19,5805.67,432.8723076923077,135.8923076923077,10.513076923076921,39.660000000000004,Cairo,0.0,4.76581,208.03888,56.4014,22.515656,11.65213,-2.3543167,-4.1088333,0.29663512,8.993275,32.71133
2020-04-20,5651.66,411.15538461538466,149.14846153846153,10.409230769230769,39.86538461538461,Cairo,0.0,3.5315838,201.29147,50.015244,22.671906,10.396271,-1.3347168,-3.2466278,0.15038614,13.365065,33.325897
2020-04-21,5434.94,433.4761538461538,131.88153846153847,10.52,40.068461538461534,Cairo,0.0,1.587694,292.73438,39.26168,25.450226,8.689117,-1.2411346,-0.54024506,0.12843135,20.137814,47.417694
2020-04-22,5639.78,419.3315384615385,149.28538461538463,10.69076923076923,40.26615384615385,Cairo,0.0,4.923168,209.67064,26.651787,27.973785,6.171173,2.9306183,1.4654617,0.34987682,29.065224,117.51846
2020-04-23,5669.24,447.49615384615385,129.63846153846154,10.895384615384616,40.46307692307692,Cairo,0.0,2.6273494,114.777725,58.32033,23.19278,12.196075,2.3543854,-1.0205612,0.06247786,17.708376,41.53901
2020-04-24,4895.22,262.2307692307692,223.60230769230768,9.23846153846154,40.65538461538461,Cairo,0.0,6.5951834,170.14618,43.293945,25.79837,8.109772,2.764534,-0.6298065,0.6005171,33.05726,188.17575
2020-04-25,4263.88,160.95538461538462,250.9653846153846,8.066923076923077,40.84615384615385,Cairo,3.8146973e-06,4.85621,126.18225,53.10385,20.854767,10.011383,4.000618,-2.5306244,0.13100034,12.3934765,59.994034
2020-04-26,5622.9,404.83307692307693,153.84384615384616,10.753076923076922,41.03384615384615,Cairo,0.0,2.6560504,116.90785,55.251427,20.68106,9.473541,2.4187698,-0.9388809,0.06648669,13.520538,29.302046
2020-04-27,4167.71,245.53923076923076,180.53076923076924,8.316923076923077,41.21846153846154,Cairo,0.0,1.9707022,246.48166,46.037964,23.034576,9.12796,-1.6410828,0.08607483,0.29006258,16.90725,46.937332
2020-04-28,5660.13,437.37461538461537,130.20615384615385,10.966153846153846,41.399230769230776,Cairo,0.0,4.409161,200.76926,42.289738,24.987213,10.123444,-1.3884964,-3.5463638,0.20792861,16.333519,39.619663
2020-04-29,5760.1,438.2161538461538,134.20461538461538,11.04076923076923,41.57692307692308,Cairo,0.0,3.247239,172.98117,51.77503,21.455597,9.508209,0.3684616,-3.1631775,0.026466843,14.528408,27.095488
2020-04-30,5700.8,455.7992307692308,121.55692307692308,11.287692307692309,41.75153846153846,Cairo,0.0,2.315806,202.38223,47.07407,22.270416,8.657135,-0.8002548,-2.086296,0.040041067,26.14666,44.525787
2020-05-01,5356.43,409.72076923076924,143.00923076923078,10.781538461538462,41.92230769230769,Cairo,0.0,2.4560208,192.13312,42.25791,25.05362,10.046173,0.35847473,-0.6597061,0.2026745,31.103685,73.055336
2020-05-02,5509.84,416.7269230769231,141.27692307692308,10.933846153846154,42.09076923076923,Cairo,0.0,3.19458,155.41367,41.25119,25.097565,9.375519,1.3454819,-2.1064682,0.14719552,17.22211,28.467344
2020-05-03,5266.3,363.6038461538462,174.85615384615386,10.527692307692309,42.25538461538462,Cairo,0.0,3.2598085,166.81319,47.03114,24.009064,8.648834,1.0279999,-2.1807327,0.16117717,14.839445,31.184559
2020-05-04,5406.42,431.21000000000004,129.66307692307694,11.175384615384615,42.41615384615385,Cairo,0.0,2.6945071,166.1704,47.06536,24.948639,11.148468,0.79048157,-0.33883667,0.074040696,12.373323,26.55198
2020-05-05,5150.22,298.4607692307692,200.09846153846155,9.794615384615385,42.574615384615385,Cairo,0.0,4.77162,160.27051,49.150253,23.033112,10.760284,3.0631332,-2.6019974,0.2136068,15.255154,72.40155
2020-05-06,5596.400000000001,412.5576923076923,143.5176923076923,11.095384615384615,42.72923076923077,Cairo,0.0,2.600881,121.85152,54.004135,21.756989,10.935822,2.2317657,-1.329956,0.02398949,13.1901655,28.205864
2020-05-07,5447.95,437.1807692307693,127.98384615384614,11.383846153846154,42.879230769230766,Cairo,0.0,2.1684039,207.95393,46.031254,23.73111,9.296417,-0.42962646,-1.4393845,0.055703364,29.677353,49.64294
2020-05-08,5292.92,425.8923076923077,130.6323076923077,11.226923076923075,43.027692307692305,Cairo,0.0,3.094689,158.59657,38.00764,27.473053,9.002594,1.4689484,-0.35798645,0.12985483,19.483171,39.01098
2020-05-09,4945.73,265.0023076923077,224.98769230769233,9.675384615384615,43.17307692307692,Cairo,0.0,3.9848485,127.980804,58.576706,22.952179,13.038849,3.0133972,-2.4019623,0.06629953,21.129734,61.756844
2020-05-10,5589.89,436.65999999999997,127.91615384615385,11.502307692307692,43.31461538461539,Cairo,0.0,2.4495702,162.19626,53.968994,22.947052,10.863556,0.76929474,-2.323021,0.041857198,23.36415,39.482933
2020-05-11,5638.06,428.1976923076923,135.10384615384615,11.478461538461538,43.45307692307692,Cairo,0.0,3.9185805,215.33939,49.22174,24.065704,10.304108,-2.222046,-3.2227707,0.08158907,14.123266,33.679527
2020-05-12,5521.48,412.6753846153846,141.32923076923078,11.305384615384614,43.58846153846154,Cairo,0.0,5.409251,226.14276,43.411587,26.662628,10.292389,-3.88385,-3.7633514,0.14972895,20.957819,64.632385
2020-05-13,4351.23,214.42538461538464,227.68384615384613,8.781538461538462,43.71846153846154,Cairo,0.0,5.759736,224.43575,39.20792,27.92276,10.645172,-3.958458,-4.154869,0.20635223,13.272599,57.875656
2020-05-14,4490.33,264.40384615384613,190.23384615384614,9.127692307692307,43.84461538461539,Cairo,0.0,4.1554413,206.3245,30.99572,28.01883,7.6943665,-1.7482452,-3.7279663,0.22870561,20.276955,56.31691
2020-05-15,4837.3,288.08846153846156,196.8853846153846,9.735384615384616,43.96923076923077,Cairo,0.0,5.4245977,213.75394,53.010212,27.120636,14.115387,-3.1651382,-4.37175,0.27020624,12.403042,40.539497
2020-05-16,4702.75,296.36384615384617,188.82384615384615,9.858461538461539,44.089999999999996,Cairo,0.0,4.8759637,211.39964,38.22787,30.927032,12.16861,-2.5495834,-4.1466904,0.30701673,20.105307,44.083313
2020-05-17,4832.99,328.36307692307696,179.0069230769231,10.458461538461538,44.20846153846154,Cairo,0.0,4.0838647,220.034,32.294815,33.239532,12.049835,-2.7164917,-3.024109,0.25885463,18.722921,44.20547
2020-05-18,5150.05,401.18,139.7,11.200769230769229,44.32076923076923,Cairo,0.0,4.022521,222.19,33.262913,33.759552,13.873077,-2.697792,-2.9833221,0.26125878,21.851006,56.465363
2020-05-19,5097.55,393.19,145.63153846153847,11.154615384615385,44.431538461538466,Cairo,0.0,3.7104192,230.00723,26.33427,35.099396,10.955353,-2.812729,-2.2878647,0.29822233,20.647097,50.58416
2020-05-20,5106.76,405.85846153846154,139.9053846153846,11.376923076923077,44.53846153846154,Cairo,0.0,3.3964524,223.78665,20.500504,36.6398,8.927399,-2.0145493,-2.1994858,0.3085037,17.710287,60.794895
2020-05-21,4937.86,396.25307692307695,142.91307692307691,11.232307692307693,44.643076923076926,Cairo,0.0,2.8217785,211.79704,26.02945,34.82718,10.905792,-1.2140732,-1.507637,0.29114506,25.820923,67.29867
2020-05-22,5233.08,366.2964285714285,130.525,10.388571428571428,41.65,Cairo,0.0,5.059841,162.89456,49.48459,29.674103,15.386749,1.4908447,-4.8348007,0.25877213,13.391066,40.58143
2020-05-23,5222.5,336.2314285714286,147.62642857142856,9.994285714285715,41.745,Cairo,0.0,4.4249396,161.07808,51.601498,25.855011,13.726593,1.7895126,-3.72126,0.17640528,15.614091,38.582184
2020-05-24,5529.650000000001,369.82142857142856,133.58285714285714,10.660714285714286,41.83857142857143,Cairo,0.0,4.734889,144.61429,44.65387,23.709137,9.657013,2.4296188,-3.9008102,0.022114381,11.012868,33.589146
2020-05-25,5392.26,394.57642857142855,115.98,10.935,41.92642857142857,Cairo,0.0,2.2480788,146.08035,42.068283,23.338898,7.587799,1.2531128,-1.8659286,0.028391128,21.256208,39.920395
2020-05-26,5297.1,372.9135714285714,128.2392857142857,10.609285714285715,42.012142857142855,Cairo,0.0,2.5944705,180.05124,43.052204,25.607697,10.6753235,-0.011703491,-2.5424118,0.08306013,20.946285,38.374275
2020-05-27,5277.72,361.49285714285713,130.80428571428573,10.297857142857143,42.09428571428572,Cairo,0.0,3.4506922,171.28413,47.22865,25.635284,12.377228,0.72626495,-3.2848434,0.14062428,9.99426,20.34407
2020-05-28,5373.4800000000005,367.79571428571427,131.96,10.59142857142857,42.17285714285714,Cairo,7.6293945e-06,3.601833,164.50186,50.6246,24.304352,11.377472,0.9833679,-3.4013214,0.0919062,15.532916,31.368128
2020-05-29,5418.5599999999995,383.7721428571428,119.82928571428572,10.85,42.24714285714286,Cairo,0.0,2.950858,198.32051,45.14949,23.492218,9.700592,-0.86320496,-2.7526627,0.06028348,16.414959,28.229237
2020-05-30,5514.58,394.6507142857143,114.27,11.015714285714285,42.31857142857143,Cairo,0.0,3.5456433,208.99052,44.03239,23.45401,8.848663,-1.6946487,-3.108818,0.085529596,16.628887,35.527534
2020-05-31,5458.5599999999995,389.7857142857143,114.78857142857143,10.944285714285714,42.38857142857143,Cairo,0.0,4.1672935,205.3974,44.365814,23.813995,9.142609,-1.6832657,-3.7825775,0.1117335,10.575662,27.887245
2020-06-01,5078.97,366.5935714285714,122.28,10.542142857142858,42.45285714285715,Cairo,0.0,1.6888666,254.56659,37.17775,27.926178,9.586578,-1.4866409,-0.73280334,0.32824078,11.59424,44.40873
2020-06-02,5225.51,356.5664285714286,130.79142857142855,10.489285714285714,42.51428571428572,Cairo,0.0,5.6521845,129.52127,42.115364,26.898346,11.58902,4.2975235,-3.4848175,0.23057297,17.426165,69.048
2020-06-03,5129.93,384.79285714285714,109.78857142857143,10.780714285714286,42.57285714285714,Cairo,0.0,2.4248571,174.94301,45.698914,26.102081,12.200226,0.308609,-1.6174088,0.11827065,13.206263,32.08468
2020-06-04,5069.1,338.1014285714286,139.65142857142857,10.156428571428572,42.62714285714286,Cairo,0.0,3.822608,209.9056,46.673973,26.627228,12.947052,-1.986618,-3.1450348,0.15221672,13.82649,36.896637
2020-06-05,5334.85,376.87142857142857,121.0307142857143,10.677142857142856,42.68,Cairo,0.0,3.7302883,205.76059,51.354458,26.001373,13.500885,-1.6105804,-3.3616638,0.054131683,10.79138,29.728464
2020-06-06,5278.92,393.94,107.83428571428571,11.047857142857142,42.72714285714286,Cairo,0.0,2.9336777,237.35756,50.58747,26.447052,12.392609,-2.4403534,-1.5849838,0.10137918,13.026211,34.72713
2020-06-07,4785.94,325.2742857142857,151.31785714285712,10.163571428571428,42.775,Cairo,0.0,2.7897615,195.21579,32.790535,31.372345,10.160797,-0.14354706,-1.0559921,0.49724412,12.316946,23.470871
2020-06-08,5146.66,370.64285714285717,120.64714285714285,10.549285714285714,42.81571428571429,Cairo,0.0,3.4836035,168.91278,40.947723,28.72818,13.1666565,0.6467514,-3.4211807,0.13742402,26.912334,56.703102
2020-06-09,5202.03,371.76785714285717,121.74285714285715,10.665000000000001,42.853571428571435,Cairo,0.0,3.055299,182.80658,50.502575,27.384674,14.319122,0.03100586,-2.8262482,0.06958103,19.938665,36.724552
2020-06-10,5017.29,361.33714285714285,123.80214285714285,10.557857142857143,42.89,Cairo,0.0,2.760713,199.94598,43.03929,29.83133,13.949371,-0.80529785,-2.5639038,0.26545423,21.161968,48.275402
2020-06-11,5174.76,376.6771428571428,115.58785714285715,10.736428571428572,42.92142857142857,Cairo,0.0,3.9368372,169.98068,32.5922,30.388702,11.175568,1.0172195,-3.622551,0.20428875,19.697414,42.862793
2020-06-12,5043.74,374.7642857142857,112.78857142857143,10.745000000000001,42.949285714285715,Cairo,0.0,2.3693347,205.01814,35.280064,29.40506,11.035309,-1.0100784,-2.116623,0.18542887,11.065515,29.281986
2020-06-13,4877.22,313.46999999999997,153.405,9.995714285714286,42.97642857142857,Cairo,0.0,3.8760686,232.5296,25.775875,31.789825,9.697784,1.1756363,-0.35141754,0.24653585,15.832134,42.162247
2020-06-14,5232.0,389.07,105.70714285714287,10.960714285714285,42.99928571428571,Cairo,0.0,3.6820567,188.39537,42.262466,27.78006,12.264069,-0.4880829,-3.5699692,0.09194684,16.095787,32.86732
2020-06-15,5232.51,387.29,107.10428571428572,10.946428571428571,43.01857142857143,Cairo,0.0,3.2029266,198.55235,43.772236,27.630768,13.167511,-0.8945999,-3.0515366,0.0444436,20.319584,39.33243
2020-06-16,5159.4,366.5942857142857,122.95785714285715,10.709285714285715,43.035000000000004,Cairo,0.0,3.4388251,232.60522,39.56951,28.845734,12.473053,-2.6629257,-2.15139,0.1368357,11.756167,30.416334
2020-06-17,4912.74,362.2785714285714,125.96071428571429,10.611428571428572,43.04785714285714,Cairo,0.0,3.4225383,159.14975,31.435799,32.743805,10.352203,0.45964813,0.056922913,0.35781577,13.00596,59.809128
2020-06-18,5098.95,350.70714285714286,126.82214285714285,10.225,43.05785714285714,Cairo,0.0,4.0499005,134.24443,54.523712,27.852081,15.923004,2.9108734,-2.7847137,0.12853755,13.504761,43.53534
2020-06-19,5024.36,351.69714285714286,121.09142857142857,10.122142857142858,43.065,Cairo,0.0,3.2686732,138.10837,59.18245,26.87967,16.832916,2.402565,-2.0675201,0.09472298,9.821555,32.540848
2020-06-20,5222.01,384.19928571428574,107.86571428571428,10.880714285714285,43.06928571428572,Cairo,0.0,3.978312,139.62576,54.498444,27.856842,15.937164,2.380394,-3.1443253,0.08896019,15.52264,39.8343
2020-06-21,4861.91,327.76142857142855,145.85214285714287,10.317857142857141,43.07,Cairo,0.0,2.2723176,132.9703,41.132732,31.241852,13.084503,1.4697876,0.6785965,0.40245718,20.932377,50.579094
2020-06-22,5016.29,351.3807142857143,130.175,10.462857142857143,43.067142857142855,Cairo,0.0,3.149363,137.45474,45.34156,29.996979,15.273346,2.234192,-2.1792603,0.39253753,15.284137,52.909584
2020-06-23,5093.1,378.65714285714284,111.67999999999999,10.822857142857144,43.06214285714286,Cairo,0.0,3.109323,204.01517,41.481445,29.749054,13.589264,-1.1993561,-2.7014847,0.14555441,14.1210785,33.844875
2020-06-24,5157.030000000001,382.26714285714286,107.83357142857143,10.860714285714286,43.05285714285714,Cairo,0.0,4.3416185,206.83409,48.73488,28.827179,15.437286,-1.8591614,-3.5459137,0.08460271,13.829852,48.144608
2020-06-25,5132.97,345.61285714285714,133.40714285714287,10.300714285714287,43.042142857142856,Cairo,0.0,3.871533,194.4488,53.04442,27.328522,15.8638,-0.9573822,-3.7508316,0.026448814,12.983135,30.245756
2020-06-26,5148.45,361.9742857142857,122.615,10.421428571428573,43.026428571428575,Cairo,0.0,3.905836,199.05423,54.706463,27.949005,16.667877,-1.3265228,-3.6605453,0.038148068,16.28472,38.759815
2020-06-27,5146.94,372.53714285714284,115.80357142857143,10.543571428571427,43.00857142857143,Cairo,0.0,3.227038,190.35818,56.939617,28.83548,17.634796,-0.6642685,-3.1135406,0.07885066,24.277246,48.451347
2020-06-28,5093.53,373.3521428571429,115.48642857142856,10.582857142857142,42.989285714285714,Cairo,0.0,2.524953,176.2261,55.632984,29.112946,16.719269,0.1639862,-2.5187607,0.06292057,17.399761,36.07322
2020-06-29,5148.63,382.18,110.39571428571428,10.752142857142857,42.964285714285715,Cairo,0.0,2.9056969,155.8555,56.57296,29.07901,17.901031,1.1981354,-2.6425247,0.04342921,16.155466,30.508938
2020-06-30,5252.7,392.7635714285714,106.37,11.016428571428571,42.93714285714286,Cairo,0.0,2.9125824,148.12218,49.226265,28.74588,14.91507,1.6713028,-2.3336182,0.052260593,11.6243725,23.17841
2020-07-01,5163.55,393.92285714285714,102.11285714285714,11.001428571428573,42.90642857142858,Cairo,0.0,2.043704,149.87311,49.846916,28.251251,15.101227,1.095459,-1.6963501,0.028676484,26.608784,46.222507
2020-07-02,5065.39,407.41769230769233,121.39153846153846,11.585384615384616,46.059999999999995,Cairo,0.0,2.9256473,182.43793,47.283997,30.89798,15.9635315,-0.0039978027,-2.8888092,0.049140546,21.656343,41.00652
2020-07-03,5091.63,404.3638461538461,125.71538461538461,11.5,46.027692307692305,Cairo,0.0,2.7953925,185.80583,41.987186,30.842438,14.583527,-0.19181824,-2.7525864,0.07003465,19.320862,42.759224
2020-07-04,5078.55,403.2823076923077,126.39230769230768,11.457692307692307,45.99076923076923,Cairo,0.0,2.5369234,163.09293,45.587017,30.642487,15.66629,1.032753,-2.1122742,0.034725808,18.199963,32.930893
2020-07-05,5164.66,416.0376923076923,115.22076923076922,11.61923076923077,45.95076923076923,Cairo,0.0,3.4974203,151.96686,53.272797,30.456207,17.55606,1.6863403,-3.0629883,0.03596569,11.26943,23.42784
2020-07-06,5173.13,426.2423076923077,110.41153846153846,11.814615384615385,45.9076923076923,Cairo,0.0,2.925126,141.54074,44.35226,30.568512,14.128326,1.9190826,-2.1931,0.037241124,19.121996,34.278145
2020-07-07,4963.55,420.19,112.62461538461538,11.64076923076923,45.862307692307695,Cairo,0.0,2.7760534,176.16714,35.520893,32.291534,13.827789,-0.027435303,0.80836487,0.1182335,17.989697,40.209698
2020-07-08,4994.64,377.90999999999997,137.35230769230768,11.074615384615385,45.81153846153847,Cairo,0.0,3.4322243,173.32446,51.77778,29.94693,17.867218,1.0091705,-2.0115662,0.11562341,13.107991,45.00199
2020-07-09,4942.75,341.0869230769231,163.53076923076924,10.753846153846153,45.75769230769231,Cairo,0.0,2.6754484,167.70412,54.719845,29.345245,18.289215,0.88103485,-2.352539,0.04425531,16.384468,31.934105
2020-07-10,4998.75,367.1223076923077,145.4146153846154,10.85923076923077,45.70230769230769,Cairo,0.0,3.2977505,173.60315,59.061176,29.926178,20.053009,0.29375458,-3.2767105,0.075433314,28.915478,57.91211
2020-07-11,5108.7,404.6723076923077,121.87923076923077,11.23923076923077,45.643076923076926,Cairo,0.0,2.9737778,158.03882,55.041424,30.210968,18.339508,1.2410965,-2.6800919,0.066167,17.987371,37.064533
2020-07-12,5146.25,401.54538461538465,127.18384615384616,11.18923076923077,45.58153846153846,Cairo,0.0,2.7417684,157.91296,52.400036,29.404938,17.320953,1.1137161,-2.2826614,0.05415176,19.173409,39.610344
2020-07-13,5134.47,405.44076923076926,122.05538461538461,11.136923076923077,45.51538461538462,Cairo,0.0,2.6957536,149.00337,59.270393,28.949371,18.17044,1.4633102,-2.1714249,0.0409785,17.921566,35.176273
2020-07-14,5169.16,430.05384615384617,110.99384615384616,11.707692307692307,45.44538461538461,Cairo,0.0,2.2401938,158.42952,55.55229,29.552765,17.451202,0.86211395,-2.0403214,0.051382363,12.17704,20.97444
2020-07-15,5066.97,399.8146153846154,124.99076923076925,11.05,45.37384615384615,Cairo,0.0,3.0831003,160.53593,55.83545,29.957794,18.495392,1.0471115,-2.761551,0.059092026,21.056992,42.849686
2020-07-16,5269.59,415.9369230769231,121.91153846153847,11.379999999999999,45.29692307692308,Cairo,4.7683716e-07,3.5298374,160.10246,58.909836,28.78543,18.456085,1.2792969,-3.2409515,0.040462658,12.827946,27.545176
2020-07-17,5254.2,423.9507692307692,113.5776923076923,11.553846153846155,45.21923076923077,Cairo,0.0,3.182849,148.53647,55.253242,28.65689,17.383698,1.7612152,-2.6170883,0.048983037,12.66094,29.857906
2020-07-18,5225.26,425.4476923076923,112.08076923076922,11.566153846153847,45.13384615384616,Cairo,0.0,2.8925805,156.18118,52.95068,29.007965,16.755646,1.352005,-2.508133,0.03588444,15.162493,29.062397
2020-07-19,5183.13,403.29153846153844,128.40615384615384,11.103076923076923,45.04692307692308,Cairo,0.0,2.8589041,187.477,56.928413,28.814972,18.066803,-0.36878204,-2.8349457,0.05045802,21.129929,42.24175
2020-07-20,5131.33,400.8430769230769,127.5323076923077,11.049230769230768,44.95923076923077,Cairo,0.0,3.3862514,185.25278,56.737465,29.675934,18.990265,-0.29603577,-3.363205,0.11193594,26.088615,52.269802
2020-07-21,5176.83,402.5684615384616,127.22846153846154,11.072307692307692,44.86538461538461,Cairo,0.0,3.432342,166.83472,56.042854,29.485626,18.303009,0.8031311,-3.328682,0.08352497,15.92226,31.915445
2020-07-22,5071.849999999999,378.02153846153846,142.72538461538463,10.765384615384615,44.76923076923077,Cairo,0.0,3.3231566,149.42255,61.28501,29.501984,19.667267,1.6213684,-2.873436,0.051886037,23.93311,46.795483
2020-07-23,5110.71,402.77846153846156,126.43769230769232,10.946923076923078,44.67,Cairo,0.0,2.5856264,147.8441,65.12166,29.620026,20.75821,1.3439102,-2.1945496,0.055545785,16.16389,35.89446
2020-07-24,5153.73,415.72230769230765,122.04384615384615,11.163846153846153,44.566153846153846,Cairo,0.0,2.7391644,164.66513,55.309124,30.538116,18.340973,0.7103119,-2.6235046,0.06374852,23.783983,46.467834
2020-07-25,5173.83,410.80692307692306,127.30384615384615,11.126923076923077,44.45769230769231,Cairo,0.0,2.6534922,172.84637,53.829388,30.008942,17.799957,0.4031067,-2.6083832,0.069196716,18.10955,32.388016
2020-07-26,5270.27,422.73923076923074,118.15307692307692,11.314615384615385,44.349230769230765,Cairo,0.0,3.3587725,189.61502,54.373306,29.370392,18.182892,-0.3692627,-3.3051605,0.054740228,22.345037,44.4989
2020-07-27,5069.75,381.4130769230769,138.55692307692308,10.566153846153847,44.23307692307692,Cairo,0.0,3.3284183,172.52972,59.635506,29.386383,19.349762,0.38801575,-3.2998657,0.14394829,23.191393,48.586685
2020-07-28,5023.18,371.4953846153846,144.2430769230769,10.44846153846154,44.11769230769231,Cairo,0.0,3.3363326,170.71487,59.3108,29.547638,19.098663,0.4717636,-3.2870026,0.14813478,24.884483,49.560493
2020-07-29,5035.31,386.6546153846154,134.63846153846154,10.625384615384615,43.99615384615385,Cairo,0.0,2.9845326,163.15402,57.19223,29.969025,19.486237,0.854866,-2.8574295,0.17893156,21.044456,39.292107
2020-07-30,5021.95,371.3892307692308,146.40076923076924,10.450769230769229,43.871538461538464,Cairo,0.0,3.3207057,169.64758,51.331192,31.048492,18.68753,0.57014465,-3.266388,0.15356441,26.07663,46.503242
2020-07-31,4985.86,381.65384615384613,135.0,10.376923076923077,43.74384615384615,Cairo,0.0,2.9045305,165.34412,59.78684,30.766998,20.822784,0.6654053,-2.814766,0.1621019,33.89209,63.77295
2020-08-01,5260.94,430.25,116.29461538461538,11.213846153846154,43.614615384615384,Cairo,0.0,2.6672344,153.20264,51.37563,30.944855,17.706207,1.4159088,-2.1686554,0.063654214,11.665151,20.578293
2020-08-02,5299.85,440.3507692307693,113.44923076923077,11.344615384615384,43.47846153846154,Cairo,0.0,2.546524,147.6549,49.991436,30.599152,16.104523,1.5936966,-0.9593353,0.046211667,16.571526,36.894585
2020-08-03,5233.28,421.40384615384613,122.20615384615385,10.93923076923077,43.34076923076923,Cairo,0.0,3.1543658,131.33551,56.820293,31.078644,19.447662,2.1420288,-2.275917,0.061957862,17.675097,40.107216
2020-08-04,5228.47,429.77000000000004,116.28538461538461,11.05923076923077,43.19923076923077,Cairo,0.0,3.1694613,180.99356,46.126312,31.81717,17.453766,0.8626709,-2.3185883,0.09804601,21.82452,41.56636
2020-08-05,5353.44,441.95000000000005,111.79615384615384,11.235384615384616,43.05538461538462,Cairo,0.0,2.943719,143.33138,53.627846,29.532867,17.440338,1.8986435,-1.97686,0.037419736,16.22038,33.221546
2020-08-06,5303.58,434.19153846153847,118.09076923076924,11.092307692307692,42.90538461538461,Cairo,0.0,2.423419,138.97365,59.927902,29.869415,19.242706,1.6204376,-1.7951508,0.039883003,15.747955,27.23806
2020-08-07,5281.45,431.8192307692307,118.22692307692309,10.986923076923079,42.75461538461538,Cairo,0.0,3.168781,170.03418,54.23746,31.766144,19.14627,0.80101013,-3.0407257,0.09691112,34.110035,64.72639
2020-08-08,5250.43,424.5123076923077,120.81153846153846,10.859230769230768,42.599230769230765,Cairo,0.0,2.9786415,168.08295,48.260864,31.990753,18.746368,0.9136963,-2.8078995,0.13391595,10.3843975,21.150288
2020-08-09,5277.93,427.9015384615385,118.46538461538461,10.853846153846153,42.440000000000005,Cairo,0.0,2.8764515,145.06232,54.48335,30.552277,19.433868,1.8926315,-2.0048141,0.14480194,16.953018,39.57555
2020-08-10,5119.88,389.79538461538465,142.01000000000002,10.556153846153846,42.27846153846154,Cairo,0.0,2.98192,163.17113,49.549656,31.145294,18.02945,1.6190872,-1.7072372,0.09017041,12.831436,32.627377
2020-08-11,5220.26,399.08769230769235,138.11923076923077,10.539230769230768,42.112307692307695,Cairo,0.0,2.7441125,162.62703,50.544437,30.556183,18.364044,1.280098,-2.2751007,0.07514135,24.868269,45.12634
2020-08-12,5318.2699999999995,419.14846153846156,127.72230769230768,10.629999999999999,41.94461538461538,Cairo,0.0,2.7857819,170.26282,58.385536,30.059479,19.581085,0.5001831,-2.7391891,0.03891774,19.503399,37.685112
2020-08-13,5213.03,407.20692307692303,134.05615384615385,10.466923076923077,41.77384615384615,Cairo,0.0,2.5628626,176.2656,56.678745,29.922638,19.351227,0.20744324,-2.5449219,0.053729326,23.217215,44.39355
2020-08-14,5307.76,426.9115384615385,124.59076923076924,10.627692307692307,41.599230769230765,Cairo,0.0,2.7479012,165.88898,52.298058,30.717072,17.896393,0.6774597,-2.6628876,0.03473781,17.531088,33.71159
2020-08-15,5249.08,417.86769230769227,130.85615384615386,10.524615384615384,41.41923076923077,Cairo,0.0,2.2279582,165.07538,59.680573,30.802155,19.747955,0.550148,-2.15316,0.03741046,18.831535,33.45317
2020-08-16,5257.17,428.5746153846154,125.50846153846155,10.622307692307693,41.23846153846154,Cairo,0.0,2.1894975,154.28282,52.011322,31.532623,18.697052,0.9146576,-1.9599991,0.041541122,26.976011,47.68213
2020-08-17,5383.2300000000005,437.10615384615386,123.68153846153847,10.739230769230769,41.05461538461539,Cairo,0.0,3.1380792,142.77393,51.24089,31.188263,17.93863,1.9698181,-2.399376,0.03306344,17.337345,30.192753
2020-08-18,5369.21,422.6492307692308,128.8676923076923,10.453076923076923,40.86538461538461,Cairo,0.0,2.9899712,143.9911,62.479935,29.67044,19.97171,1.7880249,-2.3935318,0.043961003,19.348806,40.01131
2020-08-19,5330.96,412.4207692307692,137.57999999999998,10.404615384615385,40.675384615384615,Cairo,0.0,2.5733669,151.56038,58.498615,28.977325,18.610382,1.3304062,-2.1127548,0.02862473,14.469927,26.860126
2020-08-20,5401.34,428.1207692307692,129.08615384615385,10.516923076923076,40.48076923076923,Cairo,0.0,2.718195,155.92822,56.266983,29.516632,18.531403,1.2076416,-2.4150543,0.033751585,21.562553,38.974495
2020-08-21,5432.06,434.61538461538464,124.91846153846154,10.497692307692308,40.283846153846156,Cairo,0.0,2.82858,149.66449,57.159565,29.603302,18.579987,1.6339111,-2.2424164,0.027420107,15.731998,31.021582
2020-08-22,5261.88,394.0276923076923,145.81923076923078,10.062307692307693,40.08538461538462,Cairo,0.0,2.7839422,140.07013,60.017193,28.870636,19.122345,1.5848694,-2.180725,0.01924854,14.81925,31.64433
2020-08-23,5289.39,415.9661538461539,133.61384615384617,10.19846153846154,39.88153846153846,Cairo,0.0,2.4682443,185.04665,53.73844,30.03482,18.274323,-0.15183258,-2.4551468,0.06331175,25.158068,48.31293
2020-08-24,5361.71,435.4469230769231,124.75153846153846,10.410769230769231,39.676923076923075,Cairo,0.0,2.4351656,201.60117,52.786655,30.534454,18.011505,-0.8805313,-2.2685776,0.038817346,16.436527,30.176064
2020-08-25,5328.58,436.50615384615384,124.85230769230769,10.401538461538461,39.46615384615385,Cairo,0.0,2.6161168,181.64172,46.65403,30.940826,16.506256,0.27441406,-2.2726822,0.044776224,27.594345,50.720055
2020-08-26,5372.99,436.1223076923077,125.31307692307692,10.34153846153846,39.25615384615384,Cairo,0.0,2.7343638,184.8186,53.659126,30.27835,18.085602,0.14917755,-2.5196228,0.0355594,19.258444,31.954449
2020-08-27,5217.03,383.09769230769234,152.47076923076924,9.791538461538462,39.042307692307695,Cairo,0.0,2.6717281,161.14116,47.26069,29.514313,16.51004,0.99876404,-2.3122559,0.039520167,26.230978,46.439125
2020-08-28,5039.9,356.31538461538463,163.0876923076923,9.442307692307692,38.824615384615385,Cairo,0.0,2.9820752,166.70404,57.95243,29.54007,19.513947,0.6755142,-2.9042892,0.028941922,27.7112,51.22107
2020-08-29,5333.8,417.77153846153846,133.78846153846155,9.972307692307691,38.60307692307693,Cairo,0.0,2.5967686,178.53973,58.923294,30.013947,19.905304,0.08043671,-2.5940475,0.053116344,29.362509,51.815758
2020-08-30,5033.33,381.40846153846155,145.34923076923076,9.470769230769232,38.38153846153846,Cairo,0.0,2.9726944,175.54254,57.576607,31.249298,20.46988,0.3429947,-2.7915115,0.09161196,31.188736,60.18499
2020-08-31,5233.8,440.07750000000004,150.1025,10.559166666666666,41.225,Cairo,0.0,2.5429637,163.88104,53.589397,31.539093,19.498932,0.7222595,-2.4355087,0.08656505,22.325443,38.93676
2020-09-01,5563.9400000000005,514.7383333333333,116.005,11.295833333333334,41.0,Cairo,0.0,2.9766393,150.26227,52.15303,30.93631,17.16983,1.617012,-2.3776474,0.06900628,18.004423,36.252945
2020-09-02,5498.49,508.8416666666667,120.59666666666668,11.198333333333332,40.77,Cairo,0.0,2.057118,186.18219,44.628925,30.687286,15.947296,0.05619812,-1.8101578,0.0609733,21.76264,35.739216
2020-09-03,5264.13,452.4866666666667,138.98499999999999,10.469166666666666,40.54333333333333,Cairo,0.0,3.0396624,185.61986,57.954727,30.292755,20.013092,-0.30954742,-3.023346,0.076091416,32.3654,60.64516
2020-09-04,4760.13,389.2675,151.13833333333335,9.542499999999999,40.30833333333333,Cairo,0.0,3.0756545,187.6063,63.36399,31.681183,23.063751,-0.39971924,-3.017807,0.23801872,40.336544,80.310905
2020-09-05,5333.72,463.2575,137.26333333333335,10.503333333333334,40.075833333333335,Cairo,0.0,3.3639774,185.40994,57.716133,31.847198,21.123688,-0.30462646,-3.3497925,0.22600558,24.637863,52.470207
2020-09-06,5349.86,457.2383333333333,139.11083333333332,10.383333333333333,39.8375,Cairo,0.0,3.2561488,185.293,57.479095,30.279816,19.449371,-0.28383636,-3.2410889,0.18842113,18.829517,38.061924
2020-09-07,5288.15,450.035,140.5175,10.230833333333333,39.597500000000004,Cairo,0.0,3.1462643,176.88632,58.750904,30.33731,20.177643,0.18476868,-3.1348648,0.13840649,24.590355,48.5653
2020-09-08,5180.75,435.59833333333336,143.78333333333333,10.008333333333335,39.3575,Cairo,0.0,3.3600926,178.85944,61.106125,30.675446,21.199493,0.039657593,-3.3527145,0.10419999,31.304588,61.89486
2020-09-09,5446.42,471.75,133.9675,10.380833333333333,39.11333333333334,Cairo,0.0,3.2246013,174.10449,60.300125,30.017365,20.214386,0.31559753,-3.2082062,0.09637295,22.933567,45.699482
2020-09-10,5197.17,441.4391666666667,145.51833333333335,10.028333333333334,38.8675,Cairo,0.0,2.645848,122.12657,59.759075,30.07425,20.074493,1.9154892,-1.0954132,0.106635176,30.285511,59.424633
2020-09-11,5299.98,461.27833333333336,133.0325,10.07,38.62083333333333,Cairo,0.0,2.621406,105.377396,56.170673,30.661774,18.762115,2.1569443,-0.024085999,0.1398431,25.67323,54.484604
2020-09-12,5367.719999999999,470.43833333333333,136.32500000000002,10.240833333333333,38.37,Cairo,0.0,2.1848998,149.73329,46.56375,31.022736,17.063385,1.3327789,-1.1791763,0.14128944,25.23317,53.881012
2020-09-13,5470.33,474.7425,135.26250000000002,10.241666666666667,38.119166666666665,Cairo,0.0,3.4155242,198.08359,53.981155,30.188873,18.052032,-1.0649414,-3.2452164,0.08824765,23.499819,48.731304
2020-09-14,5372.06,455.91333333333336,142.16916666666665,10.006666666666666,37.8675,Cairo,0.0,3.2249405,198.30658,56.088898,30.165314,18.447784,-0.9129791,-3.0478516,0.063844785,21.115664,41.224087
2020-09-15,5555.8,481.8591666666666,133.33333333333334,10.220833333333333,37.611666666666665,Cairo,0.0,3.6169367,195.2153,56.32888,29.483307,18.240265,-0.9740372,-3.463585,0.06418137,22.35956,47.32003
2020-09-16,5529.28,481.4258333333333,132.72166666666666,10.1525,37.35666666666666,Cairo,0.0,3.5190477,200.54767,54.947197,29.49466,18.3284,-1.302063,-3.2556763,0.07099162,29.771772,58.1316
2020-09-17,5295.3,440.6858333333334,146.11166666666665,9.675833333333333,37.098333333333336,Cairo,0.0,4.207281,201.35483,62.649097,30.363556,20.588898,-1.6280899,-3.8600006,0.13052252,29.867685,65.70327
2020-09-18,5291.83,428.25833333333327,155.79083333333332,9.5975,36.83833333333333,Cairo,0.0,5.691622,218.59676,56.242897,31.303131,18.677887,-3.6680832,-4.3196335,0.17262457,20.680412,65.58062
2020-09-19,5337.29,438.19083333333333,147.145,9.551666666666668,36.579166666666666,Cairo,0.0,5.5008135,211.63582,60.344776,30.8721,20.925201,-2.9333954,-4.6407166,0.16248812,14.08714,55.61206
2020-09-20,5246.8099999999995,427.95000000000005,150.01166666666666,9.4025,36.3175,Cairo,0.0,4.2199306,198.61932,65.07233,29.853668,21.134064,-1.387085,-3.9685287,0.166339,17.232616,45.59832
2020-09-21,5393.0599999999995,466.08666666666664,137.4325,9.716666666666667,36.053333333333335,Cairo,0.0,2.6748958,211.375,55.246487,29.59549,18.316803,-1.2143326,-2.2730942,0.12871692,20.06441,44.909546
2020-09-22,5348.81,441.80333333333334,147.24083333333334,9.458333333333334,35.79,Cairo,0.0,3.4470532,221.90738,55.86583,29.649078,19.208405,-2.0396805,-2.5677109,0.10383879,19.388311,45.460396
2020-09-23,4647.15,299.985,209.1025,8.373333333333333,35.524166666666666,Cairo,0.0,3.357616,180.62415,60.564457,28.751495,19.425568,0.0053634644,-3.335617,0.05425223,22.709017,43.89305
2020-09-24,5363.53,436.2375,153.79749999999999,9.385833333333332,35.2575,Cairo,0.0,3.4670506,170.51581,57.00252,28.146393,17.907867,0.60849,-3.411026,0.04103166,19.124702,35.550995
2020-09-25,5250.85,432.63916666666665,148.83333333333334,9.209166666666667,34.99,Cairo,0.0,2.970358,155.03514,58.31281,28.773712,18.549103,1.361702,-2.6332245,0.09216614,16.94077,41.619324
2020-09-26,5121.55,415.14916666666664,159.69916666666666,9.0975,34.722500000000004,Cairo,0.0,2.282144,168.4375,50.27999,28.529694,15.842316,0.6533127,-2.0212097,0.06344209,26.187649,44.55552
2020-09-27,5412.91,441.8908333333333,150.64166666666668,9.26,34.4525,Cairo,0.0,4.7078543,222.2115,54.44906,29.501984,17.767975,-3.2261276,-3.4215622,0.069349624,14.390356,38.580627
2020-09-28,5324.55,437.5491666666667,149.46333333333334,9.135833333333332,34.185,Cairo,0.0,5.520183,228.03595,53.73278,31.83316,18.691925,-4.116417,-3.6766663,0.14809202,15.451896,64.718895
2020-09-29,5290.28,441.4266666666667,147.1625,9.105,33.913333333333334,Cairo,0.0,4.0705843,208.34412,57.65869,30.590485,19.734894,-1.7577057,-3.5697708,0.15505004,22.25904,66.20741
2020-09-30,5104.67,422.63416666666666,149.64916666666667,8.848333333333333,33.6425,Cairo,0.0,2.9611182,189.2536,53.94627,31.141998,18.355377,-0.4439621,-2.9215393,0.1541014,18.946072,42.237812
2020-10-01,5382.83,477.91833333333335,124.87166666666667,9.161666666666667,33.369166666666665,Cairo,0.0,3.1096396,148.78983,56.600975,29.421906,18.459991,1.7195816,-2.407463,0.12381685,18.91762,37.6764
2020-10-02,5302.15,456.2325,137.91166666666666,9.02,33.09916666666667,Cairo,0.0,2.514782,173.29861,52.962585,28.13675,16.355255,0.2954483,-2.492485,0.03458148,20.470104,32.948772
2020-10-03,5523.5,479.8125,125.71499999999999,9.100833333333332,32.82833333333333,Cairo,0.0,3.7035813,204.69362,55.048325,27.865997,17.370636,-1.3984375,-3.3878708,0.065020114,20.998436,40.555527
2020-10-04,5506.09,481.4575,124.88583333333332,9.060833333333333,32.55583333333333,Cairo,0.0,3.340584,199.37338,56.449898,27.145294,16.755768,-0.8558197,-3.113083,0.09076642,19.077702,39.415264
2020-10-05,5521.08,473.79833333333335,130.63333333333333,9.0025,32.28416666666667,Cairo,0.0,3.640057,207.44016,55.113583,27.51358,16.136627,-1.7537994,-3.183632,0.042327568,19.907202,43.429466
2020-10-06,5384.12,452.5566666666667,136.71166666666667,8.788333333333332,32.01,Cairo,0.0,3.9019244,219.59293,61.112686,27.764557,17.799103,-2.5588303,-2.9207993,0.028556382,15.085669,28.718903
2020-10-07,5453.3,477.77,129.185,8.923333333333334,31.7375,Cairo,0.0,3.7329197,226.3725,53.189552,28.96585,16.1763,-2.7198715,-2.5372849,0.036931116,18.034718,31.03442
2020-10-08,5216.5199999999995,468.84,128.09416666666667,8.741666666666667,31.46666666666667,Cairo,0.0,2.8580568,221.23166,54.1106,30.121246,17.690948,-1.9198303,-2.0353012,0.06588885,16.952122,28.993223
2020-10-09,5198.74,445.8425,136.11416666666668,8.5275,31.194166666666664,Cairo,0.0,3.1364348,192.01358,57.560066,29.653229,17.739655,-0.57022095,-3.0188828,0.06085387,21.65514,35.875713
2020-10-10,5372.1900000000005,457.55833333333334,131.1375,8.5325,30.923333333333332,Cairo,0.0,3.3809843,183.78471,64.18298,28.120514,19.359406,-0.27287292,-3.3617249,0.057810944,23.624847,45.111954
2020-10-11,4169.92,317.32363636363635,176.76363636363638,7.385454545454545,29.921818181818182,Cairo,0.0,3.014512,190.86969,59.784485,27.208527,17.989532,-0.5600357,-2.960083,0.03044227,17.930058,29.146719
2020-10-12,5194.17,428.7208333333333,140.76666666666668,8.2575,30.383333333333336,Cairo,0.0,2.6699803,202.20409,51.645065,26.189606,14.554596,-0.9905014,-2.4776764,0.006383325,18.676355,28.573437
2020-10-13,5384.81,459.29333333333335,130.38166666666666,8.4,30.114166666666666,Cairo,0.0,3.0366068,207.34775,51.87403,26.598541,14.63504,-1.3792496,-2.7021637,0.010900484,16.303474,24.712631
2020-10-14,5502.82,468.1066666666666,125.81,8.397499999999999,29.843333333333334,Cairo,0.0,4.106736,223.04446,56.653957,26.940826,16.718292,-2.7141647,-3.0651932,0.043783262,12.726412,23.231777
2020-10-15,5357.16,452.96583333333336,128.4,8.195833333333333,29.5775,Cairo,0.0,4.1334825,213.3776,62.584164,27.194977,17.840363,-2.2409058,-3.4493866,0.07131469,15.62149,32.262203
2020-10-16,5335.3,439.89416666666665,136.3325,8.103333333333333,29.310000000000002,Cairo,0.0,3.259651,199.48863,60.251663,26.622711,17.27774,-1.1119843,-3.05999,0.027102405,17.822193,30.173424
2020-10-17,5523.75,471.80916666666667,124.95083333333334,8.288333333333332,29.043333333333333,Cairo,0.0,3.725664,206.0,56.728477,25.265533,14.867218,-1.5623245,-3.360176,0.017637316,18.85015,29.959454
2020-10-18,5478.91,503.4236363636364,141.8072727272727,8.925454545454544,31.255454545454544,Cairo,0.0,3.3785484,212.59747,61.18592,25.120392,16.000153,-1.8289032,-2.8404465,0.025314393,12.016497,18.391834
2020-10-19,5343.32,484.20454545454544,146.02363636363637,8.710909090909091,30.982727272727274,Cairo,0.0,4.754686,234.92296,59.317276,27.608673,16.439728,-3.8976135,-2.7155838,0.045470823,14.642082,25.986782
2020-10-20,5286.5199999999995,534.868,154.156,9.465,33.653,Cairo,0.0,4.5127945,227.91728,59.76993,28.105133,17.67276,-3.346756,-3.0258713,0.06390117,11.849077,25.29219
2020-10-21,4721.22,451.421,167.219,8.609,33.376999999999995,Cairo,0.0,4.5303407,220.48105,64.488434,26.913239,17.877838,-2.9171524,-3.4632416,0.08516945,20.939676,45.82481
2020-10-22,5283.0,537.2479999999999,153.894,9.373999999999999,33.103,Cairo,0.0,2.1882136,206.78038,56.253242,26.631989,15.344391,-0.95069885,-1.5809097,0.057231776,17.65332,34.74568
2020-10-23,5163.08,543.697,150.78,9.373999999999999,32.831,Cairo,0.0,2.1131172,156.1458,54.117035,27.05423,14.580109,-0.5296402,0.6503601,0.0387014,23.025192,40.284756
2020-10-24,4075.61,327.59900000000005,200.006,7.609,32.558,Cairo,0.0,2.3702776,106.80115,58.885986,25.240753,14.669342,2.1339645,-0.54592896,0.04033421,18.613438,30.442865
2020-10-25,5244.48,531.11,152.576,9.128,32.287,Cairo,0.0,2.079082,155.59631,52.887245,24.45108,13.013702,0.8535843,-1.6768875,0.0165117,17.245228,27.26781
2020-10-26,4785.73,470.177,165.68900000000002,8.664,32.024,Cairo,0.0,1.7666339,152.8416,60.706123,25.351227,16.271027,0.814621,-1.5654602,0.0293746,26.373077,46.849533
2020-10-27,4761.62,441.566,184.072,8.488,31.756999999999998,Cairo,0.0,2.5845952,154.50464,59.977146,26.163239,16.793732,1.1341629,-2.2848434,0.031108249,19.64872,33.649033
2020-10-28,4988.36,488.148,160.046,8.645999999999999,31.493000000000002,Cairo,0.0,2.8631477,193.97821,63.091034,25.532501,17.270905,-0.73571014,-2.7211227,0.04550875,22.649364,39.693054
2020-10-29,4756.07,432.703,181.513,8.258,31.232,Cairo,0.0,3.5993004,205.37558,62.57518,25.95279,17.653961,-1.49617,-3.2385025,0.060302753,17.300919,29.94503
2020-10-30,4839.46,448.654,171.382,8.272,30.974,Cairo,0.0,4.071491,190.76373,62.65058,25.423859,17.15384,-0.76532745,-3.9987717,0.06848205,21.887997,39.412525
2020-10-31,3141.99,187.129,214.3,6.114,30.719,Cairo,0.0,3.8347747,199.10553,60.886223,25.164215,16.443634,-1.3022766,-3.5577621,0.0827447,19.04096,34.539227
2020-11-01,3131.7400000000002,222.305,183.267,6.018,30.466,Cairo,0.0,3.5818367,191.46895,58.72448,24.477448,15.297516,-0.7472305,-3.4494934,0.0510424,15.655579,26.665249
2020-11-02,4908.57,473.691,158.921,8.251999999999999,30.216,Cairo,0.0,2.4880412,154.43182,53.868202,24.064606,13.418243,1.1691132,-1.9605331,0.017475143,19.220596,30.954182
2020-11-03,4626.87,454.689,144.503,7.816,29.969,Cairo,0.0,2.2398307,143.55054,55.588753,22.450104,12.735138,1.3677597,-1.6482086,0.0037588205,19.43848,30.639605
2020-11-04,4641.63,424.976,162.26600000000002,7.735000000000001,29.725,Cairo,0.0,3.0180087,100.813965,53.6837,22.34793,11.659454,2.9760056,-0.16844177,0.0078087305,25.80718,42.697865
2020-11-05,4624.19,397.44100000000003,181.653,7.623,29.482999999999997,Cairo,0.0,4.2825956,105.31389,56.407784,23.076447,13.065216,3.9821167,-1.3812866,0.018053504,13.676952,28.881838
2020-11-06,4059.66,334.525,176.739,6.737,29.246,Cairo,2.3841858e-05,2.856346,85.01497,55.06172,21.811188,12.006256,2.46698,-0.19691467,0.0077316007,18.795704,34.18
2020-11-07,3426.93,225.06599999999997,210.135,6.204,29.009000000000004,Cairo,1.9073486e-06,2.3042402,76.318436,60.17412,21.163116,12.4236145,2.2036362,0.6221771,0.012785206,20.487078,33.724636
2020-11-08,4506.88,418.942,154.233,7.478,28.778,Cairo,0.0,2.4484196,176.95148,53.13005,21.410553,10.345734,0.16068268,2.3790817,0.022134509,42.483917,67.328354
2020-11-09,1953.3700000000001,110.648,140.297,3.842,28.551,Cairo,4.2915344e-06,4.051531,181.29767,52.24903,20.738556,10.576813,0.48226166,3.564499,0.07775603,26.030434,63.854485
2020-11-10,4702.83,425.85599999999994,168.35399999999998,7.6129999999999995,28.325,Cairo,0.0,3.398736,50.350235,52.19641,21.917511,10.650787,2.5669098,1.9078369,0.029970443,14.253268,26.649673
2020-11-11,4760.84,459.913,154.241,7.7010000000000005,28.104000000000003,Cairo,0.0,1.9408362,169.03075,43.19719,21.711334,8.302887,1.1332779,0.21538544,0.020940263,22.669992,39.943905
2020-11-12,4814.94,481.384,146.779,7.795,27.885,Cairo,0.0,2.0188582,200.97955,45.687176,20.94754,8.319855,-0.42741394,-0.8054962,0.025468856,23.184746,38.981697
2020-11-13,5128.91,521.1360000000001,138.147,7.954000000000001,27.673000000000002,Cairo,0.0,2.346129,208.42157,55.301697,21.690338,11.462921,-1.0003586,-2.0897446,0.0076315026,26.429565,40.476254
2020-11-14,4650.18,430.991,159.77,7.4079999999999995,27.464,Cairo,0.0,3.3531153,164.09085,64.699745,21.681427,13.607819,1.1594772,-3.093605,0.01665375,21.694641,35.62139
2020-11-15,3879.95,318.37800000000004,168.007,6.363,27.259000000000004,Cairo,6.198883e-06,3.979835,147.58017,62.30925,20.555206,12.226959,2.2676697,-3.1853714,0.0058916593,15.28447,24.798506
2020-11-16,3801.3,289.83299999999997,189.054,6.437,27.058,Cairo,0.0,3.0273175,128.06342,53.557434,20.115997,9.581696,1.6653748,-1.8797836,0.004733743,20.758057,34.486156
2020-11-17,4007.36,316.76599999999996,187.63799999999998,6.567,26.859,Cairo,0.0,3.1361408,185.80292,54.69397,20.487335,10.219635,-0.51969147,-3.0125427,0.0037952322,17.36184,27.269783
2020-11-18,4956.49,475.099,152.584,7.491,26.665,Cairo,0.0,3.2268486,184.24887,58.65287,20.83255,11.773834,-0.25717926,-3.2081985,0.0124694435,24.174145,39.828224
2020-11-19,3990.55,311.34000000000003,192.371,6.551,26.477999999999998,Cairo,0.0,2.9573665,130.32637,62.398117,20.94815,12.147614,2.2937622,-1.5707779,0.008865805,19.868275,31.151913
2020-11-20,2312.93,128.784,161.589,4.225,26.294,Cairo,2.3841858e-06,3.820822,52.945297,59.07478,19.3096,10.277008,3.3158646,1.6705856,0.023726016,22.27424,42.599846
2020-11-21,5085.25,481.866,148.345,7.411,26.113999999999997,Cairo,0.0,3.6202807,65.83156,58.905495,18.18924,9.485016,3.2341537,1.1252747,0.019149162,8.882073,20.712708
2020-11-22,4929.24,502.21999999999997,135.7,7.489,25.940999999999995,Cairo,0.0,1.6784618,114.83712,58.12948,18.980621,10.07608,0.42458344,-0.4595337,0.006590288,28.074884,46.625557
2020-11-23,4611.95,425.724,157.60999999999999,7.013,25.769,Cairo,0.0,2.9775915,223.2189,61.393196,19.719513,11.535675,-2.0401382,-2.1688385,0.0016203269,18.212683,27.089603
2020-11-24,2924.51,175.918,194.642,5.253,25.604000000000003,Cairo,0.0,3.1481981,220.7794,63.423923,21.273834,13.111847,-2.0405884,-2.3903885,0.006886471,11.225908,18.360981
2020-11-25,3840.59,328.42600000000004,151.102,5.911,25.445,Cairo,6.67572e-06,4.042432,160.19234,67.6194,18.647858,11.905304,2.5802536,-2.1572342,0.01931615,20.181385,31.97691
2020-11-26,3602.58,302.808,145.714,5.569,25.288,Cairo,2.861023e-06,4.2228494,85.97525,64.11333,17.949982,10.439362,3.659233,-0.16038513,0.012029503,13.637335,26.397505
2020-11-27,4733.53,458.133,150.628,7.063,25.139000000000003,Cairo,1.6212463e-05,1.2727318,61.758835,60.03578,18.836212,10.013336,0.61976624,0.3777008,0.0068768784,36.458065,57.064674
2020-11-28,4492.32,418.552,148.549,6.723000000000001,24.993000000000002,Cairo,0.0,2.6396894,151.5329,61.444023,17.48941,9.042145,1.396327,-2.1618576,0.004794397,39.538544,59.15705
2020-11-29,5001.94,525.952,129.06099999999998,7.372,24.853,Cairo,0.0,0.9668238,133.02823,56.329163,18.289093,8.460724,0.60572815,-0.46952057,0.00576387,34.719185,53.24147
2020-11-30,5032.63,505.60900000000004,134.07999999999998,7.241,24.718,Cairo,0.0,1.4521087,201.66025,46.974197,18.949127,6.7532043,0.8410721,1.0176468,0.024278985,57.0812,85.834625
2020-12-01,5136.67,502.616,135.457,7.165000000000001,24.589,Cairo,0.0,3.280452,200.33714,41.98252,17.81546,3.8579407,0.9837494,1.9025955,0.058412924,23.449112,46.78146
2020-12-02,4511.69,437.175,143.083,6.759,24.466,Cairo,0.0,0.92404574,321.07892,44.61348,18.070831,5.5505676,-0.20774841,0.87973785,0.09841638,35.693096,81.96708
2020-12-03,4837.58,487.187,138.131,7.044,24.348,Cairo,0.0,0.9747283,156.54701,46.822258,18.330719,6.0646057,-0.50844574,0.6097717,0.07872047,55.818027,103.52748
2020-12-04,4354.21,380.619,166.511,6.478,24.234,Cairo,0.0,2.0161328,194.78772,46.660538,18.29898,6.1249084,0.80716705,1.5234909,0.064542286,61.5679,106.70648
2020-12-05,5064.860000000001,501.60900000000004,135.921,7.06,24.127000000000002,Cairo,0.0,2.7236197,218.52832,42.29937,18.737213,4.7364807,1.448555,0.38532257,0.058708124,29.475452,51.037514
2020-12-06,5061.36,514.83,131.369,7.109999999999999,24.024,Cairo,0.0,1.4428276,167.96725,49.024906,17.548492,5.237213,-0.11139679,1.0018616,0.04153715,37.810806,67.35793
2020-12-07,3940.87,346.175,150.901,5.985,23.928,Cairo,0.0,5.0124717,175.11917,36.408558,20.284454,3.2739563,0.4161911,4.5822144,0.12970464,29.082525,57.650208
2020-12-08,4518.93,429.15199999999993,149.07999999999998,6.623,23.84,Cairo,0.0,2.6487699,131.71994,52.535976,18.878693,8.618683,1.952591,-1.7312393,0.17030066,33.279198,78.842834
2020-12-09,5040.38,522.783,128.009,7.109,23.753999999999998,Cairo,0.0,1.894741,201.16782,53.781727,17.7294,6.839142,-0.4384079,-0.81762695,0.03596633,28.062546,53.05253
2020-12-10,5069.91,520.885,132.202,7.116,23.676,Cairo,0.0,1.4731824,260.57697,43.93464,16.767365,2.434845,-1.4570084,-0.11830139,0.011438791,44.953735,70.43125
2020-12-11,4902.59,473.082,146.655,6.851999999999999,23.603,Cairo,0.0,3.3135846,182.63782,35.238007,18.854034,2.104721,0.76506805,2.6581268,0.04290703,52.954407,82.920166
2020-12-12,4108.09,377.575,146.921,6.216,23.535,Cairo,0.0,2.083468,205.17157,37.161324,18.494171,2.4641418,0.97416687,1.3744278,0.07733226,49.023956,82.91981
2020-12-13,4181.15,370.254,160.581,6.214,23.476,Cairo,0.0,3.1752987,172.14694,38.3402,20.716095,4.7776184,0.24617004,2.9039307,0.06353939,56.997955,95.29782
2020-12-14,3472.38,248.83200000000002,178.706,5.34,23.421,Cairo,0.0,5.872175,34.696106,34.71519,21.132355,4.905304,3.5377197,4.1468964,0.18069647,25.622986,78.72224
2020-12-15,3874.55,295.10499999999996,173.156,5.665,23.372,Cairo,4.2915344e-06,6.623395,55.084442,50.700783,17.925201,7.433502,5.3113785,3.352478,0.12521541,16.774551,56.62536
2020-12-16,1968.1100000000001,79.137,166.398,3.819,23.329,Cairo,0.00015211105,3.589251,82.226776,66.8909,18.276642,11.803986,3.1462936,-0.00869751,0.015817977,16.187344,28.997211
2020-12-17,4129.0199999999995,339.95799999999997,179.259,6.068,23.293,Cairo,0.0,2.3105226,129.4801,66.173775,17.467438,10.156036,1.3726501,-1.0482864,0.025150795,23.715359,39.439255
2020-12-18,4564.12,426.86500000000007,148.329,6.495,23.262,Cairo,0.0,2.651651,196.69159,60.595726,18.025787,9.389557,-0.9419098,-2.4283218,0.01117154,24.120213,38.076088
2020-12-19,4045.63,335.479,164.01,5.957,23.238,Cairo,0.0,3.602028,219.94125,67.356514,18.067902,10.966705,-2.3829422,-2.6895447,0.015620006,19.964848,32.995182
2020-12-20,4932.68,473.74300000000005,136.16,6.752,23.222,Cairo,0.0,3.7837856,223.19034,66.74097,17.550568,10.133209,-2.5754013,-2.771164,0.014197186,24.06438,39.144974
2020-12-21,5081.57,505.32399999999996,128.331,6.885,23.207,Cairo,0.0,3.303162,219.64362,63.821053,17.531036,9.768341,-2.094017,-2.553772,0.0073848856,18.321587,30.186749
2020-12-22,4343.53,388.14700000000005,154.638,6.313000000000001,23.201999999999998,Cairo,0.0,3.0738065,203.1835,70.1629,17.588043,11.249176,-0.93478394,-2.7412872,0.008100038,24.228985,40.278008
2020-12-23,2077.47,87.429,172.769,4.041,23.203,Cairo,0.0,3.0504,163.70209,63.94336,17.395905,9.977203,0.9784012,-2.8305664,0.025994701,19.04086,30.348686
2020-12-24,3986.84,322.664,172.709,5.9079999999999995,23.21,Cairo,0.0,2.6571598,158.3588,61.978874,16.227448,8.209259,0.9852371,-2.4676514,0.004535229,18.43079,29.661396
2020-12-25,4482.85,401.147,155.281,6.406000000000001,23.222,Cairo,0.0,3.4407983,198.0137,56.44255,17.070587,7.8161926,-1.30513,-3.0711288,0.003570965,14.778002,23.307428
2020-12-26,5155.42,510.99399999999997,127.428,6.946000000000001,23.240000000000002,Cairo,0.0,4.5867853,210.22246,61.772392,17.949982,9.087921,-2.438919,-3.8231506,0.02089483,19.224579,36.15485
2020-12-27,5017.95,523.0840000000001,122.705,7.0200000000000005,23.264,Cairo,0.0,1.7079824,204.12738,59.51937,18.060822,9.111481,-0.7355499,-1.5352631,0.054950677,29.05425,58.686905
2020-12-28,4454.48,395.692,161.863,6.4239999999999995,23.296,Cairo,0.0,2.129917,216.61409,63.107727,16.781647,9.443512,0.90792084,0.43650818,0.017445551,40.15072,61.18506
2020-12-29,4668.36,455.33000000000004,132.25900000000001,6.657000000000001,23.333000000000002,Cairo,0.0,2.6926665,199.5987,69.81497,16.266998,9.735504,-0.9309006,-2.5159912,0.01975102,37.18461,61.958374
2020-12-30,4913.11,482.90599999999995,129.842,6.854000000000001,23.377000000000002,Cairo,0.0,2.9842272,210.77354,64.71307,16.368073,9.0121155,-1.4119873,-2.5776062,0.012839096,25.732132,44.972725
2020-12-31,4523.23,419.94899999999996,148.342,6.507,23.426,Cairo,0.0,2.140702,192.94551,73.12491,15.933868,10.413605,-0.36865997,-2.0250092,0.027314818,31.466156,56.9818
2021-01-01,4883.76,479.991,133.93599999999998,6.833,23.497,Cairo,0.0,2.1271257,180.82037,71.61313,15.110179,9.478912,-0.11446635,-2.0887654,0.022309996,26.8574,46.78707
2021-01-02,3830.4500000000003,328.674,152.715,5.863,23.56,Cairo,0.0,2.4665263,216.64378,75.8438,15.871246,11.022369,-1.4247385,-1.9311727,0.026797863,37.200268,63.41816
2021-01-03,4773.7,462.48100000000005,134.23,6.769,23.63,Cairo,3.33786e-06,2.7053623,215.46806,80.7723,15.809886,11.995189,-1.4837393,-2.1960194,0.018434383,29.002851,49.298462
2021-01-04,4785.19,474.967,130.491,6.848999999999999,23.704,Cairo,9.536743e-07,2.0062616,221.35321,78.33429,16.390207,11.850169,-1.2875977,-1.4620005,0.027141519,37.05365,64.89056
2021-01-05,4664.36,473.283,126.8,6.805,23.785000000000004,Cairo,1.9073486e-06,1.5781107,200.41003,76.82411,16.89916,11.981191,0.18222046,-0.87723285,0.05140799,67.08283,109.499176
2021-01-06,3887.98,352.308,139.153,5.932,23.874,Cairo,0.0,3.0269344,221.26611,74.37848,17.837717,12.355784,-1.9487406,-2.2262776,0.07901786,37.38838,57.168907
2021-01-07,4734.8099999999995,471.67699999999996,132.86700000000002,6.881,23.966,Cairo,3.8146973e-06,2.6398733,221.88603,70.99416,17.854156,11.566315,-1.7447001,-1.9721171,0.06494916,51.648205,80.69772
2021-01-08,4638.55,458.80699999999996,134.348,6.851000000000001,24.064,Cairo,0.0,2.51797,217.37099,68.12995,17.43212,10.607493,-1.2715708,-1.923055,0.02794031,49.344925,77.095505
2021-01-09,3569.66,286.556,161.785,5.672,24.168,Cairo,4.7683716e-07,2.329006,193.01038,79.26152,14.970204,10.865631,-0.39007568,-2.2451172,0.026080962,57.69404,91.13714
2021-01-10,4723.89,453.04499999999996,139.191,6.861,24.279,Cairo,7.6293945e-06,3.0112145,198.61182,79.60055,16.773264,12.422679,-1.0535532,-2.786621,0.07032777,41.939987,69.414795
2021-01-11,4931.16,480.745,136.196,7.067,24.395,Cairo,0.0,3.7743409,229.2716,70.62994,17.925283,11.209544,-2.9385376,-2.315379,0.06657991,33.17126,59.97631
2021-01-12,4520.99,408.26300000000003,163.75799999999998,6.789,24.516,Cairo,0.0,3.3173587,218.2101,51.637527,18.61319,7.2700095,-0.12717693,2.5949097,0.09151971,36.67682,81.05802
2021-01-13,1590.68,50.994,154.01500000000001,3.368,24.644,Cairo,0.0,6.1532707,136.13535,44.748856,20.44335,7.738922,2.0366058,5.2289276,0.13177912,29.056051,65.5639
2021-01-14,5042.68,455.811,153.51,7.06,24.777,Cairo,0.0,4.296437,71.78391,56.54012,15.524811,6.2999573,3.9238892,0.99467975,0.05649665,12.868379,29.066463
2021-01-15,4485.610000000001,396.781,154.725,6.601999999999999,24.915,Cairo,0.0,2.8624353,40.34322,60.900787,14.437734,6.136953,1.8724874,1.8004507,0.003803235,9.713082,19.798084
2021-01-16,3467.5600000000004,255.433,169.597,5.587,25.058,Cairo,0.0,3.8660994,31.072916,52.58198,14.530914,4.421458,2.2302196,2.2751973,0.048687387,26.227943,47.920353
2021-01-17,4501.75,388.399,156.44,6.624,25.209,Cairo,0.0,5.712748,41.905834,46.787884,14.558177,3.0281475,3.9223633,3.3435516,0.0838821,14.25691,39.120003
2021-01-18,5315.96,506.6,142.214,7.487,25.362000000000002,Cairo,0.0,3.2533128,56.80852,58.274006,13.51122,4.511383,2.7197876,1.6680552,0.013163061,13.623602,30.080261
2021-01-19,5079.5,463.759,149.94,7.269,25.52,Cairo,0.0,5.1575274,46.66115,50.815533,13.266022,3.0459697,3.387843,2.5629222,0.046108343,13.068182,33.89688
2021-01-20,5037.55,439.679,163.327,7.193,25.685000000000002,Cairo,1.9073486e-06,4.4893284,123.24023,64.605125,12.950185,5.783193,3.2729595,-2.57664,0.0053409487,9.780191,17.783413
2021-01-21,5455.81,478.35181818181815,126.4,7.020909090909091,23.655454545454543,Cairo,0.0,3.1498244,193.7856,56.907837,12.263092,3.3228252,-0.93326825,-2.9262695,0.0010762424,20.067347,31.429531
2021-01-22,5586.71,491.5254545454545,122.73,7.133636363636364,23.83090909090909,Cairo,0.0,4.9254513,222.12117,60.591793,13.047679,4.9391174,-3.29865,-3.6549377,0.0040951166,10.939367,18.6129
2021-01-23,5445.5,498.22909090909087,119.70636363636363,7.212727272727273,24.007272727272724,Cairo,0.0,2.302555,199.42735,68.62528,12.171051,5.41803,-0.7468211,-2.139145,0.022945989,26.08435,47.95267
2021-01-24,5292.83,474.0863636363636,127.14909090909092,7.106363636363636,24.19454545454545,Cairo,0.0,2.1683085,185.48236,68.19947,12.324208,5.906423,-0.026468912,-1.6647135,0.012336075,28.924366,48.83262
2021-01-25,5258.47,472.61727272727273,129.63545454545454,7.137272727272728,24.38181818181818,Cairo,0.0,1.9817032,221.38661,64.44357,13.491364,6.3547974,-1.0260925,-1.3879496,0.009794099,32.212147,54.407066
2021-01-26,5177.41,453.94545454545454,134.36636363636364,7.115454545454545,24.572727272727274,Cairo,0.0,2.7097635,249.39378,58.451237,14.745107,4.9250083,-2.4141033,-1.0661265,0.009131987,41.805027,66.3678
2021-01-27,4826.2,396.23545454545456,146.55272727272725,6.78,24.770000000000003,Cairo,0.0,3.5910504,133.49892,43.83379,15.351064,2.1449993,1.4257202,2.8580933,0.022866653,46.314953,72.106995
2021-01-28,4898.389999999999,381.8818181818182,160.96454545454546,6.760909090909092,24.970000000000002,Cairo,0.0,2.8494093,98.56641,58.94328,13.760895,4.925364,2.6272328,-0.025238037,0.01909123,17.219374,30.950844
2021-01-29,3837.69,248.0472727272727,174.99363636363637,5.762727272727273,25.177272727272726,Cairo,1.4781952e-05,4.371732,76.32073,49.76756,14.15567,3.4093323,3.6087239,0.8754985,0.04324449,13.701892,30.392427
2021-01-30,5489.46,480.60909090909087,127.43636363636364,7.391818181818182,25.383636363636366,Cairo,0.0,3.9165535,13.468923,57.04598,12.84496,3.6293843,1.1637014,3.5547535,0.027789455,25.721045,49.65191
2021-01-31,5482.97,496.1218181818182,123.74636363636364,7.5181818181818185,25.596363636363638,Cairo,0.0,4.8381295,23.40264,39.772785,16.003,2.1257222,1.5886179,4.308619,0.028859831,10.408938,19.918146
2021-02-01,5342.57,491.5718181818182,132.1727272727273,7.627272727272728,25.813636363636363,Cairo,0.0,2.2746499,290.41907,49.9003,17.10961,5.072744,-2.015569,0.5806783,0.01544552,27.023071,43.48127
2021-02-02,5205.41,482.4145454545455,131.76545454545456,7.655454545454545,26.033636363636365,Cairo,0.0,2.431417,220.7512,46.877895,17.768137,4.947174,-0.2025655,1.5505472,0.013876236,28.4002,44.720318
2021-02-03,5151.64,476.7990909090909,128.55545454545452,7.578181818181818,26.256363636363634,Cairo,0.0,2.2186575,218.75117,42.44602,18.073313,3.3119202,-0.67361957,1.89652,0.014772601,41.3667,61.012398
2021-02-04,3119.09,160.18363636363637,188.1,5.231818181818182,26.483636363636364,Cairo,0.002972126,3.0629227,178.50084,63.732563,14.831859,7.690908,1.6626434,0.07121786,0.051701404,63.992195,101.37051
2021-02-05,4329.82,281.04545454545456,200.46,6.556363636363637,26.713636363636365,Cairo,4.339218e-05,4.66372,144.66905,74.14637,17.32673,12.060536,2.7017517,-3.7872365,0.090307586,21.352987,40.677658
2021-02-06,4579.78,390.6081818181818,145.95727272727274,7.119999999999999,26.94818181818182,Cairo,8.106232e-06,1.2975224,141.5988,72.73043,16.060537,10.678375,0.7293752,-1.0552877,0.008581646,17.573895,28.35535
2021-02-07,5442.05,505.44090909090914,132.54454545454544,8.03,27.184545454545457,Cairo,0.0,1.4713434,223.20857,71.2799,16.219961,10.427318,-0.60086566,-1.0796967,0.0044262707,43.326363,64.26267
2021-02-08,3710.75,242.75090909090912,186.9290909090909,6.177272727272728,27.425454545454546,Cairo,0.0,2.6724083,202.1967,62.322342,16.983469,7.619456,-0.916214,1.8268179,0.0108172055,32.996502,50.124
2021-02-09,4808.05,418.24545454545455,155.68818181818182,7.621818181818182,27.66818181818182,Cairo,0.0,1.2618905,234.06026,40.26305,20.894602,5.7802634,0.002400716,0.9090932,0.02336182,46.640408,70.265205
2021-02-10,5115.45,444.4381818181818,150.0809090909091,7.822727272727272,27.912727272727274,Cairo,0.0,2.3215334,182.38037,58.8835,17.510324,8.389394,-0.2933146,-2.2837422,0.038395792,53.21608,82.86536
2021-02-11,5844.55,532.1972727272728,135.99454545454546,8.510909090909092,28.16090909090909,Cairo,0.0,3.772131,230.63646,64.15716,16.639639,8.000966,-2.8705037,-2.3888092,0.040356416,22.095068,40.493187
2021-02-12,5702.84,514.82,138.2590909090909,8.408181818181818,28.414545454545454,Cairo,4.7683716e-07,3.1592245,207.25981,74.80906,15.296539,9.386464,-1.1337433,-2.7595673,0.03179066,21.029678,41.330185
2021-02-13,5510.98,481.31,147.0481818181818,8.262727272727274,28.667272727272724,Cairo,9.536743e-07,2.634989,206.31364,69.94905,15.5885315,9.031322,-1.1909536,-2.2907765,0.055946223,31.2795,59.915573
2021-02-14,5785.55,531.3472727272728,135.61454545454546,8.635454545454545,28.920909090909092,Cairo,0.0,2.3852837,207.06429,67.76947,15.260732,8.182118,-1.0513204,-1.9182281,0.017936397,22.355469,37.955463
2021-02-15,5694.66,527.6345454545454,134.7009090909091,8.66909090909091,29.179090909090906,Cairo,0.0,1.9549941,201.67155,66.34661,14.959056,7.477936,-0.56832886,-1.6663767,0.009852115,34.171757,53.102684
2021-02-16,1297.68,29.23818181818182,121.9,2.650909090909091,29.44272727272727,Cairo,4.2915344e-05,3.898752,116.317375,73.93101,12.572662,7.914866,3.47081,-1.0043589,0.04606323,19.20016,38.93119
2021-02-17,4104.29,236.50818181818184,199.45909090909092,6.459090909090909,29.703636363636363,Cairo,3.8146973e-05,7.498333,83.638824,58.276093,9.726959,1.5502828,7.2886505,0.53034973,0.053422093,11.284309,40.093925
2021-02-18,3948.2599999999998,229.77636363636364,201.84727272727275,6.435454545454546,29.969090909090905,Cairo,7.6293945e-06,4.4133077,81.79426,58.76327,11.52359,3.363922,4.0940857,0.4697113,0.013739728,14.986332,30.812893
2021-02-19,1951.5,56.407272727272726,165.51636363636365,3.830909090909091,30.235454545454544,Cairo,0.00011014938,3.3057613,47.130627,60.605145,12.5485735,4.941803,1.6891632,1.155665,0.02322246,16.072662,27.96891
2021-02-20,4252.34,265.3709090909091,208.79272727272726,7.06,30.505454545454544,Cairo,0.0,2.5473304,166.45662,62.553364,12.83495,4.4607644,0.45051065,-2.4778087,0.0011143526,18.507732,28.48996
2021-02-21,5481.76,452.77181818181816,167.79636363636362,8.571818181818182,30.775454545454547,Cairo,0.0,2.0211794,218.6255,61.771545,12.621816,4.375234,-0.8988902,-1.6986796,0.0017771339,23.36474,35.916656
2021-02-22,4729.08,347.36545454545455,184.6209090909091,7.712727272727273,31.045454545454547,Cairo,0.0,2.5201366,229.55357,58.274582,13.672516,4.6349998,-1.7337799,-1.6390787,0.015107772,20.353794,31.717548
2021-02-23,4125.79,276.5290909090909,183.71727272727273,6.8136363636363635,31.320909090909087,Cairo,4.196167e-05,3.2942753,147.49493,71.742165,13.401601,8.132884,1.9172821,-2.5192413,0.018480202,20.566399,34.53488
2021-02-24,5679.13,475.3918181818181,163.09,8.89090909090909,31.594545454545457,Cairo,5.00679e-05,4.121143,161.303,66.698616,15.525868,8.219472,1.3209788,-3.9004211,0.10109698,20.172571,39.02191
2021-02-25,5367.53,458.45909090909095,162.5772727272727,8.811818181818182,31.87,Cairo,2.7179718e-05,2.4036233,120.31668,71.36217,16.70458,10.628001,1.9979044,-1.2285105,0.0031650788,20.24105,31.699287
2021-02-26,5593.2,502.08272727272725,150.75454545454545,9.17909090909091,32.14818181818182,Cairo,0.0,1.6642195,165.54951,69.948395,15.763173,9.308258,0.45019022,-1.4434357,0.009573279,39.974236,60.369617
2021-02-27,4728.07,319.1127272727273,213.83636363636367,7.98,32.42636363636364,Cairo,4.005432e-05,3.8132465,199.11617,70.06036,16.555328,9.81013,-1.1140085,-3.6234486,0.010297719,21.921753,33.523422
2021-02-28,5337.47,402.35909090909087,201.6109090909091,8.747272727272728,32.70545454545454,Cairo,1.001358e-05,2.8257523,147.0925,69.65388,15.693024,9.14745,1.6277517,-2.144699,0.0075568995,19.32796,30.579918
2021-03-01,4843.78,321.60818181818183,224.4527272727273,8.223636363636363,32.98545454545455,Cairo,9.536743e-07,2.425804,105.8473,64.32757,15.792389,8.030589,1.746282,-1.0182343,0.01955293,27.824526,46.574646
2021-03-02,5924.46,514.89,155.0909090909091,9.587272727272726,33.267272727272726,Cairo,0.0,2.6107862,135.32445,65.769615,14.981598,7.732656,1.8537496,-1.8040314,0.008294307,19.809944,33.275517
2021-03-03,4201.05,243.4272727272727,221.64636363636365,7.239090909090908,33.550909090909094,Cairo,3.8146973e-06,3.3397477,108.916374,62.204792,13.85204,6.41568,2.9423065,-1.2366333,0.011716017,16.05767,29.301044
2021-03-04,4314.25,317.569,211.054,8.019,32.155,Cairo,0.0,3.3322275,98.99747,62.89571,13.33723,5.7276917,1.8713074,-1.1676279,0.003230641,12.20467,20.848206
2021-03-05,5918.23,545.8236363636364,145.04181818181817,10.02,34.11545454545455,Cairo,0.0,1.44212,212.11845,63.61354,15.129466,6.9479065,-0.5197194,-1.2286276,0.0043103853,34.652885,53.582024
2021-03-06,6086.4,546.8445454545455,148.4218181818182,10.136363636363637,34.39636363636364,Cairo,0.0,3.7863147,222.74345,56.500446,16.393381,6.6009116,-2.5608265,-2.7863464,0.013198568,19.7479,29.253489
2021-03-07,5920.8,528.9345454545454,147.59636363636363,9.991818181818182,34.68181818181818,Cairo,0.0,3.560939,213.84595,65.93152,16.187082,8.469798,-1.8987528,-2.9522908,0.018663073,24.239744,36.461334
2021-03-08,5992.22,540.1554545454545,145.88,10.133636363636363,34.96363636363637,Cairo,0.0,3.3497581,221.54376,62.936,16.802887,8.311351,-2.1548615,-2.5038655,0.075978965,16.77053,36.9925
2021-03-09,5515.85,481.2818181818182,169.16181818181818,9.794545454545455,35.24818181818182,Cairo,0.0,3.5439816,260.74963,36.88494,20.541086,3.7492573,-3.4916077,-0.5529022,0.21637471,24.299953,52.880146
2021-03-10,5669.13,513.3263636363637,158.76363636363638,10.114545454545453,35.53090909090909,Cairo,0.0,4.4591956,127.07223,26.676023,23.863108,2.4267476,1.1085867,3.8249614,0.2083962,42.078186,65.819336
2021-03-11,5529.95,495.9318181818182,156.5,9.899090909090908,35.81636363636363,Cairo,0.0,2.6260495,143.28825,53.913116,20.078196,9.596181,1.8829956,-1.6582083,0.2560681,30.398872,61.418465
2021-03-12,5188.52,386.10090909090917,203.36727272727273,9.219090909090909,36.098181818181814,Cairo,0.0,5.017973,128.28893,54.33669,17.926992,8.09496,3.9272614,-3.0393016,0.0448829,19.309456,35.99957
2021-03-13,6058.03,542.6036363636364,147.73181818181817,10.503636363636364,36.38181818181818,Cairo,5.722046e-06,3.5512235,180.00133,53.92789,15.870189,5.941742,-0.10627238,-3.4724529,0.016844153,19.460464,29.955208
2021-03-14,4863.25,339.9509090909091,215.5090909090909,8.892727272727273,36.664545454545454,Cairo,0.0,3.5843313,218.86682,62.260426,16.057608,7.830475,-2.229421,-2.6933594,0.09064128,27.871035,42.227203
2021-03-15,5324.84,426.09,187.97181818181818,9.656363636363636,36.946363636363635,Cairo,0.0,3.4776268,212.99364,66.69215,17.74112,10.356761,-1.7553507,-2.7223663,0.49575713,15.701381,25.82068
2021-03-16,5699.88,493.46000000000004,165.24454545454546,10.282727272727273,37.22818181818182,Cairo,0.0,2.871261,174.9066,66.044716,18.055735,10.6892805,0.38581848,-2.6442413,0.21691537,39.337883,67.86558
2021-03-17,6049.5,555.7318181818182,144.47,10.888181818181819,37.50909090909091,Cairo,0.0,2.981393,206.63855,53.94537,18.173819,6.995758,0.4381307,-0.22306316,0.026736766,18.213682,35.003872
2021-03-18,5832.82,516.2118181818182,160.69000000000003,10.634545454545455,37.78909090909091,Cairo,0.0,1.6339507,208.14075,54.85146,17.732004,7.6000876,0.054153442,-1.1669464,0.06078066,17.263773,29.378914
2021-03-19,5942.79,541.1372727272727,145.74818181818182,10.818181818181818,38.06818181818182,Cairo,0.0,3.0260906,237.47783,54.139362,17.710276,7.622874,-2.5179138,-1.5076904,0.12150033,18.348446,29.46634
2021-03-20,5493.65,514.0590909090909,155.54090909090908,10.65090909090909,38.346363636363634,Cairo,0.0,2.579848,179.36694,43.976513,20.838694,6.9333396,-1.4974314,-0.110956825,0.30751985,14.961659,23.468723
2021-03-21,2724.57,118.78545454545453,211.79545454545453,5.91090909090909,38.623636363636365,Cairo,0.0,1.9260731,177.34254,41.49899,23.514557,9.1892805,-0.6511943,-0.103001915,0.34772068,31.725702,47.609055
2021-03-22,4868.6900000000005,388.5316666666667,158.32666666666668,8.9,35.80416666666667,Cairo,0.0,3.149868,199.95702,22.746689,30.743887,6.3072,-0.9195302,-1.4403788,0.2762165,28.700172,70.07592
2021-03-23,2894.57,98.81333333333333,215.09416666666667,5.665,36.0775,Cairo,0.0,5.225628,173.19365,25.586378,29.138742,7.1936746,2.543986,1.4876608,0.3913246,44.714622,111.3743
2021-03-24,5352.89,361.53416666666664,183.19083333333333,8.994166666666667,36.35166666666667,Cairo,0.0,5.7011847,61.11131,45.665405,18.16511,5.3206277,5.247111,0.8100179,0.21913177,27.914482,70.854454
2021-03-25,5729.33,411.94416666666666,182.9525,9.786666666666667,36.6225,Cairo,0.0,2.6902096,92.606445,55.814396,15.884511,5.7274475,2.6644948,-0.08052063,0.008237564,16.781654,28.91111
2021-03-26,4723.45,244.14083333333335,237.04916666666668,8.280833333333334,36.891666666666666,Cairo,9.584427e-05,3.30686,165.49901,62.155502,15.243886,7.69636,1.1255239,-2.8951519,0.033163745,21.662548,34.478905
2021-03-27,5931.11,440.0116666666667,167.52083333333334,10.075000000000001,37.163333333333334,Cairo,0.0,3.600464,171.9196,47.337955,14.369049,2.627594,0.27802023,-3.556895,0.005960464,17.37972,27.293587
2021-03-28,4322.31,265.64363636363635,218.0118181818182,8.42090909090909,39.348181818181814,Cairo,0.0,4.3648567,186.20113,50.98874,15.493317,4.910309,-0.4648539,-4.3268585,0.005194451,14.107262,21.743187
2021-03-29,5246.84,310.5941666666667,226.10916666666665,9.158333333333333,37.69416666666667,Cairo,0.0,4.2297883,190.34782,53.28333,15.981191,5.7664285,-0.95122784,-4.0690866,0.0106309345,11.684397,18.084421
2021-03-30,5059.78,291.68,231.34166666666667,9.039166666666667,37.95916666666667,Cairo,0.0,3.3651295,169.459,52.250416,15.699697,5.44457,0.67447406,-3.2878418,0.020888358,15.786904,25.10615
2021-03-31,4232.88,288.83250000000004,152.9975,7.611666666666667,38.220000000000006,Cairo,4.7683716e-07,3.5533066,114.797005,58.62195,16.271963,7.4487205,3.260147,-1.3413442,0.0076960386,18.622896,31.81572
2021-04-01,5296.33,341.95,207.4625,9.531666666666666,38.48,Cairo,3.33786e-06,2.8201733,220.79785,48.734608,16.403229,4.4488015,1.4308828,0.3212687,0.045526847,27.484697,55.573204
2021-04-02,4955.81,276.19916666666666,232.31166666666664,8.97,38.73916666666667,Cairo,0.0,3.6907742,93.51721,54.061184,15.764964,5.5266013,3.3137207,-0.63864136,0.048517976,16.92087,34.413727
2021-04-03,6139.78,536.0433333333333,123.63416666666666,11.2675,38.995,Cairo,0.0,1.7790712,210.42018,45.579144,17.038565,4.0126038,0.31470236,-0.82118225,0.01921702,30.650059,47.359734
2021-04-04,6001.23,514.1933333333333,132.595,11.113333333333335,39.25,Cairo,0.0,2.751955,245.5465,44.82645,19.827219,6.1814675,-1.9308676,-1.4445902,0.061823666,25.518852,40.108215
2021-04-05,5958.84,506.5916666666667,139.53833333333333,11.158333333333333,39.50083333333333,Cairo,0.0,4.1250215,246.8606,32.344387,21.930573,3.7488506,-3.7749634,-1.5852814,0.08856553,14.454388,21.928825
2021-04-06,5833.28,535.0733333333334,127.04583333333333,11.515833333333333,39.75,Cairo,0.0,2.301653,187.18288,42.251366,23.223623,7.508535,-0.21745808,-0.3497162,0.076727465,50.64644,83.738846
2021-04-07,5561.67,475.63416666666666,152.35083333333333,10.976666666666667,39.998333333333335,Cairo,0.0,2.3332062,252.95515,29.51684,25.783762,5.5982156,0.14922078,0.28834534,0.13320413,67.74552,108.85676
2021-04-08,5902.42,490.6466666666667,141.3375,11.097500000000002,40.245,Cairo,0.0,3.895067,184.93584,62.897556,20.704092,12.2066145,-0.30393982,-3.7805176,0.14170958,31.243137,60.407486
2021-04-09,5228.47,352.4275,200.82583333333332,9.875,40.485,Cairo,0.0,3.7967975,174.58385,63.40784,18.502838,10.579987,0.6307373,-3.41097,0.057113208,15.025127,30.119802
2021-04-10,6301.82,507.48,135.89333333333335,11.401666666666666,40.7275,Cairo,0.0,5.429209,140.54749,44.66785,16.392649,3.6063538,3.5030468,-4.1346793,0.024620742,15.423229,32.171997
2021-04-11,5817.83,444.7325,160.98499999999999,10.792499999999999,40.964166666666664,Cairo,0.0,3.096227,131.1537,48.146336,16.130362,4.661367,2.2825928,-2.0794475,0.028398244,20.369503,37.542637
2021-04-12,5996.51,486.93416666666667,145.04916666666665,11.350833333333334,41.19833333333333,Cairo,0.0,2.6115599,156.54533,52.12591,16.308584,5.835602,0.9879506,-2.4081676,0.025060268,19.09021,30.099579
2021-04-13,6028.07,459.2338461538462,127.00692307692307,10.590769230769231,38.37307692307692,Cairo,0.0,3.3721416,221.41399,52.442093,16.705963,6.03124,-2.2426808,-2.4872081,0.050429486,20.626413,33.75692
2021-04-14,5944.17,453.7661538461538,128.11923076923077,10.573076923076924,38.59384615384616,Cairo,0.0,4.395389,230.12622,50.972553,19.1586,7.730703,-3.3132427,-2.7369435,0.046128824,17.247698,28.786064
2021-04-15,5879.97,455.0684615384615,128.67461538461538,10.651538461538461,38.81230769230769,Cairo,0.0,3.8622189,227.34625,51.765778,20.736807,8.818187,-2.8431957,-2.6051433,0.05571852,18.275757,33.361317
2021-04-16,5767.88,455.33384615384614,128.07538461538462,10.701538461538462,39.027692307692305,Cairo,0.0,3.9790325,235.42949,42.60178,23.835114,8.292877,-3.1602733,-2.3072815,0.10235353,18.122787,38.46764
2021-04-17,5706.12,445.9376923076924,133.0423076923077,10.663076923076924,39.2423076923077,Cairo,0.0,4.163323,246.36308,32.9193,25.950186,7.114573,-3.7969005,-1.6559347,0.08178583,12.013092,23.964235
2021-04-18,5441.71,449.6615384615385,131.7069230769231,10.746923076923078,39.45307692307692,Cairo,0.0,3.394574,196.91687,27.345888,30.661856,7.633372,-1.6121368,1.1322836,0.10823314,14.509712,26.614103
2021-04-19,4766.16,288.9676923076923,207.97384615384618,9.266923076923076,39.660000000000004,Cairo,0.0,3.3284261,228.71687,24.35472,31.233795,7.2396545,0.32496133,2.620351,0.13902229,38.819527,70.220215
2021-04-20,5626.18,427.50076923076927,133.69384615384615,10.415384615384616,39.86538461538461,Cairo,0.0,5.0509496,176.67952,52.45463,24.988596,13.70637,0.09259033,-4.7088013,0.176822,27.736935,43.748295
2021-04-21,5745.12,415.3269230769231,145.01923076923077,10.467692307692307,40.068461538461534,Cairo,0.0,5.40282,200.22762,58.517574,20.92569,11.266185,-1.8777313,-5.0618134,0.12719007,5.842474,8.875585
2021-04-22,5818.05,426.52846153846156,139.0323076923077,10.595384615384615,40.26615384615385,Cairo,0.0,5.502421,210.8835,62.068134,20.533926,11.995514,-2.8702137,-4.6678314,0.12306963,17.802797,27.595802
2021-04-23,4779.6,229.73615384615385,236.51230769230767,9.03076923076923,40.46307692307692,Cairo,0.0,5.4585853,216.97112,60.310593,20.738028,11.391998,-3.3350575,-4.281021,0.032523215,7.9370203,12.06792
2021-04-24,5438.85,355.6169230769231,182.9146153846154,10.213846153846154,40.65538461538461,Cairo,0.0,4.069827,206.5139,61.242615,22.042145,12.575917,-1.777888,-3.5221455,0.079704724,15.670851,24.630682
2021-04-25,5528.42,431.2546153846154,137.77,10.843076923076923,40.84615384615385,Cairo,0.0,2.9599476,111.61832,35.949966,25.560537,7.474111,0.58133954,1.9212137,0.13629764,32.553947,52.46187
2021-04-26,5321.35,366.91230769230765,158.92846153846156,9.977692307692308,41.03384615384615,Cairo,4.7683716e-06,4.1073933,126.13105,59.88048,21.640045,12.540761,3.2649944,-2.3696492,0.05896098,21.402,50.8782
2021-04-27,5555.84,428.3161538461539,127.57153846153847,10.585384615384616,41.21846153846154,Cairo,0.0,2.4228785,179.05031,60.71329,20.287018,11.349274,0.025126139,-2.4051006,0.020981176,22.222294,37.48329
2021-04-28,5803.66,458.95384615384614,122.28769230769231,11.305384615384614,41.399230769230776,Cairo,0.0,4.149117,225.97107,48.57808,23.026438,9.282623,-2.9921367,-2.8427022,0.049113907,17.258188,27.51021
2021-04-29,5645.13,446.52846153846156,126.43769230769232,11.173846153846153,41.57692307692308,Cairo,0.0,4.969153,230.34892,42.741455,26.59317,11.484283,-3.769104,-3.1882885,0.10570106,25.10936,44.703964
2021-04-30,5577.14,448.8523076923077,123.41769230769229,11.213846153846154,41.75153846153846,Cairo,0.0,4.2601414,227.88103,37.57479,28.162994,11.17097,-3.1111805,-2.8829803,0.10085863,11.141775,23.18399
2021-05-01,5429.9800000000005,424.9846153846154,137.43615384615384,11.015384615384615,41.92230769230769,Cairo,0.0,3.9253795,224.97076,22.671272,28.818674,4.8415427,-2.5536244,-2.8232677,0.109705925,14.523471,35.889763
2021-05-02,5453.62,427.17,134.53307692307692,11.05,42.09076923076923,Cairo,0.0,3.1362362,209.16418,30.006088,27.45165,7.323883,-1.3900452,-2.7792766,0.16417739,24.35839,57.113136
2021-05-03,5375.19,425.9823076923077,133.18769230769232,11.059230769230767,42.25538461538462,Cairo,0.0,3.1425698,209.3868,27.97198,28.513742,7.3468323,-1.429596,-2.7369792,0.16467999,32.958305,71.87761
2021-05-04,5338.25,442.66615384615386,125.56846153846153,11.283846153846154,42.41615384615385,Cairo,0.0,2.2073245,180.79716,21.651442,30.771393,5.7141824,-0.35359702,-2.010249,0.16909648,25.171358,54.83882
2021-05-05,5151.59,406.6515384615385,138.31923076923078,10.701538461538462,42.574615384615385,Cairo,0.0,2.2002678,203.76756,24.781082,31.683176,8.254628,0.68285626,-1.07017,0.21037358,39.117516,72.64455
2021-05-06,5270.94,421.61615384615385,132.36615384615385,11.064615384615385,42.72923076923077,Cairo,0.0,2.5059836,213.11066,26.280762,30.641348,8.178619,-1.3968964,-1.9457499,0.2365692,28.77881,50.368977
2021-05-07,5262.92,420.8946153846154,134.01538461538462,11.117692307692307,42.879230769230766,Cairo,0.0,2.5779076,206.63892,27.464212,30.188303,8.68456,-0.38931274,-1.9817709,0.20528877,19.802708,35.70505
2021-05-08,5275.78,447.0307692307692,120.77538461538461,11.50923076923077,43.027692307692305,Cairo,0.0,2.3812332,239.11507,28.729263,31.523834,8.6822815,-1.9926809,-0.62535095,0.17477188,23.688065,43.901653
2021-05-09,3584.82,159.03769230769234,219.52384615384614,7.581538461538462,43.17307692307692,Cairo,0.0,3.4403808,180.44916,21.144247,32.81599,7.6647034,2.0088806,-0.34022522,0.26288795,38.033165,71.45499
2021-05-10,5317.13,397.6723076923077,145.94230769230768,10.928461538461537,43.31461538461539,Cairo,0.0,3.59525,168.69691,56.790363,27.05484,16.31542,0.8122762,-3.2978923,0.29469317,27.704067,56.023903
2021-05-11,5471.53,426.7076923076923,128.79846153846154,11.226153846153846,43.45307692307692,Cairo,0.0,3.0932353,153.84026,62.17467,24.578604,15.877919,1.3626251,-2.7400665,0.06283346,28.576664,52.71335
2021-05-12,5503.650000000001,442.32076923076926,120.95846153846153,11.569230769230769,43.58846153846154,Cairo,0.0,2.434446,169.88612,54.600098,24.322418,12.917145,0.5461934,-2.3354595,0.025231251,24.794603,39.047
2021-05-13,5515.08,444.5276923076923,120.70307692307694,11.688461538461537,43.71846153846154,Cairo,0.0,2.360294,191.63702,50.09961,24.4038,11.703197,-0.37580362,-2.2776082,0.014826687,24.810495,36.79051
2021-05-14,5545.34,443.41923076923075,120.3423076923077,11.696153846153846,43.84461538461539,Cairo,0.0,3.774971,217.39671,46.544327,25.782053,12.19807,-2.1426442,-2.9943085,0.062240526,17.014309,34.11991
2021-05-15,5523.97,444.1884615384615,119.62692307692308,11.721538461538461,43.96923076923077,Cairo,0.0,3.4663582,214.029,40.24446,26.86262,11.123607,-1.6901346,-2.842987,0.03964461,22.209763,35.131706
2021-05-16,5131.31,409.30846153846153,138.92692307692306,11.390769230769232,44.089999999999996,Cairo,0.0,2.527477,203.76958,33.498756,29.596426,10.245107,-0.36409506,0.6412811,0.096655786,14.018276,28.633911
2021-05-17,5449.97,423.9523076923077,126.49923076923076,11.326923076923077,44.20846153846154,Cairo,0.0,3.4296408,158.1621,57.661663,24.899567,14.620026,1.2791189,-3.1815186,0.02847113,18.020784,35.00724
2021-05-18,5482.2699999999995,426.50538461538457,124.63230769230769,11.506153846153845,44.32076923076923,Cairo,0.0,3.8161786,200.4576,52.88335,25.04841,13.828359,-1.3108215,-3.5298615,0.0051474003,16.945053,25.762363
2021-05-19,5524.099999999999,437.4607692307692,118.06307692307692,11.695384615384615,44.431538461538466,Cairo,0.0,4.4053364,214.59047,55.81412,25.587637,14.933014,-2.4783325,-3.6292927,0.006363442,22.751461,34.304375
2021-05-20,5456.4,435.5084615384615,120.11692307692307,11.75,44.53846153846154,Cairo,0.0,3.8603742,202.29187,51.771244,26.650217,14.531728,-1.3616079,-3.51916,0.017086372,20.32378,33.507492
2021-05-21,5391.78,427.98692307692306,123.92384615384616,11.646153846153847,44.643076923076926,Cairo,0.0,2.893813,173.0053,52.312973,25.750885,14.183583,0.6127777,-2.7423046,0.026616296,17.71501,27.357748
2021-05-22,5542.05,430.3007692307692,122.50692307692307,11.723076923076924,44.74230769230769,Cairo,0.0,4.2937145,166.70363,55.41971,24.19221,13.521474,1.0436859,-4.109421,0.03790955,19.59282,30.754616
2021-05-23,5381.39,371.8507142857143,126.02142857142857,10.337142857142856,41.745,Cairo,4.7683716e-07,3.7818127,171.07849,53.76952,23.551666,12.942047,0.37161765,-3.6784413,0.0025862122,21.128365,32.2611
2021-05-24,5418.42,386.8614285714286,121.27785714285713,10.646428571428572,41.83857142857143,Cairo,0.0,3.5139675,191.1049,61.922924,24.437815,15.193756,-0.7826945,-3.3870342,0.03169267,17.534346,39.64972
2021-05-25,5409.6,392.86785714285713,117.54785714285715,10.854285714285714,41.92642857142857,Cairo,0.0,3.4924934,203.17824,49.408787,25.90982,13.524404,-1.4574941,-3.1348267,0.028211597,21.119701,34.636635
2021-05-26,5328.3,394.78285714285715,114.53857142857143,10.907142857142857,42.012142857142855,Cairo,0.0,3.4311638,207.02522,38.646282,27.55842,11.177236,-1.5110779,-3.0469768,0.073000535,21.371155,41.662292
2021-05-27,5280.72,382.53999999999996,122.08714285714287,10.740714285714287,42.09428571428572,Cairo,0.0,3.0244253,180.84077,46.817204,27.951242,14.228099,0.0403951,-3.0066326,0.06869675,26.05481,45.31364
2021-05-28,5302.65,380.01071428571424,123.55499999999999,10.706428571428573,42.17285714285714,Cairo,0.0,2.6457927,141.92583,46.5056,26.939035,13.065419,1.7999369,-1.7007498,0.11702049,17.530024,30.025236
2021-05-29,5262.19,375.11857142857144,123.57428571428571,10.677857142857144,42.24714285714286,Cairo,0.0,2.5356457,141.01915,57.502728,26.223703,16.116282,1.5997009,-1.9672852,0.101278014,25.096119,52.21502
2021-05-30,5162.01,370.83714285714285,125.55214285714285,10.674285714285714,42.31857142857143,Cairo,0.0,2.8162801,242.5885,38.202747,28.117502,10.9236555,-2.479004,-1.2018738,0.12893711,20.10298,30.763035
2021-05-31,5046.93,346.8992857142857,140.24928571428572,10.307142857142859,42.38857142857143,Cairo,0.0,3.8041308,180.48346,21.34321,32.760406,7.6970115,2.2000885,0.60173035,0.25080836,27.596676,59.278446
2021-06-01,5185.91,368.1892857142857,123.77428571428572,10.532142857142857,42.45285714285715,Cairo,0.0,3.866747,195.0796,47.66805,27.202383,14.1267805,-0.93169147,-3.552826,0.12864727,16.77687,30.356459
2021-06-02,5319.61,390.4371428571429,108.12214285714286,10.810714285714285,42.51428571428572,Cairo,0.0,3.7104466,187.21028,51.82704,26.075104,14.709625,-0.33624777,-3.6191967,0.065882556,29.26656,44.395954
2021-06-03,5373.13,388.0207142857143,111.16142857142857,10.857142857142858,42.57285714285714,Cairo,0.0,4.035475,194.53333,47.096924,24.822174,12.159984,-1.0263468,-3.820984,0.06465341,12.827913,19.542374
2021-06-04,5370.09,387.92214285714283,111.41071428571429,10.857142857142858,42.62714285714286,Cairo,0.0,3.6304643,174.2989,54.930447,24.345856,13.630035,0.5330098,-3.4794667,0.03613027,19.962456,30.584572
2021-06-05,5105.75,345.4607142857143,129.71357142857144,10.052142857142856,42.68,Cairo,0.0,3.6113012,171.2912,58.765423,24.332428,14.696849,0.45132446,-3.5574493,0.03276299,23.883724,36.45881
2021-06-06,5337.07,380.4357142857143,118.26285714285714,10.71642857142857,42.72714285714286,Cairo,0.0,3.126442,163.5421,61.264492,24.672434,15.328441,0.91847736,-2.9844513,0.02171507,15.464479,22.947098
2021-06-07,5341.05,397.5964285714286,106.10071428571429,11.025714285714285,42.775,Cairo,0.0,2.763671,167.09265,58.429638,24.58609,14.730784,0.6316223,-2.6857605,0.042929694,27.556839,41.49289
2021-06-08,5328.95,392.03214285714284,109.015,10.965714285714286,42.81571428571429,Cairo,0.0,3.3880427,195.0483,55.26811,25.415274,14.363353,-0.891627,-3.2644958,0.061401017,15.762856,23.210987
2021-06-09,5015.52,379.38714285714286,111.80428571428571,10.760714285714286,42.853571428571435,Cairo,0.0,2.6293805,207.44373,36.980236,29.6857,12.266429,-0.99130756,-1.8510793,0.21775687,26.703785,56.408035
2021-06-10,5030.04,368.3142857142857,117.4342857142857,10.589285714285714,42.89,Cairo,0.0,2.852752,156.13283,39.03185,29.583487,13.544179,1.1897125,-2.0432537,0.17180641,18.56893,35.85621
2021-06-11,5059.5,364.3178571428571,119.63928571428572,10.524285714285714,42.92142857142857,Cairo,0.0,3.4192045,212.79454,49.73747,28.3142,15.733876,-1.5386912,-2.6152852,0.15340856,25.983316,44.15709
2021-06-12,5148.0,363.96999999999997,119.55499999999999,10.569999999999999,42.949285714285715,Cairo,0.0,5.8340087,225.8903,46.609436,28.66796,15.290029,-4.1547546,-4.071289,0.15041554,11.906548,20.615732
2021-06-13,5198.05,371.92,115.63,10.652142857142858,42.97642857142857,Cairo,0.0,5.4069934,197.95984,58.81899,27.481598,17.670807,-1.7055969,-5.054667,0.12622571,24.74982,41.49829
2021-06-14,5267.11,378.3121428571429,115.36500000000001,10.737142857142857,42.99928571428571,Cairo,0.0,3.292137,164.46294,57.167973,26.079987,15.989899,1.0345306,-3.0308075,0.019772764,21.363132,32.55251
2021-06-15,5207.7,383.5014285714286,109.93857142857142,10.817857142857141,43.01857142857143,Cairo,0.0,2.5375674,175.72063,51.61421,26.134918,14.643707,0.41228232,-2.4062603,0.0068520894,17.653324,26.694798
2021-06-16,5250.87,391.34000000000003,103.17285714285715,11.007142857142856,43.035000000000004,Cairo,0.0,3.6331189,160.9806,52.654064,26.506012,15.101959,1.5195312,-3.1257782,0.01271807,20.213459,32.115395
2021-06-17,5292.92,392.36857142857144,104.79499999999999,11.065714285714284,43.04785714285714,Cairo,0.0,3.5138824,198.70392,52.727947,25.315256,14.185699,-1.1278839,-3.3057709,0.015663864,17.91998,27.069418
2021-06-18,5288.53,388.9057142857143,106.95285714285714,10.857142857142858,43.05785714285714,Cairo,0.0,4.0593925,197.44273,55.420654,26.156647,15.546132,-1.1240082,-3.823354,0.015946316,25.501621,37.773598
2021-06-19,5247.63,395.3328571428571,102.53714285714285,11.112857142857143,43.065,Cairo,0.0,3.1368668,199.85168,51.246185,26.732248,14.434072,-0.28933716,-2.7991588,0.033779312,16.975525,26.625725
2021-06-20,5135.3099999999995,391.5028571428571,102.49785714285714,11.014285714285714,43.06928571428572,Cairo,0.0,2.5804167,210.62506,35.149525,28.537344,11.066478,-0.61973065,-1.6978861,0.059993327,19.49757,32.9287
2021-06-21,5064.81,389.0964285714286,102.40357142857144,10.937857142857142,43.07,Cairo,0.0,2.7536106,205.73303,37.896057,29.26651,12.625722,-1.0519714,-2.0502522,0.047163427,31.476143,45.71702
2021-06-22,5088.14,378.76785714285717,109.38,10.767857142857142,43.067142857142855,Cairo,0.0,2.813695,196.73694,49.447918,28.873444,16.326242,-0.19358318,-2.3453267,0.024555657,27.276283,39.6193
2021-06-23,5127.44,381.8071428571429,107.69214285714285,10.801428571428572,43.06214285714286,Cairo,0.0,2.7869961,199.28584,49.922287,28.452057,16.440582,-0.60354614,-2.5894318,0.035390686,25.884525,38.304703
2021-06-24,5100.0199999999995,377.19642857142856,110.72357142857143,10.770714285714286,43.05285714285714,Cairo,0.0,3.0324948,184.5074,51.39511,28.910065,17.11962,-0.09940084,-3.0069683,0.0378882,21.89349,32.33041
2021-06-25,5156.81,384.32642857142855,106.60428571428572,10.825714285714286,43.042142857142856,Cairo,0.0,3.0252788,128.1353,60.772064,28.76122,19.243805,2.3691814,-1.7672424,0.03767325,31.086746,51.025436
2021-06-26,5138.13,372.71571428571434,115.39214285714286,10.592857142857142,43.026428571428575,Cairo,0.0,3.2911732,175.1816,60.039577,28.364737,18.732574,0.1132609,-3.2639263,0.03763689,23.237762,39.049503
2021-06-27,5025.01,372.54285714285714,116.95142857142856,10.633571428571429,43.00857142857143,Cairo,0.0,2.3239954,166.6615,53.818516,30.04483,18.313059,0.47227988,-2.2652028,0.042070262,37.554337,57.631947
2021-06-28,5061.54,375.0942857142857,115.96714285714286,10.695714285714287,42.989285714285714,Cairo,0.0,2.9224937,173.86446,54.75903,30.756174,19.014069,0.42330933,-2.8611805,0.049653307,34.316017,52.828323
2021-06-29,4970.51,364.9614285714286,117.17714285714285,10.402857142857142,42.964285714285715,Cairo,0.0,2.370372,151.7499,61.918854,29.543936,20.001211,0.9566447,-2.1296742,0.06566597,31.442337,54.11786
2021-06-30,5030.8,372.53714285714284,116.13928571428572,10.549999999999999,42.93714285714286,Cairo,0.0,2.3699324,155.83594,60.499577,29.781485,19.322336,0.8921051,-2.126531,0.041467972,25.61144,41.4145
2021-07-01,5086.2,381.5757142857143,111.26142857142858,10.765,42.90642857142858,Cairo,0.0,2.9515307,160.12561,52.55138,30.946442,18.503326,0.88099164,-2.793452,0.023425512,22.267715,34.543076
2021-07-02,5045.79,386.8692857142857,106.79642857142858,10.893571428571429,42.87285714285714,Cairo,0.0,2.4646637,144.58977,47.32739,31.132559,16.830719,1.4252828,-2.0085552,0.056658477,39.228943,62.79863
2021-07-03,5094.0,409.7776923076923,122.58,11.618461538461538,46.027692307692305,Cairo,0.0,2.983609,123.56063,37.96205,32.411854,15.346425,2.5041149,-1.3974813,0.16066514,13.728757,25.081953
2021-07-04,5144.7,399.7476923076923,127.28461538461539,11.34769230769231,45.99076923076923,Cairo,0.0,3.3624966,161.25548,63.335667,28.708242,19.839996,1.1890768,-3.1088867,0.0096939,18.996017,30.67358
2021-07-05,5235.07,421.09000000000003,112.35615384615383,11.721538461538461,45.95076923076923,Cairo,0.0,3.730593,155.80455,56.587097,28.228912,17.89794,1.5368143,-3.3872528,0.0071812766,23.92228,36.82434
2021-07-06,5097.42,415.9576923076923,111.9523076923077,11.599230769230768,45.9076923076923,Cairo,0.0,2.4973738,165.60915,55.53102,28.432608,17.704092,0.70133466,-2.382904,0.0023843162,26.234848,39.702595
2021-07-07,5091.75,419.07076923076926,111.81384615384614,11.62076923076923,45.862307692307695,Cairo,0.0,2.4452705,186.27905,49.263428,29.449533,16.89981,-0.027531942,-2.2595875,0.004973325,26.42611,39.428696
2021-07-08,5069.4,397.0353846153846,128.37538461538463,11.243076923076924,45.81153846153847,Cairo,0.0,2.3471625,161.56581,58.552258,29.173248,19.128,0.76923114,-2.2054443,0.002990528,23.877085,35.61045
2021-07-09,5043.6,404.13846153846157,121.89076923076922,11.306923076923077,45.75769230769231,Cairo,0.0,2.1434278,164.04027,54.67123,30.087637,18.867178,0.64327496,-1.9144592,0.0098356195,28.699953,43.641552
2021-07-10,5106.32,398.92923076923074,125.68923076923078,11.186923076923078,45.70230769230769,Cairo,0.0,2.9012249,136.67546,63.34509,29.20401,20.273672,2.0104167,-2.0804698,0.012798416,17.885937,28.617287
2021-07-11,5045.349999999999,394.58307692307693,129.5553846153846,11.092307692307692,45.643076923076926,Cairo,0.0,2.1199446,141.39915,63.54752,29.068674,19.904367,1.3500061,-1.6188354,0.009151983,21.46242,34.20842
2021-07-12,5034.58,397.5353846153846,128.9146153846154,11.156153846153845,45.58153846153846,Cairo,0.0,2.1276667,163.56944,59.29721,29.866037,19.441477,0.6973521,-1.9809977,0.011300484,19.693958,29.832531
2021-07-13,5155.78,408.24923076923073,125.25538461538461,11.353076923076923,45.51538461538462,Cairo,0.0,2.6687286,167.66025,55.518204,28.856924,17.724518,0.66519165,-2.515152,0.011526492,21.005627,31.41034
2021-07-14,5161.6,405.3553846153846,127.29384615384615,11.275384615384613,45.44538461538461,Cairo,0.0,2.6889944,165.94019,56.221912,28.829742,18.146475,0.73462933,-2.5430756,0.014450288,27.123077,41.833595
2021-07-15,5112.64,412.12538461538463,121.69153846153846,11.417692307692308,45.37384615384615,Cairo,4.7683716e-07,1.9125942,165.57349,57.80435,29.041086,18.624582,0.554657,-1.7354126,0.018542677,26.530739,40.998573
2021-07-16,5049.76,402.45307692307694,127.59923076923077,11.211538461538462,45.29692307692308,Cairo,0.0,2.5044262,161.45897,59.879105,30.59903,20.276602,0.8042145,-2.371053,0.017623587,25.17912,38.949364
2021-07-17,5094.06,414.71153846153845,122.59923076923077,11.418461538461539,45.21923076923077,Cairo,0.0,2.6437204,175.92534,51.67207,31.187653,18.946686,0.35829672,-2.1772106,0.021099323,15.055666,24.238598
2021-07-18,5076.3,419.13461538461536,118.36,11.450769230769232,45.13384615384616,Cairo,0.0,2.394355,194.18706,52.36455,31.002512,17.664785,-0.5108693,-2.0547638,0.018864226,30.570156,45.83245
2021-07-19,5094.86,408.7576923076923,123.64461538461539,11.277692307692307,45.04692307692308,Cairo,0.0,2.996741,204.81494,53.53386,31.321524,19.147043,-1.1142832,-2.5598907,0.043037478,20.213087,32.2498
2021-07-20,5031.95,400.0238461538462,123.75846153846153,11.100000000000001,44.95923076923077,Cairo,0.0,3.9032981,242.22673,38.8403,32.941723,16.571848,-3.2842052,-1.8236389,0.096761346,14.142872,32.73191
2021-07-21,4633.21,402.06749999999994,117.71,11.0575,44.708333333333336,Cairo,0.0,4.119698,214.53607,41.863297,31.95629,17.09317,-2.0361226,-3.0340576,0.08176139,11.011644,19.624847
2021-07-22,5071.4,379.87076923076927,140.9446153846154,10.793076923076923,44.76923076923077,Cairo,9.536743e-07,2.8457277,162.61566,56.774197,29.69042,19.442942,1.0468597,-2.3983715,0.018670952,16.88615,27.153267
2021-07-23,5233.26,404.9623076923077,127.39307692307693,11.153076923076924,44.67,Cairo,0.0,4.044011,115.630005,56.244877,30.306305,19.203684,3.5395,-1.8912201,0.024184141,16.927826,31.733429
2021-07-24,5135.28,370.49692307692305,151.21923076923076,10.884615384615385,44.566153846153846,Cairo,0.0,3.4446776,120.74471,56.90329,28.830313,18.46467,2.960683,-1.750997,0.015403854,12.193834,23.472858
2021-07-25,4589.31,264.1746153846154,210.65846153846152,9.596923076923078,44.45769230769231,Cairo,0.0,2.1839035,140.61732,59.757984,28.38508,18.726553,1.408493,-1.662562,0.024010632,22.278149,38.88639
2021-07-26,4986.52,376.06538461538463,147.1423076923077,10.666153846153845,44.349230769230765,Cairo,0.0,2.1198647,170.44597,57.886745,29.166412,19.118073,0.29237875,-1.888504,0.018417802,15.157169,25.579521
2021-07-27,5198.61,412.6569230769231,127.69923076923077,11.146153846153847,44.23307692307692,Cairo,0.0,2.8163033,190.37628,56.22336,29.495676,18.93863,-0.42778525,-2.7497406,0.011803547,20.2761,30.860716
2021-07-28,5022.76,379.49,140.61923076923077,10.537692307692309,44.11769230769231,Cairo,0.0,2.8031006,166.16447,59.2045,29.351065,19.356272,0.63572186,-2.6749878,0.01744172,19.40001,30.35635
2021-07-29,5222.5,410.6,130.45538461538462,11.05923076923077,43.99615384615385,Cairo,0.0,2.6703863,139.63847,58.60152,29.723785,19.152252,1.6993204,-2.0568848,0.03224384,16.831196,28.52621
2021-07-30,5131.11,397.3961538461538,136.72153846153847,10.822307692307692,43.871538461538464,Cairo,0.0,2.3097122,121.99774,61.481445,30.048899,20.570547,1.9291941,-1.194285,0.05345881,29.409304,49.352123
2021-07-31,5001.03,390.60153846153844,136.64,10.603076923076923,43.74384615384615,Cairo,0.0,1.8536081,129.31023,59.62689,30.349356,19.608307,1.4589182,-1.0985922,0.060136583,31.212317,50.993042
2021-08-01,4869.02,373.8646153846154,142.24153846153845,10.302307692307693,43.614615384615384,Cairo,0.0,2.3110127,181.78264,54.32114,31.503164,19.568512,0.25637308,-2.042455,0.043820843,49.984077,77.42445
2021-08-02,5080.34,405.77230769230766,134.66846153846154,10.86076923076923,43.47846153846154,Cairo,0.0,1.5926605,138.38939,57.93752,31.207428,19.92862,1.0281067,-1.1702881,0.036399294,40.160725,61.700096
2021-08-03,5081.46,415.4607692307692,130.42461538461538,10.996923076923078,43.34076923076923,Cairo,0.0,1.9700879,182.94702,47.600727,32.78409,17.957428,-0.11742147,-1.8654327,0.041610334,32.414314,51.293274
2021-08-04,5043.88,412.0615384615385,131.28615384615384,10.904615384615385,43.19923076923077,Cairo,0.0,1.9658552,230.85307,33.213634,34.157703,14.566152,-1.5904642,-1.0283203,0.051592685,28.515083,46.860756
2021-08-05,4976.94,414.66076923076923,130.0553846153846,10.904615384615385,43.05538461538462,Cairo,0.0,2.2969723,196.52608,28.469856,34.28368,12.772288,-0.92475384,-1.0455679,0.0570575,25.632143,42.07022
2021-08-06,5091.48,413.3538461538462,131.57076923076923,10.87923076923077,42.90538461538461,Cairo,0.0,2.2046683,158.7524,35.084377,33.82364,15.291168,0.92814636,-1.3783264,0.07622117,32.745113,56.152153
2021-08-07,5154.06,398.63,141.3376923076923,10.704615384615384,42.75461538461538,Cairo,0.0,2.959688,105.22816,47.89818,32.8461,18.417633,2.722824,-0.47521973,0.10880901,37.78011,69.05979
2021-08-08,5265.28,415.43,131.6469230769231,10.803846153846154,42.599230769230765,Cairo,0.0,2.8245857,139.73444,61.02618,30.408844,20.074453,1.9358826,-1.8871866,0.013777843,17.361969,29.903389
2021-08-09,5239.98,416.19076923076926,130.35846153846154,10.754615384615384,42.440000000000005,Cairo,4.7683716e-07,2.1457207,160.57866,63.043396,29.997955,20.99299,0.7152405,-2.0225117,0.011167917,24.829208,40.23604
2021-08-10,5161.5599999999995,404.76769230769236,135.23615384615385,10.553076923076922,42.27846153846154,Cairo,0.0,2.6104362,162.71004,58.050068,30.157053,20.021555,0.7623596,-2.4887848,0.028145975,19.901398,31.158329
2021-08-11,5256.61,419.1530769230769,130.65307692307692,10.737692307692308,42.112307692307695,Cairo,0.0,2.8141756,165.44246,57.469635,30.430655,19.70466,0.6402232,-2.7293904,0.015626287,16.628267,25.394081
2021-08-12,5175.0599999999995,413.41076923076923,131.92923076923077,10.62923076923077,41.94461538461538,Cairo,0.0,2.3545582,162.36311,56.177383,30.983795,19.63443,0.8137004,-2.1641033,0.046804346,30.255236,46.785965
2021-08-13,5065.7699999999995,384.18461538461537,149.08923076923077,10.304615384615385,41.77384615384615,Cairo,0.0,2.3640728,151.63033,52.56171,31.827463,19.86026,1.2531077,-1.9153595,0.11803743,28.943426,51.007904
2021-08-14,5274.68,410.20461538461535,136.33307692307693,10.522307692307692,41.599230769230765,Cairo,0.0,2.9029741,182.53333,56.6559,29.75292,19.251291,-0.11507162,-2.8757222,0.026302395,25.74098,41.718613
2021-08-15,5357.26,430.8430769230769,124.49692307692308,10.718461538461538,41.41923076923077,Cairo,0.0,2.5714672,167.04826,58.70853,30.023996,19.711985,0.59281415,-2.4875793,0.020245755,16.750858,25.886805
2021-08-16,5344.15,425.3707692307692,130.05307692307693,10.66,41.23846153846154,Cairo,0.0,2.9078114,164.21991,60.82498,29.839752,19.890533,0.88565063,-2.7190144,0.03663365,18.976871,28.787636
2021-08-17,5358.41,422.81692307692305,131.16846153846154,10.596153846153847,41.05461538461539,Cairo,0.0,2.4723842,165.96364,59.802593,28.89029,18.954498,0.7992401,-2.2228546,0.03577342,18.704998,28.693596
2021-08-18,5416.88,424.24384615384616,132.84692307692308,10.583076923076922,40.86538461538461,Cairo,0.0,2.9936876,160.97527,56.777645,28.788565,18.501211,1.0510966,-2.767624,0.030108156,10.527054,15.897684
2021-08-19,5427.62,434.4369230769231,127.7423076923077,10.704615384615384,40.675384615384615,Cairo,0.0,2.5116823,148.76022,55.795074,28.843903,18.333405,1.2934418,-2.1145122,0.015742434,22.872375,35.727142
2021-08-20,5331.4,424.5323076923077,132.05769230769232,10.5,40.48076923076923,Cairo,3.33786e-06,2.530736,170.35793,63.476902,29.02831,20.111237,0.4269816,-2.4934437,0.015662914,23.290855,35.88642
2021-08-21,5254.23,407.59000000000003,137.84230769230768,10.186153846153847,40.283846153846156,Cairo,0.0,2.9589589,170.49017,59.508686,30.16153,20.271963,0.46444702,-2.9061432,0.018720655,30.973055,48.330997
2021-08-22,5455.65,440.50615384615384,123.50615384615384,10.576923076923077,40.08538461538462,Cairo,0.0,3.3827305,169.33412,63.50355,29.926748,20.603506,0.69688416,-3.2322133,0.013523268,13.176814,19.729422
2021-08-23,5419.17,429.3315384615385,130.1723076923077,10.472307692307693,39.88153846153846,Cairo,2.3841858e-06,2.784971,149.68507,62.475666,28.7954,19.301504,1.5311533,-2.1670227,0.014347859,18.367722,29.518661
2021-08-24,5319.58,417.1215384615385,137.3053846153846,10.3,39.676923076923075,Cairo,0.0,1.8485676,153.18651,60.99905,28.900787,19.517813,0.85118103,-1.6391296,0.021248445,23.073318,37.074043
2021-08-25,5249.61,406.64846153846156,139.2753846153846,10.037692307692309,39.46615384615385,Cairo,4.7683716e-07,2.2160122,170.91624,59.368973,29.492096,19.697824,0.38970947,-2.1780293,0.025113711,16.9307,26.071312
2021-08-26,5329.9,413.17615384615385,136.30615384615385,10.070769230769232,39.25615384615384,Cairo,0.0,3.1794026,184.53278,60.914276,29.567291,20.19929,-0.26756287,-3.1509655,0.029943839,21.910295,35.22865
2021-08-27,5154.53,385.2976923076923,146.46923076923076,9.686153846153847,39.042307692307695,Cairo,4.7683716e-07,3.6535423,193.55641,65.1489,29.861887,21.331696,-0.95816547,-3.5014904,0.042645603,14.097925,21.98663
2021-08-28,5405.1900000000005,436.8761538461539,125.88384615384615,10.287692307692309,38.824615384615385,Cairo,0.0,2.7228782,171.3568,54.629673,29.733225,18.529531,0.4718628,-2.6654866,0.032723732,18.168755,29.770153
2021-08-29,5305.4,414.3576923076923,139.1976923076923,10.038461538461538,38.60307692307693,Cairo,0.0,2.6606047,183.36566,60.09839,30.04654,19.87507,-0.06483968,-2.60731,0.084809855,18.932613,40.642673
2021-08-30,5260.099999999999,397.2807692307693,144.81461538461537,9.756153846153847,38.38153846153846,Cairo,0.0,3.3061078,174.23698,58.51205,30.289703,20.431631,0.39923605,-3.1892548,0.07919278,25.063393,45.6568
2021-08-31,5479.71,427.1769230769231,132.19076923076923,10.058461538461538,38.15692307692307,Cairo,0.0,3.9143403,193.58708,57.740448,29.287262,19.40217,-0.95144147,-3.7594097,0.022669163,20.190826,30.188663
2021-09-01,5421.68,446.16499999999996,151.69500000000002,10.653333333333334,41.0,Cairo,0.0,4.269876,193.41615,59.64754,28.699127,19.014395,-1.0231171,-4.089142,0.037826803,22.68031,33.8285
2021-09-02,5396.59,441.18083333333334,155.0525,10.598333333333334,40.77,Cairo,4.7683716e-07,4.186219,192.83221,58.32188,28.879221,19.16511,-0.9514313,-4.042628,0.066835806,17.115894,25.746372
2021-09-03,5376.95,442.15333333333336,156.5625,10.619166666666667,40.54333333333333,Cairo,0.0,3.2296124,170.32562,64.07279,28.500967,20.00772,0.5022278,-3.1768544,0.054521482,13.894697,21.551468
2021-09-04,5305.96,438.3258333333333,157.03583333333333,10.478333333333333,40.30833333333333,Cairo,4.7683716e-07,2.324598,174.26904,59.83199,28.268301,18.649405,0.22754924,-2.30749,0.06895762,20.084581,30.684397
2021-09-05,5071.3,369.92249999999996,191.08583333333334,9.88,40.075833333333335,Cairo,0.0,3.6436312,173.29985,60.986847,28.550283,19.398102,0.42652383,-3.5798187,0.057832643,18.093966,29.415688
2021-09-06,5396.51,448.335,149.36916666666667,10.415000000000001,39.8375,Cairo,0.0,3.1299622,159.24776,58.132374,28.136627,18.29361,1.2158712,-2.8595073,0.05338119,17.519693,29.127651
2021-09-07,5404.33,465.9816666666666,141.23,10.544166666666667,39.597500000000004,Cairo,0.0,2.259679,200.04358,52.749146,28.166819,16.966543,-0.52066547,-2.0471191,0.050052434,21.192768,38.14026
2021-09-08,5255.76,451.545,146.5375,10.331666666666667,39.3575,Cairo,0.0,2.274317,228.89062,48.33786,30.836578,17.61083,-1.734909,-1.2333832,0.11830763,20.051956,43.006813
2021-09-09,5137.9800000000005,416.1583333333333,162.645,9.959166666666667,39.11333333333334,Cairo,0.0,3.0307493,197.23976,40.853104,31.697092,16.546457,1.6976267,-0.5166982,0.088720664,32.84078,57.304836
2021-09-10,4490.0199999999995,256.85166666666663,233.24249999999998,8.629166666666666,38.8675,Cairo,4.7683716e-07,3.4948273,166.71036,58.390736,27.773672,18.11791,0.84027606,-3.3145092,0.023836533,22.636875,35.655754
2021-09-11,4437.72,255.30583333333334,228.61666666666667,8.5275,38.62083333333333,Cairo,0.0,3.3095741,161.57042,58.217373,27.029694,17.490305,1.1548055,-3.076945,0.031392675,22.726868,34.78137
2021-09-12,5476.93,461.7891666666667,144.71833333333333,10.259166666666667,38.37,Cairo,0.0,2.6812594,160.31073,57.183605,27.145823,17.15331,0.95167035,-2.4999695,0.06370771,18.931852,31.016277
2021-09-13,5272.94,429.96583333333336,159.6341666666667,9.933333333333334,38.119166666666665,Cairo,0.0,3.7609847,142.48169,37.717175,31.18635,14.2048235,1.5086924,2.0650127,0.18123919,30.827208,66.840454
2021-09-14,4730.85,356.7808333333333,183.035,9.1825,37.8675,Cairo,0.0,1.7066036,197.96028,53.747646,29.648264,18.043692,0.28797913,-0.09261576,0.04665958,18.173931,34.335308
2021-09-15,5340.7,425.9041666666667,161.8975,9.81,37.611666666666665,Cairo,0.0,3.0225067,135.08852,55.72115,28.069407,17.526194,2.1287231,-1.8389384,0.03217405,22.297039,35.768852
2021-09-16,5105.42,358.01,197.40666666666667,9.314166666666667,37.35666666666666,Cairo,0.0,3.1173356,146.8222,56.53624,27.120188,17.069815,1.8338522,-2.498515,0.019328192,20.901947,35.268013
2021-09-17,5185.2,388.865,179.6916666666667,9.454166666666667,37.098333333333336,Cairo,9.536743e-07,3.484792,171.5857,54.301273,27.549957,16.779694,0.34502158,-3.3708546,0.0122792795,17.456982,27.40749
2021-09-18,5464.5,439.6758333333333,157.85,9.805,36.83833333333333,Cairo,0.0,3.6834257,201.24446,54.945892,27.370352,16.879873,-1.412023,-3.37943,0.020961428,11.618477,17.9414
2021-09-19,5599.19,466.20416666666665,147.07500000000002,9.991666666666665,36.579166666666666,Cairo,0.0,4.578175,218.57262,57.9773,27.755117,17.488678,-2.8510692,-3.4842885,0.039136425,11.3207,19.202156
2021-09-20,4977.24,447.9554545454546,155.93272727272728,9.799999999999999,36.82636363636364,Cairo,0.0,4.00378,207.83473,50.777065,29.12255,16.886301,-1.83874,-3.5519001,0.107669614,24.182903,48.95208
2021-09-21,5389.69,442.2366666666667,155.37333333333333,9.648333333333333,36.053333333333335,Cairo,4.7683716e-07,4.260198,205.25012,61.802402,29.167063,19.385162,-1.6808268,-3.7774456,0.083057776,19.512367,40.278145
2021-09-22,5387.13,451.59166666666664,147.35083333333333,9.613333333333333,35.79,Cairo,0.0,3.3493645,165.68132,57.819794,28.731272,18.193186,0.8749644,-3.2260387,0.054376554,18.804886,32.99093
2021-09-23,5371.46,448.83,147.12333333333333,9.511666666666667,35.524166666666666,Cairo,0.0,2.4630086,126.97425,61.4959,27.485666,18.435617,1.999883,-1.3293356,0.08199612,18.634605,37.625244
2021-09-24,4082.71,196.54,243.1966666666667,7.490833333333334,35.2575,Cairo,0.0,3.3789065,144.99779,59.37434,26.179352,16.666006,2.1022084,-2.4655762,0.07663691,19.782837,37.258278
2021-09-25,5188.98,375.00916666666666,189.46083333333334,9.025,34.99,Cairo,0.0,2.7331316,180.90141,49.992466,24.506989,12.868805,-0.5300649,-2.4722137,0.01078152,19.171139,30.521255
2021-09-26,4592.87,279.94166666666666,220.0616666666667,8.174999999999999,34.722500000000004,Cairo,0.0,3.2937372,193.49493,55.142918,25.188303,15.114003,-0.76809186,-3.2028859,0.03578855,15.326725,26.076733
2021-09-27,4672.4400000000005,299.0408333333333,206.59,8.198333333333332,34.4525,Cairo,0.0,2.630233,139.28288,54.365204,25.816477,15.352529,1.750117,-1.7730408,0.031411678,15.520342,24.90488
2021-09-28,5333.54,428.0608333333333,158.67249999999999,9.147499999999999,34.185,Cairo,0.0,2.0934486,129.70416,63.860737,25.317862,17.17756,1.5525818,-1.3367971,0.013864279,23.823997,37.474625
2021-09-29,5310.87,428.895,157.76333333333332,9.0925,33.913333333333334,Cairo,0.0,2.1066031,144.40135,61.556503,25.7176,16.669016,1.2148081,-1.6733093,0.017100299,22.281624,35.075184
2021-09-30,5127.16,408.0316666666667,159.12,8.799999999999999,33.6425,Cairo,9.536743e-07,2.4440386,161.36476,66.22643,26.279694,18.430735,0.8482666,-2.273997,0.063994184,23.217926,40.82996
2021-10-01,5100.6,393.0441666666666,164.44083333333333,8.648333333333333,33.369166666666665,Cairo,4.7683716e-06,3.297446,172.25655,62.821533,25.58731,17.22338,0.45883688,-3.1889343,0.024449695,19.297092,29.89684
2021-10-02,5273.6,412.2941666666666,163.19166666666666,8.799166666666666,33.09916666666667,Cairo,0.0,2.451844,139.73125,59.234585,24.984446,15.890208,1.6243896,-1.8008372,0.0059320084,19.92511,31.71167
2021-10-03,4453.85,268.1816666666667,214.0925,7.680833333333333,32.82833333333333,Cairo,3.6239624e-05,2.922888,159.77448,61.724537,25.027008,16.60261,0.9468486,-2.7506664,0.008952344,22.680485,36.227905
2021-10-04,5049.52,361.5083333333334,183.37166666666667,8.359166666666667,32.55583333333333,Cairo,9.536743e-07,2.9002144,177.7469,59.76594,24.451895,15.520986,0.12887573,-2.8926136,0.004934814,27.849277,43.005623
2021-10-05,5496.53,449.74916666666667,145.36333333333332,8.893333333333333,32.28416666666667,Cairo,0.0,3.3355265,169.39708,58.79539,24.141184,14.857738,0.5922394,-3.2632039,0.005572588,22.668776,34.52482
2021-10-06,5284.39,408.50416666666666,163.71166666666667,8.5825,32.01,Cairo,1.3828278e-05,2.9768817,175.49312,60.715775,23.812246,15.203685,0.1565501,-2.9487457,0.0057955952,25.063152,38.420364
2021-10-07,5572.62,465.9575,136.965,8.88,31.7375,Cairo,0.0,3.3608024,194.46196,61.890545,24.036123,15.486888,-0.88952637,-3.217448,0.013827006,18.065819,29.302864
2021-10-08,4963.57,458.7418181818182,129.0109090909091,8.590909090909092,30.720000000000002,Cairo,0.0,3.6229553,199.40797,59.0638,24.886139,15.597728,-1.1939799,-3.4188282,0.019180054,18.92753,32.679337
2021-10-09,5555.99,465.05,135.58083333333335,8.746666666666666,31.194166666666664,Cairo,0.0,4.1586976,201.64168,62.26311,24.806223,16.363272,-1.5784861,-3.836202,0.042789325,17.957262,32.46138
2021-10-10,5587.360000000001,461.2366666666667,139.44833333333335,8.7075,30.923333333333332,Cairo,0.0,4.65222,217.43599,65.16023,24.793447,16.535227,-2.904826,-3.6038208,0.051249016,16.442434,32.05888
2021-10-11,4709.51,418.3545454545454,133.20454545454547,7.964545454545455,29.133636363636366,Cairo,0.0,5.041794,228.6675,65.845604,25.03775,16.719229,-3.8012848,-3.3088176,0.054517828,17.709106,32.489502
2021-10-12,4651.21,424.9918181818182,128.31,7.924545454545455,28.87090909090909,Cairo,0.0,4.046819,209.29634,64.8952,26.131744,17.572256,-1.9523722,-3.5163727,0.089931,14.5625305,25.339155
2021-10-13,5325.7,440.27666666666664,134.77,8.283333333333333,30.114166666666666,Cairo,0.0,4.407638,211.71788,65.19013,26.02587,17.632233,-2.3655853,-3.6824086,0.03870772,12.157628,22.966263
2021-10-14,5505.610000000001,461.5858333333333,133.0675,8.421666666666667,29.843333333333334,Cairo,0.0,4.4984264,226.60518,67.32073,25.731028,17.96874,-3.2442272,-3.0828705,0.04442925,12.057218,24.162277
2021-10-15,5402.4800000000005,453.66333333333336,135.75750000000002,8.316666666666666,29.5775,Cairo,0.0,3.9498177,234.70856,59.627544,26.306711,16.351797,-3.2057087,-2.0873108,0.03770107,12.401997,23.872578
2021-10-16,4206.68,272.9766666666667,191.07333333333335,6.9325,29.310000000000002,Cairo,0.0,2.5146487,187.87117,47.550785,27.014557,13.288646,0.1701711,-1.6874084,0.06459849,15.230658,31.609783
2021-10-17,5267.43,437.1641666666667,140.2875,8.085833333333333,29.043333333333333,Cairo,0.0,2.5900712,189.80547,52.718624,26.357004,15.020497,-0.20747375,-2.2211354,0.07271733,18.800354,40.26722
2021-10-18,5236.9400000000005,413.76666666666665,150.85999999999999,7.903333333333333,28.779166666666665,Cairo,0.0,2.4985714,190.47389,58.737762,24.053537,14.816234,-0.21679688,-2.318573,0.008433567,15.890022,25.939308
2021-10-19,4931.04,397.9818181818182,176.32727272727274,8.14090909090909,30.982727272727274,Cairo,0.0,2.6591756,173.10588,55.426266,23.3155,13.356923,0.3520101,-2.6343079,0.018109418,15.277416,24.262016
2021-10-20,4933.1900000000005,392.65090909090907,180.41545454545454,8.075454545454546,30.70909090909091,Cairo,1.9073486e-06,2.9735682,165.86507,58.537457,22.836823,13.66682,0.79046124,-2.8464813,0.034338668,16.169136,25.990822
2021-10-21,5283.41,513.3140000000001,166.119,9.338,33.376999999999995,Cairo,0.0,2.6531065,164.64159,57.69446,22.185455,12.737946,0.7723134,-2.5142567,0.030972712,19.246084,31.217812
2021-10-22,5034.06,458.56499999999994,184.041,8.943000000000001,33.103,Cairo,0.0,2.518357,166.0555,61.283295,22.540192,14.013988,0.2289683,-2.406072,0.03273987,13.627953,22.10543
2021-10-23,4724.3,386.288,212.58499999999998,8.416,32.831,Cairo,0.0,3.5878773,177.58325,66.637474,22.592764,15.430165,0.081456505,-3.5297241,0.036447678,13.04282,22.231869
2021-10-24,5398.71,534.83,155.79500000000002,9.286,32.558,Cairo,0.0,2.758869,201.01222,58.044468,21.47053,12.23762,-0.9092204,-2.5799968,0.057172816,13.81126,21.875343
2021-10-25,5161.01,500.939,166.28199999999998,9.001999999999999,32.287,Cairo,9.536743e-07,2.1772802,181.84898,62.054775,22.414865,14.123118,-0.036209106,-2.1710255,0.0424973,14.594009,22.662846
2021-10-26,5286.59,527.236,152.54,9.057,32.024,Cairo,0.0,3.0303829,211.93733,63.213856,22.983551,14.855784,-1.577179,-2.468755,0.09497635,14.907488,24.45701
2021-10-27,5116.99,503.754,161.115,8.867,31.756999999999998,Cairo,0.0,3.6478336,242.70927,57.605335,24.733389,14.494293,-3.232193,-1.6685333,0.15635459,13.75783,28.05083
2021-10-28,4862.88,482.419,170.429,8.712,31.493000000000002,Cairo,0.0,2.1237912,212.8022,39.471615,26.499176,10.926259,-0.5882721,0.60755414,0.20398691,22.25393,46.297165
2021-10-29,4524.9,420.015,171.40699999999998,8.072,31.232,Cairo,0.0,2.3755624,88.420815,47.475956,24.615387,12.382558,2.2744904,-0.15982564,0.05481504,47.58313,77.074295
2021-10-30,3047.99,244.038,161.76,5.949,30.974,Cairo,2.002716e-05,1.4442939,213.00655,63.885483,24.956451,16.472727,-0.0041859946,-0.418574,0.10073295,24.895714,50.586708
2021-10-31,4723.31,436.18999999999994,177.79500000000002,8.174,30.719,Cairo,0.0,3.2583392,188.18205,46.90353,26.462229,13.434642,-0.07466634,0.56296796,0.13268678,23.450716,50.217472
2021-11-01,5188.69,524.1949999999999,147.402,8.652,30.466,Cairo,0.0,2.6779585,148.49039,59.311142,24.79776,14.555003,1.7805227,1.2956848,0.073301375,28.729496,57.26794
2021-11-02,5208.04,543.646,136.433,8.656,30.216,Cairo,0.0,1.7214966,189.55249,63.584538,23.432688,15.290843,0.38102722,-1.2997385,0.033549752,20.066483,35.301186
2021-11-03,5204.96,550.514,134.708,8.657,29.969,Cairo,0.0,2.0398371,246.33447,59.20605,24.125559,14.888661,-1.1675161,-1.0133108,0.040490523,29.32198,52.479275
2021-11-04,5328.52,528.918,146.095,8.525,29.725,Cairo,0.0,4.7638593,225.22643,63.905544,23.387848,15.576324,-3.2866364,-3.3815815,0.006678832,11.817078,20.010162
2021-11-05,4760.91,414.809,188.091,7.856999999999999,29.482999999999997,Cairo,0.0,4.4163013,211.63776,68.25932,23.167551,16.48876,-2.3911083,-3.6774292,0.012754217,13.862684,24.085815
2021-11-06,5023.98,563.4811111111111,152.66666666666666,9.052222222222222,31.324444444444445,Cairo,9.536743e-07,4.1560116,210.6278,68.59031,23.62255,16.642405,-2.1459198,-3.5186718,0.01596983,16.142536,27.499426
2021-11-07,4371.89,416.14300000000003,154.464,7.484999999999999,29.009000000000004,Cairo,4.7683716e-07,3.5617352,213.12714,72.81214,23.64737,17.190582,-1.9885916,-2.9306793,0.018126987,19.983582,33.62108
2021-11-08,5078.73,504.40299999999996,153.805,8.262,28.778,Cairo,4.2915344e-06,3.0494757,213.66579,72.98681,22.54361,16.177155,-1.7218577,-2.4766643,0.0268867,24.533352,45.61177
2021-11-09,5271.6900000000005,555.221,138.472,8.485000000000001,28.551,Cairo,0.0,2.5183527,222.79332,54.54037,23.107492,11.897614,-1.6614126,-1.8619486,0.02656557,26.609585,49.448746
2021-11-10,4786.17,455.054,164.422,7.8629999999999995,28.325,Cairo,3.8146973e-06,2.5244372,198.22809,69.70062,21.46939,14.423167,-0.6152344,-2.3830566,0.019348484,29.15558,52.04803
2021-11-11,4896.25,458.421,159.709,7.767,28.104000000000003,Cairo,0.0,3.361615,211.7961,70.25802,20.887848,14.6093645,-1.9020945,-2.716029,0.014485005,20.230412,34.16119
2021-11-12,3868.34,266.43899999999996,216.981,6.638,27.885,Cairo,0.0,4.053797,215.4576,59.21144,20.661041,11.907298,-2.3686829,-3.2780507,0.013269682,18.428543,33.179676
2021-11-13,4877.72,480.32399999999996,156.71099999999998,7.806,27.673000000000002,Cairo,0.0,1.9061621,192.07445,62.270504,21.02237,12.599599,-0.4023997,-1.844747,0.0392207,30.229576,59.085075
2021-11-14,4943.14,511.50199999999995,137.852,7.866,27.464,Cairo,0.0,1.9962023,161.44557,73.756065,21.671295,15.881907,0.64444476,-1.8804728,0.037499234,35.49653,60.17758
2021-11-15,4143.54,373.627,163.542,6.898999999999999,27.259000000000004,Cairo,0.0,2.0638158,121.72259,71.69518,21.09732,15.120351,1.7208099,-1.0025533,0.042355873,27.701748,49.487167
2021-11-16,2874.71,157.289,210.30599999999998,5.414,27.058,Cairo,0.0,1.6421909,104.45728,72.06512,20.78718,15.35318,1.291036,-0.62642926,0.036859557,37.486702,68.455475
2021-11-17,4572.27,417.937,170.369,7.264999999999999,26.859,Cairo,0.0,2.137644,114.655876,69.46086,20.91633,14.503082,1.9328817,-0.8223877,0.034717627,35.605453,58.29699
2021-11-18,4384.1,363.65,188.452,6.906999999999999,26.665,Cairo,0.0,2.3716736,147.1776,70.97543,20.006012,14.122142,1.1515757,-1.959432,0.02572311,27.725159,48.859776
2021-11-19,4744.46,420.367,172.708,7.197,26.477999999999998,Cairo,0.0,3.3419373,140.51741,65.89659,20.026358,12.467031,2.0267284,-2.6388295,0.012051253,18.181183,32.469368
2021-11-20,3388.91,250.49499999999998,170.0,5.7509999999999994,26.294,Cairo,2.0503998e-05,4.0204463,44.580364,65.652664,18.236807,11.183177,2.8154857,2.1849926,0.027049694,17.339674,33.900856
2021-11-21,3306.08,211.98899999999998,195.526,5.636,26.113999999999997,Cairo,3.862381e-05,3.892107,61.37389,67.45709,17.1079,10.634023,3.4325867,1.7570444,0.012064704,11.919838,22.89714
2021-11-22,4865.48,468.26900000000006,146.241,7.2909999999999995,25.940999999999995,Cairo,1.2874603e-05,2.0611298,36.812847,71.53946,17.284576,11.587799,1.1544647,1.5607096,0.007934712,19.417423,31.718056
2021-11-23,4925.52,500.95700000000005,137.68200000000002,7.43,25.769,Cairo,0.0,0.95443106,276.13464,60.98459,19.37613,11.26179,-0.48005167,-0.31755066,0.009681791,48.824577,74.206
2021-11-24,5054.53,514.217,135.169,7.446000000000001,25.604000000000003,Cairo,0.0,1.7821264,231.89299,66.37891,18.744375,11.365062,-1.3252462,-1.0885264,0.02462862,28.788555,42.60139
2021-11-25,4959.46,516.9730000000001,130.626,7.406999999999999,25.445,Cairo,0.0,1.584798,227.5844,60.602467,20.44457,11.774241,-0.6702118,-0.8179779,0.062319122,25.555077,39.11177
2021-11-26,4986.71,501.912,139.98,7.362,25.288,Cairo,0.0,2.194908,247.07002,61.559124,19.886139,11.206777,-1.9598185,-0.80241394,0.021530818,21.718082,35.26007
2021-11-27,4967.38,516.6899999999999,134.529,7.394,25.139000000000003,Cairo,0.0,1.6851164,278.1516,55.01341,20.39208,8.427236,-1.6548309,-0.11778768,0.047165915,18.528297,30.027256
2021-11-28,4749.99,479.22700000000003,145.3,7.18,24.993000000000002,Cairo,0.0,2.0522072,266.20285,35.14783,21.87255,4.8062234,0.08186849,1.3389181,0.07732205,51.555458,76.534935
2021-11-29,4892.96,526.353,131.754,7.404999999999999,24.853,Cairo,0.0,1.9915434,278.91162,33.58957,23.674875,6.0992737,-1.9213511,0.3947347,0.041006893,32.948116,54.173645
2021-11-30,4832.99,477.65200000000004,144.34300000000002,7.127,24.718,Cairo,0.0,3.7835302,162.22972,32.736362,22.281485,4.94457,1.2874094,1.35082,0.03501071,32.117245,55.417564
2021-12-01,3604.05,280.522,167.789,5.677999999999999,24.589,Cairo,0.0,3.2096355,116.81491,66.17712,19.075754,12.090485,2.7614696,-1.3535563,0.0155610135,17.664858,33.52762
2021-12-02,4098.79,338.323,176.346,6.318,24.466,Cairo,4.7683716e-07,1.5438156,152.24208,61.591763,17.36026,9.251862,0.47773743,-1.2851003,0.0013085853,15.581238,27.242577
2021-12-03,4140.1900000000005,328.16999999999996,185.415,6.208,24.348,Cairo,0.0,2.5139146,232.90605,53.222584,17.55069,7.4794006,-1.9903513,-1.5311279,0.0014257736,16.122252,26.11084
2021-12-04,4167.88,360.404,169.552,6.43,24.234,Cairo,0.0,2.1859686,184.13045,61.289124,16.313059,8.178782,-0.7921651,0.6551259,0.007241212,18.630678,30.271198
2021-12-05,4690.56,405.385,165.067,6.639,24.127000000000002,Cairo,0.0,5.0891438,46.945423,50.270344,16.617502,6.144358,3.2555034,2.8778126,0.05048951,22.138073,51.85032
2021-12-06,3168.4900000000002,249.97200000000004,157.794,5.218999999999999,24.024,Cairo,0.0,1.4938812,290.49966,60.542633,16.76236,8.889232,-0.21521504,0.8676656,0.0210752,26.220074,46.290375
2021-12-07,1345.51,51.992,121.16599999999998,2.7670000000000003,23.928,Cairo,0.0,3.8195636,125.60815,60.62618,16.459219,8.602936,0.89782715,3.6194255,0.03636166,47.294296,75.26527
2021-12-08,3092.77,210.44400000000002,162.106,4.893,23.84,Cairo,0.0,7.2641206,48.979675,43.12904,14.465404,2.0475159,5.505178,3.9895985,0.1429755,20.84657,73.22246
2021-12-09,4701.32,442.88800000000003,149.259,6.702,23.753999999999998,Cairo,0.0,2.1547577,57.67876,55.722157,15.269928,6.2544656,0.6961212,1.1331888,0.017243154,20.165947,48.362576
2021-12-10,4466.91,415.599,149.996,6.573,23.676,Cairo,0.0,3.5456555,236.7058,53.89436,17.821848,7.4106345,-2.9503224,-1.9350687,0.0048682396,17.763254,31.101078
2021-12-11,4732.05,484.313,135.44400000000002,6.922,23.603,Cairo,0.0,0.86023885,240.07063,53.38623,16.214346,6.0061746,-0.4493815,-0.11784363,0.011508542,38.63064,60.422016
2021-12-12,2141.9700000000003,93.43199999999999,178.16400000000002,4.127,23.535,Cairo,0.0,1.9414848,213.27904,60.455425,16.1503,7.9440002,-0.8855133,-1.362381,0.03986629,45.974876,76.56241
2021-12-13,2293.61,118.934,172.291,4.26,23.476,Cairo,0.0,1.9460844,198.41579,73.55704,17.684479,12.5208235,-0.49759927,-1.6966654,0.073398694,32.23797,53.799145
2021-12-14,3002.5,196.503,174.51000000000002,4.9799999999999995,23.421,Cairo,0.0,2.4570262,116.20932,71.08557,17.164297,11.358144,1.8565521,-0.9238942,0.0375772,19.736137,33.59899
2021-12-15,5005.42,476.809,139.453,6.8260000000000005,23.372,Cairo,0.0,3.0283043,39.806995,54.840267,14.764882,5.113027,1.9919943,1.7000681,0.03239342,15.052862,29.826061
2021-12-16,4205.97,358.541,160.417,6.139,23.329,Cairo,0.0,2.6603606,45.23463,56.12616,13.804596,4.9055076,1.6398315,1.4828644,0.028337141,14.393337,27.795677
2021-12-17,2345.88,149.566,141.21200000000002,3.9620000000000006,23.293,Cairo,0.0,2.6501672,115.99581,69.62857,13.942535,7.949778,2.3448486,-1.2007853,0.003239066,15.186439,25.753311
2021-12-18,4611.61,402.06,155.301,6.4319999999999995,23.262,Cairo,0.0,4.3306956,35.20442,63.785297,12.984772,5.44929,2.8188274,2.9210663,0.026847525,15.3792095,30.541998
2021-12-19,3658.54,409.52625,144.69875,6.577500000000001,24.28625,Cairo,0.0,5.9639783,31.10604,54.114197,13.569977,4.0359597,3.2107494,4.8319345,0.041151874,10.51972,30.23249
2021-12-20,2920.75,169.779,179.982,4.823,23.222,Cairo,0.0007505417,6.4043784,58.405163,68.78338,12.026195,6.1512756,5.3092446,3.0796967,0.04278121,10.184615,34.62382
2021-12-21,4566.6900000000005,392.981,156.363,6.275,23.207,Cairo,0.0,4.4849133,33.199627,62.31665,11.361806,4.210439,2.2162578,3.497172,0.03469088,13.460974,35.249947
2021-12-22,4696.68,444.837,131.96800000000002,6.55,23.201999999999998,Cairo,9.536743e-07,2.7047694,45.74574,68.28008,12.599518,6.5183816,1.6078287,1.2107086,0.024352321,14.17017,27.619995
2021-12-23,2393.79,111.04400000000001,184.871,4.353,23.203,Cairo,5.2452087e-06,1.7169918,138.12794,76.917885,13.116364,8.764964,0.7290599,-0.5841624,0.0029050675,23.490585,37.02821
2021-12-24,3072.39,234.25900000000001,142.872,4.684,23.21,Cairo,1.4305115e-06,2.8842564,151.94046,66.635704,13.164866,6.491526,1.32105,-2.5286305,0.0024149865,14.828135,23.643661
2021-12-25,5151.39,504.934,127.83599999999998,6.909999999999999,23.222,Cairo,0.0,2.0298975,216.88579,65.25253,12.856842,5.4871316,-0.9421132,-1.7413635,0.0014563745,23.010714,36.784126
2021-12-26,5294.59,519.7,126.602,7.011,23.240000000000002,Cairo,0.0,3.3114748,215.4904,59.455784,12.5312395,4.2657776,-1.8898926,-2.7084453,0.002713356,16.8638,27.689734
2021-12-27,5171.14,512.542,127.13600000000001,6.970000000000001,23.264,Cairo,0.0,2.5245938,195.39091,66.95568,12.647858,5.747711,-0.66740924,-2.4214172,0.0130963195,18.923016,33.348747
2021-12-28,3421.19,235.224,184.231,5.371,23.296,Cairo,0.0,2.4575677,152.143,74.17073,13.606761,8.584706,1.3078867,-1.9638113,0.020125974,13.960123,22.175097
2021-12-29,4097.42,352.24899999999997,152.744,5.984,23.333000000000002,Cairo,0.0,2.8131216,167.16597,66.09742,13.46288,6.431956,1.8732706,1.536377,0.010172393,19.297794,31.491827
2021-12-30,2508.16,135.727,170.322,4.288,23.377000000000002,Cairo,0.0,5.701748,7.3084207,47.241516,15.04182,3.8733623,0.74983215,5.6092935,0.066486426,20.297352,48.27093
2022-01-01,3904.87,336.493,155.28699999999998,5.954,23.497,Cairo,5.5789948e-05,1.8852167,284.28574,80.30438,13.442454,9.842275,-0.6256816,0.65240985,0.079045475,17.292698,53.76204
2022-01-02,2862.03,214.856,141.497,4.434,23.56,Cairo,2.861023e-05,2.0288675,128.5391,81.7375,13.278554,9.841868,1.0457102,-1.2731832,0.027773596,25.23492,42.418816
2022-01-03,4394.78,383.062,159.76100000000002,6.380999999999999,23.63,Cairo,4.7683716e-07,2.0874736,105.98893,81.5524,14.427236,10.881012,1.7681376,-0.75332135,0.007528377,23.737696,37.30352
2022-01-04,3787.58,292.592,172.995,5.7540000000000004,23.704,Cairo,0.0,2.192648,100.36146,75.968056,13.617259,8.7031145,2.0340374,-0.26378885,0.0024061487,27.852116,43.477818
2022-01-05,5037.13,513.688,125.194,7.0969999999999995,23.785000000000004,Cairo,0.0,1.4597028,173.21729,72.61279,14.0843,8.663483,0.59226483,0.731013,0.008383036,25.34823,42.463974
2022-01-06,4736.76,463.8190000000001,141.303,6.9159999999999995,23.874,Cairo,0.0,1.5336113,196.92897,72.33816,13.291005,7.473948,-0.41512045,-1.3711649,0.00744692,39.01303,58.98536
2022-01-07,4689.16,432.51300000000003,153.69400000000002,6.787999999999999,23.966,Cairo,0.0,1.5969449,256.21402,73.46221,13.48819,8.232493,0.3310852,1.2675934,0.00984441,50.490356,75.51796
2022-01-08,4949.34,501.651,129.699,7.154999999999999,24.064,Cairo,0.0,1.1758641,211.57051,68.923515,13.22403,6.6743875,-0.49601236,0.82925415,0.017828736,57.793083,86.30282
2022-01-09,5040.52,453.192,151.58700000000002,6.911,24.168,Cairo,0.0,5.1912026,141.10915,57.286972,13.306874,4.497223,2.1821644,4.1593575,0.046849154,23.126953,47.840836
2022-01-10,5039.12,456.93199999999996,148.86700000000002,6.970000000000001,24.279,Cairo,0.0,5.27795,23.484884,48.99605,13.025055,2.3576558,2.1115773,4.7524924,0.071453415,20.18404,61.328148
2022-01-11,5162.57,484.76099999999997,139.668,7.135,24.395,Cairo,0.0,5.4408374,128.43983,42.046505,13.689769,0.22492473,0.9251149,5.2648673,0.07577493,21.891312,59.83934
2022-01-12,4627.62,398.847,163.65699999999998,6.659000000000001,24.516,Cairo,0.0,4.8552513,14.607432,31.19454,14.7691145,-2.372752,1.1670074,4.5316567,0.062909275,19.458015,46.713722
2022-01-13,4608.66,413.148,152.733,6.745,24.644,Cairo,0.0,3.1597729,30.895132,42.223583,14.004059,1.2614645,1.8153076,1.4538269,0.093293115,26.612862,54.037918
2022-01-14,2189.57,102.624,164.814,4.066,24.777,Cairo,9.536743e-07,3.4756508,84.17913,72.7257,13.009105,7.7248435,3.329422,0.16549174,0.0034126437,12.626947,22.010948
2022-01-15,2919.64,162.451,188.747,5.048,24.915,Cairo,1.9073486e-06,3.6997519,71.64148,58.930393,11.803945,3.6210022,3.3663433,0.7140452,0.0037936033,11.666042,21.821629
2022-01-16,3794.65,303.197,153.864,5.673,25.058,Cairo,2.861023e-05,3.8487492,59.70282,58.801758,12.197011,4.3303933,2.7615101,1.2411093,0.01011357,15.68428,29.932663
2022-01-17,3574.48,283.058,144.876,5.345000000000001,25.209,Cairo,3.7670135e-05,4.0356064,197.96704,67.409836,10.68098,4.2274475,-1.4194895,-3.7232208,0.002784925,14.240401,24.553778
2022-01-18,4947.58,466.579,151.6,7.322,25.362000000000002,Cairo,0.0,1.5462416,208.73279,60.628162,9.798248,1.6087137,0.2680613,-0.6960805,0.00095928437,18.617882,29.255875
2022-01-19,2521.87,118.38500000000002,186.905,4.657,25.52,Cairo,0.0003581047,4.292545,70.61143,52.42763,11.187572,1.5195211,2.7766216,0.69317627,0.022517856,11.463716,21.103382
2022-01-20,5328.54,506.39099999999996,146.386,7.610000000000001,25.685000000000002,Cairo,0.0,1.9084463,154.96515,51.71188,10.600413,0.5108134,0.7445221,-1.6552124,0.0005044909,17.668144,28.848207
2022-01-21,5263.17,440.1163636363636,140.75272727272727,6.861818181818182,23.655454545454543,Cairo,0.0,2.4811838,228.84871,53.809692,9.79662,0.18767293,-1.8683014,-1.6295013,0.001372919,21.88218,33.763794
2022-01-22,5290.62,453.1463636363636,133.4509090909091,6.94,23.83090909090909,Cairo,0.0,2.3332253,103.74866,63.752583,8.994618,1.4408264,1.2600809,-0.6721802,0.006930763,26.354296,40.70893
2022-01-23,3611.24,254.5472727272727,141.13363636363636,5.142727272727273,24.007272727272724,Cairo,2.002716e-05,4.969561,43.060078,51.574524,11.795482,1.9536844,3.1487987,2.537862,0.06436582,13.581312,33.485672
2022-01-24,3901.53,239.92545454545453,189.07818181818183,5.713636363636364,24.19454545454545,Cairo,0.0,2.0888844,81.41675,61.03833,11.556142,3.615794,1.9793701,0.27638754,0.035120953,17.623558,32.6408
2022-01-25,5459.24,463.3581818181818,135.12272727272727,7.132727272727272,24.38181818181818,Cairo,0.0,3.2735493,40.483418,52.99793,9.980702,0.14167278,2.0904286,1.9697062,0.012487633,31.696812,50.35167
2022-01-26,976.77,23.99727272727273,91.27272727272727,1.9572727272727273,24.572727272727274,Cairo,0.0001988411,5.1841245,40.591602,60.25635,8.9652405,1.4607645,3.4589844,2.4912975,0.06355569,12.376781,34.28278
2022-01-27,2739.7599999999998,141.68818181818185,158.06636363636363,4.366363636363636,24.770000000000003,Cairo,2.4795532e-05,4.535376,69.67956,64.328804,9.594879,2.9177144,4.124359,1.354299,0.015602294,13.650724,31.222828
2022-01-28,3773.34,240.09181818181816,177.06,5.792727272727273,24.970000000000002,Cairo,0.0,2.6101544,48.762573,68.524574,10.027985,4.001129,1.7574259,1.2426504,0.006435998,16.318855,31.44283
2022-01-29,4250.6900000000005,351.5672727272727,125.80272727272727,6.109090909090909,25.177272727272726,Cairo,0.0,2.505285,36.477234,58.688354,11.118724,2.9367573,1.3666891,1.5900015,0.054151703,13.274382,26.468502
2022-01-30,4055.37,286.1381818181818,163.72454545454545,6.159090909090909,25.383636363636366,Cairo,0.0,3.4499013,249.41048,56.12914,11.943431,2.6074932,0.9852702,2.870692,0.011328271,24.17807,38.800144
2022-01-31,2035.46,86.91090909090909,140.29999999999998,3.580909090909091,25.596363636363638,Cairo,1.4305115e-05,4.880587,40.54183,54.551327,11.973622,3.070221,2.4865468,2.3679302,0.06487014,16.661396,49.531723
2022-02-01,4988.820000000001,398.31545454545454,158.14272727272726,7.1036363636363635,25.813636363636363,Cairo,4.7683716e-07,2.6893542,138.35652,69.33337,13.151845,6.732493,0.712321,2.4736633,0.0076540685,17.975466,33.52347
2022-02-02,4186.2,337.56600000000003,175.275,6.5489999999999995,24.547,Cairo,0.0,3.171091,225.66954,52.63505,13.184154,2.7816467,-0.17651875,2.6687012,0.048256718,23.288063,46.160873
2022-02-03,4504.32,339.13909090909095,156.75181818181818,6.592727272727273,26.256363636363634,Cairo,0.0,5.842295,143.05896,43.220066,13.605377,1.0108948,2.7560577,4.390513,0.1263066,20.811932,58.64724
2022-02-04,2208.42,86.87545454545455,156.44090909090912,3.9672727272727273,26.483636363636364,Cairo,2.9087067e-05,6.1138997,54.907757,54.2235,12.740306,3.5848694,4.217692,2.7306774,0.17505018,15.386676,49.89176
2022-02-05,3871.54,231.3972727272727,196.3109090909091,6.079999999999999,26.713636363636365,Cairo,0.0,3.4939964,99.46169,61.580853,13.037262,5.2162986,3.0716908,-0.7989858,0.0072541973,15.094366,28.33762
2022-02-06,4968.96,413.03272727272724,154.47636363636363,7.380000000000001,26.94818181818182,Cairo,0.0,1.8179737,247.49153,64.14471,12.620107,5.667389,0.2497813,0.7414754,0.018061215,24.941677,42.097183
2022-02-07,5550.18,499.31363636363636,135.2490909090909,8.015454545454546,27.184545454545457,Cairo,0.0,2.2324705,267.30762,54.751038,14.48998,4.6936746,0.9054921,1.1392822,0.02292129,29.448967,50.918076
2022-02-08,5754.6,531.4681818181817,129.58727272727273,8.29,27.425454545454546,Cairo,0.0,2.5452335,235.06242,55.44394,14.155182,3.731842,0.1717275,1.8845724,0.012891527,34.40721,55.128593
2022-02-09,4030.93,274.8354545454545,171.57181818181817,6.222727272727273,27.66818181818182,Cairo,9.536743e-07,3.8843453,77.63013,56.496563,13.322093,3.9918518,3.055008,-0.15192668,0.024390195,21.92423,39.1438
2022-02-10,2450.16,99.0,175.3109090909091,4.404545454545455,27.912727272727274,Cairo,1.6212463e-05,4.420008,92.00152,59.507675,11.977122,3.9111226,3.9724987,-0.381485,0.015273683,12.172895,27.316832
2022-02-11,4805.99,371.15090909090907,170.02545454545455,7.401818181818182,28.16090909090909,Cairo,0.0,2.3812475,140.16426,64.35349,12.529449,5.2450256,0.5748189,-1.7964478,0.0070099966,20.41313,35.0851
2022-02-12,5954.2,534.6163636363636,131.13727272727272,8.549090909090909,28.414545454545454,Cairo,0.0,3.995465,235.0697,63.113026,14.074452,6.1334534,-3.3277538,-2.1045177,0.0137386015,13.388613,26.221418
2022-02-13,5181.23,419.67727272727274,170.53454545454545,7.897272727272727,28.667272727272724,Cairo,0.0,2.7635314,201.359,71.319305,13.603749,7.54833,-0.9192912,-2.4387004,0.02284819,24.473404,42.85454
2022-02-14,5280.69,422.1218181818182,168.98363636363638,7.935454545454546,28.920909090909092,Cairo,0.0,2.7009032,200.79854,66.51032,13.705068,7.0336,-0.81359357,-2.503535,0.0055647385,14.398486,23.515163
2022-02-15,4366.57,308.1736363636364,179.85272727272726,6.840909090909091,29.179090909090906,Cairo,0.0,3.1789448,182.24666,69.58701,14.26415,7.8871155,0.0029093425,-3.1405437,0.021949122,18.420122,29.714323
2022-02-16,5868.9,530.2054545454546,133.50363636363636,8.735454545454546,29.44272727272727,Cairo,0.0,2.8255603,188.5583,61.094044,13.569081,5.5287986,-0.55066425,-2.6710052,0.035947986,22.73486,37.09551
2022-02-17,2494.67,81.43818181818182,200.02818181818182,4.800909090909091,29.703636363636363,Cairo,0.0,3.28224,218.53816,66.19053,14.152985,7.4888406,-1.9841156,-2.5448914,0.0766932,22.891953,38.58918
2022-02-18,2755.55,116.46545454545453,191.61818181818182,4.991818181818182,29.969090909090905,Cairo,0.0,2.7057006,200.76146,73.05944,13.324046,7.876943,-0.7605133,-2.500188,0.087131985,21.540733,36.048515
2022-02-19,2993.5,191.51000000000002,141.20636363636365,4.922727272727273,30.235454545454544,Cairo,0.00038671494,3.8526728,123.49335,74.04496,12.781484,8.245351,2.4638672,-2.05631,0.053782254,15.969349,29.428074
2022-02-20,5906.36,556.709090909091,125.71363636363635,9.151818181818182,30.505454545454544,Cairo,0.0,0.9750791,186.2452,67.95385,12.72525,6.466624,-0.044677734,-0.09100851,0.026383642,27.57139,46.740524
2022-02-21,5529.7699999999995,521.64,126.0090909090909,8.888181818181819,30.775454545454547,Cairo,0.0,1.1687391,143.33905,63.812374,15.387929,7.942861,0.47685242,0.7140452,0.02037137,44.326355,70.11246
2022-02-22,5615.3099999999995,507.3954545454546,145.2490909090909,8.924545454545454,31.045454545454547,Cairo,0.0,2.117878,244.72205,59.363037,16.185781,7.398997,0.10772196,1.9836172,0.045009956,39.50643,60.171143
2022-02-23,2863.33,181.25727272727272,155.0490909090909,5.211818181818182,31.320909090909087,Cairo,0.0,3.1191037,229.8232,56.979145,17.403067,7.7177634,0.17997742,2.729716,0.1616466,28.90312,42.71798
2022-02-24,3698.74,231.34272727272727,176.0581818181818,6.198181818181817,31.594545454545457,Cairo,9.6321106e-05,4.913196,40.943615,56.405014,14.110992,5.3254294,3.1165466,3.4157715,0.13135402,14.974358,43.75552
2022-02-25,3428.7599999999998,169.75454545454545,207.98999999999998,6.112727272727273,31.87,Cairo,1.66893e-05,5.208487,68.88318,62.748592,14.127594,6.583893,4.304352,1.2830251,0.042110324,13.197502,36.65767
2022-02-26,5895.37,522.9409090909091,146.0809090909091,9.346363636363636,32.14818181818182,Cairo,0.0,2.2754703,107.44039,63.119404,14.007396,6.4329324,2.0310771,-0.7745463,0.011345388,17.460423,30.21205
2022-02-27,6019.96,563.0745454545454,130.81,9.68,32.42636363636364,Cairo,0.0,2.4051054,224.7268,59.054203,14.655833,6.0213113,-1.6631266,-1.4373068,0.022695364,17.970848,28.40691
2022-02-28,5846.68,531.3563636363637,143.6609090909091,9.531818181818181,32.70545454545454,Cairo,0.0,2.4955912,222.31999,57.55366,15.599762,6.340139,-1.113978,-1.7370249,0.03738773,14.848956,23.725353
2022-03-01,5675.11,515.3554545454546,142.56454545454545,9.397272727272728,32.98545454545455,Cairo,0.0,2.8738697,236.34242,51.177185,17.394114,5.987478,-2.277064,-1.5583445,0.14008214,21.6904,51.079845
2022-03-02,5305.639999999999,459.1,170.9390909090909,9.149090909090908,33.267272727272726,Cairo,0.0,3.5184577,172.71143,43.402637,20.034494,6.219065,-0.76889545,0.8116048,0.10935716,20.156395,45.882263
2022-03-03,5049.94,334.0345454545455,222.38909090909092,8.413636363636364,33.550909090909094,Cairo,0.0,5.548718,104.69098,54.918705,16.06363,6.2289124,5.136892,-1.3931223,0.12029715,12.2358055,28.886333
2022-03-04,5538.22,466.78363636363633,174.47,9.38,33.83272727272727,Cairo,0.0,1.4168829,220.03847,60.585262,13.912669,5.8495994,-0.19738261,-0.749644,0.05016342,18.366524,31.659254
2022-03-05,5677.33,484.6472727272727,163.14818181818183,9.520909090909091,34.11545454545455,Cairo,0.0,3.3424022,244.07967,51.787445,16.54654,5.654856,-2.965398,-1.3511963,0.25595775,27.744396,53.52456
2022-03-06,5171.31,382.8209090909091,211.86636363636364,8.989090909090908,34.39636363636364,Cairo,0.0,5.934359,131.6808,30.708015,21.125479,1.7718811,2.6256206,3.4872131,0.39923817,24.19728,70.56881
2022-03-07,5349.88,429.13818181818186,184.91272727272727,9.275454545454545,34.68181818181818,Cairo,0.0,3.0419426,189.5879,71.41949,17.796377,11.68985,-0.6076457,-2.8277638,0.079770304,32.702446,70.740005
2022-03-08,4405.06,322.09090909090907,189.36090909090908,7.965454545454546,34.96363636363637,Cairo,0.0,2.8579385,246.14355,53.487293,18.62206,7.8189187,-2.5605316,-1.0232188,0.10383291,29.581156,62.08893
2022-03-09,3975.04,238.81545454545451,214.67545454545453,7.427272727272728,35.24818181818182,Cairo,0.0,4.3184214,182.77187,66.0741,17.6975,10.640045,0.34986368,-3.0060425,0.1523648,25.975655,48.572945
2022-03-10,4765.98,285.8818181818182,238.64636363636365,8.386363636363637,35.53090909090909,Cairo,0.0,4.2925577,88.02979,60.075092,15.770986,7.023997,3.4878185,0.4721273,0.09358292,20.541903,55.825836
2022-03-11,4463.47,241.3272727272727,245.36727272727273,7.955454545454546,35.81636363636363,Cairo,5.2452087e-06,4.7566714,109.48708,55.011753,13.160309,3.8179424,4.223831,-1.6348368,0.035258964,14.116254,42.03692
2022-03-12,4972.79,323.21818181818185,223.41454545454545,8.700000000000001,36.098181818181814,Cairo,0.0,2.9829128,163.28728,54.93787,11.847076,2.3002827,0.62750244,-2.8749695,0.0019862698,14.3133335,24.226625
2022-03-13,5119.47,369.84727272727275,200.74272727272728,9.036363636363637,36.38181818181818,Cairo,9.536743e-07,2.9469345,215.63269,51.23618,11.637929,1.720693,-0.64423627,-1.7727865,0.002674437,17.10529,26.47561
2022-03-14,4426.1,253.6290909090909,234.62727272727273,8.107272727272727,36.664545454545454,Cairo,0.0,4.1438847,168.0694,51.688465,10.540355,0.35334268,0.8106079,-3.9675343,0.0034623246,13.711682,22.264883
2022-03-15,4082.4,265.2154545454545,181.88,7.2727272727272725,36.946363636363635,Cairo,0.0,4.174846,152.39577,54.312603,11.74234,1.9903055,1.468277,-3.7069397,0.0007102986,14.016529,23.312092
2022-03-16,5806.2,455.63090909090903,192.61636363636362,10.16,37.22818181818182,Cairo,0.0,2.1642644,175.0622,54.371643,11.67748,2.2085674,0.1287028,-2.0012817,0.0017530124,16.577133,26.896477
2022-03-17,6157.59,570.5863636363637,136.90272727272728,10.98909090909091,37.50909090909091,Cairo,0.0,2.0809197,214.30421,47.389637,12.710358,1.1945902,-0.65649414,-1.5130869,0.014169125,21.255672,33.166676
2022-03-18,5950.53,526.03,153.1018181818182,10.663636363636364,37.78909090909091,Cairo,0.0,2.4846535,207.27441,60.321438,13.900136,5.8372397,-0.48191324,-2.151057,0.040586315,26.716984,41.65349
2022-03-19,5049.81,342.0781818181818,226.05,9.29,38.06818181818182,Cairo,0.0,3.2996657,175.87988,63.423725,14.611644,6.940664,0.20319621,-3.2757518,0.22222844,22.578226,36.10447
2022-03-20,5705.75,441.45272727272726,185.16454545454545,10.082727272727272,38.346363636363634,Cairo,0.0,5.8271813,214.7386,49.57445,13.734528,2.7088115,-3.3118439,-4.7842255,0.259603,17.695326,32.66957
2022-03-21,2788.97,65.38454545454546,243.36090909090908,5.7263636363636365,38.623636363636365,Cairo,0.00021743774,5.0991426,218.9062,58.748165,12.747386,4.5803933,-3.2254894,-3.8421783,0.42575374,20.099531,42.712616
2022-03-22,4430.12,225.79999999999998,224.1425,7.6816666666666675,35.80416666666667,Cairo,2.861023e-06,2.3874657,159.51915,58.151302,11.88443,3.293691,0.91755676,-2.0501912,0.02150473,22.040876,35.696983
2022-03-23,6071.43,453.8908333333333,156.1475,9.91,36.0775,Cairo,0.0,3.7854702,53.739697,50.614315,12.866608,2.1701558,3.2304077,1.0423177,0.05713341,24.05943,41.61564
2022-03-24,2126.44,48.7225,169.51333333333335,4.089166666666666,36.35166666666667,Cairo,4.1007996e-05,5.3609414,75.24607,51.825596,12.817616,2.784251,5.089228,1.1645457,0.066698626,15.401253,43.04459
2022-03-25,4871.63,299.495,196.49,8.41,36.6225,Cairo,0.0,4.135942,96.27734,59.84251,13.219716,4.8306375,3.5109253,-0.93584186,0.015039869,15.694535,30.835865
2022-03-26,6198.76,543.8716666666667,117.795,10.8075,36.891666666666666,Cairo,0.0,1.7950373,155.77083,55.44507,15.067535,4.885732,0.5646922,-1.694158,0.0042467164,21.05508,33.152313
2022-03-27,6063.3,506.87916666666666,133.27833333333334,10.548333333333334,37.163333333333334,Cairo,0.0,2.588209,182.29085,66.994,15.359447,7.6988626,0.1687978,-2.5126598,0.021497233,26.17239,39.138138
2022-03-28,6299.75,518.3391666666666,130.72166666666666,10.735833333333334,37.4275,Cairo,0.0,5.0853524,220.6062,59.80428,16.301504,7.4888406,-3.3686726,-3.7923584,0.035440885,23.53251,39.2702
2022-03-29,5697.52,473.52500000000003,137.79833333333332,10.2125,37.69416666666667,Cairo,0.0,3.6836994,203.10332,62.70007,16.814362,8.48412,-1.490748,-3.122935,0.104157284,24.530584,43.51567
2022-03-30,5921.87,508.5625,133.93333333333334,10.743333333333332,37.95916666666667,Cairo,0.0,2.3246324,205.77791,61.343704,17.952383,7.9294333,-0.7027944,-2.0786946,0.15161686,25.999943,52.957664
2022-03-31,5701.14,446.78,168.0575,10.414166666666667,38.220000000000006,Cairo,0.0,3.4497254,247.50653,27.406588,21.888254,1.6868387,-3.0495605,-1.4013367,0.09738857,25.925964,56.541954
2022-04-01,4575.32,262.585,246.71916666666667,8.8725,38.48,Cairo,0.0,2.3617754,177.89917,48.69637,20.921457,7.293447,-0.6894582,-0.62268573,0.08258353,31.515163,57.02275
2022-04-02,4143.25,203.29999999999998,261.47666666666663,8.28,38.73916666666667,Cairo,0.0,2.3436747,242.28711,39.44468,23.652658,6.3416038,-0.41855368,-0.49983215,0.04850912,55.53263,85.45474
2022-04-03,4939.17,329.94666666666666,194.88583333333335,9.1575,38.995,Cairo,0.0,5.1228213,213.63307,45.235004,21.963043,8.25707,-3.049947,-4.0262656,0.13870285,29.507767,56.609947
2022-04-04,5817.04,465.37000000000006,157.09416666666667,10.709166666666667,39.25,Cairo,0.0,6.401684,237.65791,33.153572,23.543772,5.544342,-5.4259133,-3.3413136,0.28822017,16.26036,44.121662
2022-04-05,5521.92,490.66333333333336,146.25916666666666,11.005,39.50083333333333,Cairo,0.0,3.3503819,193.21538,29.800745,27.335196,6.085439,-1.4449463,0.40211996,0.22683614,21.959803,60.492733
2022-04-06,5403.03,440.49499999999995,164.59333333333333,10.535833333333334,39.75,Cairo,0.0,3.4504814,184.25496,21.86415,28.543447,4.152252,1.9652303,0.016677856,0.23690303,28.570461,64.46383
2022-04-07,4913.84,379.23333333333335,186.5475,9.904166666666667,39.998333333333335,Cairo,0.0,1.7373563,187.29204,37.806553,27.088043,8.826324,-0.5203298,0.35462952,0.35879838,31.638855,68.823685
2022-04-08,5352.74,375.86083333333335,199.0725,10.145,40.245,Cairo,0.0,4.240389,115.08322,38.218967,25.26179,8.638011,2.8543193,-1.9370981,0.36392736,22.841223,46.03307
2022-04-09,6063.61,504.98333333333335,137.93166666666667,11.374166666666667,40.485,Cairo,0.0,4.311685,215.93465,61.459064,19.841543,11.037343,-2.5703228,-3.4349263,0.009256043,15.495682,26.888767
2022-04-10,5137.74,345.98083333333335,205.3175,9.968333333333334,40.7275,Cairo,0.0,4.3889084,213.30565,63.46229,20.98819,12.527252,-2.339101,-3.564977,0.07833704,12.385827,20.752289
2022-04-11,5757.3,457.5708333333334,156.3125,10.924999999999999,40.964166666666664,Cairo,0.0,4.187921,181.61908,60.806564,20.734934,11.0034075,0.24997966,-3.8832295,0.2342385,15.930718,34.168938
2022-04-12,5957.49,477.99083333333334,148.8025,11.2875,41.19833333333333,Cairo,0.0,4.1774325,176.24677,52.88063,18.1232,7.828196,0.30978394,-4.146515,0.00055357657,17.732937,28.94913
2022-04-13,6131.01,474.1630769230769,120.43769230769232,10.747692307692308,38.37307692307692,Cairo,0.0,3.8289337,197.38326,56.19843,17.611643,8.077464,-1.2620798,-3.5813243,0.0037118199,13.48436,23.45531
2022-04-14,6115.67,470.3469230769231,122.41923076923078,10.773846153846154,38.59384615384616,Cairo,0.0,5.1548233,221.31818,57.205692,18.676016,8.871654,-3.4377391,-3.7517242,0.0063378466,11.944578,22.036922
2022-04-15,5408.03,338.2623076923077,184.9276923076923,9.55923076923077,38.81230769230769,Cairo,0.0,5.2748165,226.1338,55.047318,18.781647,8.473622,-3.780553,-3.650182,0.046896197,16.701666,28.687214
2022-04-16,5611.47,405.34230769230766,149.9653846153846,10.110000000000001,39.027692307692305,Cairo,0.0,4.3346915,235.34575,51.076153,21.269928,8.569142,-3.5645447,-2.3549805,0.60889614,15.520273,29.512993
2022-04-17,5293.41,390.5915384615385,159.6130769230769,10.058461538461538,39.2423076923077,Cairo,0.0,3.4931362,216.995,27.687119,28.18041,5.878245,0.024129232,2.7366383,0.5893146,20.165312,66.17943
2022-04-18,2597.16,28.63692307692308,233.64076923076922,5.186923076923076,39.45307692307692,Cairo,0.0,3.4230788,160.26013,31.539316,26.444895,7.4956765,0.9229533,-3.051417,0.4616679,27.850712,69.98247
2022-04-19,5771.16,441.52846153846156,131.01076923076923,10.61076923076923,39.660000000000004,Cairo,0.0,3.7635496,166.80327,56.308533,21.806223,11.49413,1.3670298,-2.7460785,0.19498856,25.636095,60.240963
2022-04-20,5912.31,448.68384615384616,130.10153846153847,10.772307692307692,39.86538461538461,Cairo,0.0,3.3504884,188.0389,57.777466,19.490875,10.26179,-0.4514974,-3.2505085,0.006333912,15.6092415,25.03527
2022-04-21,6083.59,469.97846153846154,120.1676923076923,11.09153846153846,40.068461538461534,Cairo,0.0,4.7319894,217.13257,55.540314,19.632315,9.632802,-2.879593,-3.7513072,0.0063842023,11.560898,20.56973
2022-04-22,4191.61,223.22,188.4569230769231,7.898461538461538,40.26615384615385,Cairo,0.0,5.191728,220.9082,60.513184,19.28303,10.360585,-3.3951569,-3.8927815,0.017485885,10.907409,20.2481
2022-04-23,5398.07,367.1123076923077,169.20615384615382,10.064615384615385,40.46307692307692,Cairo,0.0,3.2063072,194.45921,61.86189,20.469473,11.334381,-0.77627563,-3.0868988,0.09164551,14.035238,26.557983
2022-04-24,5686.7699999999995,436.2830769230769,134.77461538461537,10.83,40.65538461538461,Cairo,0.0,2.7915077,189.0813,54.609783,21.94693,10.812653,-0.19199117,-2.715739,0.190054,9.934498,17.590107
2022-04-25,4945.7699999999995,283.6623076923077,210.59692307692305,9.315384615384616,40.84615384615385,Cairo,0.0,3.4906838,196.6447,47.009705,23.219473,10.422435,-1.0572306,-3.2876995,0.34271416,22.847256,63.492622
2022-04-26,4864.45,275.15769230769234,214.1846153846154,9.344615384615384,41.03384615384615,Cairo,0.0,3.7590754,211.54057,41.53406,24.583323,9.538646,-1.9396311,-3.2020671,0.25868386,20.427202,59.48393
2022-04-27,4981.65,416.5275,124.07,10.513333333333334,38.54083333333333,Cairo,0.0,3.852988,209.59605,46.3939,23.297272,10.149811,-1.8777618,-3.2599895,0.13712005,20.833422,36.692055
2022-04-28,5714.55,448.67923076923074,128.95923076923077,11.164615384615384,41.399230769230776,Cairo,0.0,3.266615,221.63312,40.02177,23.745188,8.192047,-2.0847728,-2.417694,0.10348225,19.94802,44.68731
2022-04-29,4309.5,237.17384615384614,214.62923076923076,8.85,41.57692307692308,Cairo,0.0,2.3561716,189.03625,31.78185,26.518219,6.3498435,-1.4808451,-0.20527649,0.24001658,17.693844,39.285862
2022-04-30,5622.33,420.8861538461539,142.57,10.946153846153846,41.75153846153846,Cairo,0.0,4.8267756,91.52691,34.100952,27.588287,8.2239485,4.4868317,-0.5195923,0.19323495,30.739845,73.91829
2022-05-01,5551.88,424.6561538461538,137.17307692307693,10.976923076923079,41.92230769230769,Cairo,0.0,2.4123352,143.5003,54.453266,23.05777,11.903798,1.4338938,-1.9293314,0.15398954,26.461098,55.324642
2022-05-02,3082.06,86.47923076923077,226.82846153846154,6.13,42.09076923076923,Cairo,0.0,2.9188907,214.86945,39.597416,24.58837,9.501536,-1.3167063,-1.7279358,0.27121416,32.644535,51.574738
2022-05-03,5290.87,332.13153846153847,194.23,10.262307692307692,42.25538461538462,Cairo,0.0,4.564526,60.752075,31.218468,26.476389,7.7612205,4.102478,1.1398569,0.24128081,33.39936,90.13007
2022-05-04,5254.01,347.9730769230769,170.05153846153846,10.136923076923077,42.41615384615385,Cairo,0.00010108948,4.077143,137.0608,63.47966,22.15388,13.6579485,2.7574615,-2.994527,0.10476475,31.929602,71.29524
2022-05-05,5487.13,371.18461538461537,166.26692307692306,10.644615384615385,42.574615384615385,Cairo,0.0,3.6896622,136.56003,59.877613,20.904205,11.848134,2.6806793,-2.4708507,0.03970933,19.792723,34.06933
2022-05-06,5742.55,441.1030769230769,128.24076923076925,11.364615384615385,42.72923076923077,Cairo,0.0,3.3786697,147.0053,56.419964,20.905344,10.797353,1.817393,-2.8284404,0.036800772,17.723795,29.274725
2022-05-07,5500.27,417.6807692307693,138.07615384615386,11.088461538461539,42.879230769230766,Cairo,0.0,1.8920603,192.6602,51.66518,21.185293,9.48705,-0.3453878,-1.7884878,0.18281046,20.85627,31.60346
2022-05-08,5234.25,392.6923076923077,142.43538461538463,10.613846153846152,43.027692307692305,Cairo,0.0,2.770703,240.84035,32.872635,24.842031,6.1104026,-2.3438263,-1.3127035,0.29277918,11.909425,31.40959
2022-05-09,5547.9,422.91769230769233,137.2023076923077,11.294615384615383,43.17307692307692,Cairo,0.0,4.787125,134.37784,24.440523,27.040842,4.191559,1.379776,0.43182883,0.15239865,13.033343,30.376743
2022-05-10,5582.68,442.62692307692305,121.3276923076923,11.516153846153847,43.31461538461539,Cairo,0.0,3.1382182,206.3687,49.279964,23.89387,11.267568,-1.4425455,-2.7436879,0.058890462,14.43481,33.26828
2022-05-11,5348.1,394.12461538461537,146.7823076923077,10.877692307692307,43.45307692307692,Cairo,0.0,2.8153741,178.2959,46.899403,23.719147,10.816884,0.22806804,-2.5721588,0.11136253,15.893738,31.450785
2022-05-12,5359.45,371.2223076923077,160.16307692307691,10.741538461538461,43.58846153846154,Cairo,0.0,4.161527,219.6816,47.95938,23.695627,11.088124,-2.625468,-3.1676533,0.27151418,13.698935,26.453598
2022-05-13,4415.94,220.8853846153846,217.77846153846153,8.605384615384615,43.71846153846154,Cairo,0.0,5.6129227,229.56108,50.02483,24.041168,11.761464,-4.254023,-3.5756836,0.5039742,15.5978365,38.67426
2022-05-14,3498.98,97.34076923076924,249.85846153846154,6.947692307692307,43.84461538461539,Cairo,2.3841858e-06,5.814726,203.45964,54.054127,24.383453,13.7205305,-2.293574,-5.303406,0.43754527,19.068342,45.53247
2022-05-15,5602.5599999999995,438.5161538461538,119.92923076923077,11.585384615384614,43.96923076923077,Cairo,0.0,4.2381897,161.96242,53.08829,23.335684,12.2812395,1.2946371,-4.011378,0.30973372,13.991777,25.798973
2022-05-16,3912.02,139.69,245.89923076923077,7.666153846153846,44.089999999999996,Cairo,0.0,3.3715355,192.5727,55.739758,22.53417,12.462067,-0.7048187,-3.2846527,0.05671376,17.83544,30.670654
2022-05-17,5563.01,434.9815384615385,123.95923076923077,11.600000000000001,44.20846153846154,Cairo,0.0,3.2078447,193.66219,53.59849,23.536367,12.362376,-0.71674603,-3.044749,0.035950355,20.119907,32.66136
2022-05-18,5515.39,441.91923076923075,117.85538461538461,11.747692307692308,44.32076923076923,Cairo,0.0,3.3200579,211.58757,44.230713,25.194489,11.315257,-1.6658427,-2.8370616,0.039176583,14.749559,23.022427
2022-05-19,5416.78,441.07538461538456,117.17538461538462,11.775384615384613,44.431538461538466,Cairo,0.0,3.0529556,230.41248,40.435627,26.840322,10.756663,-2.0883942,-2.0723064,0.08007528,17.019655,27.078712
2022-05-20,5205.68,428.88384615384615,123.10076923076923,11.624615384615385,44.53846153846154,Cairo,0.0,2.5065289,168.66353,23.910631,29.79361,6.6493225,-0.4054006,-0.10651652,0.084803835,15.7601185,28.357132
2022-05-21,5035.75,336.18307692307695,165.92307692307693,10.273076923076925,44.643076923076926,Cairo,1.4305115e-06,4.141084,131.9399,65.917366,23.181467,15.379059,3.0396473,-2.6842804,0.07070562,17.586624,32.293167
2022-05-22,5552.75,409.88384615384615,135.58923076923077,11.565384615384614,44.74230769230769,Cairo,0.0,3.7826679,107.85665,47.011333,22.757477,10.037587,3.4952037,-0.7875366,0.048694916,13.08708,27.927422
2022-05-23,5499.46,400.6871428571429,112.29714285714286,10.915000000000001,41.745,Cairo,0.0,3.0061302,96.49947,47.393265,24.110342,10.832591,2.791804,-0.67340595,0.046503797,17.923271,35.15075
2022-05-24,5368.59,400.82785714285717,111.80785714285715,10.893571428571429,41.83857142857143,Cairo,0.0,2.064925,142.82988,52.198368,24.564688,11.9912,1.057424,-1.7267456,0.014208436,25.755375,39.926147
2022-05-25,5376.24,399.6557142857143,111.36642857142856,10.918571428571429,41.92642857142857,Cairo,0.0,3.0836933,202.41359,45.852848,26.264639,12.732249,-0.9578807,-2.812317,0.016859652,15.042204,23.817848
2022-05-26,5396.97,383.6271428571428,121.03928571428571,10.728571428571428,42.012142857142855,Cairo,0.0,4.228528,206.67671,53.768322,26.253164,14.782135,-1.867808,-3.7849274,0.03665789,12.190305,21.629034
2022-05-27,5326.94,378.3507142857143,123.08214285714287,10.68142857142857,42.09428571428572,Cairo,0.0,4.0793386,196.15959,53.70432,26.605133,15.224843,-1.016861,-3.918935,0.11826041,13.633873,24.328236
2022-05-28,5264.18,378.94357142857143,123.23285714285714,10.692142857142857,42.17285714285714,Cairo,0.0,3.1638966,189.31152,49.30139,27.341867,14.558095,-0.48114523,-3.0876415,0.15480585,16.83871,30.238697
2022-05-29,5225.53,391.5392857142857,116.23428571428572,10.910714285714286,42.24714285714286,Cairo,0.0,2.601454,203.09212,39.799946,29.015207,12.743805,-0.8118642,-2.3432362,0.1055035,19.846817,35.47343
2022-05-30,5118.21,383.80642857142857,118.76285714285714,10.848571428571429,42.31857142857143,Cairo,0.0,3.018317,223.44292,31.90145,30.767813,10.739655,-1.4989828,-2.0535176,0.058878057,15.404188,26.19788
2022-05-31,5181.06,365.07214285714286,129.74357142857144,10.551428571428572,42.38857142857143,Cairo,0.0,3.575349,177.12837,44.830204,28.763254,14.651439,0.29880777,-3.4872234,0.10968743,22.829851,42.974945
2022-06-01,5321.93,399.0228571428571,103.83285714285715,10.926428571428572,42.45285714285715,Cairo,0.0,2.9211862,170.46655,57.323727,26.132477,16.146963,0.61841327,-2.7057445,0.06351806,18.515694,30.478527
2022-06-02,5263.2699999999995,383.42214285714283,113.39,10.585714285714285,42.51428571428572,Cairo,0.0,2.653513,130.90932,61.836945,25.46109,16.500479,2.015391,-1.6089325,0.028489707,24.594013,43.134926
2022-06-03,5190.76,384.875,114.38928571428572,10.778571428571428,42.57285714285714,Cairo,0.0,1.9195668,120.3298,53.983204,26.822824,14.4391985,1.2434591,-1.2648875,0.05744157,26.837917,47.569366
2022-06-04,5137.87,395.6464285714286,103.37,10.87857142857143,42.62714285714286,Cairo,0.0,2.36751,203.45049,43.01505,29.429352,14.193431,-0.35975647,-1.606547,0.04044555,27.296394,43.567772
2022-06-05,5124.46,386.565,109.07571428571428,10.762142857142859,42.68,Cairo,0.0,3.0868423,193.27405,47.873234,28.990957,15.829173,-0.3096466,-2.3187866,0.048068106,23.388176,39.744007
2022-06-06,5110.13,366.24071428571426,121.70285714285714,10.516428571428573,42.72714285714286,Cairo,0.0,2.4558818,197.0602,53.84305,27.654123,16.556143,-0.052139282,-1.9146627,0.060724474,27.209354,45.525497
2022-06-07,5177.86,386.70285714285717,106.55142857142857,10.808571428571428,42.775,Cairo,0.0,2.4092,147.67554,50.263813,28.178375,15.817454,1.4617819,-1.6662699,0.062452815,25.155216,44.49882
2022-06-08,5079.68,383.89285714285717,108.98428571428572,10.780000000000001,42.81571428571429,Cairo,0.0,2.1131318,182.38405,49.652775,28.984201,15.410878,0.19444783,-1.9235483,0.081262454,19.202793,39.67359
2022-06-09,5013.98,382.06357142857144,110.76642857142858,10.786428571428571,42.853571428571435,Cairo,0.0,2.625337,166.51247,33.751156,32.65689,13.146474,0.32172647,0.20159404,0.10448171,15.132062,32.688545
2022-06-10,5018.82,385.8878571428572,106.91571428571429,10.868571428571428,42.89,Cairo,0.0,3.184706,213.6921,37.666832,32.121655,14.916168,-1.2720999,-2.1513264,0.10886666,13.153808,33.40965
2022-06-11,4791.24,355.5792857142857,127.49928571428572,10.554285714285713,42.92142857142857,Cairo,0.0,2.2491343,219.46785,32.208683,33.560863,13.003652,-0.27970886,0.010274251,0.15223213,16.029776,34.17947
2022-06-12,5127.51,371.10571428571427,115.78642857142857,10.65857142857143,42.949285714285715,Cairo,0.0,3.3993065,152.4446,42.82625,28.950592,14.701243,1.6681467,-2.58667,0.14419034,15.010591,29.300026
2022-06-13,5086.78,348.34999999999997,133.4,10.411428571428571,42.97642857142857,Cairo,0.0,2.3078918,147.02086,54.999176,26.809967,16.336334,1.4520468,-1.5884959,0.015593341,13.562979,23.15403
2022-06-14,5121.74,374.2757142857143,113.65428571428572,10.719285714285714,42.99928571428571,Cairo,0.0,2.1900017,151.66461,48.475307,28.710684,15.801747,1.1389517,-1.053243,0.031722218,18.962585,30.076763
2022-06-15,5115.62,375.6771428571428,111.55999999999999,10.699285714285713,43.01857142857143,Cairo,0.0,2.7363694,197.27458,52.062027,27.834381,16.358225,-0.45062765,-2.3904216,0.019280974,17.94128,28.089333
2022-06-16,5090.26,348.4164285714286,129.13785714285714,10.23,43.035000000000004,Cairo,0.0,4.0452023,199.662,58.165894,27.797922,18.03832,-1.3000437,-3.762441,0.025325784,16.272686,26.535824
2022-06-17,5198.9,371.16285714285715,117.58428571428571,10.580714285714285,43.04785714285714,Cairo,1.4305115e-06,4.197712,186.57239,60.84215,27.66861,18.330637,-0.46139017,-4.167053,0.03524623,14.298248,22.432762
2022-06-18,5129.2,364.2557142857143,119.39928571428571,10.435,43.05785714285714,Cairo,9.536743e-07,3.5423138,168.06946,62.08135,27.461252,18.43464,0.69996136,-3.4641674,0.038197897,12.316942,19.22372
2022-06-19,5246.82,396.63,101.60357142857143,11.105714285714285,43.065,Cairo,0.0,3.1167367,169.41496,55.097637,26.795807,15.763824,0.5619914,-3.0530498,0.02044485,13.306909,20.984509
2022-06-20,5232.0,391.25857142857143,104.32000000000001,11.047142857142857,43.06928571428572,Cairo,0.0,3.066241,175.6198,56.70609,26.897043,16.783682,0.37124634,-3.001709,0.020685013,18.046124,27.96301
2022-06-21,5233.650000000001,388.3507142857143,104.04285714285713,10.957857142857142,43.07,Cairo,0.0,3.3496764,161.7866,55.5972,26.84732,16.32543,1.4290823,-2.7989452,0.022766836,16.820314,26.251862
2022-06-22,5179.25,363.92785714285714,122.54928571428572,10.622857142857143,43.067142857142855,Cairo,0.0,3.6092026,132.37114,56.68765,27.221344,17.023834,2.519694,-2.4682922,0.0131509695,22.887402,35.910374
2022-06-23,5076.31,375.5728571428571,113.98714285714286,10.649285714285714,43.06214285714286,Cairo,0.0,2.5192757,165.87398,60.777607,28.024405,18.181387,0.47932944,-2.402359,0.041406468,15.09004,30.900877
2022-06-24,5008.7,373.6221428571429,111.93714285714286,10.685714285714285,43.05285714285714,Cairo,0.0,2.516014,172.32487,55.10167,29.699697,18.480621,0.3818868,-2.4770305,0.06355815,17.095926,29.240961
2022-06-25,5179.59,381.73785714285714,109.23071428571428,10.8,43.042142857142856,Cairo,0.0,4.0015893,143.99709,54.79474,29.131582,18.213531,2.2020519,-3.273468,0.0821507,19.679947,32.424145
2022-06-26,5175.95,384.4992857142857,109.505,10.808571428571428,43.026428571428575,Cairo,0.0,2.9181168,166.72423,55.268124,27.950754,17.239899,0.6051483,-2.8430736,0.026544236,17.139013,25.67846
2022-06-27,5125.29,381.9428571428571,106.79357142857143,10.814285714285715,43.00857142857143,Cairo,0.0,3.2201471,149.29808,50.339993,28.98754,16.687082,2.0088093,-2.2529552,0.043785375,17.063488,27.874962
2022-06-28,3628.37,334.40818181818184,110.36727272727272,9.596363636363636,40.56,Cairo,0.0,2.349285,128.73572,60.658764,27.197989,17.979319,1.8390604,-1.3549143,0.014942462,23.247452,38.14254
2022-06-29,4054.33,391.1181818181818,106.51636363636364,10.625454545454547,44.059999999999995,Cairo,0.0,2.1496277,133.92035,54.900227,28.337149,17.098703,1.580958,-1.3215383,0.0227028,21.443535,34.045307
2022-06-30,4844.65,310.02714285714285,150.275,9.781428571428572,42.93714285714286,Cairo,0.0,2.1683815,128.2661,57.51909,28.58137,18.423737,1.7400767,-0.88586426,0.04378649,22.270168,36.82467
2022-07-01,5051.83,357.1671428571429,125.28571428571429,10.417142857142858,42.90642857142858,Cairo,0.0,2.0030062,147.52559,54.316837,28.611155,17.4628,1.1808065,-1.4132894,0.039828643,21.514488,34.69423
2022-07-02,5065.06,368.1271428571428,119.50928571428572,10.480714285714285,42.87285714285714,Cairo,0.0,1.8997627,152.39516,54.597103,28.786123,17.29418,0.87371826,-1.508962,0.02304917,20.307932,32.49118
2022-07-03,4843.37,378.67923076923074,130.54692307692306,10.817692307692308,46.027692307692305,Cairo,0.0,1.6671954,149.50829,52.553253,29.530914,17.533844,0.8273875,-1.2947947,0.031143676,25.822638,42.2855
2022-07-04,4981.73,410.5776923076923,116.02923076923078,11.539230769230768,45.99076923076923,Cairo,0.0,2.2764432,178.48822,45.10274,30.98404,16.623117,0.5915782,-1.1402283,0.022730595,14.937899,22.893597
2022-07-05,5114.89,416.72846153846154,114.94692307692307,11.58,45.95076923076923,Cairo,0.0,2.4750745,156.98985,48.287537,30.476797,16.821604,1.2430063,-1.9812063,0.028582798,20.20116,30.715714
2022-07-06,5163.71,424.2430769230769,112.07000000000001,11.798461538461538,45.9076923076923,Cairo,0.0,2.6342015,161.4303,51.53377,29.357492,16.262848,1.0939941,-2.1325684,0.009125484,15.230593,23.204014
2022-07-07,5156.09,430.8776923076923,108.65153846153846,11.881538461538462,45.862307692307695,Cairo,0.0,2.1937454,169.2741,47.65711,28.799307,15.067454,0.68163556,-1.6463572,0.013382371,23.193253,36.386673
2022-07-08,5113.44,393.0869230769231,131.46,11.25076923076923,45.81153846153847,Cairo,0.0,2.776582,139.04893,60.637043,28.044992,18.723297,1.8797098,-2.016861,0.031212488,20.860332,35.65092
2022-07-09,5192.0,409.10615384615386,123.20769230769231,11.413846153846153,45.75769230769231,Cairo,4.7683716e-07,3.141204,163.52104,61.701992,28.896719,19.21817,0.78201294,-3.030365,0.04107626,15.544804,24.970486
2022-07-10,4900.95,345.4661538461538,157.97307692307692,10.668461538461539,45.70230769230769,Cairo,0.0,2.7639854,166.50043,57.16704,29.076406,19.049631,0.983846,-2.259013,0.088188365,18.69426,36.03402
2022-07-11,4883.849999999999,317.5815384615385,180.30692307692308,10.633076923076922,45.643076923076926,Cairo,4.7683716e-07,3.0256164,180.24292,57.85268,27.878653,18.176016,0.14741516,-2.8903606,0.010001058,17.967926,28.36255
2022-07-12,5103.41,391.06615384615384,131.45230769230767,11.034615384615384,45.58153846153846,Cairo,0.0,3.0054152,167.88252,60.846466,27.890615,18.858063,0.6092275,-2.9414113,0.01818404,17.21884,28.139671
2022-07-13,5233.33,414.40923076923076,120.98692307692308,11.461538461538462,45.51538461538462,Cairo,0.0,3.4647033,157.86012,61.430325,28.019196,18.640127,1.4025217,-3.0750477,0.014060964,16.959465,26.488647
2022-07-14,5167.75,393.7430769230769,130.63153846153847,11.006153846153847,45.44538461538461,Cairo,0.0,3.6120033,149.84715,59.529907,27.570871,17.806387,1.7287649,-3.1583302,0.019656178,18.637142,31.893818
2022-07-15,5204.97,418.8723076923077,116.5453846153846,11.581538461538461,45.37384615384615,Cairo,0.0,2.1176841,132.12794,55.195053,27.419992,16.462473,1.6593729,-1.0687612,0.016798526,16.952484,28.646988
2022-07-16,5220.21,404.9823076923077,126.3223076923077,11.391538461538461,45.29692307692308,Cairo,0.0,2.6384003,146.82695,54.120716,27.543936,16.589182,1.5495605,-2.029602,0.026451323,22.912357,38.368618
2022-07-17,5210.04,414.35846153846154,122.77076923076923,11.35923076923077,45.21923076923077,Cairo,0.0,2.7567184,167.55263,61.366165,28.263174,18.978668,0.47860208,-2.6882122,0.015287433,15.600014,27.457264
2022-07-18,5161.0,410.42538461538464,124.70769230769231,11.242307692307692,45.13384615384616,Cairo,0.0,2.467253,163.05583,61.148907,28.627432,19.112864,0.68810016,-2.3667095,0.022709833,19.36969,31.924706
2022-07-19,5111.81,418.7361538461538,118.48538461538462,11.44,45.04692307692308,Cairo,0.0,2.1483295,174.90247,48.051792,30.101797,16.858551,0.24524944,-2.0025177,0.027931115,20.114082,34.690315
2022-07-20,5131.64,410.1307692307692,122.99615384615385,11.243076923076924,44.95923076923077,Cairo,0.0,2.5704756,171.8097,56.446827,30.188467,19.40217,0.45484415,-2.4953816,0.02699761,14.877052,23.841377
2022-07-21,5265.82,422.2315384615385,116.83923076923078,11.463076923076924,44.86538461538461,Cairo,0.0,3.1951053,155.73267,59.80913,28.41503,18.669098,1.3549194,-2.8652802,0.0144877015,18.278316,28.664295
2022-07-22,5104.11,392.38153846153847,132.1176923076923,10.829230769230769,44.76923076923077,Cairo,0.0,2.7497933,167.23833,61.84512,27.963776,18.78653,0.48831686,-2.6759846,0.0121930055,19.60294,31.885143
2022-07-23,5222.4,410.9269230769231,128.3723076923077,11.217692307692309,44.67,Cairo,0.0,2.8769913,160.89565,59.08588,28.708649,18.502024,0.786911,-2.719045,0.014286628,19.196007,29.572159
2022-07-24,5238.13,413.4576923076923,126.9076923076923,11.211538461538462,44.566153846153846,Cairo,0.0,2.9341533,161.00775,63.17313,28.252268,18.894033,0.87323505,-2.7909443,0.014159292,17.18052,28.77016
2022-07-25,4514.76,384.7266666666667,123.06833333333333,10.544166666666667,42.20583333333334,Cairo,4.7683716e-07,2.2935326,152.51122,60.70827,28.344147,17.949778,1.0632477,-2.0318146,0.027029527,20.431221,32.355347
2022-07-26,5237.02,432.49692307692305,115.84538461538462,11.52,44.349230769230765,Cairo,0.0,2.4519315,186.58382,49.05235,30.086905,16.256256,-0.06448364,-2.3066304,0.024287183,19.21508,33.372784
2022-07-27,5102.26,406.26769230769236,130.16076923076923,10.952307692307691,44.23307692307692,Cairo,4.7683716e-07,2.223732,179.04553,52.57225,29.083078,16.99714,0.06978353,-2.2031453,0.017976739,23.814518,38.848373
2022-07-28,5265.07,437.3369230769231,113.50923076923075,11.516923076923076,44.11769230769231,Cairo,0.0,2.4435802,209.87209,43.842224,29.969635,14.987132,-1.135259,-2.1170807,0.025336897,16.350676,28.695837
2022-07-29,5180.62,423.19615384615383,121.05307692307693,11.264615384615384,43.99615384615385,Cairo,0.0,2.4626515,197.07056,49.83968,30.459951,17.40274,-0.54448956,-2.2564495,0.02046553,15.301439,23.913097
2022-07-30,5221.95,425.7338461538462,118.83,11.25,43.871538461538464,Cairo,0.0,2.3440068,164.28041,46.74535,30.271963,16.511383,0.8696849,-1.9634094,0.015509673,18.491795,28.158167
2022-07-31,5228.84,411.3292307692308,126.52076923076923,11.045384615384616,43.74384615384615,Cairo,1.9073486e-06,2.8543684,147.09373,57.141438,29.040436,19.18635,1.6543121,-2.1326802,0.019647732,22.997879,38.622982
2022-08-01,5218.15,413.88692307692304,127.10307692307691,10.991538461538461,43.614615384615384,Cairo,0.0,3.0244973,150.97273,62.845615,29.704336,19.864166,1.5712789,-2.541214,0.01797635,17.118034,28.004745
2022-08-02,5180.26,393.2584615384615,140.40153846153845,10.713076923076924,43.47846153846154,Cairo,0.0,2.735401,127.80448,58.673008,29.863108,19.88093,2.0798695,-1.6247762,0.021211624,21.105743,35.749638
2022-08-03,5253.01,424.9284615384616,120.53846153846153,11.11076923076923,43.34076923076923,Cairo,0.0,2.5132592,157.22961,57.333588,29.297678,18.339752,1.2169241,-2.1074116,0.017609732,17.082962,28.134605
2022-08-04,5140.53,397.14384615384614,134.35384615384618,10.682307692307692,43.19923076923077,Cairo,0.0,2.693718,172.69373,62.238968,28.856028,19.621979,0.44643655,-2.6119487,0.058130205,19.729216,31.750175
2022-08-05,5103.14,386.5630769230769,140.70076923076923,10.481538461538461,43.05538461538462,Cairo,0.0,2.6554973,158.51495,61.786438,28.608877,19.304352,0.99395245,-2.3880818,0.07196309,16.021399,25.290901
2022-08-06,5105.17,387.463076923077,138.1376923076923,10.366923076923078,42.90538461538461,Cairo,0.0,2.6083121,172.22096,65.35915,28.535635,20.449127,0.30600992,-2.5683339,0.060360573,17.166847,27.477512
2022-08-07,5205.54,408.95000000000005,129.57999999999998,10.721538461538461,42.75461538461538,Cairo,0.0,2.079336,148.43079,54.37729,28.418203,17.65502,1.0961456,-1.4197336,0.058536157,12.71638,19.54221
2022-08-08,5184.83,420.1053846153846,123.47615384615385,10.821538461538463,42.599230769230765,Cairo,0.0,1.7191318,183.03369,52.151615,30.14094,17.854727,0.4739736,-1.0681559,0.044092253,20.780622,32.35764
2022-08-09,5190.98,407.34923076923076,131.55846153846153,10.613846153846152,42.440000000000005,Cairo,0.0,2.468419,165.12401,52.35686,30.461905,18.517324,1.0255585,-1.7768759,0.065335736,16.084898,25.093235
2022-08-10,5120.09,389.06,141.0823076923077,10.349230769230768,42.27846153846154,Cairo,0.0,2.6772978,193.55487,59.943787,29.443594,20.005035,-0.40833536,-2.5090077,0.04799039,16.404232,25.547134
2022-08-11,4954.2,369.4953846153846,146.8053846153846,9.986923076923075,42.112307692307695,Cairo,0.0,2.1933532,146.33278,49.388134,29.972403,17.167307,1.3860168,-1.3873901,0.028966427,16.898514,27.778801
2022-08-12,5255.67,410.9907692307692,133.89923076923077,10.625384615384615,41.94461538461538,Cairo,0.0,2.4128232,184.12856,57.676563,29.368073,19.069082,0.081965126,-2.2101238,0.027812917,15.453384,24.770895
2022-08-13,5351.64,418.18307692307695,131.6723076923077,10.723076923076924,41.77384615384615,Cairo,0.0,3.2079709,156.853,59.359528,29.040842,19.062002,1.3609213,-2.8717701,0.02143451,18.08524,29.005756
2022-08-14,5320.06,412.0015384615385,135.27307692307693,10.545384615384616,41.599230769230765,Cairo,0.0,2.806443,155.59425,61.616257,28.843252,19.591135,1.115748,-2.552887,0.021506853,18.01987,28.854183
2022-08-15,5304.91,411.34153846153845,135.2976923076923,10.531538461538462,41.41923076923077,Cairo,0.0,2.7169425,181.09758,58.15762,28.559072,18.976797,0.08872986,-2.678767,0.020720966,17.292597,27.938837
2022-08-16,5386.71,418.0476923076923,133.15923076923076,10.543076923076923,41.23846153846154,Cairo,0.0,3.4678104,198.89488,57.456345,29.239492,19.288239,-1.0142161,-3.2251942,0.03512699,12.2488365,19.533558
2022-08-17,5338.98,408.33076923076925,139.13692307692307,10.460769230769232,41.05461538461539,Cairo,9.536743e-07,3.2778683,187.00183,58.747772,28.414377,18.934235,-0.33632913,-3.2358754,0.04627169,15.263358,23.884212
2022-08-18,5324.79,417.7753846153846,134.04461538461538,10.516153846153847,40.86538461538461,Cairo,0.0,2.4806483,164.46704,60.30977,28.74714,19.368643,0.7791545,-2.2818348,0.04280895,18.669292,28.888645
2022-08-19,5346.22,419.66076923076923,132.76538461538462,10.497692307692308,40.675384615384615,Cairo,0.0,2.3163078,125.83774,59.404926,29.243317,19.282461,1.8353068,-1.0166117,0.039319925,22.804638,38.21031
2022-08-20,5066.49,385.2753846153846,142.93384615384616,9.88923076923077,40.48076923076923,Cairo,0.0,2.4109175,121.79947,63.593216,29.887604,20.830801,1.9308167,-1.253657,0.03268335,29.643444,47.042183
2022-08-21,5343.82,423.8523076923077,130.97,10.451538461538462,40.283846153846156,Cairo,0.0,2.220536,102.58401,50.772137,30.367584,17.48941,2.0569103,-0.5552521,0.041009866,21.926487,34.21171
2022-08-22,5176.68,405.5238461538462,139.1169230769231,10.173846153846153,40.08538461538462,Cairo,4.7683716e-07,1.8828902,150.44482,55.895706,29.821524,19.276764,1.0045675,-1.3819479,0.1237328,26.694536,53.621857
2022-08-23,5208.58,423.5515384615385,130.28538461538463,10.340769230769231,39.88153846153846,Cairo,0.0,3.0802,213.07896,47.52261,32.289295,18.448477,-1.3898773,-1.5123596,0.064235196,14.757315,33.466576
2022-08-24,5128.47,427.81230769230774,126.96307692307693,10.319230769230769,39.676923076923075,Cairo,0.0,2.8800716,180.78935,40.59756,33.107983,16.88508,-1.8827261,-0.58203125,0.07929072,16.682615,34.62592
2022-08-25,4779.87,306.30615384615385,185.20153846153846,9.057692307692308,39.46615384615385,Cairo,0.0,4.21554,195.05371,64.69001,29.770987,21.693674,-1.153422,-3.8957062,0.026691088,15.046497,25.597715
2022-08-26,5125.68,369.35,159.28615384615384,9.683846153846154,39.25615384615384,Cairo,0.0,3.0288045,186.34929,56.817577,28.906565,18.579172,-0.32955933,-2.9633484,0.016676499,13.19185,22.08908
2022-08-27,5501.0,433.7730769230769,127.49923076923076,10.312307692307693,39.042307692307695,Cairo,0.0,4.2558227,213.14708,57.354603,28.822336,18.74649,-2.264557,-3.4726055,0.022224192,9.668017,17.169285
2022-08-28,5374.04,407.40384615384613,137.62615384615384,9.926923076923076,38.824615384615385,Cairo,0.0,4.8711905,205.93282,62.480877,28.864817,20.351715,-2.167333,-4.3161774,0.0826544,10.88604,20.148058
2022-08-29,5148.04,372.2453846153846,153.23,9.533076923076923,38.60307692307693,Cairo,0.0,4.549956,199.80333,64.30672,28.885489,20.824045,-1.6115011,-4.2084556,0.07604344,12.894371,23.178028
2022-08-30,5166.04,385.5192307692308,145.35384615384615,9.560769230769232,38.38153846153846,Cairo,0.0,3.714267,190.61444,63.440903,29.30541,21.021637,-0.7220815,-3.5914154,0.09175486,16.297943,30.439196
2022-08-31,5030.5,354.4323076923077,160.16307692307691,9.258461538461539,38.15692307692307,Cairo,4.7683716e-07,3.9665477,186.53694,63.39781,28.92569,20.64216,-0.4705607,-3.9326832,0.05719071,20.750046,36.520023
2022-09-01,5332.24,435.60249999999996,152.9466666666667,10.4975,41.0,Cairo,4.7683716e-07,3.9566352,184.17717,60.768787,28.76122,19.60611,-0.37893677,-3.9148662,0.043017685,14.95043,24.89933
2022-09-02,5248.150000000001,414.97,165.72583333333333,10.3325,40.77,Cairo,0.0,3.6134012,195.16345,61.59503,28.845285,19.935781,-0.9648641,-3.4387767,0.05554489,18.300861,31.354269
2022-09-03,5311.14,427.88000000000005,159.95083333333335,10.401666666666666,40.54333333333333,Cairo,0.0,3.7478993,195.91411,58.446716,28.78124,19.092682,-0.996877,-3.607661,0.038448386,21.539248,35.148705
2022-09-04,5408.94,437.73333333333335,157.95166666666668,10.473333333333333,40.30833333333333,Cairo,4.7683716e-07,3.9746723,191.8254,63.464207,28.75707,20.174063,-0.8078359,-3.8914032,0.037025206,16.184605,28.55855
2022-09-05,5242.85,424.85249999999996,159.88666666666668,10.2425,40.075833333333335,Cairo,9.536743e-06,2.9016092,159.2873,62.26921,28.67805,19.69335,1.1055654,-2.5722046,0.03387218,18.141174,29.53139
2022-09-06,4426.62,326.9372727272727,206.17,9.385454545454547,39.374545454545455,Cairo,4.7683716e-07,3.2335026,140.06285,62.709396,28.825918,20.133453,2.1097412,-2.4335632,0.03610944,18.5661,33.557755
2022-09-07,4633.2300000000005,283.72166666666664,225.69333333333336,8.985833333333334,39.597500000000004,Cairo,8.106232e-06,2.5320313,137.72365,66.67416,27.518951,20.19628,1.6330261,-1.8502909,0.017647367,21.649433,39.61932
2022-09-08,4590.14,276.5358333333333,230.47,8.949166666666667,39.3575,Cairo,0.0,2.9965756,186.36711,64.25706,28.549795,20.412344,-0.4581248,-2.8938038,0.0323034,16.364468,29.361504
2022-09-09,5306.0199999999995,420.2166666666667,164.16166666666666,10.0475,39.11333333333334,Cairo,0.0,4.318672,203.99219,64.39405,28.983307,20.46337,-1.7616984,-3.9395752,0.028282108,11.729277,20.532383
2022-09-10,5174.8099999999995,400.5325,170.745,9.790000000000001,38.8675,Cairo,0.0,3.658619,186.47093,64.72192,27.909739,19.340485,-0.37112427,-3.6295521,0.02954424,15.061639,24.69857
2022-09-11,5484.97,464.0,148.65333333333334,10.409166666666666,38.62083333333333,Cairo,0.0,2.5970652,173.93153,57.551617,27.759592,17.271637,0.30944315,-2.5694683,0.026918609,16.270466,24.695282
2022-09-12,5169.5199999999995,421.9675,158.3575,9.826666666666666,38.37,Cairo,4.7683716e-07,2.4878948,157.5056,62.937946,28.004303,19.461823,1.0318197,-2.1278636,0.057864174,24.77403,53.01477
2022-09-13,5290.45,427.97166666666664,160.04583333333332,9.904166666666667,38.119166666666665,Cairo,0.0,2.5411284,134.21266,60.90028,28.41503,19.202951,1.8761088,-1.5716044,0.045555063,20.61854,38.575165
2022-09-14,5482.68,460.19666666666666,149.37666666666667,10.205,37.8675,Cairo,0.0,2.445083,147.53197,55.762897,27.389557,16.577057,1.4325104,-1.9119467,0.018195735,18.288942,29.415377
2022-09-15,5502.62,454.68833333333333,151.93166666666667,10.099166666666667,37.611666666666665,Cairo,0.0,2.0738773,177.88045,49.117718,26.36148,14.272858,0.21715291,-1.9842529,0.026062667,16.534185,26.326344
2022-09-16,5543.89,476.7966666666667,143.07416666666668,10.258333333333335,37.35666666666666,Cairo,0.0,1.6442779,170.50809,49.146954,26.06542,13.8461,0.2524465,-1.5441895,0.029992644,20.410803,32.310966
2022-09-17,4692.09,302.4316666666667,218.16333333333333,8.8025,37.098333333333336,Cairo,0.0,2.1103165,173.53687,64.16926,27.010733,18.884512,0.26020813,-1.9911703,0.029519752,17.830286,29.728195
2022-09-18,5398.67,454.7475,150.15333333333334,9.9125,36.83833333333333,Cairo,0.0,2.1049948,185.73718,55.826717,27.514395,16.919016,0.3310089,-1.3964386,0.029688518,18.248116,30.752571
2022-09-19,5337.34,438.6775,153.38416666666666,9.665000000000001,36.579166666666666,Cairo,0.0,2.4188623,159.78676,59.68597,26.954336,17.524729,1.0438995,-2.0318654,0.021512216,18.38745,30.456211
2022-09-20,5274.25,429.13916666666665,158.65833333333333,9.565,36.3175,Cairo,1.1920929e-05,2.239353,137.13335,59.42512,27.66633,18.185211,1.5719045,-1.4557902,0.025004605,19.69257,32.378822
2022-09-21,5316.81,423.47,162.78166666666667,9.4975,36.053333333333335,Cairo,0.0,2.5622456,147.95288,55.344776,27.043365,16.450186,1.6349436,-1.7082621,0.025685037,19.327085,30.569359
2022-09-22,5255.54,450.5208333333333,144.875,9.550833333333333,35.79,Cairo,0.0,1.4049298,255.31299,45.172028,27.924387,14.0336,-0.051132202,-0.081100464,0.09938163,22.287636,39.381172
2022-09-23,5292.04,435.78833333333336,149.46666666666667,9.352500000000001,35.524166666666666,Cairo,0.0,4.1651473,215.57127,56.47662,28.52416,18.322989,-2.2976787,-3.4268138,0.10044539,13.148895,28.043972
2022-09-24,5205.21,420.28416666666664,158.26,9.218333333333334,35.2575,Cairo,0.0,4.1197133,233.9251,54.641235,29.347239,17.932608,-3.2563782,-2.3605092,0.19896892,13.330389,31.299107
2022-09-25,5275.67,427.39166666666665,154.88916666666668,9.218333333333334,34.99,Cairo,0.0,5.4253907,232.89124,53.828594,29.011627,17.436838,-4.2777457,-3.2057343,0.22141583,11.229497,28.445095
2022-09-26,5272.71,432.8775,153.16583333333332,9.218333333333334,34.722500000000004,Cairo,0.0,4.2084165,226.93001,52.12602,29.528473,17.473541,-3.0582936,-2.841273,0.18084231,14.25772,34.791264
2022-09-27,5278.58,445.6558333333333,147.22083333333333,9.26,34.4525,Cairo,0.0,3.3709717,219.9966,54.212677,29.273508,17.72338,-2.1361694,-2.3749135,0.13391384,13.422482,30.641666
2022-09-28,5316.15,454.9216666666667,141.625,9.250833333333334,34.185,Cairo,0.0,3.1641471,227.37184,51.008423,29.417063,16.823477,-2.2363281,-2.1516674,0.0603055,11.149511,24.713642
2022-09-29,5272.41,436.0216666666667,149.56,9.061666666666666,33.913333333333334,Cairo,0.0,4.1075873,234.93413,43.65198,30.469065,15.044911,-3.3386128,-2.3385417,0.14424479,12.905216,37.367886
2022-09-30,5261.08,426.82916666666665,154.55416666666667,8.965833333333334,33.6425,Cairo,0.0,5.0402246,232.78917,47.591625,30.85733,17.170237,-3.9371796,-3.0735676,0.13908756,11.730751,35.00215
2022-10-01,5251.16,435.19249999999994,150.28916666666666,8.965,33.369166666666665,Cairo,0.0,4.519092,219.93347,52.26353,30.903473,18.64802,-2.7365825,-3.3961487,0.12621628,17.042463,44.045273
2022-10-02,5131.85,425.38166666666666,150.47333333333333,8.814166666666667,33.09916666666667,Cairo,0.0,2.5009344,176.95363,56.128445,28.460928,17.895254,0.15490215,-2.4938152,0.065925665,17.229916,36.21433
2022-10-03,4844.5599999999995,361.53,173.22166666666666,8.284166666666666,32.82833333333333,Cairo,8.106232e-06,2.8540506,132.79579,66.263565,27.514801,19.543692,2.1238708,-1.7906342,0.11332974,19.48559,37.562263
2022-10-04,5332.650000000001,444.14166666666665,147.40583333333333,8.901666666666666,32.55583333333333,Cairo,0.0,1.9591831,118.724945,54.469097,26.1468,15.636627,1.6321564,-0.989563,0.00810232,18.098366,31.242062
2022-10-05,5185.95,414.32750000000004,156.10083333333333,8.610833333333334,32.28416666666667,Cairo,0.0,2.749571,195.88629,62.569126,25.999826,17.422354,-0.7391866,-2.6430614,0.025855873,17.716227,31.491154
2022-10-06,5250.47,425.44083333333333,146.05833333333334,8.555833333333334,32.01,Cairo,0.0,3.7231464,178.88148,61.497303,25.434479,16.586334,0.10081991,-3.6936035,0.042469732,13.052696,21.907429
2022-10-07,5020.59,355.56333333333333,186.71666666666667,8.193333333333333,31.7375,Cairo,0.0,2.8534663,158.60468,52.858795,24.005117,13.194652,1.1072845,-2.6020508,0.012532464,14.42357,23.84645
2022-10-08,4970.04,360.91083333333336,176.43499999999997,8.0975,31.46666666666667,Cairo,0.0,2.3546488,153.85426,50.009247,23.52001,12.184886,1.0704447,-1.8703867,0.011480434,15.665543,26.276745
2022-10-09,4471.49,283.24583333333334,196.77583333333334,7.405833333333334,31.194166666666664,Cairo,0.0,2.4355714,161.9305,55.559605,23.944244,13.981191,0.8710225,-2.2305248,0.016718123,15.652521,25.354925
2022-10-10,4624.52,298.9025,196.83166666666668,7.54,30.923333333333332,Cairo,0.0,2.6947193,182.70107,57.015987,24.303537,14.749501,-0.17761739,-2.6593628,0.025801977,15.541046,25.785694
2022-10-11,4111.24,309.73636363636365,173.53,7.243636363636363,29.133636363636366,Cairo,0.0,2.9695415,183.61566,59.66216,24.313467,15.428864,-0.20015971,-2.9424388,0.02794461,13.165352,22.194447
2022-10-12,3687.75,233.44272727272727,197.5681818181818,6.652727272727272,28.87090909090909,Cairo,0.0,3.1174545,174.96825,63.040497,24.434967,16.305817,0.35320535,-3.0726624,0.043370716,12.028354,21.788525
2022-10-13,4028.87,226.65083333333334,205.19083333333333,6.730833333333333,30.114166666666666,Cairo,0.0,2.7650006,158.13002,60.305054,24.006338,15.201894,1.1323904,-2.5088298,0.041054986,11.807182,19.98206
2022-10-14,4940.38,362.16833333333335,171.80666666666664,7.779166666666666,29.843333333333334,Cairo,0.0,2.1790056,142.03183,61.479996,23.195953,14.701569,1.34788,-1.7091217,0.023233425,16.246712,27.599297
2022-10-15,5126.4800000000005,412.66499999999996,147.31833333333333,7.984999999999999,29.5775,Cairo,0.0,2.5613728,229.8304,52.49951,25.18334,13.887685,0.114730835,1.5568796,0.120573096,23.260382,39.792183
2022-10-16,5147.39,403.25333333333333,150.1025,7.876666666666666,29.310000000000002,Cairo,0.0,2.8948307,55.690166,38.986263,26.108063,10.720937,2.2453156,1.0899506,0.15791816,17.435972,39.119324
2022-10-17,3886.31,225.54666666666665,186.74666666666667,6.258333333333334,29.043333333333333,Cairo,0.0,3.0709047,94.39559,58.87128,24.438059,15.36734,2.9669597,-0.337265,0.054120634,13.495346,35.63166
2022-10-18,5079.07,385.51666666666665,162.3975,7.739166666666667,28.779166666666665,Cairo,0.0,2.30213,114.00855,62.83662,23.13207,14.960683,1.9304352,-1.0249685,0.0065266597,15.77397,27.300446
2022-10-19,4483.51,315.0281818181818,211.58727272727273,7.677272727272728,30.982727272727274,Cairo,0.0,1.8242141,136.00899,63.45696,22.805166,14.742828,1.1875967,-1.2135366,0.017724194,16.765972,30.044945
2022-10-20,4517.5,355.47818181818184,177.9390909090909,7.676363636363636,30.70909090909091,Cairo,0.0,2.4516642,205.5946,63.612244,23.584219,15.534821,-1.0138956,-2.2132924,0.053899698,19.442457,35.366104
2022-10-21,4981.68,455.413,188.549,8.986,33.376999999999995,Cairo,0.0,2.8240929,175.14195,63.90299,23.55484,15.320872,0.32574463,-2.6645203,0.046342842,15.710806,29.134232
2022-10-22,4753.65,422.36800000000005,198.491,8.702,33.103,Cairo,0.0,1.7639159,147.84703,61.48027,23.202871,14.592845,0.8470764,-1.5204264,0.026227256,16.73481,28.845428
2022-10-23,4846.71,432.666,190.742,8.674,32.831,Cairo,3.0517578e-05,2.3582075,130.4028,59.83066,23.834787,14.653148,1.7601471,-1.5004171,0.032660462,20.685871,35.764687
2022-10-24,5170.45,484.764,175.21300000000002,8.974,32.558,Cairo,0.0,3.2357504,179.46503,59.72536,23.046457,13.875072,0.025324503,-3.2298787,0.01916176,15.8141,27.003777
2022-10-25,1817.69,69.917,166.035,3.946,32.287,Cairo,7.867813e-05,2.8824253,163.69218,60.151882,22.34317,13.973541,0.84503174,-2.6786854,0.081156164,16.568985,35.08886
2022-10-26,4711.34,413.58000000000004,191.873,8.358,32.024,Cairo,4.2915344e-06,2.6640513,123.14326,70.35789,22.717926,16.529776,2.0889385,-1.5106455,0.15063828,27.288025,57.072456
2022-10-27,3997.39,297.189,218.54900000000004,7.487,31.756999999999998,Cairo,3.8146973e-06,2.119184,159.08693,71.97586,22.978506,17.089102,0.47180176,-1.7427267,0.11199659,33.051785,66.24068
2022-10-28,4563.81,381.275,203.877,8.103,31.493000000000002,Cairo,0.0,3.3257911,209.90309,70.296135,23.596994,17.006662,-1.5646006,-2.8507488,0.07571756,28.296007,56.510406
2022-10-29,4299.08,332.63399999999996,219.743,7.753,31.232,Cairo,7.6293945e-06,2.5857046,174.36598,69.37502,22.199942,15.590892,0.29148865,-2.5395966,0.12395157,27.800613,72.18539
2022-10-30,4321.889999999999,347.82,208.714,7.734999999999999,30.974,Cairo,0.0,2.1961305,138.83032,64.98947,22.503733,14.581207,1.4334615,-1.5651855,0.1013201,22.068802,48.48507
2022-10-31,5307.16,548.506,145.91199999999998,8.953,30.719,Cairo,0.0,1.5096612,221.66447,59.19637,22.195547,12.77245,0.252182,-0.64900714,0.05397931,27.614944,48.129463
2022-11-01,3301.76,287.22999999999996,150.103,5.923,30.466,Cairo,0.0,1.3752731,234.96965,52.07214,22.664865,11.243642,-0.6215007,-0.33791605,0.032684892,24.106285,40.657894
2022-11-02,5050.37,478.91499999999996,168.70499999999998,8.384,30.216,Cairo,7.6293945e-06,1.9029721,151.48346,60.899353,21.200998,12.388743,0.910614,-1.6656036,0.015943991,24.923016,39.577477
2022-11-03,4356.41,356.911,203.23,7.6049999999999995,29.969,Cairo,1.4305115e-06,1.5166248,172.51884,64.20176,21.100983,13.161611,0.057942707,-1.4463043,0.03289967,23.85342,44.03839
2022-11-04,4606.66,385.524,198.365,7.7379999999999995,29.725,Cairo,0.0,2.8911836,197.28386,62.18366,22.26708,13.841786,-0.8636627,-2.7585907,0.028594004,18.619928,33.466385
2022-11-05,5359.0,565.333,129.26100000000002,8.727,29.482999999999997,Cairo,0.0,2.1803138,194.71156,60.381695,20.92919,12.110992,-0.5170949,-1.9890696,0.0242531,16.574053,27.913372
2022-11-06,5365.39,576.921,131.51000000000002,8.767,29.246,Cairo,0.0,1.5524408,185.64473,59.255016,20.80427,11.811676,-0.18252563,-0.4978231,0.018502906,25.005766,40.24887
2022-11-07,5510.68,570.9100000000001,129.307,8.645999999999999,29.009000000000004,Cairo,0.0,3.6170447,128.42955,45.22371,21.004953,7.529775,1.571518,2.196452,0.047540776,25.707228,49.202087
2022-11-08,4353.1900000000005,356.932,191.22899999999998,7.183,28.778,Cairo,0.0,2.7206829,86.36489,61.887623,20.605295,12.502106,2.681773,0.09627787,0.014688814,15.146164,28.232996
2022-11-09,5040.01,487.48699999999997,155.137,8.039,28.551,Cairo,0.0,2.3087919,127.92153,61.16431,20.475576,11.719879,1.8340607,-1.3973032,0.011536697,18.862673,31.531033
2022-11-10,4951.82,466.428,170.73499999999999,7.926,28.325,Cairo,0.0,1.4450978,183.49284,60.6918,19.489655,10.842275,-0.21395874,-1.381246,0.006355809,20.325499,32.633076
2022-11-11,4504.74,384.464,181.942,7.3629999999999995,28.104000000000003,Cairo,0.0,3.294052,199.12447,64.782875,20.293936,12.665924,-1.0444692,-3.1196187,0.012315983,13.83392,24.349873
2022-11-12,5084.88,501.221,147.935,7.973000000000001,27.885,Cairo,0.0,2.5369196,186.65471,64.22303,20.51887,12.532054,-0.42938232,-2.42747,0.030917246,16.519447,31.532825
2022-11-13,4956.43,478.628,156.068,7.8069999999999995,27.673000000000002,Cairo,0.0,2.6914673,178.03711,65.07966,21.124908,13.010814,0.119028725,-2.6853282,0.10916034,22.374908,56.284634
2022-11-14,4066.5299999999997,330.54,183.81900000000002,6.733,27.464,Cairo,1.7166138e-05,3.279804,169.78157,63.770695,21.646393,13.755849,0.60809326,-3.205246,0.07032891,23.702076,51.61382
2022-11-15,5223.79,529.6560000000001,135.084,7.959999999999999,27.259000000000004,Cairo,0.0,2.0815585,133.66939,59.317104,19.086416,10.407135,1.5313517,-1.3471069,0.018098481,18.160667,31.12308
2022-11-16,5337.01,545.432,130.137,8.017,27.058,Cairo,0.0,2.0069044,91.68296,63.727554,18.488678,10.6597395,1.5607809,-0.056467693,0.005740529,21.931683,36.09982
2022-11-17,5056.5,503.65,144.224,7.715000000000001,26.859,Cairo,0.0,1.6641468,133.06764,61.492188,18.44815,10.297191,0.24817403,0.19819133,0.0075416346,18.980154,31.547623
2022-11-18,5208.4,554.687,127.17999999999999,7.956999999999999,26.665,Cairo,0.0,1.5401236,247.85701,55.727367,19.52123,9.668935,-0.78651935,-0.41077676,0.006484278,21.540882,34.08602
2022-11-19,5328.11,542.647,134.363,7.8790000000000004,26.477999999999998,Cairo,0.0,2.9479446,236.8507,55.455753,19.614492,9.192128,-2.2151897,-1.7933298,0.0039811474,22.940504,35.783463
2022-11-20,5272.39,534.6510000000001,135.022,7.797,26.294,Cairo,0.0,3.769235,216.13664,66.67136,21.00292,12.482656,-2.233256,-2.9900513,0.03329725,14.057045,32.176167
2022-11-21,4991.21,502.869,144.791,7.616,26.113999999999997,Cairo,0.0,2.0016983,126.95831,58.01216,19.807037,10.19457,0.78444415,-0.17186482,0.04409362,30.14513,54.847626
2022-11-22,4906.52,472.076,153.74200000000002,7.359999999999999,25.940999999999995,Cairo,0.0,2.2370188,180.4587,70.89985,20.590729,14.007396,0.30069986,-2.1529033,0.026716702,27.87714,48.64309
2022-11-23,4287.17,353.018,187.084,6.685,25.769,Cairo,0.0,2.2435095,195.78595,65.30015,19.330881,11.993398,-0.6079152,-2.147176,0.019931972,16.54586,30.228067
2022-11-24,4937.42,469.395,150.803,7.259,25.604000000000003,Cairo,0.0,2.818967,66.13516,55.9881,19.403229,9.082265,2.16185,1.0970968,0.030892462,16.577993,34.045166
2022-11-25,3442.09,251.45999999999998,175.82999999999998,5.586,25.445,Cairo,0.0,4.3811717,49.40843,51.606808,19.036856,8.6301985,2.9975739,1.8450674,0.033357855,14.017979,30.07034
2022-11-26,4246.3,365.47200000000004,170.553,6.63,25.288,Cairo,0.0,2.0827196,95.18415,63.18458,18.064606,10.5346575,1.5926208,-0.24353535,0.0038393256,14.737718,27.64595
2022-11-27,3088.21,203.337,184.154,5.244999999999999,25.139000000000003,Cairo,0.0,2.2168665,226.90446,51.880463,17.341543,7.081858,-1.42423,-1.5278574,0.0046723634,13.491066,21.727894
2022-11-28,2840.45,201.52,160.958,5.032,24.993000000000002,Cairo,0.0,2.5455163,199.77734,57.785686,17.219473,8.155833,-0.24386597,1.3926188,0.006205999,19.327076,31.06174
2022-11-29,4959.2699999999995,498.23699999999997,132.44400000000002,7.209999999999999,24.853,Cairo,0.0,1.9091629,153.06416,55.248356,18.036041,8.379303,0.6424205,1.0667623,0.01928849,19.197132,32.223274
2022-11-30,4968.71,517.388,130.986,7.3069999999999995,24.718,Cairo,0.0,1.6103473,183.01418,52.753017,18.20051,7.5118713,-1.0163625,0.17645772,0.027585343,28.740362,48.051346
2022-12-01,4975.97,508.98199999999997,134.464,7.2620000000000005,24.589,Cairo,0.0,1.5596132,226.34624,49.90193,18.266184,6.675608,-0.43860373,1.0915781,0.019396663,38.08311,59.871582
2022-12-02,5051.29,496.84499999999997,139.156,7.142999999999999,24.466,Cairo,0.0,2.8453531,211.70512,48.287994,17.367666,5.827301,-1.5199839,-2.402837,0.008591227,22.574978,35.855526
2022-12-03,4263.26,344.803,182.584,6.324,24.348,Cairo,1.4305115e-06,4.074284,212.94362,69.95364,18.37084,12.166575,-2.2296448,-3.4085438,0.006180277,12.196148,21.535849
2022-12-04,4295.85,360.47200000000004,172.815,6.37,24.234,Cairo,0.0,3.2459173,182.80042,63.593884,17.79833,10.072988,-0.23887634,-3.220805,0.012224521,13.82502,23.610529
2022-12-05,3989.19,320.275,176.004,6.0969999999999995,24.127000000000002,Cairo,4.2915344e-06,3.1084788,167.8224,64.386635,18.171946,10.457835,0.6490326,-3.0378215,0.00809497,13.731295,24.301785
2022-12-06,4646.64,423.49899999999997,157.03199999999998,6.651999999999999,24.024,Cairo,0.0,2.4420757,134.34554,69.17182,16.888336,10.707591,1.5716705,-1.6893005,0.024783636,17.121557,30.381525
2022-12-07,4486.22,429.89,147.672,6.616,23.928,Cairo,0.0,1.3494015,212.93445,64.42283,16.61791,9.235585,-0.11365255,-0.8457947,0.013383202,21.366856,35.110207
2022-12-08,4957.32,515.377,126.519,7.064,23.84,Cairo,0.0,1.5411061,229.66414,57.0118,16.64379,7.2833557,-0.5094401,1.0476837,0.046692654,33.399723,55.999863
2022-12-09,4835.83,485.366,134.86700000000002,6.9,23.753999999999998,Cairo,0.0,1.9438394,230.73474,48.217304,17.715729,6.060211,-0.34683228,1.7712148,0.069832504,31.492481,54.954002
2022-12-10,4910.88,508.235,128.15,7.029000000000001,23.676,Cairo,0.0,1.3732549,150.86786,48.392227,16.933664,5.246328,0.3675232,0.6931,0.03293437,41.839695,69.42253
2022-12-11,4977.96,508.77700000000004,126.229,6.991,23.603,Cairo,0.0,1.2382989,238.72734,55.17918,17.024078,7.2841697,0.34005228,0.9850413,0.020684613,42.938087,69.14719
2022-12-12,4769.08,450.351,145.107,6.667,23.535,Cairo,0.0,4.153171,132.42633,43.50923,19.202871,5.9217834,0.91937256,3.7320964,0.055055395,36.330692,59.078102
2022-12-13,3763.2599999999998,298.96799999999996,172.951,5.782,23.476,Cairo,0.0,2.103821,64.23377,67.40084,17.656403,11.244945,1.6477,0.69323224,0.044850476,20.753767,38.040947
2022-12-14,4665.21,450.358,137.046,6.6129999999999995,23.421,Cairo,0.0,2.668913,149.34557,62.159634,18.40087,10.203197,1.1661783,1.7059835,0.05567606,22.777924,54.481606
2022-12-15,4800.58,503.883,123.03699999999999,6.869,23.372,Cairo,0.0,1.0606933,281.81396,50.480907,18.565256,7.75235,-0.47894797,-0.10617574,0.043036897,36.09761,66.85263
2022-12-16,4810.12,466.48199999999997,135.682,6.682,23.329,Cairo,0.0,3.1989555,225.17525,63.514683,18.051828,10.673411,-2.2241974,-2.2930756,0.012760141,30.007307,48.8628
2022-12-17,4552.43,423.10600000000005,145.466,6.4670000000000005,23.293,Cairo,1.9073486e-06,4.6368012,226.9555,73.95741,19.548899,14.186351,-3.3835857,-3.1671245,0.008227155,13.069892,22.861177
2022-12-18,4852.87,480.87700000000007,130.071,6.766,23.262,Cairo,0.0,4.1758485,219.31401,75.74041,19.702871,13.965077,-2.6888733,-3.1616313,0.0129395,20.453592,36.230312
2022-12-19,4859.08,479.078,132.672,6.755,23.238,Cairo,0.0,3.1207333,207.98029,74.11213,18.12914,12.3368225,-1.477122,-2.7455902,0.0126493,18.612663,33.054237
2022-12-20,4087.31,331.01099999999997,176.35999999999999,5.992,23.222,Cairo,1.9073486e-06,2.7128747,186.047,73.25352,17.008615,11.393056,-0.18467204,-2.651591,0.007041623,17.403217,29.732258
2022-12-21,4598.820000000001,415.776,153.333,6.439,23.207,Cairo,6.198883e-06,3.1610765,132.8351,67.42754,17.079254,10.301422,2.3050792,-2.0500743,0.011630703,15.254027,27.644691
2022-12-22,4154.89,362.235,162.451,6.117,23.201999999999998,Cairo,1.1444092e-05,1.5082802,100.2376,64.49071,15.128163,8.3298235,0.6799876,-0.013336182,0.0074128066,21.125853,37.099655
2022-12-23,2480.95,157.679,149.542,4.17,23.203,Cairo,0.00025510788,2.6993134,84.01032,78.221855,15.746246,11.662994,2.4548695,-0.0008951823,0.006509784,16.774878,27.226345
2022-12-24,4839.35,451.921,141.98600000000002,6.5969999999999995,23.21,Cairo,5.2452087e-06,3.084729,51.84444,68.41103,15.919911,9.104238,2.4397838,1.7320557,0.0043826317,11.201452,20.0734
2022-12-25,3773.5099999999998,304.518,159.08700000000002,5.603,23.222,Cairo,0.000118255615,2.8088028,43.294323,62.635548,15.384023,8.101064,1.8071442,1.2295126,0.0066313,21.362696,36.682564
2022-12-26,3749.2,275.83000000000004,179.69400000000002,5.59,23.240000000000002,Cairo,2.2888184e-05,3.98961,97.383095,70.40513,16.372385,10.156728,3.2596588,-1.1962789,0.004347295,18.063343,32.39016
2022-12-27,4262.02,360.65700000000004,165.953,6.22,23.264,Cairo,0.0,2.8647287,145.97615,57.64974,16.277578,7.355703,1.5650431,-2.3770802,0.0006028648,14.261253,24.329168
2022-12-28,5092.75,523.673,124.598,7.029999999999999,23.296,Cairo,0.0,1.3429283,245.9789,60.0349,14.557037,6.2250876,-0.6493886,-0.5295308,0.0015338539,28.94661,44.54056
2022-12-29,5112.52,515.4359999999999,126.08099999999999,6.991,23.333000000000002,Cairo,0.0,2.2036912,238.132,59.381226,14.000722,5.241201,-1.3809,-1.1540579,0.003168765,26.304794,40.59929
2022-12-30,4642.32,422.99399999999997,151.352,6.516,23.377000000000002,Cairo,0.0,2.7629225,214.6867,69.039185,14.576161,8.316559,-1.2435099,-2.1448364,0.0015269268,23.14966,36.36384
2022-12-31,4812.12,450.38199999999995,142.715,6.6930000000000005,23.426,Cairo,0.0,3.174721,202.27399,71.67305,14.685944,8.646718,-1.3869222,-2.783727,0.02342529,20.725906,39.49949
2023-01-01,4401.17,379.341,162.557,6.3340000000000005,23.497,Cairo,0.0,3.337098,186.38562,67.49967,15.54955,8.553131,-0.3846283,-3.3091938,0.08529015,24.06921,61.243473
2023-01-02,4890.2,486.842,132.296,6.871,23.56,Cairo,4.7683716e-07,1.5237926,177.12364,75.06376,15.014069,9.810455,0.0063527427,-1.4242249,0.08703427,35.769413,70.259796
2023-01-03,4067.74,330.137,173.571,6.039,23.63,Cairo,6.6280365e-05,2.5399141,186.4029,70.8442,15.13264,9.102855,-0.1448466,-2.0591176,0.056038097,24.932228,47.286552
2023-01-04,2649.7599999999998,149.102,177.221,4.62,23.704,Cairo,0.0001449585,3.07168,145.23412,74.04079,15.999827,10.84846,1.5684153,-2.5473328,0.032250777,20.796923,35.741066
2023-01-05,4694.32,432.26599999999996,152.182,6.688,23.785000000000004,Cairo,0.0,1.8762497,93.997444,71.33763,14.189687,8.313629,1.591156,-0.2630361,0.00369928,17.601883,29.803246
2023-01-06,3014.2,193.71300000000002,177.327,4.877000000000001,23.874,Cairo,0.0,2.51921,46.147083,57.262524,14.820465,5.9492087,1.4647928,1.2806549,0.005972952,19.707102,32.36248
2023-01-07,3821.35,307.169,172.671,6.018,23.966,Cairo,5.722046e-06,1.2480911,130.25774,55.81719,15.943105,6.8441467,-0.04012044,0.6646271,0.005804781,23.582994,39.217617
2023-01-08,3361.44,292.26300000000003,131.59300000000002,5.214,24.064,Cairo,8.2969666e-05,1.6435533,155.25618,60.23282,15.985748,7.958567,1.1619924,0.35606894,0.006420513,20.203054,32.432026
2023-01-09,3109.2400000000002,220.949,163.56199999999998,5.175,24.168,Cairo,5.054474e-05,2.0569413,79.81442,74.19796,14.19986,9.346019,1.3870596,0.6345317,0.018996257,13.744389,24.676685
2023-01-10,5012.26,517.52,125.032,7.225,24.279,Cairo,0.0,1.2020936,249.92607,70.634026,14.142568,8.179596,-0.01554362,0.8427887,0.0022165065,42.482117,62.583466
2023-01-11,4334.53,355.601,179.989,6.4239999999999995,24.395,Cairo,0.0,1.807715,251.37325,61.26473,15.332997,7.204824,0.76756793,1.3186136,0.0029621837,37.931828,56.70574
2023-01-12,3787.35,296.627,164.772,5.772,24.516,Cairo,0.00012254715,3.7975988,148.17241,48.779514,14.881256,3.8807678,1.6739401,2.4394124,0.054877866,13.768767,33.186073
2023-01-13,4072.77,357.52599999999995,141.81,6.103,24.644,Cairo,5.722046e-06,3.765069,38.288757,53.34473,13.882721,4.0942283,2.3648376,2.2153523,0.04666038,12.431492,28.782177
2023-01-14,3855.8599999999997,316.65999999999997,154.186,5.759,24.777,Cairo,4.7683716e-07,3.749983,51.0112,54.73721,14.487213,5.134674,2.7193196,2.0586498,0.035253245,9.3549595,21.43661
2023-01-15,4177.49,359.974,154.01,6.244,24.915,Cairo,0.0,2.7739818,35.95268,62.635273,14.303294,6.7766824,1.6477457,1.8678894,0.0067935525,12.114384,21.702797
2023-01-16,3901.07,323.349,151.901,6.038,25.058,Cairo,9.4890594e-05,3.280524,139.43929,52.798508,13.303619,3.7361553,1.3197937,2.5809276,0.022745699,15.274285,28.69821
2023-01-17,5253.57,533.303,128.417,7.544,25.209,Cairo,0.0,1.0976088,149.88516,63.24667,13.353668,5.9278054,0.147878,0.761378,0.018757153,23.428059,42.444122
2023-01-18,5367.29,537.637,132.903,7.67,25.362000000000002,Cairo,0.0,2.6565053,249.66418,55.823734,13.793935,3.7666728,-2.473058,-0.94991046,0.010551776,32.06686,50.903534
2023-01-19,5327.96,532.518,135.994,7.694,25.52,Cairo,0.0,3.222126,240.8454,62.820896,15.291575,6.4038796,-2.8108978,-1.561086,0.009400917,19.930115,34.259666
2023-01-20,5272.9,530.941,135.92000000000002,7.725,25.685000000000002,Cairo,0.0,2.1477716,226.1374,51.227566,13.776845,2.8511455,0.19594319,0.7534993,0.017874531,32.035877,49.477486
2023-01-21,5360.15,501.29545454545456,116.11181818181818,7.128181818181818,23.655454545454543,Cairo,0.0,2.0327685,220.67546,60.531254,13.379872,5.060862,-0.9742635,-1.5806427,0.0075836857,37.31614,57.74153
2023-01-22,5378.08,491.65909090909093,118.68727272727273,7.106363636363636,23.83090909090909,Cairo,0.0,2.427933,201.2179,67.37747,14.33902,7.459381,-0.7933604,-2.2381032,0.006384472,32.916542,54.493324
2023-01-23,3692.75,222.83999999999997,190.92636363636365,5.632727272727273,24.007272727272724,Cairo,0.0,3.0842187,209.75716,75.805244,14.999908,10.047272,-1.6203512,-2.6026154,0.025654508,26.644823,53.098186
2023-01-24,4903.56,415.55727272727273,136.6381818181818,6.761818181818182,24.19454545454545,Cairo,9.536743e-07,4.3164554,202.2755,77.6845,17.138742,12.184642,-1.6822408,-3.961029,0.04225466,24.20132,49.90324
2023-01-25,5411.05,489.15,121.10090909090908,7.2272727272727275,24.38181818181818,Cairo,0.0,3.677273,201.81352,70.41889,15.791575,9.220367,-1.4413198,-3.3578541,0.013312538,17.429325,32.83963
2023-01-26,5427.71,487.34090909090907,127.23545454545454,7.289090909090908,24.572727272727274,Cairo,0.0,3.6504126,246.89667,61.392467,15.759755,6.803782,-3.336568,-1.3686523,0.020958474,23.954586,41.62684
2023-01-27,4253.63,316.3727272727273,164.62545454545455,6.224545454545455,24.770000000000003,Cairo,0.0,5.234573,242.32416,36.65568,17.631826,1.3889872,0.5465444,5.07313,0.08092777,20.57853,52.03093
2023-01-28,4578.2300000000005,350.98636363636365,173.32,6.626363636363636,24.970000000000002,Cairo,0.0,3.563979,62.423634,29.415232,19.443838,0.86709595,1.3600159,1.5909424,0.16329056,33.181705,83.3499
2023-01-29,4316.63,322.3536363636363,162.83818181818182,6.371818181818182,25.177272727272726,Cairo,0.0,4.35014,226.65546,55.18465,17.340078,7.055735,-2.9838562,-3.021703,0.10505145,13.041772,23.43508
2023-01-30,5284.76,471.90636363636366,131.05272727272725,7.376363636363636,25.383636363636366,Cairo,0.0,3.1650574,187.17064,63.30693,15.103017,7.241445,0.5673726,-2.1116893,0.05637444,16.550884,27.919407
2023-01-31,3982.55,284.80636363636364,152.7972727272727,5.776363636363636,25.596363636363638,Cairo,8.583069e-06,4.733377,73.26118,44.879772,14.004628,2.16096,4.3948975,1.1871796,0.08286248,12.501635,35.375698
2023-02-01,4002.97,295.3554545454545,141.35909090909092,5.698181818181818,25.813636363636363,Cairo,9.536743e-07,5.919945,56.433167,49.405743,13.750316,3.0615947,4.806742,2.252945,0.08511722,15.786105,53.156147
2023-02-02,2295.71,75.05363636363637,182.10636363636362,4.254545454545454,26.033636363636365,Cairo,2.3841858e-06,2.835579,85.240875,60.837147,12.294342,4.5206604,2.115504,-0.12312826,0.0026933714,15.797597,28.377136
2023-02-03,4894.46,398.0309090909091,160.71454545454546,7.172727272727273,26.256363636363634,Cairo,0.0,1.6056763,73.77651,57.97026,13.334218,4.688385,1.1959686,-0.064600624,0.007115964,23.740065,40.02999
2023-02-04,4064.7599999999998,282.44,171.08454545454546,6.251818181818181,26.483636363636364,Cairo,0.0,3.1648042,70.32488,44.55369,13.217601,1.2979227,2.7001598,0.7249756,0.011471992,10.398561,19.104
2023-02-05,5092.09,407.5763636363636,157.74272727272728,7.3109090909090915,26.713636363636365,Cairo,0.0,3.726308,26.24471,52.573025,12.9339905,2.5964253,2.027644,2.6918182,0.05886098,20.123589,35.450047
2023-02-06,3190.9700000000003,234.901,148.605,5.343,26.939,Cairo,6.198883e-06,6.5827518,66.79601,45.374912,13.016429,1.3209534,5.789922,2.3972473,0.11782159,10.585602,44.94302
2023-02-07,3219.76,172.1590909090909,179.99454545454543,5.244545454545454,27.184545454545457,Cairo,4.7683716e-06,4.223251,78.70065,58.840145,11.380361,3.1926167,3.9123585,0.30244446,0.024305142,10.132261,26.574085
2023-02-08,2202.38,66.85454545454546,180.08636363636364,4.205454545454545,27.425454545454546,Cairo,7.581711e-05,2.2563727,101.5628,63.142925,10.466949,3.5995178,1.8136698,-0.6374715,0.0024903007,17.277964,29.780079
2023-02-09,5320.17,441.75636363636363,157.75545454545454,7.7718181818181815,27.66818181818182,Cairo,0.0,1.6438872,239.63806,57.014282,10.734447,1.9147848,-1.2363434,-0.84629315,0.050148312,15.570677,24.474546
2023-02-10,5791.35,514.3609090909091,134.27727272727273,8.271818181818182,27.912727272727274,Cairo,0.0,2.9412403,227.4517,55.993076,11.649974,2.6463928,-2.1042633,-1.9927725,0.027015159,15.708485,24.694656
2023-02-11,4505.52,313.0627272727273,188.33818181818185,6.929090909090909,28.16090909090909,Cairo,5.531311e-05,3.548259,221.56233,65.0613,12.651927,5.655426,-2.1049092,-2.5296834,0.042451344,20.868977,42.277275
2023-02-12,4311.5199999999995,280.5345454545455,199.7027272727273,6.831818181818181,28.414545454545454,Cairo,9.536743e-07,2.731053,171.95631,67.83839,11.371002,4.8092346,0.4988556,-2.6213734,0.0074738283,20.618002,33.465992
2023-02-13,5170.17,405.2681818181818,173.44,7.76,28.667272727272724,Cairo,2.861023e-06,2.4199567,178.61763,61.779984,11.915029,4.1709695,0.06920878,-2.417633,0.0024563516,21.589624,33.059227
2023-02-14,2726.9,181.9881818181818,124.81454545454545,4.41,28.920909090909092,Cairo,0.00022983551,2.4476397,165.28514,65.45389,11.622304,4.8911843,0.6991984,-2.306137,0.0058819028,21.011795,34.35424
2023-02-15,5098.62,387.3872727272728,178.2709090909091,7.75,29.179090909090906,Cairo,6.914139e-05,2.4073932,124.912964,76.06992,10.6805725,6.076731,1.8541921,-1.4508413,0.0009874494,23.876877,36.960518
2023-02-16,4183.28,317.0172727272727,154.44,6.5636363636363635,29.44272727272727,Cairo,2.0503998e-05,2.4656088,109.91425,64.62754,12.376292,5.3888245,2.1114705,-0.99475604,0.0016921703,21.971764,37.996147
2023-02-17,4628.22,314.4281818181818,196.1027272727273,7.247272727272727,29.703636363636363,Cairo,0.0,3.2036674,206.41956,69.356636,12.67748,6.5515037,-1.5903372,-2.7138824,0.0029000952,21.841272,36.262947
2023-02-18,5438.65,421.0363636363636,181.93636363636364,8.244545454545454,29.969090909090905,Cairo,0.0,4.170565,209.63087,60.91115,12.863271,4.786611,-2.0906475,-3.6049957,0.01026354,13.808195,24.29694
2023-02-19,5387.39,444.41,159.01454545454544,8.353636363636364,30.235454545454544,Cairo,0.0,4.237735,205.47278,65.7364,13.663564,6.7961326,-1.871226,-3.782542,0.028696917,14.016825,25.571342
2023-02-20,4448.56,283.1027272727273,214.87636363636364,7.377272727272728,30.505454545454544,Cairo,0.0,3.5557032,189.70659,64.91696,14.542633,7.2601624,-0.5500946,-3.4995625,0.022863,17.886087,30.201935
2023-02-21,5102.9,410.88272727272727,170.17818181818183,8.244545454545454,30.775454545454547,Cairo,4.7683716e-07,2.497421,207.61067,55.884445,15.365794,6.229645,-0.6005452,-2.1490734,0.00081366696,15.48467,25.369072
2023-02-22,2986.15,131.12454545454545,209.38636363636363,5.523636363636364,31.045454545454547,Cairo,0.0,1.9468557,186.23347,58.398163,15.052968,6.48583,0.12636821,-1.631246,0.00067146623,27.400766,41.612274
2023-02-23,4290.68,280.54454545454547,207.51090909090908,7.359999999999999,31.320909090909087,Cairo,0.0,1.6413141,137.2553,58.58907,15.20694,6.767975,0.029205322,-0.6373749,0.0038860189,21.752605,33.110676
2023-02-24,3850.6,259.3927272727273,183.96,6.6872727272727275,31.594545454545457,Cairo,0.0,2.0013988,162.03912,58.91395,16.74177,7.89151,0.69002277,-1.8019205,0.008232872,28.212906,43.808975
2023-02-25,5020.0199999999995,376.6836363636363,202.33272727272725,8.33,31.87,Cairo,0.0,1.6153117,200.75269,55.5186,16.22346,6.8396707,-0.27641296,-1.3355612,0.00515276,27.458042,42.14843
2023-02-26,5889.39,539.6154545454546,141.0790909090909,9.472727272727273,32.14818181818182,Cairo,0.0,2.431548,230.48174,55.77469,16.619944,6.845774,-1.8433431,-1.5364279,0.011909365,15.455919,24.047726
2023-02-27,5967.0599999999995,557.9163636363636,134.94818181818184,9.674545454545454,32.42636363636364,Cairo,0.0,3.3920143,243.83818,64.09793,17.638824,8.908356,-3.036499,-1.4839071,0.039190568,14.168107,23.844326
2023-02-28,5212.53,517.4045454545454,134.93545454545455,9.337272727272726,32.70545454545454,Cairo,0.0,1.7946591,179.18713,55.38777,19.5218,8.238881,-1.1513621,-0.7866821,0.04973191,31.723045,58.801468
2023-03-01,5638.67,543.8545454545455,141.03363636363636,9.737272727272726,32.98545454545455,Cairo,0.0,1.7457231,249.28906,32.670155,21.593088,2.7516174,0.042104084,1.0167847,0.057075456,41.681137,64.21512
2023-03-02,5747.43,533.7163636363637,147.36909090909091,9.742727272727272,33.267272727272726,Cairo,0.0,4.332376,225.40234,23.95514,23.468985,0.60440063,0.1441803,3.8425953,0.12700784,35.70161,58.580345
2023-03-03,5492.88,500.0281818181818,152.66454545454545,9.488181818181818,33.550909090909094,Cairo,0.0,2.1649005,99.63717,59.340755,19.789865,10.735911,1.9817251,-0.37554422,0.10122246,35.266922,73.08993
2023-03-04,5722.23,533.7627272727273,146.23,9.824545454545454,33.83272727272727,Cairo,0.0,2.8512611,237.63957,55.52904,19.98762,9.486969,-2.3781483,-1.3798574,0.10834684,27.730267,56.04391
2023-03-05,5720.12,519.9890909090909,152.70909090909092,9.808181818181819,34.11545454545455,Cairo,0.0,5.17,124.15247,29.694876,24.245108,3.5528057,1.3111826,4.36083,0.13974425,23.898811,53.45668
2023-03-06,5545.5199999999995,456.72999999999996,179.20454545454547,9.444545454545455,34.39636363636364,Cairo,0.0,2.5269792,161.63573,67.26069,17.968576,10.791575,1.1188202,-2.1824086,0.026040178,15.986569,28.010948
2023-03-07,4792.2,318.21,226.3972727272727,8.479090909090909,34.68181818181818,Cairo,0.0,2.8775647,203.28984,56.79129,16.114655,7.0282288,-1.076828,-2.6374867,0.004192766,15.176252,25.637066
2023-03-08,5912.84,547.1981818181819,139.8972727272727,10.14090909090909,34.96363636363637,Cairo,0.0,1.7662061,192.54936,58.98868,16.461905,7.4438376,-0.07053629,-1.6260427,0.018186945,16.691404,27.452248
2023-03-09,5585.08,510.4827272727273,154.9918181818182,9.950909090909091,35.24818181818182,Cairo,0.0,1.8120235,272.76282,44.665356,18.52237,5.1938376,-1.7070059,0.3064321,0.08517264,24.56615,45.149563
2023-03-10,5765.16,548.5063636363636,144.73272727272726,10.354545454545455,35.53090909090909,Cairo,0.0,2.3528032,217.11841,26.377007,21.646393,1.1887106,-1.0963898,1.4962769,0.057958342,13.024975,32.630848
2023-03-11,5831.87,551.8281818181817,141.0290909090909,10.408181818181818,35.81636363636363,Cairo,0.0,1.8008794,107.16854,60.781067,19.001211,9.8002825,1.6237589,-0.551534,0.036994036,34.12425,58.125015
2023-03-12,5827.1,534.21,144.91,10.28,36.098181818181814,Cairo,0.0,4.268461,115.74762,44.892414,21.692535,8.104726,0.90448505,3.2593892,0.026456881,20.806736,36.854927
2023-03-13,4962.889999999999,352.80636363636364,217.64545454545453,9.031818181818181,36.38181818181818,Cairo,0.0,3.840832,139.37578,51.84932,21.264883,9.660878,1.9655609,2.4875996,0.08574441,22.170784,52.697273
2023-03-14,4303.7300000000005,251.7472727272727,233.0890909090909,7.917272727272728,36.664545454545454,Cairo,0.00037956238,3.954055,140.59029,70.44816,16.537668,10.330312,2.6707103,-2.5136871,0.027487893,15.326357,24.906528
2023-03-15,5510.93,417.5427272727273,204.32545454545453,9.770909090909091,36.946363636363635,Cairo,0.0,2.7685711,68.927216,59.518192,16.016754,7.1844788,2.5749156,0.9229584,0.0039517116,19.267143,33.741802
2023-03-16,6102.82,559.91,142.1381818181818,10.845454545454546,37.22818181818182,Cairo,0.0,3.5554197,247.1858,41.818066,18.077301,3.2586975,0.7845357,3.1570995,0.02995881,24.505457,44.980255
2023-03-17,5554.360000000001,482.7427272727273,167.97363636363636,10.25,37.50909090909091,Cairo,0.0,2.6927369,155.6834,40.83045,19.443186,5.0972595,1.8365936,0.97052,0.09994198,16.06515,37.361588
2023-03-18,4845.5,313.50636363636363,228.4418181818182,8.912727272727274,37.78909090909091,Cairo,0.0,3.4978178,141.83482,60.475906,16.94042,8.55775,2.3559368,-0.26652527,0.050287887,18.204008,35.34462
2023-03-19,3958.91,218.86727272727273,225.87818181818182,7.542727272727273,38.06818181818182,Cairo,0.0,3.8894775,90.42397,56.126858,16.932444,7.1936746,3.728658,-0.0018310547,0.007310364,13.296239,25.082287
2023-03-20,2859.37,117.85090909090908,202.47454545454545,5.690909090909091,38.346363636363634,Cairo,1.5258789e-05,4.4005084,97.796326,57.461452,15.665924,7.1407776,4.0532327,-0.85953265,0.02460281,16.479198,36.20118
2023-03-21,4201.2,440.1044444444444,164.58555555555554,9.78,37.333333333333336,Cairo,0.0,1.8433905,111.25242,64.53793,17.226145,9.592275,1.3913574,-0.816747,0.02416565,22.130184,37.8209
2023-03-22,2892.38,139.78181818181818,209.00727272727272,6.168181818181818,35.47545454545455,Cairo,0.0,1.3823079,261.10226,50.908096,19.069815,7.184072,-0.67753094,-0.14609782,0.1558073,29.518713,45.55637
2023-03-23,4423.89,321.55583333333334,174.86249999999998,8.289166666666667,36.0775,Cairo,4.7683716e-07,1.6343971,253.71715,36.019176,22.07258,5.8019104,-1.5765024,-0.2960612,0.39494437,25.982925,81.6581
2023-03-24,3623.81,213.46416666666667,191.89166666666665,6.980833333333333,36.35166666666667,Cairo,4.7683716e-07,2.7135608,195.93715,34.558598,23.685944,6.553782,-0.9120229,0.8828786,0.2652182,18.040737,47.97435
2023-03-25,4422.91,246.43916666666667,212.8475,7.826666666666667,36.6225,Cairo,0.00038862228,5.0604167,185.62178,67.66579,19.75707,12.969554,-0.14885457,-4.64831,0.32832938,24.427341,63.064316
2023-03-26,5654.95,426.8475,167.3725,9.815,36.891666666666666,Cairo,2.527237e-05,3.2591267,114.74304,64.624855,18.193756,10.412506,2.9394124,-1.2809296,0.040168263,17.827784,31.4085
2023-03-27,5990.71,503.19416666666666,134.41,10.5025,37.163333333333334,Cairo,0.0,2.140814,106.1673,56.46986,18.987375,8.683502,1.7710928,-0.17858379,0.014427974,20.679852,35.781223
2023-03-28,6022.9800000000005,527.4058333333334,124.14833333333333,10.770000000000001,37.4275,Cairo,0.0,2.9233189,130.4933,41.090603,21.076242,5.3353577,0.84117633,1.5032858,0.015464744,24.806395,42.465595
2023-03-29,5973.78,479.38166666666666,146.79833333333335,10.449166666666667,37.69416666666667,Cairo,0.0,3.7247822,147.79204,54.2689,18.715647,8.437653,2.1888683,-2.8905792,0.045937434,19.380081,36.00715
2023-03-30,4697.57,254.94416666666666,223.75666666666666,8.411666666666667,37.95916666666667,Cairo,0.0,4.9141946,159.2249,44.23672,16.103506,3.6246643,1.8207601,-4.536026,0.0013456636,12.15047,20.989996
2023-03-31,5855.95,438.33916666666664,170.96583333333334,10.316666666666666,38.220000000000006,Cairo,0.0,2.5493426,148.73994,45.253803,14.996654,2.7031963,1.2716116,-2.1991932,0.00031733525,14.634188,23.503883
2023-04-01,6027.83,516.3175,129.79,10.926666666666668,38.48,Cairo,0.0,1.7198687,218.19475,47.85559,16.727203,4.9797263,-0.8410187,-1.3700765,0.005681074,16.041449,24.710201
2023-04-02,5925.05,523.0408333333334,127.5175,11.058333333333332,38.73916666666667,Cairo,0.0,1.6915774,248.71443,42.317238,20.185617,5.5041404,-1.0910339,-0.7960612,0.0131718535,15.952797,25.750708
2023-04-03,5919.44,535.0075,125.6325,11.29,38.995,Cairo,0.0,2.6572025,178.925,34.101334,21.899729,3.3039448,-1.3538259,-0.067082725,0.012299551,13.734988,23.070759
2023-04-04,6013.85,513.0091666666666,136.43416666666667,11.159166666666666,39.25,Cairo,0.0,4.8181806,252.04955,18.996824,24.992502,-0.9453227,1.5491943,3.3127441,0.041917704,18.888887,34.050472
2023-04-05,5627.18,442.2808333333333,167.95000000000002,10.565,39.50083333333333,Cairo,0.0,2.0136235,216.61824,36.210617,21.217682,5.3444724,-0.24281311,-1.0469614,0.11366017,20.134163,47.185764
2023-04-06,5882.11,493.44416666666666,139.40333333333334,11.009166666666667,39.75,Cairo,0.0,2.6826105,233.04594,47.625286,20.21589,7.5536194,-1.8945312,-1.5676575,0.06843544,11.622166,19.015352
2023-04-07,5198.88,376.48499999999996,187.77833333333334,9.9125,39.998333333333335,Cairo,0.0,5.131848,139.95265,25.488426,25.062979,2.4243062,1.9514313,3.7372944,0.2902013,13.174878,28.137386
2023-04-08,4758.1,351.69416666666666,185.91166666666666,9.4975,40.245,Cairo,0.0,3.0950518,170.78456,46.02057,23.62678,9.872844,-1.4135132,-0.9832001,0.27848858,24.355879,54.7257
2023-04-09,2240.42,53.2925,195.88250000000002,4.7625,40.485,Cairo,0.0,3.1303968,213.5083,37.316273,24.938547,8.198964,0.9274953,-0.5027313,0.35818893,27.06521,78.56464
2023-04-10,5504.38,428.1666666666667,165.30416666666667,10.501666666666667,40.7275,Cairo,0.0,5.1943097,194.88676,46.122955,25.679596,12.870433,0.99165344,-1.6056925,0.33183527,32.408997,82.7988
2023-04-11,4839.58,274.6358333333333,229.02666666666664,9.170833333333333,40.964166666666664,Cairo,0.0,3.7808778,119.759094,52.800587,18.880035,8.061269,3.2785237,-1.6877441,0.04962232,14.614527,36.010906
2023-04-12,4247.4400000000005,221.0858333333333,210.41,7.927499999999999,41.19833333333333,Cairo,3.5762787e-05,5.0229874,68.73733,54.7294,16.392487,6.5709534,4.785105,0.09660848,0.1148419,14.754893,41.94082
2023-04-13,6005.110000000001,456.7053846153846,126.43692307692308,10.525384615384617,38.37307692307692,Cairo,0.0,3.4197257,57.2482,44.851444,19.036856,5.723623,2.5651855,1.3890585,0.043760315,15.4792595,38.093685
2023-04-14,5346.87,384.3992307692308,163.6823076923077,10.016153846153847,38.59384615384616,Cairo,0.0,1.8047814,235.78668,49.79629,21.074942,8.968251,-1.3876902,-0.42930603,0.0111074075,18.599335,30.235209
2023-04-15,5628.13,425.7384615384615,138.98,10.25,38.81230769230769,Cairo,0.0,3.1092517,218.17616,52.57344,22.301666,10.604482,-1.7875265,-2.3878682,0.008942414,16.11163,25.898811
2023-04-16,5790.87,471.1869230769231,120.95307692307694,10.863076923076923,39.027692307692305,Cairo,0.0,2.4823825,213.22588,53.56722,21.540354,9.155019,-1.2078909,-1.8724111,0.004352822,16.51437,26.698917
2023-04-17,5581.39,471.8807692307692,121.95615384615385,10.953076923076923,39.2423076923077,Cairo,0.0,1.6935226,264.92175,32.715298,25.38386,5.0546775,-1.6558533,-0.1938324,0.020354444,19.175179,37.761314
2023-04-18,5484.09,437.36307692307696,135.37,10.554615384615385,39.45307692307692,Cairo,0.0,2.3168926,144.46193,20.219618,28.796701,2.75943,0.2836863,0.80596924,0.20504458,20.347336,48.448856
2023-04-19,3737.5299999999997,169.02615384615385,219.8446153846154,7.356153846153846,39.660000000000004,Cairo,1.9073486e-06,3.2300527,159.55122,34.455418,27.518545,9.586986,0.98772687,-1.6481069,0.45598742,31.229433,70.530106
2023-04-20,5532.79,390.06692307692305,154.33153846153846,10.09153846153846,39.86538461538461,Cairo,0.0,4.432801,164.63745,57.7964,20.589996,10.995758,1.1667429,-4.2532043,0.28414214,14.164606,28.826996
2023-04-21,4931.22,278.2138461538462,203.76000000000002,9.02,40.068461538461534,Cairo,0.0,3.6437263,209.65723,52.27504,20.223867,9.259918,-1.7558035,-3.1212056,0.057942897,13.271635,21.623394
2023-04-22,5742.47,423.2407692307692,138.8153846153846,10.505384615384616,40.26615384615385,Cairo,0.0,4.7998295,226.95583,51.835434,21.332754,9.86498,-3.45106,-3.265157,0.12545335,9.490317,17.23044
2023-04-23,3361.99,81.05153846153847,248.84923076923076,6.428461538461538,40.46307692307692,Cairo,0.0,4.61225,232.99194,54.575832,22.039865,11.309479,-3.6827595,-2.7643535,0.2395249,14.194823,32.060017
2023-04-24,5751.8,444.93769230769226,128.93846153846155,10.888461538461538,40.65538461538461,Cairo,0.0,4.34854,212.5213,52.293858,22.295725,10.300038,-2.2256367,-3.4163258,0.15434557,13.292391,38.50099
2023-04-25,5715.59,451.4930769230769,124.54230769230769,11.028461538461539,40.84615384615385,Cairo,0.0,2.8840573,220.1512,42.573456,23.384186,9.264557,-1.199061,-2.0866497,0.08169459,12.514226,28.666702
2023-04-26,5545.06,449.0915384615385,125.02307692307691,11.018461538461539,41.03384615384615,Cairo,0.0,2.4971604,219.12738,33.48057,25.374582,7.2464905,-1.4417318,-1.2993673,0.06835061,12.333982,25.57299
2023-04-27,5376.06,399.7415384615385,148.42846153846153,10.623076923076923,41.21846153846154,Cairo,0.0,3.3968394,216.31004,31.351015,26.082266,7.0301414,0.89703876,-0.25151572,0.047445856,9.078799,20.775082
2023-04-28,5342.52,336.1107692307692,188.72384615384615,10.141538461538461,41.399230769230776,Cairo,3.8146973e-06,3.146714,150.7138,57.3076,21.395905,11.156403,1.7523702,-2.3817189,0.048058227,13.652944,22.093918
2023-04-29,5625.36,367.49461538461543,173.96461538461537,10.504615384615384,41.57692307692308,Cairo,0.0,4.559247,125.16155,50.238415,19.534983,7.942698,3.740092,-2.6056263,0.015379695,18.022896,35.813744
2023-04-30,5581.89,396.48923076923074,152.8530769230769,10.738461538461538,41.75153846153846,Cairo,0.0,2.4697688,130.2779,48.525417,19.150787,7.4641824,1.9114685,-1.549469,0.0019816505,18.770214,32.276024
2023-05-01,5723.21,448.37,122.36692307692307,11.227692307692308,41.92230769230769,Cairo,0.0,2.5301044,211.60852,43.269558,20.512766,6.630768,-1.2854818,-2.0316875,0.0041786004,15.255228,24.367159
2023-05-02,5062.34,428.8425,121.54416666666667,10.886666666666665,41.435833333333335,Cairo,0.0,3.6398447,224.50171,49.100178,22.098053,9.841054,-2.4106445,-2.5108948,0.015808558,12.191647,20.266163
2023-05-03,5681.47,438.15,126.68384615384616,11.173076923076923,42.25538461538462,Cairo,0.0,4.6453347,233.02655,46.442585,23.047598,9.497874,-3.6305695,-2.7367096,0.073238716,9.306338,15.992485
2023-05-04,5629.19,440.50076923076927,125.6376923076923,11.271538461538462,42.41615384615385,Cairo,0.0,4.702783,239.86732,53.086773,24.61856,12.541493,-3.9744568,-2.3278503,0.04858803,15.273606,28.50541
2023-05-05,5594.62,401.3646153846154,149.66307692307694,10.877692307692307,42.574615384615385,Cairo,0.0,5.110922,157.94475,31.480669,26.380035,7.880768,3.3598073,2.509679,0.11732812,17.41948,48.094604
2023-05-06,4264.36,208.6646153846154,212.91923076923078,8.491538461538461,42.72923076923077,Cairo,0.0,2.87397,134.00381,48.241978,23.6857,10.537425,1.8996481,1.2190399,0.2061743,18.151958,55.863983
2023-05-07,4846.93,252.03307692307692,225.0946153846154,9.573846153846155,42.879230769230766,Cairo,4.7683716e-07,2.6614673,112.003914,56.38014,21.656809,11.781403,2.4783223,-0.8582662,0.06841466,13.9308,30.73917
2023-05-08,5002.68,282.97538461538466,214.4530769230769,9.825384615384616,43.027692307692305,Cairo,0.0,2.3475542,165.9098,55.169174,21.577301,11.378815,0.7232005,-2.1145427,0.025201889,19.554447,33.40439
2023-05-09,5511.16,416.93,136.44923076923075,11.066923076923077,43.17307692307692,Cairo,0.0,2.5742779,213.28386,57.89461,21.954987,12.417389,-1.47376,-1.9293722,0.024904445,17.757948,31.669828
2023-05-10,5409.49,438.9369230769231,123.63461538461539,11.473076923076924,43.31461538461539,Cairo,0.0,2.6222048,214.88246,53.540836,24.16625,12.214996,-1.7354584,-1.5547282,0.037656456,13.107916,23.181656
2023-05-11,3790.42,153.1076923076923,239.3423076923077,7.873846153846154,43.45307692307692,Cairo,4.7683716e-07,3.1442633,155.85506,52.933117,25.79247,12.694652,-0.8771159,0.56727093,0.1422466,14.863351,34.70165
2023-05-12,5449.06,400.4561538461539,143.88384615384615,11.012307692307692,43.58846153846154,Cairo,0.0,3.2811327,148.76234,50.271576,25.01708,12.96402,1.8007864,-2.702769,0.1838257,20.428173,37.27698
2023-05-13,5593.9,427.41692307692307,130.90769230769232,11.352307692307692,43.71846153846154,Cairo,0.0,3.1062438,169.19322,59.083668,22.676178,13.267242,0.6349538,-3.0260773,0.039442234,21.408985,41.138725
2023-05-14,5406.92,383.1353846153846,155.83615384615385,10.994615384615384,43.84461538461539,Cairo,4.7683716e-07,3.5599906,198.53839,56.599422,22.574615,12.354401,-1.1262512,-3.3341115,0.027608631,17.602472,28.29984
2023-05-15,5640.93,436.25615384615384,123.81692307692308,11.604615384615384,43.96923076923077,Cairo,0.0,5.290741,222.50209,59.54552,23.788076,13.920156,-3.6232502,-3.7848663,0.07793519,13.003848,24.831335
2023-05-16,5137.33,377.53846153846155,157.9753846153846,10.967692307692309,44.089999999999996,Cairo,0.0,3.3755064,198.22021,55.103855,25.770334,13.775218,-1.7409922,-2.152542,0.0711212,25.118368,43.162487
2023-05-17,5113.57,363.16692307692307,164.24153846153845,10.76,44.20846153846154,Cairo,0.0,2.6649816,170.4909,52.291027,26.818512,14.604401,1.1493174,-1.2175089,0.19738476,42.671455,68.34689
2023-05-18,5495.94,402.6046153846154,142.30461538461537,11.089230769230769,44.32076923076923,Cairo,1.001358e-05,3.787267,147.50366,56.971756,23.189362,12.969391,2.066798,-3.1376445,0.05463293,19.326977,35.223186
2023-05-19,5432.29,390.8569230769231,148.9346153846154,11.100769230769231,44.431538461538466,Cairo,0.0,2.8001301,151.98462,52.94695,22.474192,11.605621,1.3409729,-2.4530487,0.026974618,22.746937,36.827835
2023-05-20,5346.29,403.4369230769231,136.30769230769232,11.322307692307692,44.53846153846154,Cairo,0.0,2.1770058,159.57466,55.421032,22.861399,12.455719,0.905309,-1.7854055,0.049107276,19.850264,30.601677
2023-05-21,4673.88,287.52846153846156,194.43,10.053846153846154,44.643076923076926,Cairo,0.0,2.9462478,284.80502,40.148098,27.102285,10.426991,-2.1603901,0.9185791,0.3911281,22.731274,45.711525
2023-05-22,5491.06,411.1923076923077,135.89076923076922,11.523846153846154,44.74230769230769,Cairo,0.0,5.5178704,63.797718,25.271402,28.555573,6.3130593,4.9497476,2.346166,0.18986756,20.773502,71.96188
2023-05-23,5213.98,368.64214285714286,133.08428571428573,10.48857142857143,41.745,Cairo,0.0,2.117473,207.54431,41.11423,27.06363,11.4964905,-0.18551128,0.25197855,0.21430145,22.416939,68.011024
2023-05-24,5249.55,384.9757142857143,120.25071428571428,10.675714285714287,41.83857142857143,Cairo,0.0,2.5683615,155.67964,47.40155,26.338694,12.790761,1.064382,-1.7903595,0.1425187,16.826561,34.010925
2023-05-25,5211.51,372.8,128.10785714285714,10.56857142857143,41.92642857142857,Cairo,0.0,2.1910677,200.65985,49.413166,26.15632,13.119456,-0.65342206,-1.7114258,0.11248502,18.161701,30.624023
2023-05-26,2769.34,56.53285714285714,208.74,5.435714285714285,42.012142857142855,Cairo,0.0,3.538491,255.94734,47.421223,26.867666,13.484202,-3.242625,-0.91167706,0.36008263,21.489511,45.348854
2023-05-27,2742.89,52.64785714285715,212.4114285714286,5.368571428571428,42.09428571428572,Cairo,0.0,4.0347576,142.14589,22.738192,30.598135,6.628652,0.4464213,2.9653065,0.332286,23.29943,71.642006
2023-05-28,5166.45,331.20142857142855,149.37071428571429,10.096428571428572,42.17285714285714,Cairo,0.0,4.5245147,56.219868,40.792717,27.70751,12.864491,2.9033406,2.357005,0.28500316,25.996742,78.06398
2023-05-29,5245.82,354.24642857142857,135.98857142857142,10.300714285714287,42.24714285714286,Cairo,0.0,2.5350273,149.5176,54.152607,25.361563,14.079173,1.5235189,-1.6626791,0.11219396,20.472897,35.7467
2023-05-30,4710.22,265.95428571428573,184.97357142857143,9.446428571428571,42.31857142857143,Cairo,0.0,2.1185973,197.43457,43.88296,27.551016,12.980621,-0.09117635,-0.46608987,0.048863687,19.985813,37.89923
2023-05-31,4924.38,357.28285714285715,124.81357142857144,10.139285714285714,42.38857142857143,Cairo,0.0,2.3711789,227.4196,39.811558,28.918121,12.765533,-2.0183563,-0.41941324,0.13887647,13.003811,25.679214
2023-06-01,2568.7200000000003,72.77071428571428,179.08857142857144,4.988571428571428,42.45285714285715,Cairo,3.385544e-05,4.428787,126.663155,25.176935,32.547436,9.894196,0.3150177,3.122691,0.41174814,14.272827,41.956394
2023-06-02,4699.78,266.5857142857143,187.0207142857143,9.382857142857144,42.51428571428572,Cairo,4.2915344e-06,5.601355,117.022606,24.731354,35.519276,11.226227,0.71988934,2.7939503,0.51416326,21.697514,85.11919
2023-06-03,4783.06,274.53000000000003,178.13285714285715,9.380714285714287,42.57285714285714,Cairo,0.0,2.96216,166.74574,54.2757,27.382803,16.26236,0.6680247,-2.785146,0.33683217,31.2747,70.53455
2023-06-04,5102.75,345.78000000000003,133.71928571428572,10.312857142857142,42.62714285714286,Cairo,0.0,4.360506,210.7798,55.1859,26.32966,15.570302,-2.0730286,-3.5796711,0.17008004,15.584101,26.081272
2023-06-05,5330.19,400.4135714285714,99.86928571428572,11.014285714285714,42.68,Cairo,0.0,3.8803349,212.23735,52.611576,25.773102,14.430003,-1.9567108,-3.2605946,0.055738363,23.217762,37.412075
2023-06-06,4590.38,340.4369230769231,127.6576923076923,10.008461538461539,41.96384615384615,Cairo,0.0,2.7748652,201.57281,50.670795,25.458649,13.52538,-0.97158813,-2.520752,0.10673669,16.11227,25.2509
2023-06-07,4966.75,330.95,142.46714285714285,10.171428571428573,42.775,Cairo,0.0,3.4937496,222.98723,45.901016,28.048899,14.096344,-2.3912609,-2.4958851,0.29965276,11.811447,20.479107
2023-06-08,3031.76,93.80928571428572,204.59357142857144,6.018571428571429,42.81571428571429,Cairo,1.1920929e-05,2.4459925,257.12875,46.854794,30.13386,15.852529,-1.6753286,-1.2044474,0.47733006,17.551455,46.37223
2023-06-09,4707.099999999999,311.2957142857143,148.63642857142855,9.727142857142857,42.853571428571435,Cairo,1.8119812e-05,3.1991217,115.18854,33.56953,32.60147,14.180736,0.809021,0.8449351,0.36218917,39.68373,103.30706
2023-06-10,5201.37,377.2814285714286,112.34642857142856,10.647142857142857,42.89,Cairo,0.0,3.1674995,159.39577,56.41618,27.120596,16.883047,1.1570587,-2.8891907,0.19418797,16.03067,36.999107
2023-06-11,5162.25,391.50642857142856,101.36500000000001,10.899285714285714,42.92142857142857,Cairo,0.0,2.0216405,155.48993,47.433655,27.472239,14.214427,1.1588339,-1.1861267,0.045499004,17.041157,26.783817
2023-06-12,4463.4,359.80692307692306,99.22384615384614,10.258461538461539,40.27461538461538,Cairo,0.0,2.359476,159.66835,47.12729,28.666983,14.985667,1.250295,-1.0326895,0.11500913,17.882526,30.18974
2023-06-13,4621.25,247.59285714285716,186.79642857142858,9.184285714285716,42.97642857142857,Cairo,0.0,4.6781554,227.32831,51.15566,28.82844,16.86612,-3.303706,-3.2690125,0.20709927,14.413313,35.847755
2023-06-14,5086.94,360.99142857142857,120.19642857142857,10.344285714285714,42.99928571428571,Cairo,0.0,3.4421551,176.20274,57.131317,26.715567,16.68627,0.35837808,-3.2592824,0.060591713,18.1419,30.933086
2023-06-15,5217.18,396.41857142857145,100.75785714285713,10.947142857142856,43.01857142857143,Cairo,0.0,2.6066654,185.4151,56.668457,26.724192,16.738028,-0.06556193,-2.4205067,0.017792301,15.227339,22.960722
2023-06-16,4908.54,376.0678571428571,113.81928571428571,10.777142857142858,43.035000000000004,Cairo,0.0,2.007289,215.9185,43.953964,29.481192,13.8993225,-0.43647766,-0.37619528,0.15867484,12.272848,19.17212
2023-06-17,5050.45,351.4921428571429,129.72285714285712,10.447857142857144,43.04785714285714,Cairo,0.0,3.4956713,111.57434,40.380604,30.350088,14.6180725,2.1704,-1.6588898,0.19857952,26.029112,46.705154
2023-06-18,5195.07,380.075,112.235,10.856428571428571,43.05785714285714,Cairo,0.0,2.7905571,190.87773,50.72641,27.264639,15.246816,0.677007,-2.0900218,0.03467285,19.656258,31.963253
2023-06-19,5204.21,376.9692857142857,111.8,10.828571428571427,43.065,Cairo,0.0,2.820282,151.31117,52.119038,26.29361,15.141266,1.5100403,-2.2785237,0.026695821,20.741444,32.534164
2023-06-20,4827.76,279.325,173.61142857142858,9.665000000000001,43.06928571428572,Cairo,3.5762787e-05,3.119723,162.27936,59.90527,26.253489,17.27831,0.97004193,-2.9421895,0.010809112,20.50182,31.556198
2023-06-21,5090.04,341.65642857142853,136.11499999999998,10.072857142857144,43.07,Cairo,0.0,3.1163833,167.83623,62.450146,27.035065,18.148184,0.6929881,-3.0305684,0.009000783,22.34699,33.475815
2023-06-22,5103.97,368.3914285714286,115.47785714285715,10.428571428571429,43.067142857142855,Cairo,4.7683716e-07,2.912666,160.47408,65.31721,26.34732,18.050364,0.91307575,-2.7078907,0.010702683,19.896286,31.561642
2023-06-23,5229.69,386.21214285714285,108.57357142857143,10.875714285714285,43.06214285714286,Cairo,0.0,3.1980274,200.09685,60.42151,27.394684,17.913727,-1.0476938,-3.0077107,0.012756882,20.716572,31.99321
2023-06-24,5220.12,392.95714285714286,103.94785714285715,10.969285714285714,43.05285714285714,Cairo,0.0,3.216632,206.41496,57.91605,28.111807,17.68342,-1.448822,-2.870346,0.019599693,15.957298,26.204628
2023-06-25,5156.14,392.20214285714286,103.20214285714285,11.001428571428573,43.042142857142856,Cairo,0.0,2.8419964,190.18147,48.044117,28.291412,15.363759,-0.36664328,-2.623001,0.01823883,13.081923,19.96069
2023-06-26,5190.56,391.74357142857144,105.41,11.024285714285714,43.026428571428575,Cairo,0.0,2.4332955,166.0478,53.945713,27.590729,16.180817,0.66821796,-2.322169,0.019243011,18.273327,27.862057
2023-06-27,5117.93,383.8328571428571,106.885,10.857142857142858,43.00857142857143,Cairo,0.0,2.2016037,163.72105,48.850025,28.294992,15.921376,1.0473531,-1.6378835,0.055366084,22.538763,48.498947
2023-06-28,5130.68,376.51000000000005,113.19571428571429,10.68857142857143,42.989285714285714,Cairo,0.0,2.675485,165.1186,56.476395,27.93456,17.729074,0.86791486,-2.3761547,0.053076886,17.746784,32.493156
2023-06-29,5167.55,387.33,105.77285714285713,10.891428571428571,42.964285714285715,Cairo,0.0,2.8674557,168.71935,58.858067,27.666574,17.744537,0.7414653,-2.6855316,0.016339501,15.67569,27.621881
2023-06-30,4565.24,354.2076923076923,110.36,10.186153846153845,40.642307692307696,Cairo,9.536743e-07,3.1149426,162.26001,59.761414,27.124258,17.582428,1.0402731,-2.883606,0.013789643,15.573073,27.586563
2023-07-01,5200.63,372.8735714285714,116.33214285714287,10.530714285714286,42.90642857142858,Cairo,0.0,3.8281047,164.75592,63.25125,27.711416,18.827463,0.90441895,-3.7089283,0.015729938,14.750431,28.398571
2023-07-02,5200.71,380.6392857142857,112.46714285714286,10.781428571428572,42.87285714285714,Cairo,0.0,2.8239574,167.70964,55.937443,27.933258,17.4829,0.78560895,-2.6653087,0.014173558,17.779146,30.354195
2023-07-03,5096.32,416.30692307692306,117.31769230769231,11.706923076923077,46.027692307692305,Cairo,0.0,2.443084,216.51941,45.693676,29.205881,15.132152,-0.83091736,-1.8533325,0.03771658,18.862015,31.413288
2023-07-04,4966.03,398.75,123.61846153846153,11.353846153846153,45.99076923076923,Cairo,0.0,2.5710492,189.85126,43.315063,30.985992,16.428213,-0.16784668,-2.3497264,0.12525396,21.427261,43.804638
2023-07-05,4563.53,389.20666666666665,122.08666666666666,10.945833333333333,45.4925,Cairo,0.0,2.8891737,172.2201,57.934708,28.465485,18.47875,0.47707114,-2.6029308,0.048266366,15.086328,25.544598
2023-07-06,5107.14,406.6992307692308,119.95230769230768,11.450769230769229,45.9076923076923,Cairo,0.0,2.4716465,168.24803,58.29421,28.223948,18.467844,0.7033946,-2.1866252,0.021912297,19.365898,35.510612
2023-07-07,5141.87,395.6723076923077,128.55769230769232,11.206923076923077,45.862307692307695,Cairo,0.0,2.959027,156.24107,57.916462,28.779367,18.987946,1.3848724,-2.4966023,0.021841072,16.579184,31.477894
2023-07-08,5169.16,414.7123076923077,115.28615384615385,11.544615384615385,45.81153846153847,Cairo,0.0,3.367781,135.95012,59.578598,29.7128,19.720205,2.278066,-2.408717,0.050043423,26.92518,78.72551
2023-07-09,5135.22,387.29153846153844,134.72076923076924,11.26,45.75769230769231,Cairo,0.0,4.0413384,126.408165,62.311016,28.728424,19.860016,3.1831157,-2.4488373,0.074534535,26.601051,96.00626
2023-07-10,5117.0599999999995,388.963076923077,135.7823076923077,11.071538461538463,45.70230769230769,Cairo,4.7683716e-07,2.8491266,152.26074,65.46981,27.631907,19.526846,1.1927439,-2.5176594,0.013463894,20.019222,50.433556
2023-07-11,4873.86,342.38846153846157,157.41307692307691,10.45923076923077,45.643076923076926,Cairo,0.0,3.1870584,194.00694,62.608837,28.635406,19.896719,-0.93629456,-2.911504,0.005092498,9.787298,18.647854
2023-07-12,5237.53,424.5615384615385,111.72076923076922,11.667692307692308,45.58153846153846,Cairo,0.0,3.9771175,212.56444,60.631866,29.521475,19.949453,-2.1107433,-3.3391826,0.004212422,8.312801,14.791917
2023-07-13,5228.18,420.11538461538464,118.44384615384615,11.53076923076923,45.51538461538462,Cairo,0.0,3.1545045,197.02711,60.9117,28.709787,19.086008,-0.8622894,-3.0178223,0.021932283,11.967264,22.272577
2023-07-14,5219.53,416.21999999999997,120.90153846153846,11.515384615384617,45.44538461538461,Cairo,0.0,3.2591686,180.43172,55.968887,28.91153,18.123932,-0.0715332,-3.2435863,0.04157632,10.82428,16.761183
2023-07-15,5183.68,417.9823076923077,122.41846153846154,11.569230769230769,45.37384615384615,Cairo,4.7683716e-07,2.8487937,188.24138,53.253216,29.738108,17.422842,-0.26759848,-2.7891185,0.0395176,15.390464,26.784523
2023-07-16,5095.650000000001,421.4907692307692,118.0,11.573846153846155,45.29692307692308,Cairo,0.0,2.175396,174.6934,48.214268,31.185617,17.394684,0.10936991,-2.063258,0.03844889,16.99679,32.29805
2023-07-17,5036.31,411.73923076923074,122.57846153846154,11.399230769230769,45.21923076923077,Cairo,0.0,2.3958976,180.20966,49.13336,31.9405,18.595774,0.3069814,-2.2021382,0.060035378,17.910524,42.324024
2023-07-18,5112.91,419.9523076923077,118.35153846153845,11.444615384615386,45.13384615384616,Cairo,0.0,2.3750722,170.9696,59.682865,30.52587,19.728586,0.40945944,-2.3175354,0.03392587,16.168804,30.66578
2023-07-19,5117.44,413.7846153846154,124.21692307692307,11.303846153846154,45.04692307692308,Cairo,1.9073486e-06,2.1790693,146.61293,56.290222,30.54898,19.108469,1.1590322,-1.4309235,0.030110452,17.317764,35.83571
2023-07-20,5097.41,414.33384615384614,122.35538461538462,11.382307692307693,44.95923076923077,Cairo,0.0,2.1638844,133.94746,53.31116,31.474274,18.857004,0.99491376,-0.47997537,0.038273666,22.204771,41.377876
2023-07-21,5194.57,425.31692307692305,118.53384615384616,11.543846153846154,44.86538461538461,Cairo,0.0,2.3868062,183.54437,50.68402,31.07136,17.87971,0.2609253,-1.9665934,0.038115107,22.166979,33.352955
2023-07-22,5113.2,420.75,118.67384615384616,11.386153846153848,44.76923076923077,Cairo,0.0,2.0900505,169.97566,54.197887,30.442862,18.896555,0.37709045,-2.0458577,0.008008247,19.496714,32.34855
2023-07-23,5091.39,401.8430769230769,132.80153846153846,11.076923076923077,44.67,Cairo,4.7683716e-07,2.9479687,180.64995,63.771343,31.11669,21.92984,-0.15760803,-2.8898113,0.020090379,23.581463,43.04039
2023-07-24,5103.51,423.55384615384617,117.61846153846153,11.37076923076923,44.566153846153846,Cairo,0.0,2.1726382,155.28703,52.18314,31.57421,19.154694,0.9010671,-1.9059296,0.014604036,12.1193695,20.71859
2023-07-25,5115.15,419.12,120.68384615384616,11.29076923076923,44.45769230769231,Cairo,0.0,2.4184077,147.22395,59.67493,30.611887,20.422922,1.2952932,-2.0364685,0.03276088,22.69783,42.996456
2023-07-26,5139.96,418.0607692307692,122.61307692307693,11.20923076923077,44.349230769230765,Cairo,0.0,2.6742249,193.9413,60.723877,31.133698,21.10611,-0.7205098,-2.5359547,0.079476334,14.088594,25.475277
2023-07-27,5028.64,420.7361538461538,117.61692307692307,11.234615384615385,44.23307692307692,Cairo,0.0,2.5364592,198.74841,43.100956,33.344715,18.246084,-0.47888184,-1.9785004,0.13481244,10.107965,26.315964
2023-07-28,5078.34,419.4853846153846,120.88846153846154,11.264615384615384,44.11769230769231,Cairo,0.0,2.067343,170.2351,46.989857,32.236156,18.221506,0.48321024,-1.6981302,0.102301806,25.491835,45.61106
2023-07-29,5293.35,414.1476923076923,127.76307692307692,11.056153846153846,43.99615384615385,Cairo,0.0,3.589977,147.25108,61.13881,29.455393,19.850006,2.003886,-2.955597,0.08487868,16.714615,54.79093
2023-07-30,5270.610000000001,416.47846153846154,124.62846153846155,11.15846153846154,43.871538461538464,Cairo,0.0,2.823169,133.28473,58.039932,29.042877,19.038157,2.0760548,-1.910024,0.054008763,19.22229,60.69479
2023-07-31,5201.14,419.53846153846155,121.52153846153846,11.167692307692308,43.74384615384615,Cairo,0.0,2.0346556,122.209785,59.546192,29.151926,19.188873,1.7436472,-1.0267944,0.05473209,20.874699,70.615326
2023-08-01,5189.22,420.63615384615383,124.40615384615384,11.127692307692307,43.614615384615384,Cairo,0.0,1.8816859,153.0564,56.67943,29.988028,18.942373,1.1216074,-1.0437876,0.07364451,15.061014,43.25272
2023-08-02,5147.16,427.6823076923077,118.50153846153846,11.196923076923078,43.47846153846154,Cairo,0.0,2.3516033,177.34435,51.957584,31.525217,19.087229,0.51693726,-1.2209524,0.059439577,14.656078,37.958157
2023-08-03,5254.48,426.4484615384615,122.9076923076923,11.195384615384615,43.34076923076923,Cairo,0.0,2.440433,194.27452,52.319916,29.845041,17.811106,-0.31940207,-2.3159382,0.030526342,12.550892,21.538742
2023-08-04,5297.33,429.4561538461539,122.49153846153845,11.228461538461538,43.19923076923077,Cairo,0.0,2.7290812,192.585,52.86964,29.646555,17.91096,-0.3265686,-2.5376892,0.00990171,12.122557,20.462482
2023-08-05,5292.6,433.1815384615384,122.12692307692308,11.26923076923077,43.05538461538462,Cairo,0.0,2.3271787,146.11266,44.244854,30.633698,15.902985,0.5203654,-1.7967478,0.014432896,10.660707,19.406973
2023-08-06,5154.76,427.6853846153846,122.14,11.103076923076923,42.90538461538461,Cairo,0.0,2.5128968,141.78539,32.97147,33.530914,13.909413,0.5090129,0.9341736,0.16787235,21.63577,53.591125
2023-08-07,5112.89,414.56,126.43384615384615,10.807692307692308,42.75461538461538,Cairo,0.0,2.641094,191.38628,39.47462,33.139965,16.833323,-0.23490906,-2.4289703,0.11288622,24.637209,49.750244
2023-08-08,5215.0599999999995,410.8723076923077,129.98384615384614,10.779230769230768,42.599230769230765,Cairo,0.0,3.0097134,172.08736,59.561245,30.2788,20.781158,0.50765485,-2.6666667,0.061162155,13.826615,22.800068
2023-08-09,5265.95,419.5153846153846,127.84923076923077,10.883846153846154,42.440000000000005,Cairo,4.7683716e-07,2.4042513,173.21428,55.875996,28.955393,18.56005,0.4207357,-2.2474518,0.021603938,11.052839,19.914017
2023-08-10,5237.79,398.45923076923077,142.72846153846154,10.582307692307692,42.27846153846154,Cairo,0.0,2.821523,164.19795,58.702576,29.261627,19.534983,0.8864848,-2.6228485,0.0151233,13.813227,26.850754
2023-08-11,5354.38,398.71846153846155,143.54538461538462,10.65230769230769,42.112307692307695,Cairo,3.8146973e-06,3.9617803,177.69519,60.983276,28.043936,19.304026,0.1305135,-3.9364574,0.0025343332,14.411242,24.532173
2023-08-12,5121.49,373.15538461538466,146.87846153846155,10.037692307692309,41.94461538461538,Cairo,0.0,4.28268,185.50005,59.151016,28.508698,19.310293,-0.4203135,-4.2503204,0.057363052,14.910139,24.670414
2023-08-13,4617.17,290.3046153846154,182.89846153846153,9.113846153846154,41.77384615384615,Cairo,8.583069e-06,3.8984668,175.69037,64.37497,28.802237,21.0371,0.27440897,-3.8319702,0.10515902,12.8611965,28.196795
2023-08-14,5226.52,393.7761538461539,140.9953846153846,10.333846153846155,41.599230769230765,Cairo,0.0,3.6075668,151.77283,65.838264,28.51594,20.786285,1.6882681,-3.1866302,0.10980504,13.336015,28.384098
2023-08-15,5207.39,381.76307692307694,149.29923076923077,10.192307692307692,41.41923076923077,Cairo,1.4305115e-06,3.7192862,165.80128,65.64889,28.28425,20.459463,0.7582245,-3.5958607,0.06874019,13.218509,26.981651
2023-08-16,5189.54,377.20461538461535,152.65307692307692,10.126923076923077,41.23846153846154,Cairo,0.0,3.593232,169.41693,64.09214,28.385569,20.33194,0.6635437,-3.530426,0.052562237,13.761412,29.747923
2023-08-17,5071.54,374.4561538461539,146.95538461538462,9.879999999999999,41.05461538461539,Cairo,4.7683716e-07,3.1459005,165.88708,63.176422,28.441721,20.190826,0.78227234,-3.0459137,0.028673239,14.367248,32.77451
2023-08-18,5300.81,405.0646153846154,140.16076923076923,10.353076923076923,40.86538461538461,Cairo,9.059906e-06,2.8361456,173.45988,63.376205,28.241037,19.889557,0.40626016,-2.7670796,0.038839832,17.211353,44.214355
2023-08-19,5377.67,416.6730769230769,135.55769230769232,10.428461538461537,40.675384615384615,Cairo,4.7683716e-07,2.8961308,182.77539,61.257145,28.292307,19.516672,-0.107396446,-2.885976,0.03589802,15.344434,29.51423
2023-08-20,5321.85,402.76,140.43769230769232,10.179230769230768,40.48076923076923,Cairo,1.9073486e-06,3.3331983,193.64519,60.522106,28.05964,19.225983,-0.66307575,-3.2176056,0.0228731,14.989281,29.25444
2023-08-21,5430.26,420.97076923076924,133.73461538461538,10.456153846153846,40.283846153846156,Cairo,3.8146973e-06,3.1994998,191.42705,58.537678,28.238434,18.89623,-0.53616333,-3.111501,0.024281425,16.85299,31.050314
2023-08-22,5409.43,424.8992307692308,129.81230769230768,10.406923076923077,40.08538461538462,Cairo,0.0,3.2868302,206.63069,58.285553,28.430002,18.924713,-1.2979838,-2.939865,0.029848617,17.239826,32.333305
2023-08-23,5414.4,430.95923076923077,129.28307692307692,10.476153846153846,39.88153846153846,Cairo,0.0,2.8982146,208.21448,57.245102,28.627594,18.339182,-1.1777242,-2.440623,0.031930156,15.611407,27.175152
2023-08-24,5476.5199999999995,432.91615384615386,130.50384615384615,10.469999999999999,39.676923076923075,Cairo,0.0,3.3932273,201.35274,60.491154,28.255035,18.957102,-1.0095316,-3.0367432,0.01674494,16.170225,25.360195
2023-08-25,5294.66,404.6461538461538,140.35,10.056153846153846,39.46615384615385,Cairo,0.0,2.9404297,189.71681,63.17102,28.461823,20.182037,-0.011627197,-2.7678833,0.041578893,16.096579,27.685135
2023-08-26,5324.89,413.0123076923077,136.22076923076924,10.073076923076922,39.25615384615384,Cairo,0.0,3.1664534,188.51436,62.9193,29.120352,20.396555,-0.3066813,-3.0587056,0.060043238,14.955046,26.56891
2023-08-27,5210.75,405.22923076923075,138.7669230769231,9.922307692307694,39.042307692307695,Cairo,4.7683716e-07,2.3936112,175.5671,56.104294,29.99112,19.23176,0.5696055,-1.958959,0.08029437,20.821379,38.110584
2023-08-28,5288.93,407.7261538461538,138.8446153846154,9.927692307692308,38.824615384615385,Cairo,0.0,2.7156875,148.37984,57.116383,30.13378,19.611969,1.5496877,-1.9493713,0.051717363,18.377258,30.649569
2023-08-29,5358.62,408.2346153846154,141.8446153846154,9.959999999999999,38.60307692307693,Cairo,4.7683716e-07,2.8411725,126.0301,61.769016,29.115143,19.95279,2.2367146,-1.6769308,0.02028712,18.686264,44.58856
2023-08-30,5344.55,426.66538461538465,132.19076923076923,10.103846153846153,38.38153846153846,Cairo,0.0,2.2656596,218.479,54.717564,29.297354,18.237131,-0.94525653,-1.8065542,0.026892466,14.999142,26.867804
2023-08-31,5286.95,412.77153846153846,134.93076923076922,9.829230769230769,38.15692307692307,Cairo,0.0,3.1148503,209.1275,57.62921,30.677073,20.483145,-1.1312052,-2.703354,0.1849082,15.930198,35.24137
2023-09-01,5248.88,419.24666666666667,160.47833333333332,10.340833333333334,41.0,Cairo,9.536743e-07,3.8588917,197.31714,66.888,29.142405,21.70466,-1.120163,-3.6577504,0.111427434,11.552683,22.245384
2023-09-02,5321.99,431.0925,157.5525,10.465833333333334,40.77,Cairo,0.0,3.6114385,190.21948,62.702168,28.446442,19.992178,-0.44825235,-3.47318,0.113888994,8.727292,19.478539
2023-09-03,4957.57,350.65916666666664,196.45666666666668,9.676666666666666,40.54333333333333,Cairo,0.0,3.1341982,161.61961,62.23607,28.262848,19.66796,0.9658305,-2.9786274,0.042328674,17.795616,39.750244
2023-09-04,5298.37,433.9375,160.97416666666666,10.476666666666667,40.30833333333333,Cairo,0.0,1.7121925,147.81868,59.878937,28.32901,18.900137,0.9914296,-1.2454885,0.02716975,18.524494,36.069664
2023-09-05,5372.24,467.75083333333333,141.82,10.683333333333332,40.075833333333335,Cairo,0.0,2.2539036,206.15753,52.99553,30.254385,18.129303,-0.12694804,1.1773224,0.08334328,25.832022,74.98329
2023-09-06,5325.15,482.61083333333335,138.13916666666668,10.826666666666666,39.8375,Cairo,0.0,2.0023668,267.9071,28.536428,32.02522,11.149567,0.13430786,0.52789813,0.12964864,20.971577,71.6626
2023-09-07,5161.56,448.54333333333335,152.42,10.434166666666666,39.597500000000004,Cairo,0.0,2.8553,287.29327,31.813515,33.85448,14.03889,-2.3389637,0.18136089,0.10668536,11.949613,32.90776
2023-09-08,5257.77,436.50666666666666,157.8375,10.2675,39.3575,Cairo,0.0,3.193615,172.54138,30.74369,32.761547,12.97582,2.0746815,0.53008014,0.20264879,16.273193,63.373634
2023-09-09,5258.26,455.51416666666665,147.23166666666665,10.359166666666667,39.11333333333334,Cairo,0.0,1.7734499,234.63574,40.17126,31.714102,15.736888,0.011856079,-0.7378591,0.21457057,19.136045,110.566666
2023-09-10,5314.35,464.44666666666666,143.01416666666668,10.385,38.8675,Cairo,0.0,2.1352026,228.37947,44.549976,31.916006,17.142569,-0.7235463,-1.1292877,0.15436886,9.891642,48.80191
2023-09-11,5231.01,421.8675,163.17499999999998,9.970833333333333,38.62083333333333,Cairo,0.0,3.758292,116.157875,35.343433,32.679188,14.961578,0.68488055,2.193395,0.19434114,18.276367,92.932014
2023-09-12,2355.19,60.08166666666667,200.6925,4.931666666666667,38.37,Cairo,1.04904175e-05,4.940205,41.46059,44.428207,29.252676,15.723378,3.125234,3.4584706,0.5408288,69.34273,331.13516
2023-09-13,5094.66,381.9533333333333,180.77,9.538333333333334,38.119166666666665,Cairo,3.6239624e-05,3.6071475,152.55966,60.979645,29.160309,19.63207,1.6272074,-3.2043152,0.171946,19.092281,54.197475
2023-09-14,5326.33,435.5975,158.67833333333334,9.961666666666668,37.8675,Cairo,0.0,2.4118073,172.1338,60.950306,27.467356,18.071035,0.20562744,-2.35348,0.030278634,12.271107,29.855373
2023-09-15,5317.81,428.1558333333333,164.01250000000002,9.888333333333334,37.611666666666665,Cairo,0.0,2.8650768,181.34517,59.45584,27.889963,18.055002,0.014892578,-2.8026276,0.0051193684,11.910046,20.658398
2023-09-16,5354.51,431.3858333333333,160.16083333333333,9.8275,37.35666666666666,Cairo,0.0,3.042413,183.09285,59.04198,27.434317,17.872385,-0.17480977,-3.027649,0.01354751,10.763161,18.900875
2023-09-17,5407.92,457.0391666666667,148.70083333333335,9.98,37.098333333333336,Cairo,0.0,2.594367,192.85095,55.57263,27.69335,16.741201,-0.5103302,-2.518336,0.021537034,10.365246,16.000568
2023-09-18,5127.7300000000005,407.0316666666667,166.00916666666666,9.453333333333333,36.83833333333333,Cairo,2.861023e-06,2.5599804,162.66,64.266304,27.730295,19.270172,0.94480896,-2.2312877,0.034122057,12.473846,22.412018
2023-09-19,5176.52,401.2208333333333,170.90333333333334,9.387500000000001,36.579166666666666,Cairo,0.0,2.1224089,129.82716,61.36774,27.438059,18.273672,1.5924479,-1.192393,0.046857342,18.721375,36.3332
2023-09-20,5366.59,439.19,153.36833333333334,9.62,36.3175,Cairo,0.0,2.6068008,161.6645,62.149006,27.272776,18.492584,0.85261536,-2.456899,0.029669086,13.785175,24.31404
2023-09-21,5348.54,438.83916666666664,152.46416666666667,9.548333333333334,36.053333333333335,Cairo,0.0,2.7333584,181.43294,62.95575,27.132803,18.718332,-0.12230428,-2.709381,0.018165903,15.059328,28.215527
2023-09-22,5277.15,414.9725,166.40416666666667,9.390833333333333,35.79,Cairo,4.7683716e-07,3.4223435,200.38774,65.10597,27.510162,19.447744,-1.2534281,-3.171529,0.013161726,13.322044,23.967224
2023-09-23,5434.82,450.8441666666667,150.6275,9.602500000000001,35.524166666666666,Cairo,0.0,3.1338675,189.48999,64.34558,27.7259,19.04304,-0.4770762,-3.0883484,0.017667873,9.220827,19.368145
2023-09-24,5403.45,461.0433333333333,146.17166666666665,9.628333333333332,35.2575,Cairo,0.0,1.9398495,172.8184,59.504116,27.031973,16.982574,0.23120117,-1.9173483,0.02273786,11.870501,25.693134
2023-09-25,5275.17,438.29749999999996,156.22333333333333,9.409166666666666,34.99,Cairo,0.0,2.3123417,176.85283,54.146664,28.173574,17.010244,0.06503296,-2.253601,0.02335029,14.805403,28.082912
2023-09-26,5272.46,438.49499999999995,153.5925,9.329166666666667,34.722500000000004,Cairo,0.0,2.6086066,198.34613,56.90277,27.976877,17.246817,-0.725235,-2.4833527,0.033482343,19.097569,39.40151
2023-09-27,5381.01,458.31166666666667,148.1225,9.465,34.4525,Cairo,0.0,2.4492834,232.36743,50.278645,29.159576,15.952708,-1.8214213,-1.57223,0.047504097,18.982676,40.10263
2023-09-28,5334.67,442.875,152.88333333333335,9.266666666666667,34.185,Cairo,0.0,4.143787,241.17058,44.127483,29.983633,14.46109,-3.5398865,-2.060669,0.03861565,12.785716,22.581896
2023-09-29,5313.88,444.36583333333334,147.99416666666664,9.154166666666667,33.913333333333334,Cairo,0.0,3.7542708,219.33362,53.43631,29.685862,17.833405,-2.2245789,-2.8918812,0.06751062,14.615653,27.723919
2023-09-30,2763.3,112.47416666666668,192.13583333333335,5.286666666666666,33.6425,Cairo,0.0,3.4368496,212.5801,57.75273,28.702219,18.411041,-1.8097839,-2.9007518,0.11455143,13.269648,37.502296
2023-10-01,3393.47,152.87333333333333,219.30166666666665,6.338333333333334,33.369166666666665,Cairo,0.0,2.8776667,152.53255,55.880005,27.450836,17.37963,1.4810537,-2.2934468,0.07397355,9.455761,16.895584
2023-10-02,2195.33,69.14583333333333,172.6425,4.318333333333333,33.09916666666667,Cairo,0.0,2.002782,127.36193,56.555775,26.013418,16.496897,1.574173,-1.0647634,0.034811497,14.535902,26.859951
2023-10-03,4533.53,308.695,186.90083333333334,7.789166666666667,32.82833333333333,Cairo,0.0,1.9673942,132.14514,54.765606,25.291656,14.944407,1.435257,-1.2473602,0.03194633,17.637863,34.188774
2023-10-04,4059.3799999999997,268.37083333333334,175.70666666666668,7.070833333333334,32.55583333333333,Cairo,0.0,2.294285,190.73833,58.464306,26.131662,16.850494,-0.4301351,-2.2365978,0.07439255,14.9329815,26.555483
2023-10-05,4280.05,250.11833333333334,213.02416666666667,7.339166666666666,32.28416666666667,Cairo,0.0,3.6813176,206.74199,60.040493,27.302155,18.355703,-1.7069346,-3.2167053,0.113303736,9.130825,20.256105
2023-10-06,5189.28,409.39166666666665,153.79583333333332,8.469166666666666,32.01,Cairo,4.7683716e-07,3.9276812,192.85822,63.07788,26.485748,17.916086,-0.8498993,-3.8300934,0.03451795,10.046791,19.049458
2023-10-07,4665.69,322.9291666666667,180.04749999999999,7.704166666666667,31.7375,Cairo,0.0,3.3950145,196.46948,63.23097,25.203848,16.906809,-0.98699445,-3.2282817,0.04159404,11.660269,22.098661
2023-10-08,4139.86,278.13166666666666,171.08,6.914166666666667,31.46666666666667,Cairo,0.0,3.4178762,200.04675,58.601933,25.783762,16.594961,-0.98917645,-2.885315,0.07144359,11.529975,21.435371
2023-10-09,4774.5199999999995,353.1266666666666,165.49666666666667,7.786666666666666,31.194166666666664,Cairo,0.0,4.3939705,184.67601,60.607746,26.75178,18.108469,-0.19988506,-4.1869507,0.16062246,15.00165,30.689196
2023-10-10,5152.98,396.7,162.65,8.224166666666667,30.923333333333332,Cairo,0.0,2.728777,152.19551,57.71052,25.633291,16.112131,1.3218485,-2.3250072,0.024006825,14.982012,28.180626
2023-10-11,5047.37,393.24500000000006,156.05166666666665,8.088333333333333,30.65416666666667,Cairo,2.3841858e-06,2.511632,133.01106,61.768696,24.809153,16.220123,1.8894043,-1.5212454,0.028909052,16.476332,32.95005
2023-10-12,5189.14,423.2708333333333,145.98333333333332,8.250833333333334,30.383333333333336,Cairo,0.0,1.9213911,136.60547,57.567474,24.847483,15.426666,1.3408254,-1.1233927,0.023185665,15.929674,33.489857
2023-10-13,4816.7,340.29833333333335,180.30666666666664,7.666666666666667,30.114166666666666,Cairo,0.0,2.4667873,166.42659,58.574215,24.998362,15.767731,0.40486145,-2.3769073,0.014291666,16.192276,28.026337
2023-10-14,5088.62,405.64416666666665,148.75416666666666,7.994166666666666,29.843333333333334,Cairo,0.0,2.3402538,163.3928,60.595272,24.241608,15.25943,0.88104755,-2.0410664,0.012339888,13.604563,24.56598
2023-10-15,4970.24,371.1741666666667,166.41666666666666,7.760833333333333,29.5775,Cairo,0.0,2.1608055,155.01918,47.835175,24.775461,12.501536,1.3203735,-0.77878314,0.036463127,15.399433,30.967472
2023-10-16,5257.61,426.6991666666667,142.50583333333333,8.040000000000001,29.310000000000002,Cairo,0.0,1.888978,119.36428,58.319706,24.122223,14.842113,1.4028625,-0.45866904,0.011641258,15.503881,28.229576
2023-10-17,5212.18,431.2366666666667,139.17666666666668,8.012500000000001,29.043333333333333,Cairo,0.0,2.035288,138.04797,62.687885,24.084055,15.492909,1.3025564,-1.4359741,0.021217631,21.000908,38.081375
2023-10-18,4083.9700000000003,278.25416666666666,163.895,6.523333333333333,28.779166666666665,Cairo,0.0,2.5694115,156.88579,59.491047,24.26415,15.155589,0.9267934,-2.378006,0.020086527,19.596409,34.98815
2023-10-19,5330.57,500.25636363636363,138.58818181818182,8.799999999999999,30.982727272727274,Cairo,0.0,1.9943434,202.10814,58.318867,24.407623,14.80956,-0.38727316,-1.899465,0.039253373,13.153266,27.689793
2023-10-20,5364.34,505.88545454545454,138.0290909090909,8.799999999999999,30.70909090909091,Cairo,0.0,2.244646,233.9502,50.731808,24.779694,12.928456,-0.8472697,-1.3338623,0.041031204,12.122307,24.375599
2023-10-21,5410.69,551.252,149.96099999999998,9.534,33.376999999999995,Cairo,0.0,2.9643476,228.87146,56.045578,24.586578,14.713857,-1.9040121,-1.9868622,0.021494074,9.768085,20.5673
2023-10-22,5200.94,514.2439999999999,162.566,9.262,33.103,Cairo,0.0,2.6824944,202.67409,65.85378,24.108389,16.659903,-1.0355173,-2.4577534,0.028919546,10.820754,23.503273
2023-10-23,4891.17,475.581,167.643,8.893,32.831,Cairo,0.0,2.5645845,194.80382,70.830376,24.779856,18.497305,-0.6296895,-2.4689128,0.07485517,24.320415,63.90937
2023-10-24,4955.92,466.78100000000006,176.21300000000002,8.857000000000001,32.558,Cairo,1.5735626e-05,3.6681378,192.60597,73.663216,25.056793,19.215078,-0.8659973,-3.5519867,0.17294574,24.283352,99.292625
2023-10-25,5028.91,491.45799999999997,160.42000000000002,8.879000000000001,32.287,Cairo,0.0,3.8982594,214.10645,74.03321,25.01065,19.182444,-2.2864125,-3.0965831,0.10115498,24.73041,59.54333
2023-10-26,5071.45,541.3050000000001,148.237,9.161,32.024,Cairo,1.9073486e-06,1.9585357,175.20323,70.97909,26.391916,19.124502,-0.66960144,-0.8620453,0.07950389,26.01931,69.64966
2023-10-27,3758.22,282.543,212.108,7.220000000000001,31.756999999999998,Cairo,0.0,1.9164397,143.42061,70.79368,26.155182,19.868643,1.1524658,-1.5280508,0.1424622,31.117954,68.09517
2023-10-28,4953.78,497.62600000000003,155.042,8.7,31.493000000000002,Cairo,0.0,2.4860182,203.16524,73.272415,25.45108,19.275705,-0.97305804,-2.2862701,0.11516567,29.419502,62.28605
2023-10-29,4731.73,462.03000000000003,159.76600000000002,8.355,31.232,Cairo,9.536743e-07,3.5294392,214.16402,73.95701,25.999338,19.982492,-1.993281,-2.9070537,0.1290648,20.338074,51.577194
2023-10-30,3988.27,327.954,196.022,7.4030000000000005,30.974,Cairo,8.583069e-06,2.95173,186.48662,73.9546,25.986725,20.358225,-0.2607778,-2.7693584,0.09391216,21.062782,47.119503
2023-10-31,4302.71,374.944,192.804,7.764,30.719,Cairo,0.0,2.0125692,146.16304,71.82552,25.526438,19.44571,1.0908407,-1.6145325,0.042073246,23.14051,44.6896
2023-11-01,4340.39,377.40700000000004,187.898,7.671000000000001,30.466,Cairo,0.0,2.4212825,166.97998,70.51704,24.683014,18.37206,0.46955872,-2.347824,0.060745105,28.881079,66.35302
2023-11-02,4749.37,459.483,161.786,8.178,30.216,Cairo,0.0,3.1336205,176.57683,69.93145,24.825998,18.37255,0.17925008,-3.119339,0.03506636,15.583828,33.62167
2023-11-03,5166.74,537.452,142.86100000000002,8.626000000000001,29.969,Cairo,0.0,2.4849327,225.86311,66.47378,25.04426,17.093252,-1.4719747,-1.7435455,0.055501457,12.440382,27.558067
2023-11-04,5271.57,560.887,137.09199999999998,8.75,29.725,Cairo,0.0,2.6774416,229.64447,53.110813,25.775705,13.722972,-1.8442179,-1.7580109,0.07018765,13.600023,38.205025
2023-11-05,5259.4,551.759,139.11100000000002,8.631,29.482999999999997,Cairo,1.9073486e-06,2.743453,217.61426,63.06088,24.293936,15.18098,-1.4989573,-2.2043,0.042186722,14.002173,38.892467
2023-11-06,5214.22,552.966,137.597,8.581,29.246,Cairo,0.0,2.4557128,225.53682,60.434692,24.2718,14.024974,-1.3831838,-1.7410736,0.05175682,15.318425,37.766365
2023-11-07,5206.52,539.984,140.52100000000002,8.45,29.009000000000004,Cairo,0.0,2.6566372,218.00087,56.67192,23.88215,13.659821,-1.5653177,-2.129247,0.03054183,17.127808,37.3964
2023-11-08,5136.41,506.696,152.174,8.211,28.778,Cairo,9.536743e-07,3.7456992,222.2664,74.8508,23.623117,17.980215,-2.5107727,-2.7781475,0.017285902,16.88375,36.094322
2023-11-09,5211.26,528.7940000000001,141.957,8.248000000000001,28.551,Cairo,0.0,3.6769173,214.64954,73.468636,23.271067,17.59195,-1.9555511,-2.7579243,0.014629306,11.689192,21.810429
2023-11-10,5013.36,487.496,154.072,8.0,28.325,Cairo,4.7683716e-07,3.614996,225.34123,72.2268,23.317617,17.350088,-2.541814,-2.5289562,0.009595692,14.485753,24.412838
2023-11-11,3367.54,237.225,197.14600000000002,6.21,28.104000000000003,Cairo,0.0,3.76939,230.50769,70.566826,22.918936,16.49584,-2.9436595,-2.3384044,0.026936293,12.581254,21.622627
2023-11-12,1027.84,36.454,105.673,2.347,27.885,Cairo,8.1539154e-05,3.0035665,202.5299,68.79742,23.577057,17.180817,-0.50830585,-2.0217438,0.10512221,16.467516,37.65617
2023-11-13,4058.5,354.38,176.33499999999998,6.929,27.673000000000002,Cairo,0.0,2.4301996,189.57872,78.31681,23.48819,19.114899,-0.32941183,-2.1216736,0.057474263,31.011173,71.200165
2023-11-14,4288.36,374.29200000000003,167.809,6.8,27.464,Cairo,2.4318695e-05,3.210675,107.97354,73.27732,22.342031,16.646719,2.932846,-0.79700214,0.010971591,15.982088,26.089355
2023-11-15,3259.37,240.39900000000003,178.23,5.857,27.259000000000004,Cairo,9.536743e-07,2.5689058,107.93827,62.706757,21.972727,14.173329,1.8904724,-0.8801829,0.00436146,12.525046,28.142166
2023-11-16,4920.27,494.012,147.481,7.694,27.058,Cairo,0.0,1.3501801,94.63921,67.89492,21.025625,14.415517,0.95470685,-0.8363851,0.0050660702,16.629154,29.935196
2023-11-17,3247.24,211.01100000000002,205.18099999999998,5.872,26.859,Cairo,0.0,1.2629104,129.01117,69.371574,21.249176,15.098297,0.31052652,-0.8003184,0.004876245,18.554598,35.436478
2023-11-18,4385.24,393.312,173.001,7.072,26.665,Cairo,0.0,1.4633254,155.12083,67.60615,21.696442,14.887767,0.6191152,-0.46803284,0.0016344443,20.23555,32.33075
2023-11-19,3738.2400000000002,275.14099999999996,184.893,6.0969999999999995,26.477999999999998,Cairo,0.0,5.6255,58.769623,58.890472,20.566559,11.978424,4.7351127,2.0948436,0.1854855,21.148596,109.402725
2023-11-20,2210.51,129.298,149.365,4.085,26.294,Cairo,4.7683716e-07,3.261543,90.42634,63.43976,17.870514,10.625966,3.0182087,-0.20074463,0.0041380776,11.044583,22.271769
2023-11-21,5100.86,518.262,138.699,7.625,26.113999999999997,Cairo,0.0,1.1986421,246.04189,60.931015,19.255524,10.888092,-0.54512024,-0.46598306,0.001057346,15.101453,29.625874
2023-11-22,4017.67,360.463,158.46300000000002,6.423,25.940999999999995,Cairo,0.0,3.0421238,177.80183,57.59023,19.447256,9.965566,-1.5528361,-0.33340964,0.0058202464,7.1778064,16.086285
2023-11-23,5053.24,521.825,137.417,7.609,25.769,Cairo,0.0,1.6444432,265.50552,52.11198,18.826162,8.14973,0.036061604,0.8740794,0.028229821,19.019453,40.787712
2023-11-24,5017.74,529.019,132.801,7.635,25.604000000000003,Cairo,0.0,1.1529413,225.59785,48.29185,19.412018,7.414866,-0.11619568,0.8292033,0.008840138,24.01425,37.83573
2023-11-25,1928.79,69.54,178.661,4.084,25.445,Cairo,0.0,4.7142215,238.765,39.89139,19.901276,5.323639,0.31837463,4.596598,0.10271088,20.192627,119.12966
2023-11-26,4985.12,458.66099999999994,157.432,7.202,25.288,Cairo,0.0,4.87696,44.834576,34.306843,20.092682,3.6332092,3.4132385,3.0479023,0.21642366,38.5394,197.54242
2023-11-27,4748.03,429.316,156.603,6.886,25.139000000000003,Cairo,0.0,3.551181,98.37347,53.893314,18.484528,8.723297,3.2411041,-0.7337494,0.13303684,28.938902,91.92913
2023-11-28,4104.03,350.57599999999996,163.41299999999998,6.419,24.993000000000002,Cairo,0.0,2.1915786,242.37508,58.014847,16.879385,7.7754617,-1.8221537,-1.167572,0.002327138,10.231241,18.345276
2023-11-29,5140.73,501.43600000000004,141.493,7.279999999999999,24.853,Cairo,0.0,3.2930043,233.29424,53.235867,17.84439,7.570791,-2.6357574,-1.9710846,0.00954986,7.265239,15.116413
2023-11-30,5152.2300000000005,513.347,134.06300000000002,7.267,24.718,Cairo,0.0,3.452245,226.26562,64.59821,17.846832,10.447499,-2.2921295,-2.3665721,0.010251235,10.236609,20.611073
2023-12-01,4805.23,441.971,155.358,6.873,24.589,Cairo,0.0,4.0327435,218.43788,70.69095,18.26529,12.129791,-2.460317,-3.1861877,0.011566697,11.130753,24.637365
2023-12-02,4688.55,419.28599999999994,162.551,6.706999999999999,24.466,Cairo,0.0,4.163534,212.4977,69.97906,18.67048,12.457103,-2.258667,-3.4957073,0.008282181,10.257199,20.264488
2023-12-03,4624.86,435.608,148.875,6.813,24.348,Cairo,0.0,3.4289696,224.98405,72.76733,19.721018,13.942454,-2.4075062,-2.4141338,0.03792751,19.259151,50.496666
2023-12-04,4676.35,478.476,133.523,6.993,24.234,Cairo,5.2452087e-06,1.6540341,210.75494,73.19311,19.038157,13.386708,0.38293967,-0.09222412,0.038446102,35.83203,75.77194
2023-12-05,4114.97,373.95,149.956,6.2829999999999995,24.127000000000002,Cairo,4.7683716e-07,1.8115416,181.8579,80.36851,17.246408,13.38736,-0.010350545,-1.4421335,0.04050085,30.247587,53.547237
2023-12-06,4035.12,352.229,157.39100000000002,6.162,24.024,Cairo,0.0,2.565944,57.747326,70.197784,18.445547,12.246735,2.0574696,0.9625346,0.030926557,27.719898,48.794033
2023-12-07,3385.23,256.50300000000004,173.666,5.351,23.928,Cairo,0.0,1.174193,163.06038,55.969543,17.48583,8.021637,0.57966614,0.7177124,0.0590897,21.15707,82.97804
2023-12-08,2649.41,157.285,176.142,4.602,23.84,Cairo,0.0,1.7968189,225.28438,57.46387,15.978505,7.080068,0.7331746,0.06704203,0.048335258,22.857763,63.88414
2023-12-09,4294.6900000000005,384.75,157.137,6.4,23.753999999999998,Cairo,0.0,2.0176036,28.988007,52.458942,16.305899,6.1743064,0.7491252,1.7095642,0.0672416,11.336348,50.891945
2023-12-10,4382.61,380.35,174.88299999999998,6.399,23.676,Cairo,0.0,2.1795967,187.51038,50.95892,16.621979,5.3667703,-1.6493326,0.5234019,0.05563537,21.899715,54.825573
2023-12-11,4957.29,485.832,136.228,6.873,23.603,Cairo,0.0,2.6939533,251.64326,41.85559,17.230621,3.665273,1.0741934,2.170639,0.056445017,19.096731,43.21055
2023-12-12,4611.87,433.258,143.913,6.539,23.535,Cairo,9.059906e-06,2.5378149,62.923847,52.85716,15.984283,6.164785,1.6802012,0.5545349,0.056314774,18.172077,48.947624
2023-12-13,2987.5,223.16,148.465,4.775,23.476,Cairo,9.727478e-05,3.0440416,78.94897,75.66542,16.82486,12.182526,2.6372478,0.37132773,0.0034359822,9.940266,19.625732
2023-12-14,3987.31,357.852,155.22,6.034000000000001,23.421,Cairo,0.0,1.2080407,50.527058,63.324932,19.086823,11.585602,0.58896893,0.69150287,0.036239356,18.53175,53.718346
2023-12-15,4877.63,499.20500000000004,130.204,6.885,23.372,Cairo,0.0,1.5797052,270.8743,61.869587,18.543283,9.891022,-1.5392557,0.16982524,0.008705904,16.49608,29.875153
2023-12-16,4874.53,497.378,131.798,6.904999999999999,23.329,Cairo,0.0,1.8148135,240.09216,51.295795,18.160147,7.1812234,0.07777405,1.5374298,0.012998816,16.783594,32.655518
2023-12-17,4316.23,390.26,152.792,6.327,23.293,Cairo,0.0,3.0594673,223.37834,60.798016,16.93928,8.893788,-1.9563192,-2.2677104,0.01287683,24.644749,43.889687
2023-12-18,3835.79,294.54200000000003,178.828,5.76,23.262,Cairo,0.0,3.970414,197.73126,72.43213,17.917145,12.116771,-1.2421774,-3.7526245,0.0075528407,10.720119,20.727814
2023-12-19,4210.6,346.416,170.932,6.077,23.238,Cairo,0.0,4.2161317,211.79279,74.41334,17.043203,11.655589,-2.2433472,-3.529775,0.006712812,13.719415,27.377495
2023-12-20,2742.4,171.924,169.394,4.5840000000000005,23.222,Cairo,0.0,2.5039377,220.57881,68.68443,15.501536,9.277985,-1.6218262,-1.8187052,0.013098195,14.039929,31.127537
2023-12-21,2866.2799999999997,178.92000000000002,172.16500000000002,4.702,23.207,Cairo,0.0,4.847027,20.71705,60.854008,15.750478,7.988678,1.8922323,4.0012155,0.038292386,15.25959,33.203735
2023-12-22,4745.6,423.629,149.398,6.494,23.201999999999998,Cairo,0.0,5.294745,40.42444,44.03364,15.28067,3.028473,3.2866058,3.465459,0.1878506,42.8198,163.77223
2023-12-23,4112.63,327.892,170.399,5.911,23.203,Cairo,4.2915344e-06,5.75502,50.637104,59.08537,16.718496,8.473704,4.3436837,3.2358654,0.20041499,48.57354,167.35603
2023-12-24,2897.3,253.949,111.947,4.367,23.21,Cairo,4.2915344e-06,3.1980515,40.416058,59.53821,18.293283,10.102122,1.9306589,2.1655834,0.221225,41.974483,148.92566
2023-12-25,4592.11,444.06500000000005,138.738,6.5489999999999995,23.222,Cairo,0.0,1.4372989,205.96118,67.22614,17.901031,11.333893,-0.518219,-1.2998962,0.026330683,22.986574,41.728508
2023-12-26,3487.11,256.842,175.334,5.407,23.240000000000002,Cairo,0.0,3.4535894,211.53136,71.01679,17.57844,11.889069,-1.9081064,-2.8369396,0.025927033,12.692789,29.49739
2023-12-27,3189.74,233.85100000000003,164.838,5.1659999999999995,23.264,Cairo,0.0,2.955651,155.36342,74.13448,17.008371,11.682037,1.3181,-2.5079193,0.04242765,12.352675,23.577618
2023-12-28,2957.71,218.584,147.151,4.601999999999999,23.296,Cairo,0.00015068054,4.6610637,169.35295,78.61572,17.371735,13.441803,0.3904368,-4.077845,0.1121791,29.839525,83.83686
2023-12-29,3214.59,220.42,177.004,5.136,23.333000000000002,Cairo,3.8146973e-06,3.2527416,185.07214,77.603935,17.503244,13.152415,-0.35332236,-3.2202148,0.08973859,21.679005,56.30024
2023-12-30,3774.37,293.38800000000003,175.772,5.801,23.377000000000002,Cairo,0.0,2.530121,198.19373,77.50062,16.827871,12.135732,-0.85650635,-2.3556163,0.033444595,23.68322,46.958817
2023-12-31,4124.64,352.075,163.476,6.0809999999999995,23.426,Cairo,0.0,1.8790288,180.69374,88.47407,14.064117,12.188141,-0.022750854,-1.878891,0.029835671,25.061659,41.203506
