time,pv_power,irradiance_direct,irradiance_diffuse,irradiance_reflected,sun_elevation,city,tp,wind_speed,wind_direction,relative_humidity,temperature_celsius,dewpoint_celsius,u10,v10,dust_aod,pm25_ugm3,pm10_ugm3,month,season_encoded,khamaseen_flag,wind_speed_3d,wind_speed_7d,wind_speed_14d,wind_speed_max_3d,humidity_7d_avg,dew_flag,precip_7d_sum,days_since_rain,temp_variability,heatwave_flag,city_encoded
2019-01-01,3266.31,192.308,28.846199999999996,9.615400000000001,28.108,Aswan,0.0,3.0555582,162.83495,47.595577,17.302399,5.8382874,0.7578964,-2.515564,0.030978281,24.22509,35.103645,1,0,0,3.0555582,3.0555582,3.0555582,3.0555582,47.595577,0,0.0,1,0.0,0,0
2019-01-02,5367.65,502.2310000000001,75.33465000000001,25.11155000000001,28.168,Aswan,0.0,4.2952228,150.4549,36.41824,16.808868,1.4378967,1.9708176,-3.3830566,0.048327543,24.610065,36.62139,1,0,0,3.6753905000000002,3.6753905000000002,3.6753905000000002,4.2952228,42.006908499999994,0,0.0,2,0.3489791168257773,0,0
2019-01-03,5661.68,539.012,80.85179999999998,26.950599999999998,28.235000000000003,Aswan,0.0,2.5392008,149.5517,36.716064,16.285187,1.1163635,0.43293762,-2.2031097,0.16978897,72.47363,116.861465,1,0,0,3.2966606000000005,3.2966606000000005,3.2966606000000005,4.2952228,40.243293666666666,0,0.0,3,0.5086804646445541,0,0
2019-01-04,5662.78,546.5649999999999,81.98474999999999,27.328249999999997,28.307,Aswan,0.0,3.8797913,210.63736,35.38783,17.034332,1.1502991,-1.9858093,-3.329979,0.12838629,75.91519,96.31712,1,0,0,3.5714049666666665,3.442443275,3.442443275,4.2952228,39.029427749999996,0,0.0,4,0.4317065991963363,0,0
2019-01-05,5192.9,456.939,68.54085,22.846950000000003,28.386000000000003,Aswan,0.0,4.16671,173.12567,31.390617,17.934113,0.34561157,0.41278076,-4.023384,0.09552398,62.23166,78.96963,1,0,0,3.528567366666666,3.58729662,3.58729662,4.16671,37.5016656,0,0.0,5,0.609518200824799,0,0
2019-01-06,3716.89,230.23200000000003,34.534800000000004,11.511600000000001,28.467,Aswan,0.0,5.5414796,160.48706,35.61421,14.970001,-0.2585144,1.9415512,-5.1584625,0.10805529,59.835068,90.94667,1,0,0,4.529326966666667,3.912993783333333,3.912993783333333,5.5414796,37.187089666666665,0,0.0,6,1.0170037308605442,0,0
2019-01-07,4733.59,375.973,56.39595,18.798650000000002,28.558,Aswan,0.0,4.9491568,173.3953,36.61831,13.110626,-2.1481628,0.484169,-4.8757477,0.15316035,86.01074,118.57556,1,0,0,4.885782133333333,4.061017071428571,4.061017071428571,5.5414796,37.10583542857143,0,0.0,7,1.6509265867166547,0,0
2019-01-08,5956.11,579.21,86.8815,28.960500000000003,28.653,Aswan,0.0,4.4105906,172.06607,37.153152,13.9878235,-0.67489624,0.66861725,-4.3420105,0.06825782,52.916107,70.89983,1,0,0,4.967075666666666,4.254593128571428,4.1047137625,5.5414796,35.61406042857143,0,0.0,8,1.7561994825505634,0,0
2019-01-09,5819.76,549.77,82.46549999999999,27.488500000000002,28.751,Aswan,0.0,4.696101,180.48096,39.222275,14.117096,-0.5855408,-0.16066742,-4.639511,0.10769093,64.39316,92.597145,1,0,0,4.6852827999999995,4.3118614428571425,4.1704234555555555,4.9491568,36.01463685714286,0,0.0,9,1.7759478465006227,0,0
2019-01-10,4929.96,427.641,64.14615,21.382050000000003,28.857,Aswan,0.0,4.3555593,193.58194,38.72715,14.4652405,0.49441528,-0.98617554,-4.224304,0.040815167,28.605099,37.055283,1,0,0,4.487416966666666,4.571341228571429,4.18893704,4.696101,36.301934857142854,0,0.0,10,1.7489696954596776,0,0
2019-01-11,4225.55,280.271,42.04065,14.013550000000002,28.969,Aswan,0.0,3.9564137,203.51823,28.407892,16.269928,-2.7111511,-1.4477005,-3.6262894,0.01809755,29.812893,42.674828,1,0,0,4.336024666666666,4.582287285714286,4.167798554545455,4.696101,35.30480085714286,0,0.0,11,1.6268245160265105,0,0
2019-01-12,5496.7,581.337,87.20054999999999,29.066850000000002,29.086,Aswan,0.0,1.9303191,138.19833,38.036446,17.904694,3.3978271,-0.6470337,-0.85749817,0.013472335,29.59907,41.47452,1,0,0,3.4140973666666667,4.262802871428572,3.9813419333333333,4.3555593,36.254205,0,0.0,12,1.6179324409055833,0,0
2019-01-13,4105.59,278.481,41.772149999999996,13.924050000000001,29.203000000000003,Aswan,0.0,4.581829,128.0169,29.62415,18.672882,-1.5457458,2.7396698,-3.2402954,0.28021452,157.02135,223.24548,1,0,0,3.4895206,4.125709928571429,4.027533246153846,4.581829,35.39848214285714,0,0.0,13,2.1378082541010004,0,0
2019-01-14,4870.13,338.69454545454545,50.80418181818182,16.934727272727272,26.822727272727278,Aswan,0.0,4.5849314,162.12967,31.37466,15.244293,-1.8038025,1.4122391,-4.358322,0.26347134,153.06078,207.84871,1,0,0,3.6990265,4.073677728571428,4.0673474,4.5849314,34.649389285714285,0,0.0,14,1.875722727217187,0,0
2019-01-15,5799.59,505.2172727272728,75.78259090909091,25.26086363636364,26.956363636363637,Aswan,0.0,3.5038872,167.4748,40.528183,13.852081,0.03677368,0.6996994,-3.276062,0.19108121,93.49454,136.16759,1,0,0,4.2235492,3.9441486714285716,4.099370899999999,4.5849314,35.13153657142857,0,0.0,15,1.8982531392513624,0,0
2019-01-16,5340.0,530.734,79.6101,26.536700000000003,26.903,Aswan,0.0,4.0044527,133.67067,30.686409,14.135895,-4.176605,2.9032974,-2.7480698,0.095254496,53.018852,76.498215,1,0,0,4.0310904333333335,3.845341771428572,4.078601607142857,4.5849314,33.91212714285714,0,0.0,16,1.8955041232821994,0,0
2019-01-17,5357.46,416.6718181818182,62.500772727272725,20.833590909090912,27.23818181818182,Aswan,0.0,5.020294,178.8834,32.41791,13.9704895,-2.9646912,-0.07316589,-4.856346,0.16880192,105.29878,140.96906,1,0,0,4.176211299999999,3.9403038714285716,4.2558225499999995,5.020294,33.01080714285714,0,0.0,17,1.9613090832498925,0,0
2019-01-18,6001.88,536.5081818181818,80.47622727272727,26.82540909090909,27.384545454545457,Aswan,0.0,3.7512848,197.64198,37.443787,14.1510315,-0.4560852,-1.0855942,-3.5524445,0.042654626,43.47386,58.81087,1,0,0,4.258677166666667,3.910999742857143,4.246643514285714,5.020294,34.301649285714284,0,0.0,18,2.0250294345669473,0,0
2019-01-19,5903.06,539.4081818181818,80.91122727272726,26.97040909090909,27.53727272727273,Aswan,0.0,3.4516587,185.08253,35.669735,16.127472,0.35427856,-0.3405075,-3.3420944,0.021290556,25.756845,34.4381,1,0,0,4.0744125,4.128333971428572,4.195568421428572,5.020294,33.96354771428571,0,0.0,19,1.7547875753239999,0,0
2019-01-20,5777.04,537.6172727272727,80.64259090909091,26.88086363636364,27.69454545454545,Aswan,0.0,2.4357343,208.06766,36.47208,17.02774,1.4064941,-1.124054,-2.1599197,0.025774792,27.365541,41.624195,1,0,0,3.2128926,3.8217490142857145,3.973729471428572,3.7512848,34.941823428571425,0,0.0,20,1.2418532314740447,0,0
2019-01-21,5427.14,512.0118181818182,76.80177272727272,25.60059090909091,27.85272727272727,Aswan,0.0,2.4886403,160.89185,30.27605,18.508087,0.60928345,-0.5521698,-1.6262741,0.025197497,28.699144,42.462685,1,0,0,2.7920111,3.522278857142857,3.797978292857143,3.4516587,34.78487914285714,0,0.0,21,1.8455482184897847,0,0
2019-01-22,5490.9,465.33272727272725,69.79990909090908,23.266636363636366,28.01636363636364,Aswan,0.0,2.494362,180.33765,30.264585,19.865509,0.5003967,0.10810232,-2.3779984,0.053270347,40.61451,57.248295,1,0,0,2.4729122,3.3780609714285714,3.661104821428571,2.494362,33.318650857142856,0,0.0,22,2.3402935794338706,0,0
2019-01-23,5710.28,536.4972727272727,80.4745909090909,26.824863636363638,28.187272727272727,Aswan,0.0,1.926255,136.79199,25.711721,19.345123,-1.0724792,-0.762619,-1.7470856,0.10399403,74.025085,100.65236,1,0,0,2.303085766666667,3.0811755857142855,3.4632586785714286,2.494362,32.60798114285715,0,0.0,23,2.381935388182791,0,0
2019-01-24,5596.07,537.1618181818181,80.57427272727271,26.858090909090908,28.36,Aswan,0.0,2.685738,180.09798,35.287823,20.006866,3.6648254,-0.38181305,0.23512268,0.051417466,42.039436,56.711815,1,0,0,2.3687850000000004,2.7476675857142863,3.343985728571429,2.685738,33.017968714285715,0,0.0,24,2.1873669247324528,0,0
2019-01-25,4912.15,439.49818181818176,65.92472727272727,21.97490909090909,28.536363636363635,Aswan,0.0,2.986092,192.30444,23.32462,21.943878,-0.47543335,-0.72465515,-2.8837433,0.08370836,97.232285,123.190796,1,0,0,2.532695,2.6383543285714284,3.274677035714286,2.986092,31.00094485714286,0,0.0,25,1.9547901118327213,0,0
2019-01-26,4117.72,306.7236363636364,46.008545454545455,15.33618181818182,28.71818181818181,Aswan,0.0,2.293427,196.72412,25.763039,24.179962,3.2156982,-0.75977325,-1.9047165,0.06344278,67.751686,87.33453,1,0,0,2.655085666666667,2.4728926571428573,3.3006133142857146,2.986092,29.585702571428573,0,0.0,26,2.332665136850253,0,0
2019-01-27,1603.97,29.139090909090907,4.3708636363636355,1.4569545454545454,28.901818181818182,Aswan,0.0,6.519198,174.71788,32.908882,22.599274,4.3301086,1.3789749,-6.121193,0.18457383,116.60582,174.56604,1,0,0,3.9329056666666666,3.0562446142857143,3.4389968142857144,6.519198,29.076674285714287,0,0.0,27,2.0305563938966613,0,0
2019-01-28,6356.610000000001,577.9263636363636,86.68895454545454,28.89631818181818,29.09181818181818,Aswan,4.7683716e-07,5.800327,165.77005,26.183558,16.792389,-2.9773865,1.4577866,-5.5149384,0.2581447,125.09659,170.52814,1,0,0,4.870984,3.5293427142857143,3.5258107857142855,6.519198,28.492032571428574,0,4.7683716e-07,28,2.4338772570991964,0,0
2019-01-29,5746.35,499.08090909090913,74.86213636363637,24.954045454545458,29.283636363636365,Aswan,0.0,4.1783814,241.53589,33.289658,17.363922,0.2290039,-3.2758179,-1.690567,0.06810933,41.5175,56.364502,1,0,0,5.499302133333333,3.769916914285715,3.573988942857143,6.519198,28.924185857142856,0,4.7683716e-07,29,2.737463558739244,0,0
2019-01-30,6066.82,564.6718181818183,84.70077272727274,28.233590909090914,29.479090909090907,Aswan,0.0,2.5286496,103.92609,24.999046,20.246735,-1.6333923,1.4186554,-0.8259735,0.071835876,34.53795,47.78161,1,0,0,4.169119333333334,3.8559732857142857,3.468574435714286,5.800327,28.82237514285714,0,4.7683716e-07,30,2.705035601104759,0,0
2019-01-31,6215.63,571.960909090909,85.79413636363635,28.598045454545453,29.678181818181816,Aswan,0.0,4.9829826,182.19633,18.286022,19.06778,-5.703705,-0.1200943,-4.9544373,0.11792544,65.02684,94.062454,1,0,0,3.8966712,4.184151085714285,3.465909335714286,4.9829826,26.393546428571426,0,4.7683716e-07,31,2.753389804423941,0,0
2019-02-01,6024.38,537.5745454545454,80.63618181818181,26.87872727272727,29.88181818181818,Aswan,0.0,4.392165,189.26062,22.216045,18.832062,-3.979828,-0.71687317,-4.3100586,0.11277856,76.57666,100.1583,2,0,0,3.9679324,4.385018657142857,3.511686492857143,4.9829826,26.235178571428573,0,4.7683716e-07,32,2.6969000116420427,0,0
2019-02-02,5408.62,444.8645454545455,66.72968181818183,22.243227272727278,30.08818181818182,Aswan,0.0,4.7678514,185.55344,23.091291,19.323029,-2.5746765,-0.3980255,-4.7370453,0.07121361,61.00304,78.14676,2,0,0,4.714333,4.738507857142857,3.605700257142857,4.9829826,25.853500285714286,0,4.7683716e-07,33,1.9140760267284609,0,0
2019-02-03,5878.04,527.3654545454546,79.10481818181817,26.36827272727273,30.29636363636364,Aswan,0.0,3.387663,202.17377,27.924557,19.835358,0.4190979,-1.2783661,-3.1363754,0.052208353,39.301067,53.28514,2,0,0,4.1825598,4.291145714285714,3.6736951642857143,4.7678514,25.14145385714286,0,4.7683716e-07,34,1.265001614007341,0,0
2019-02-04,5575.15,518.4372727272728,77.76559090909092,25.92186363636364,30.50818181818181,Aswan,0.0,2.2895553,262.08655,45.82346,22.032867,7.071808,-2.1218262,-0.5641022,0.044220425,30.713648,41.03169,2,0,0,3.4816898999999997,3.7896069,3.659474807142857,4.7678514,27.94715414285714,0,0.0,35,1.4321767668542809,0,0
2019-02-05,5019.08,427.69,64.1535,21.384500000000003,30.722727272727276,Aswan,0.0,3.4009047,314.85617,45.9395,24.898346,11.51712,-2.534401,2.1543274,0.09048917,41.070923,66.78746,2,0,0,3.0260409999999998,3.678538799999999,3.724227857142857,3.4009047,29.754274428571428,0,0.0,36,2.1734048016485996,0,0
2019-02-06,3788.59,243.56909090909087,36.53536363636363,12.178454545454544,30.94090909090909,Aswan,0.0,3.0065985,225.40399,60.04409,23.892975,15.011444,-2.0999527,-2.1110306,0.09931868,57.807983,76.47196,2,0,0,2.8990195,3.746817214285714,3.8013952499999997,3.4009047,34.760709285714285,0,0.0,37,2.487436265194816,0,0
2019-02-07,5746.33,510.83818181818185,76.62572727272727,25.541909090909094,31.16,Aswan,4.2915344e-06,5.9349356,161.40308,37.713753,23.205963,5.9118958,1.8874817,-5.62619,0.15551698,73.64995,107.50212,2,0,0,4.114146266666666,3.8828105,4.033480792857143,5.9349356,37.53609942857143,0,4.2915344e-06,38,2.4071820666682044,0,0
2019-02-08,5616.51,457.3718181818182,68.60577272727272,22.868590909090912,31.384545454545457,Aswan,0.0,5.503553,160.28912,26.127048,20.103546,0.06021118,1.8078766,-5.1693573,0.2182095,93.96948,129.87877,2,0,0,4.815029033333333,4.041580214285714,4.213299435714285,5.9349356,38.094814142857146,0,4.2915344e-06,39,2.1914981644472955,0,0
2019-02-09,6047.67,536.6172727272727,80.49259090909091,26.830863636363638,31.60909090909091,Aswan,0.0,5.153493,168.29352,34.00906,18.17508,1.3055725,1.0453033,-5.046364,0.1575695,63.47,91.97026,2,0,0,5.530660533333333,4.096671871428572,4.4175898642857145,5.9349356,39.65449542857142,0,4.2915344e-06,40,2.444701177894414,0,0
2019-02-10,6263.81,545.6745454545454,81.85118181818181,27.283727272727273,31.83818181818182,Aswan,0.0,6.125581,153.78375,32.267986,17.101227,-0.21786499,2.6821976,-5.506241,0.10358821,50.574364,74.646866,2,0,0,5.594209,4.487803014285714,4.389474364285714,6.125581,40.27498528571429,0,4.2915344e-06,41,2.9623750393821866,0,0
2019-02-11,6258.54,554.9372727272727,83.2405909090909,27.746863636363635,32.07,Aswan,0.0,5.8399677,174.12943,32.695683,17.764435,0.75405884,0.5294266,-5.7623367,0.06366135,36.14202,51.55871,2,0,0,5.706347233333333,4.995004785714286,4.392305842857143,6.125581,38.39958857142857,0,4.2915344e-06,42,3.2247066967462232,0,0
2019-02-12,6003.0,540.3581818181818,81.05372727272727,27.017909090909093,32.300000000000004,Aswan,0.0,3.0884318,231.76991,36.488327,18.427643,2.9796448,-2.1722488,-1.9298172,0.032393623,18.455484,26.521244,2,0,0,5.0179935,4.9503658,4.3144523,6.125581,37.049420999999995,0,4.2915344e-06,43,2.7201433880965715,0,0
2019-02-13,5172.68,531.308,79.69619999999999,26.5654,32.459,Aswan,0.0,2.477197,156.84317,45.88218,19.339142,6.802643,0.3899231,0.33715057,0.048121728,26.29894,38.741493,2,0,0,3.8018655000000003,4.8747370142857145,4.310777114285714,5.8399677,35.026291,0,4.2915344e-06,44,2.040618712107096,0,0
2019-02-14,6173.14,542.3090909090909,81.34636363636362,27.115454545454543,32.77363636363636,Aswan,0.0,4.478598,136.394,27.543257,18.401886,-0.80075073,3.166008,-3.1192017,0.18503298,70.14947,113.010605,2,0,0,3.3480756,4.666688785714285,4.2747496428571425,4.478598,33.573363,0,0.0,45,0.9906713196648351,0,0
2019-02-15,6334.71,546.81,82.02149999999999,27.3405,33.013636363636365,Aswan,0.0,5.394077,100.52237,34.017883,14.581085,-1.7851257,5.2640533,-1.1240234,0.34859514,112.73239,178.5343,2,0,0,4.116624,4.651049357142857,4.346314785714286,5.394077,34.70062514285714,0,0.0,46,1.5287900766923872,0,0
2019-02-16,6049.27,521.1145454545455,78.16718181818182,26.055727272727275,33.25272727272727,Aswan,0.0,3.6274943,149.2002,38.640945,15.159821,0.495636,1.8128281,-3.1220474,0.30785453,94.81311,140.65634,2,0,0,4.5000564333333335,4.433049542857143,4.264860707142857,5.394077,35.362322999999996,0,0.0,47,1.7727962841986615,0,0
2019-02-17,6235.42,560.2154545454546,84.03231818181818,28.01077272727273,33.49818181818182,Aswan,0.0,3.7396908,175.74379,32.30942,16.26175,-0.934906,0.33057404,-3.6802216,0.09679788,42.469788,63.62707,2,0,0,4.253754033333334,4.092208085714286,4.29000555,5.394077,35.36824214285714,0,0.0,48,1.812766013494258,0,0
2019-02-18,6259.66,553.1999999999999,82.97999999999999,27.659999999999997,33.74,Aswan,0.0,5.6887527,152.52612,27.148544,16.884674,-2.849823,2.773529,-4.822975,0.09055382,33.918907,52.224976,2,0,0,4.351979266666667,4.070605942857143,4.532805364285714,5.6887527,34.575793714285716,0,0.0,49,1.792126662685546,0,0
2019-02-19,6262.49,551.0981818181818,82.66472727272728,27.554909090909092,33.98636363636364,Aswan,0.0,4.248133,184.47156,30.25043,16.45816,-1.7443542,-0.24556732,-3.9902344,0.076500505,56.16804,78.27156,2,0,0,4.558858833333333,4.2362775428571435,4.593321671428572,5.6887527,33.68466557142857,0,0.0,50,1.6834054208040812,0,0
2019-02-20,6100.03,543.6381818181818,81.54572727272726,27.18190909090909,34.23454545454546,Aswan,0.0,3.1092741,214.25053,36.263023,17.831573,1.7696838,-1.6895676,-2.4065018,0.025155859,17.886564,24.432516,2,0,0,4.348719933333333,4.326574271428572,4.600655642857143,5.6887527,32.31050028571429,0,0.0,51,1.358563509392019,0,0
2019-02-21,4207.8,240.11,36.0165,12.005500000000001,34.482727272727274,Aswan,0.0,3.9952123,184.0741,26.023685,19.121124,-1.1596375,-0.19081116,-3.9017258,0.025836568,20.90906,31.201708,2,0,0,3.784206466666667,4.257519171428571,4.462103978571428,4.248133,32.09341857142857,0,0.0,52,1.540409323326708,0,0
2019-02-22,6241.56,568.7045454545455,85.30568181818182,28.435227272727275,34.731818181818184,Aswan,0.0,4.239324,167.36469,28.783276,18.237091,-0.7010193,0.8258896,-4.083679,0.08624551,40.69205,59.531532,2,0,0,3.781270133333333,4.092554457142858,4.371801907142857,4.239324,31.345617571428573,0,0.0,53,1.3434512845259905,0,0
2019-02-23,5912.18,529.829090909091,79.47436363636363,26.49145454545455,34.983636363636364,Aswan,0.0,3.7944846,180.69807,28.5735,18.449982,-0.8374939,-0.006706238,-3.7891693,0.21706025,45.904892,66.98097,2,0,0,4.009673633333333,4.116410214285715,4.274729878571429,4.239324,29.907411142857143,0,0.0,54,1.087958371987742,0,0
2019-02-24,4316.56,282.71181818181816,42.406772727272724,14.135590909090908,35.235454545454544,Aswan,0.0,4.3176937,240.6749,28.24079,21.03775,1.4369202,-3.661499,-1.9274597,0.2022033,33.39606,46.9421,2,0,0,4.117167433333334,4.1989820571428575,4.145595071428572,4.3176937,29.32617828571429,0,0.0,55,1.5171251180274052,0,0
2019-02-25,5753.82,539.0454545454545,80.85681818181817,26.952272727272728,35.48909090909091,Aswan,0.0,3.7280107,302.2114,34.41004,24.16568,6.7617493,-2.958023,1.4970169,0.21603863,54.757294,74.42859,2,0,0,3.9467296666666667,3.918876057142857,3.994741,4.3176937,30.36353485714286,0,0.0,56,2.543143064090235,0,0
2019-02-26,5345.87,470.7154545454545,70.60731818181817,23.53577272727273,35.74272727272727,Aswan,0.0,5.214031,204.07166,32.137894,24.922882,4.9535217,-0.5000992,-4.4712677,0.17016965,74.58285,113.94046,2,0,0,4.4199118,4.056861485714285,4.146569514285715,5.214031,30.63317257142857,0,0.0,57,2.933237361067513,0,0
2019-02-27,3766.82,175.23454545454544,26.285181818181815,8.761727272727272,35.99636363636363,Aswan,0.0,4.9320965,160.80682,25.147396,20.282013,-0.35958862,1.6103439,-4.660431,0.30775142,129.07437,187.98964,2,0,0,4.624712733333333,4.317264685714286,4.321919478571429,5.214031,29.04522585714286,0,0.0,58,2.6927744458720198,0,0
2019-02-28,6330.42,558.2790909090909,83.74186363636363,27.913954545454544,36.25181818181818,Aswan,0.0,5.458294,142.41379,31.65541,18.31607,0.25442505,3.4372177,-4.2011185,0.23006347,78.765915,128.33511,2,0,0,5.201473833333334,4.526276357142857,4.391897764285715,5.458294,29.849758,0,0.0,59,2.7960302535085138,0,0
2019-03-01,6275.15,531.8463636363637,79.77695454545454,26.592318181818186,36.50636363636364,Aswan,0.0,5.4060383,142.88614,29.599028,16.598785,-1.4380798,3.0251694,-4.3688507,0.22732529,89.15366,130.0474,3,1,1,5.265476266666667,4.692949828571429,4.392752142857143,5.458294,29.966294,0,0.0,60,3.0961462961961077,0,0
2019-03-02,4199.01,268.2436363636364,40.236545454545464,13.412181818181821,36.76363636363636,Aswan,0.0,4.1178265,143.88933,29.272604,16.193756,-2.3191833,2.4291534,-3.3248825,0.09626129,41.252686,65.36268,3,1,1,4.994052933333333,4.7391415285714285,4.4277758714285715,5.458294,30.066166000000003,0,0.0,61,3.4473845815600845,0,0
2019-03-03,5943.43,540.9690909090909,81.14536363636364,27.048454545454547,37.018181818181816,Aswan,0.0,2.514508,127.79492,23.367706,19.365387,-2.4205017,2.05941,-1.3680267,0.19882023,35.244064,58.082485,3,1,1,4.012790933333333,4.481543571428571,4.3402628142857145,5.4060383,29.370011142857145,0,0.0,62,3.438939954647341,0,0
2019-03-04,6137.59,552.1636363636363,82.82454545454544,27.60818181818182,37.275454545454544,Aswan,0.0,2.3050976,158.74246,24.56842,19.296661,-1.948822,1.1832275,-1.7820053,0.14569822,46.73394,81.2882,3,1,1,2.9791440333333328,4.278270271428572,4.098573164285715,4.1178265,27.964065428571427,0,0.0,63,2.901053206292965,0,0
2019-03-05,6246.45,550.789090909091,82.61836363636364,27.53945454545455,37.53181818181818,Aswan,0.0,5.5720735,136.70988,22.758507,19.05777,-2.9755554,4.0468445,-3.7231674,0.15474251,42.047745,73.218056,3,1,1,3.4638930333333335,4.329419199999999,4.193140342857143,5.5720735,26.624153000000003,0,0.0,64,1.5174414801737197,0,0
2019-03-06,6255.67,567.1581818181818,85.07372727272727,28.35790909090909,37.78818181818182,Aswan,0.0,3.5166965,166.41568,30.505943,18.51297,0.50234985,0.8560333,-3.3908234,0.10579956,45.855194,66.88133,3,1,1,3.797955866666667,4.1272192,4.222241942857143,5.5720735,27.389659714285717,0,0.0,65,1.2907619150908296,0,0
2019-03-07,6004.96,523.64,78.54599999999999,26.182000000000002,38.04272727272728,Aswan,0.0,4.011086,189.016,33.233105,20.004547,3.2065735,-0.63347626,-3.958702,0.040863425,25.24086,37.704,3,1,1,4.366618666666667,3.9204751999999994,4.2233757785714285,5.5720735,27.615044714285716,0,0.0,66,1.464030210581832,0,0
2019-03-08,6169.91,555.8372727272728,83.37559090909092,27.79186363636364,38.30181818181818,Aswan,0.0,4.1446548,192.1891,28.024483,21.77359,1.573883,-0.9552841,-3.9559097,0.084227,53.857754,77.13904,3,1,1,3.8908124333333327,3.740277557142857,4.216613692857143,4.1446548,27.390109714285718,0,0.0,67,1.6748955302288508,0,0
2019-03-09,6123.099999999999,551.9281818181818,82.78922727272726,27.59640909090909,38.55636363636364,Aswan,0.0,4.5831995,220.40729,36.10414,22.970856,5.200592,-2.974739,-3.4863968,0.079485945,41.03015,63.714325,3,1,1,4.246313433333333,3.806759414285714,4.2729504714285715,4.5831995,28.366043428571427,0,0.0,68,1.624315415049158,0,0
2019-03-10,6055.64,529.6963636363636,79.45445454545454,26.48481818181818,38.81181818181818,Aswan,0.0,4.345523,206.23627,30.740623,22.389313,1.1581268,-1.652153,-3.8182907,0.03262297,28.609875,38.57772,3,1,1,4.3577924333333335,4.068332985714286,4.274938278571429,4.5831995,29.41931728571429,0,0.0,69,1.778667303838799,0,0
2019-03-11,6262.75,572.2854545454546,85.84281818181819,28.614272727272734,39.06545454545455,Aswan,0.0,4.6117826,183.4739,13.444329,23.303009,-6.6757507,-0.25985718,-4.5839233,0.074578404,69.70292,98.8221,3,1,1,4.5135017,4.397859414285714,4.338064842857143,4.6117826,27.830161428571426,0,0.0,70,1.9373063777184596,0,0
2019-03-12,5948.76,568.2936363636364,85.24404545454546,28.414681818181823,39.32090909090909,Aswan,0.0,2.033095,259.79495,18.60915,23.14798,-3.2240295,-1.220932,-1.0183258,0.062210917,32.887386,46.348663,3,1,1,3.6634668666666665,3.892291057142857,4.110855128571428,4.6117826,27.23739614285714,0,0.0,71,1.8160306282393455,0,0
2019-03-13,5919.46,566.5,84.975,28.325000000000003,39.57545454545455,Aswan,0.0,3.5822906,148.32895,14.759497,25.47818,-4.5258484,1.7626953,-1.3514099,0.06292623,19.26509,28.895014,3,1,1,3.4090560666666665,3.9016616428571425,4.014440421428572,4.6117826,24.987903857142857,0,0.0,72,1.661935365546267,0,0
2019-03-14,5424.76,368.6272727272727,55.294090909090905,18.43136363636364,39.82818181818182,Aswan,0.0,6.8705983,159.4892,26.446554,20.113556,0.03604126,2.4224014,-6.428932,0.46554673,248.78918,370.72162,3,1,1,4.161994633333333,4.3101633999999995,4.1153193,6.8705983,24.01839657142857,0,0.0,73,1.6324565843530545,0,0
2019-03-15,6121.01,499.19666666666666,74.8795,24.959833333333336,36.8675,Aswan,0.0,3.929357,156.18808,29.818634,20.096832,1.3725891,1.5583954,-3.5138474,0.13454643,66.831535,88.32563,3,1,1,4.794081966666667,4.279406571428571,4.009842064285714,6.8705983,24.274703857142857,0,0.0,74,1.8990588029434148,0,0
2019-03-16,6238.91,510.5733333333333,76.586,25.528666666666666,37.1175,Aswan,0.0,5.346237,146.18903,25.378086,20.29483,-0.4579773,3.1705399,-4.0423584,0.1482072,55.906784,92.00584,3,1,1,5.382064100000001,4.388411928571428,4.097585671428571,6.8705983,22.742410428571425,0,0.0,75,2.051681807420279,0,0
2019-03-17,6306.25,513.1983333333334,76.97975000000001,25.65991666666667,37.365833333333335,Aswan,0.0,5.2811975,177.09192,29.113083,19.608429,0.415802,0.20540619,-5.19545,0.20825605,99.189926,141.34232,3,1,1,4.852263833333333,4.522079714285715,4.29520635,5.346237,22.509904714285714,0,0.0,76,2.24996809060135,0,0
2019-03-18,6131.37,508.7558333333333,76.313375,25.43779166666667,37.61416666666667,Aswan,0.0,4.10978,199.55377,23.437826,21.24759,-1.0558777,-1.3575287,-3.869957,0.038926043,22.866547,33.312115,3,1,1,4.912404833333333,4.450365057142858,4.4241122357142855,5.346237,23.93754714285714,0,0.0,77,2.14046375715304,0,0
2019-03-19,5993.07,495.1125,74.266875,24.755625000000002,37.86,Aswan,0.0,3.954083,181.83679,24.50373,23.842804,0.49978638,0.1309967,-3.738823,0.047759026,25.478107,37.22595,3,1,1,4.4483535,4.724791914285714,4.308541485714286,5.2811975,24.77963,0,0.0,78,2.247042388794656,0,0
2019-03-20,6090.37,536.7966666666667,80.51950000000001,26.83983333333334,38.105,Aswan,0.0,3.763936,170.06583,17.137926,25.498566,-1.5566101,0.5748825,-3.669075,0.0721708,34.119804,50.123463,3,1,1,3.9425996666666663,4.750741257142857,4.32620145,4.10978,25.11940557142857,0,0.0,79,2.2530235313577003,0,0
2019-03-21,5879.7,494.9841666666666,74.24762499999999,24.749208333333332,38.34916666666667,Aswan,0.0,4.87647,167.93814,18.280666,25.886383,-0.43832397,1.0419693,-4.755127,0.29740247,42.609955,62.043045,3,1,1,4.198163,4.4658657857142865,4.388014592857143,4.87647,23.95285014285714,0,0.0,80,2.6670787099403994,0,0
2019-03-22,5131.88,358.95666666666665,53.8435,17.94783333333333,38.59083333333333,Aswan,0.0,3.3683624,196.80829,19.091114,27.184845,1.2556458,-0.837204,-3.234024,0.36088985,33.058727,46.700775,3,1,1,4.0029227999999994,4.385723700000001,4.332565135714286,4.87647,22.420347285714286,0,0.0,81,2.9930523165438734,0,0
2019-03-23,5337.47,427.45666666666665,64.1185,21.372833333333332,38.8325,Aswan,0.0,5.289667,138.66113,20.730528,30.448395,4.8576965,-2.0110168,2.8771133,0.38291657,33.985683,48.816086,3,1,1,4.5114998,4.377642271428571,4.3830271000000005,5.289667,21.756410428571428,0,0.0,82,3.645690805482107,0,0
2019-03-24,2363.36,27.79,4.1685,1.3895,39.0725,Aswan,0.0,6.311137,90.94696,21.994322,27.76651,4.049347,4.405403,-1.6871262,0.76061225,159.58131,248.22766,3,1,1,4.989722133333333,4.524776485714286,4.5234281,6.311137,20.73944457142857,0,0.0,83,2.9386404106050934,0,0
2019-03-25,4650.52,260.07916666666665,39.011874999999996,13.003958333333333,39.31083333333333,Aswan,0.0,5.932904,123.3201,28.621454,22.380768,2.919342,5.0407333,-2.9619293,0.38178927,119.57039,181.99742,3,1,1,5.844569333333333,4.785222771428572,4.617793914285714,6.311137,21.479962857142855,0,0.0,84,2.651543041417715,0,0
2019-03-26,6175.24,511.2391666666667,76.685875,25.561958333333337,39.5475,Aswan,0.0,3.9185014,132.13611,25.236897,19.458405,-1.2485046,2.7942429,-1.9993896,0.2038841,76.643524,118.44145,3,1,1,5.387514133333333,4.780139685714286,4.7524658,6.311137,21.584701,0,0.0,85,3.624912954911993,0,0
2019-03-27,6047.04,513.34,77.001,25.667,39.781666666666666,Aswan,0.0,3.2988458,159.36526,20.42735,20.920074,-2.9734802,1.1593933,-3.0883484,0.16211542,52.270668,84.610306,3,1,1,4.3834170666666665,4.713698228571429,4.732219742857143,5.932904,22.054618714285713,0,0.0,86,4.0204284620658735,0,0
2019-03-28,6016.5,522.3675,78.35512499999999,26.118375,40.01416666666667,Aswan,0.0,3.7263799,191.35915,19.938915,23.36734,-1.2747498,-0.6760025,-3.6548538,0.07141727,31.902943,46.276722,3,1,1,3.6479090333333333,4.549399642857143,4.507632714285714,3.9185014,22.291511428571425,0,0.0,87,4.026358931963106,0,0
2019-03-29,5659.44,508.7466666666666,76.31199999999998,25.43733333333333,40.24666666666666,Aswan,0.0,3.220102,155.5012,19.088099,24.773712,-1.0363464,-0.013702393,-0.5674057,0.07789425,32.135563,48.382935,3,1,1,3.415109233333333,4.528219585714285,4.456971642857143,3.7263799,22.29108071428571,0,0.0,88,3.858401171557326,0,0
2019-03-30,5543.08,424.0533333333333,63.60799999999999,21.202666666666666,40.473333333333336,Aswan,0.0,5.461898,93.46083,22.646059,24.449493,1.742218,4.5849915,-1.3036957,0.32967788,88.100365,149.08076,3,1,1,4.136126633333333,4.552824014285714,4.465233142857143,5.461898,22.564728,0,0.0,89,2.729904054662901,0,0
2019-03-31,6230.94,511.5566666666667,76.73349999999999,25.577833333333334,40.700833333333335,Aswan,0.0,5.9321604,124.80786,26.425667,19.763702,-0.2753601,4.6092834,-2.8537903,0.32838294,117.411896,174.65182,3,1,1,4.8713868,4.4986845,4.511730492857143,5.9321604,23.197777285714288,0,0.0,90,2.166331272330428,0,0
2019-04-01,5842.37,450.5941666666667,67.589125,22.529708333333335,40.925,Aswan,0.0,3.3872998,138.61848,25.856544,18.765656,-1.7415466,1.5662308,-2.1398697,0.35344318,105.2672,160.63206,4,1,1,4.9271194,4.135026757142858,4.460124764285714,5.9321604,22.802790142857145,0,0.0,91,2.5085538604643296,0,0
2019-04-02,5711.22,461.4741666666666,69.22112499999999,23.07370833333333,41.14833333333333,Aswan,0.0,2.474885,138.84167,22.638681,20.40921,-2.2723083,1.7330246,-1.2446976,0.16139865,43.01424,78.91963,4,1,1,3.9314483999999994,3.9287958428571423,4.354467764285714,5.9321604,22.43161642857143,0,0.0,92,2.393686184991479,0,0
2019-04-03,5729.02,467.225,70.08375,23.361250000000002,41.369166666666665,Aswan,0.0,3.9178011,110.048904,20.423199,25.304352,0.82681274,0.9689789,2.852562,0.17436898,39.41255,65.93231,4,1,1,3.2599953,4.0172180285714285,4.3654581285714285,3.9178011,22.431023428571425,0,0.0,93,2.6872397772973398,0,0
2019-04-04,5564.29,449.2,67.38,22.46,41.5875,Aswan,0.0,3.5162098,98.40134,24.650043,26.374542,3.5329895,3.2905045,-0.67222595,0.39219153,55.75673,82.99727,4,1,1,3.3029653,3.987193728571428,4.268296685714286,3.9178011,23.10404171428571,0,0.0,94,3.0786397205252545,0,0
2019-04-05,5453.68,405.7383333333333,60.86074999999999,20.286916666666666,41.80166666666667,Aswan,0.0,4.692292,164.72134,24.830463,24.552399,2.539093,1.2185287,-4.5308304,0.122650385,57.689514,82.85494,4,1,1,4.042100966666666,4.197506585714286,4.362863085714286,4.692292,23.92437942857143,0,0.0,95,3.0564608953852104,0,0
2019-04-06,4152.49,225.5175,33.827625,11.275875000000001,42.01583333333333,Aswan,0.0,2.2211277,242.79039,21.24004,25.923248,1.7308655,-1.2386932,-1.49897,0.16195498,43.922512,67.74657,4,1,1,3.476543166666666,3.7345394,4.143681707142857,4.692292,23.72351957142857,0,0.0,96,3.2343763330870643,0,0
2019-04-07,5233.59,442.8691666666667,66.430375,22.143458333333335,42.22666666666667,Aswan,0.0,3.1031723,250.71124,21.456192,30.242584,5.133209,-2.222618,-1.1398773,0.23719914,28.979244,42.87709,4,1,1,3.3388639999999996,3.330398242857143,3.9145413714285717,4.692292,23.013594571428573,0,0.0,97,3.846709956130662,0,0
2019-04-08,5314.969999999999,432.0325,64.804875,21.601625000000002,42.43333333333333,Aswan,9.536743e-07,4.861478,215.74033,19.318998,31.92398,5.1839905,-2.1303635,-3.9912643,0.31219012,76.22398,105.615105,4,1,1,3.395259333333333,3.5409951285714283,3.8380109428571427,4.861478,22.07965942857143,0,9.536743e-07,98,3.786174245896834,0,0
2019-04-09,1838.73,10.068333333333332,1.5102499999999996,0.5034166666666666,42.638333333333335,Aswan,1.9073486e-06,5.2494335,216.56052,30.845007,29.734894,10.07608,-2.1260986,-3.7372055,0.27978322,42.825333,58.29879,4,1,1,4.4046946,3.9373592,3.9330775214285714,5.2494335,23.25199171428571,0,2.8610229e-06,99,2.8578624143523896,0,0
2019-04-10,5401.63,397.5225,59.62837499999999,19.876125000000002,42.8425,Aswan,0.0,6.52944,172.4797,20.873627,27.947418,2.8929749,0.8212204,-6.455612,0.24672502,83.45753,115.57706,4,1,1,5.5467838333333335,4.310450471428571,4.16383425,6.52944,23.316338571428567,0,2.8610229e-06,100,2.652375545462231,0,0
2019-04-11,5800.86,478.42083333333335,71.763125,23.921041666666667,43.04083333333333,Aswan,0.0,4.9523706,178.47958,19.983664,26.096954,0.49380493,0.10637665,-4.9492874,0.13368663,47.44324,68.42827,4,1,1,5.577081366666666,4.5156163000000005,4.251405014285714,6.52944,22.649713,0,2.8610229e-06,101,2.6843522541633362,0,0
2019-04-12,5790.16,502.76666666666665,75.41499999999999,25.138333333333335,43.23916666666667,Aswan,0.0,3.9779575,160.44131,15.383072,26.106964,-2.6602478,1.1901016,-3.6125107,0.09273043,39.01235,58.969604,4,1,1,5.153256033333333,4.413568514285714,4.30553755,6.52944,21.30008571428571,0,2.8610229e-06,102,2.394426586076234,0,0
2019-04-13,5530.73,479.7741666666666,71.96612499999999,23.98870833333333,43.43333333333334,Aswan,0.0,2.1950567,224.82056,14.98744,26.926178,-3.2192078,-0.591774,-1.7725754,0.13650627,32.7442,47.889374,4,1,1,3.7084615999999997,4.409844085714285,4.072191742857143,4.9523706,20.406857142857145,0,2.8610229e-06,103,2.2557309866458812,0,0
2019-04-14,4921.93,316.0425,47.406375000000004,15.802125000000002,43.625,Aswan,0.0,3.600439,226.37128,11.7429495,29.492218,-3.353241,-1.0693436,-2.0575485,0.4499666,115.79676,165.53072,4,1,1,3.257817733333333,4.480882185714286,3.905640214285714,3.9779575,19.019251071428574,0,2.8610229e-06,104,2.171239750879826,0,0
2019-04-15,2018.28,8.035833333333333,1.2053749999999999,0.40179166666666666,43.810833333333335,Aswan,0.0,3.360818,248.85889,14.503898,29.870148,-0.51730347,-2.1797943,-1.3282013,0.36625013,78.61732,97.36843,4,1,1,3.052104566666666,4.266502185714286,3.9037486571428572,3.600439,18.331379642857144,0,1.9073486e-06,105,1.6877346511022868,0,0
2019-04-16,5456.39,444.0825,66.612375,22.204125,43.99666666666667,Aswan,0.0,5.284068,201.67235,22.78423,29.878693,6.2743225,-1.586319,-3.534729,0.43837672,105.75814,136.89914,4,1,1,4.081775,4.271449971428572,4.104404585714286,5.284068,17.179840071428572,0,0.0,106,1.7127066797779678,0,0
2019-04-17,5701.39,450.0975,67.514625,22.504875000000002,44.178333333333335,Aswan,0.0,5.7993507,155.6589,19.966454,26.196075,1.1634827,2.3436584,-5.0334854,0.3006407,87.16842,130.9585,4,1,1,4.814745566666667,4.1671515,4.238800985714286,5.7993507,17.05024392857143,0,0.0,107,1.8517020345250133,0,0
2019-04-18,5876.4,489.85083333333336,73.477625,24.492541666666668,44.35666666666666,Aswan,0.0,5.668734,159.49689,25.485188,24.104034,2.6472473,1.9801102,-5.31089,0.08833568,59.53201,88.09933,4,1,1,5.5840509,4.269489128571428,4.392552714285714,5.7993507,17.83617592857143,0,0.0,108,2.263719362012813,0,0
2019-04-19,5766.0,481.66083333333336,72.249125,24.08304166666667,44.5325,Aswan,0.0,5.5678,169.54657,23.8404,24.981964,2.4144592,1.0820084,-5.4149246,0.102647625,40.067055,60.45852,4,1,1,5.678628233333332,4.496609485714286,4.455089,5.7993507,19.044365642857144,0,0.0,109,2.414870247909277,0,0
2019-04-20,5354.34,396.2225,59.433375,19.811125000000004,44.705000000000005,Aswan,0.0,4.1544423,181.33842,25.369438,25.679596,4.094879,0.12498474,-3.7040253,0.112320304,34.28512,52.130043,4,1,1,5.130325433333333,4.776521714285714,4.5931829,5.668734,20.527508214285714,0,0.0,110,2.4959291297974997,0,0
2019-04-21,5954.09,491.1558333333333,73.673375,24.557791666666667,44.875,Aswan,0.0,6.1764293,165.43442,19.207993,23.227448,-1.894867,1.5694122,-5.9613113,0.08860822,57.52836,87.56515,4,1,1,5.2995572,5.144520328571429,4.812701257142857,6.1764293,21.593943,0,0.0,111,2.6440187888591664,0,0
2019-04-22,5864.54,487.5333333333333,73.13,24.376666666666665,45.04,Aswan,0.0,5.417844,176.11343,22.500275,22.655792,-0.49118042,0.39164734,-5.4010086,0.121822886,59.240532,88.50787,4,1,1,5.249571866666666,5.438381185714285,4.852441685714285,6.1764293,22.73628257142857,0,0.0,112,2.405203493708376,0,0
2019-04-23,5792.76,483.8141666666667,72.572125,24.190708333333337,45.20416666666667,Aswan,0.0,5.559397,188.67514,13.933244,25.00711,-4.473236,-0.8687744,-5.488022,0.0705224,46.69203,69.57808,4,1,1,5.717890099999999,5.4777138999999995,4.8745819357142866,6.1764293,21.471856,0,0.0,113,1.2856350771133076,0,0
2019-04-24,5615.42,480.6366666666667,72.0955,24.03183333333334,45.36166666666667,Aswan,0.0,4.5393405,217.14212,12.950527,27.86966,-3.8737488,-2.7033691,-3.6142578,0.09798377,48.303413,71.973976,4,1,1,5.172193833333333,5.297712442857142,4.732431971428572,5.559397,20.469580714285712,0,0.0,114,1.7236894935307172,0,0
2019-04-25,5418.43,445.75916666666666,66.863875,22.287958333333336,45.517500000000005,Aswan,0.0,4.481648,195.26297,16.85471,29.577545,1.0926819,-1.1228714,-4.2156754,0.18432465,63.14122,86.98213,4,1,1,4.860128499999999,5.128128728571428,4.698808928571429,5.559397,19.236655285714285,0,0.0,115,2.449613645937315,0,0
2019-04-26,5469.98,469.3433333333333,70.4015,23.467166666666667,45.67,Aswan,0.0,4.779104,190.22824,13.5251875,30.742828,-0.63046265,-0.53912354,-4.2646484,0.1275472,47.13428,65.14044,4,1,1,4.600030833333332,5.015457871428572,4.756033678571428,4.779104,17.7630535,0,0.0,116,3.0999979350531373,0,0
2019-04-27,5450.14,469.3525,70.402875,23.467625,45.8175,Aswan,0.0,3.8519113,165.33566,15.539871,30.053741,0.8603821,1.0168457,-3.6863403,0.22675622,94.8658,132.2908,4,1,1,4.370887766666667,4.972239157142857,4.874380435714286,4.779104,16.358829642857142,0,0.0,117,3.361732556160005,0,0
2019-04-28,5464.56,473.3083333333333,70.99624999999999,23.665416666666665,45.96416666666667,Aswan,0.0,3.561966,173.52048,15.548065,30.250885,0.88760376,-0.18851471,-3.161728,0.19820431,87.91881,121.12089,4,1,1,4.064327099999999,4.5987444,4.8716323642857144,4.779104,15.835982785714284,0,0.0,118,3.0775390807794256,0,0
2019-04-29,5410.15,480.71333333333337,72.107,24.03566666666667,46.10583333333333,Aswan,0.0,4.611689,220.01007,13.243002,31.034698,-1.0879822,-2.6147919,-3.5009232,0.12950137,31.502373,47.68951,4,1,1,4.0085220999999995,4.4835794,4.960980292857143,4.611689,14.513515214285714,0,0.0,119,2.1240558215618153,0,0
2019-04-30,5284.89,459.0975,68.864625,22.954875,46.244166666666665,Aswan,0.0,4.0822544,184.58958,14.496109,33.052643,1.7752991,-0.2989502,-4.0627365,0.22159834,60.995205,83.17231,4,1,1,4.085303133333333,4.272559028571428,4.875136464285714,4.611689,14.5939245,0,0.0,120,1.5690380095412537,0,0
2019-05-01,5133.87,409.02833333333336,61.35425,20.45141666666667,46.37916666666666,Aswan,0.0,4.033247,235.49057,15.2780905,33.646027,2.375885,-2.9460373,-2.4622116,0.23310117,66.04883,91.548645,5,1,1,4.2423968,4.200259957142857,4.748986199999999,4.611689,14.926433571428571,0,0.0,121,1.5544831268010908,0,0
2019-05-02,5022.88,416.245,62.436749999999996,20.812250000000002,46.51,Aswan,0.0,3.3721185,210.52875,12.884705,34.446686,0.28799438,-1.3728256,-2.3471222,0.27702358,64.28655,87.73937,5,1,1,3.829206633333333,4.041755742857143,4.584942235714286,4.0822544,14.35929,0,0.0,122,1.7831667613507147,0,0
2019-05-03,4919.52,391.2091666666667,58.681375,19.560458333333337,46.63916666666666,Aswan,0.0,3.9140186,185.50392,11.340343,35.783478,0.8113098,0.7359619,-0.531723,0.42252928,77.66656,122.63699,5,1,1,3.773128033333333,3.9181721142857144,4.466814992857143,4.033247,14.047169357142858,0,0.0,123,2.209642596064604,0,0
2019-05-04,5276.11,419.035,62.85525,20.951750000000004,46.76333333333333,Aswan,0.0,5.2661085,169.21985,16.27842,31.44278,2.4631653,0.8685837,-5.174721,0.21071042,76.819595,111.184906,5,1,1,4.184081866666666,4.120200285714286,4.546219721428572,5.2661085,14.152676357142857,0,0.0,124,1.9936634259322643,0,0
2019-05-05,5150.1,429.8333333333333,64.475,21.491666666666667,46.884166666666665,Aswan,0.0,2.9069364,182.25632,11.045193,31.866486,-2.504242,-0.18357849,-2.9000092,0.09250572,44.14791,63.922707,5,1,1,4.029021166666666,4.026624628571429,4.312684514285714,5.2661085,13.509408928571428,0,0.0,125,1.7234819961939778,0,0
2019-05-06,4916.14,415.1116666666667,62.26675,20.755583333333334,47.00083333333333,Aswan,0.0,3.4172673,209.2424,9.37925,34.74832,-2.4814148,-1.7432022,-2.9180603,0.11701838,23.248138,33.90349,5,1,1,3.8634374,3.855992957142857,4.169786178571429,5.2661085,12.957444357142858,0,0.0,126,1.5682773265242065,0,0
2019-05-07,4800.04,336.55749999999995,50.48362499999999,16.827875,47.115833333333335,Aswan,0.0,5.377357,175.98343,8.958223,35.79007,-2.0863953,0.38062286,-5.360161,0.340604,85.51744,125.733795,5,1,1,3.900520233333333,4.041007614285714,4.156783321428572,5.377357,12.166317785714286,0,0.0,127,1.7488240922356673,0,0
2019-05-08,5132.09,357.38153846153847,53.60723076923077,17.869076923076925,43.72307692307693,Aswan,0.0,6.03656,169.60785,14.689369,30.63272,0.41775513,1.0544968,-5.927025,0.33585104,71.969894,107.62367,5,1,1,4.9437281,4.327195185714286,4.263727571428572,6.03656,12.082214714285714,0,0.0,128,2.1613535057041853,0,0
2019-05-09,5283.51,387.0969230769231,58.06453846153846,19.354846153846154,43.82846153846154,Aswan,0.0,4.340391,166.27606,17.92402,29.160675,2.257965,1.2412643,-4.0588913,0.35720772,51.96744,80.487885,5,1,1,5.251435999999999,4.465519828571429,4.253637785714286,6.03656,12.802116857142858,0,0.0,129,2.6548225111016777,0,0
2019-05-10,5316.54,399.3307692307693,59.899615384615394,19.966538461538466,43.93153846153847,Aswan,0.0,3.8213787,159.14328,18.778488,26.608917,0.5100403,1.1931839,-3.5814743,0.08484936,50.994698,75.64253,5,1,1,4.732776566666666,4.452285557142857,4.185228835714286,6.03656,13.864709,0,0.0,130,3.141980470274571,0,0
2019-05-11,5176.3,395.73,59.3595,19.786500000000004,44.03153846153846,Aswan,0.0,3.8244457,155.88742,17.41623,28.082428,0.7940979,1.1467972,-3.2873077,0.043700695,37.143887,53.10668,5,1,1,3.995405133333333,4.246333728571428,4.183267007142858,4.340391,14.027253285714284,0,0.0,131,3.39253047386286,0,0
2019-05-12,5049.92,388.45461538461535,58.2681923076923,19.422730769230768,44.12769230769231,Aswan,0.0,3.2183137,175.2025,13.709005,30.400787,-0.6459656,-0.033599854,-2.8685455,0.040283933,25.006554,37.881603,5,1,1,3.621379366666666,4.2908162,4.158720414285715,3.8244457,14.407797857142857,0,0.0,132,3.374184209336423,0,0
2019-05-13,5014.08,394.3161538461538,59.14742307692306,19.715807692307692,44.22153846153846,Aswan,0.0,2.785156,173.12892,13.651734,32.686676,0.7600403,-0.2991562,-2.3975525,0.05591857,24.757957,36.669964,5,1,1,3.2759717999999993,4.200514585714286,4.028253771428571,3.8244457,15.018152714285716,0,0.0,133,3.0433017507653206,0,0
2019-05-14,4793.139999999999,374.5815384615385,56.18723076923077,18.729076923076928,44.31153846153846,Aswan,0.0,2.2519917,148.23239,15.475558,33.458893,3.5106506,0.27292633,-1.3362656,0.10850535,30.39719,45.58914,5,1,1,2.751820466666666,3.754033828571429,3.897520721428571,3.2183137,15.949200571428571,0,0.0,134,2.43146891214241,0,0
2019-05-15,4705.88,337.1192307692308,50.56788461538462,16.85596153846154,44.39692307692307,Aswan,0.0,2.396307,110.77031,15.655244,34.367706,4.377716,1.1963501,-0.7234192,0.15346047,51.143837,72.89247,5,1,1,2.477818233333333,3.233997685714286,3.780596435714286,2.785156,16.087182714285714,0,0.0,135,2.917063894156218,0,0
2019-05-16,4823.02,373.2669230769231,55.99003846153846,18.663346153846156,44.48230769230769,Aswan,0.0,4.1819067,150.18964,13.715278,35.661285,3.617218,1.905693,-3.6046066,0.21586867,56.93698,79.941086,5,1,1,2.9434018,3.211357071428572,3.8384384500000004,4.1819067,15.485933857142856,0,0.0,136,3.3544070258954806,0,0
2019-05-17,4710.4800000000005,308.81,46.3215,15.4405,44.56153846153846,Aswan,0.0,5.099531,178.2022,11.258501,35.95047,1.1690979,0.59487915,-4.8589783,0.46291536,68.25275,98.285416,5,1,1,3.892581566666666,3.3939502571428575,3.9231179071428572,5.099531,14.41165,0,0.0,137,2.8543412408401108,0,0
2019-05-18,4996.44,366.0484615384616,54.90726923076924,18.30242307692308,44.64,Aswan,0.0,5.1372447,165.94458,15.466187,33.59366,3.6977844,1.1842499,-4.941231,0.34697464,54.541683,77.44566,5,1,1,4.806227466666666,3.5814929714285713,3.91391335,5.1372447,14.133072428571428,0,0.0,138,1.8855271877051063,0,0
2019-05-19,5089.13,390.3669230769231,58.555038461538466,19.518346153846156,44.71384615384615,Aswan,0.0,4.1228895,164.39996,11.42615,32.496002,-1.3199158,1.1287308,-3.927826,0.19120269,48.841846,74.445724,5,1,1,4.786555066666667,3.710718085714286,4.000767142857143,5.1372447,13.806950285714285,0,0.0,139,1.3624465129323629,0,0
2019-05-20,4873.67,382.0884615384615,57.31326923076922,19.104423076923077,44.78615384615385,Aswan,0.0,2.653294,164.31125,12.836524,32.907257,0.53445435,0.24769592,-2.567154,0.11297474,53.691757,75.65657,5,1,1,3.9711427333333327,3.6918806571428573,3.9461976214285714,5.1372447,13.690491714285713,0,0.0,140,1.3283039888117192,0,0
2019-05-21,4402.8,370.0758333333333,55.511374999999994,18.503791666666668,44.115,Aswan,0.0,2.9628716,252.83984,15.993885,33.91397,3.3034973,-2.8104477,-0.74300385,0.0836425,25.776028,37.57621,5,1,1,3.2463517,3.793434928571429,3.7737343785714286,4.1228895,13.764538428571429,0,0.0,141,1.3047843511960602,0,0
2019-05-22,4262.81,361.0933333333333,54.163999999999994,18.054666666666666,44.18416666666667,Aswan,0.0,3.2408202,266.36325,19.493711,35.971466,7.193756,-3.1789932,-0.1410141,0.12905118,33.649406,50.368225,5,1,1,2.9523285999999995,3.9140796714285715,3.5740386785714287,3.2408202,14.312890857142857,0,0.0,142,1.4827246827951348,0,0
2019-05-23,4671.96,369.0484615384616,55.35726923076924,18.45242307692308,44.98230769230769,Aswan,0.0,2.4780052,237.63171,13.376539,36.22818,3.013092,-1.9839325,-0.9649811,0.18761635,50.03942,72.00507,5,1,1,2.8938989999999998,3.6706651714285714,3.4410111214285712,3.2408202,14.264499571428573,0,0.0,143,1.5782834653888809,0,0
2019-05-24,4237.0,311.8475,46.777125000000005,15.592375000000002,46.33083333333334,Aswan,0.0,1.3751469,245.12833,15.089406,36.8472,5.306183,-1.1289368,-0.15878296,0.2741642,55.506752,84.44211,5,1,1,2.3646574333333334,3.1386103,3.2662802785714287,3.2408202,14.811771714285713,0,0.0,144,1.7487593758388316,0,0
2019-05-25,4649.25,349.35153846153844,52.402730769230764,17.467576923076923,45.098461538461535,Aswan,0.0,1.7754726,304.29755,22.40821,37.56314,12.272858,-1.3822174,1.0979843,0.29492545,68.787636,99.76618,5,1,1,1.8762082333333332,2.6583571428571426,3.119925057142857,2.4780052,15.803489285714287,0,0.0,145,2.0058343639453935,0,0
2019-05-26,4531.99,353.5015384615384,53.02523076923076,17.675076923076922,45.15307692307693,Aswan,0.0,3.3334517,249.48502,24.623693,37.99881,12.844269,-1.8303223,0.5860977,0.2792576,58.70572,85.48158,5,1,1,2.161357066666666,2.5455803142857145,3.1281492,3.3334517,17.688852571428573,0,0.0,146,1.874364163395564,0,0
2019-05-27,4638.76,343.08230769230767,51.46234615384615,17.154115384615384,45.20538461538461,Aswan,0.0,3.752674,178.99509,16.972246,38.33365,8.007843,-0.019691467,-3.632988,0.24581194,59.534607,79.74011,5,1,1,2.9538660999999995,2.7026346,3.1972576285714287,3.752674,18.27967,0,0.0,147,1.5076176534640868,1,0
2019-05-28,4576.67,313.95307692307694,47.09296153846154,15.697653846153848,45.25615384615385,Aswan,0.0,3.9382658,168.18439,12.821068,38.01126,4.3562317,0.6175842,-3.7804108,0.3227871,83.451096,116.57291,5,1,1,3.674797166666666,2.841976628571429,3.317705778571429,3.9382658,17.826410428571428,0,0.0,148,0.9352069564318207,1,0
2019-05-29,4695.6,360.1515384615385,54.022730769230776,18.007576923076925,45.302307692307686,Aswan,0.0,3.7195652,119.43809,11.635286,37.709625,2.8922424,1.4312515,-0.88772583,0.18957438,44.972572,64.415665,5,1,1,3.803501666666666,2.9103687714285713,3.412224221428571,3.9382658,16.703778285714286,0,0.0,149,0.7406657924036333,0,0
2019-05-30,4592.83,323.5746153846154,48.53619230769231,16.17873076923077,45.34692307692308,Aswan,0.0,2.2959757,133.361,14.6705675,37.2399,5.376251,-0.6867981,0.38692474,0.18429613,30.848515,44.410465,5,1,1,3.3179355666666663,2.884364557142857,3.277514864285714,3.9382658,16.8886395,0,0.0,150,0.5066153063586863,0,0
2019-05-31,4579.41,348.2753846153846,52.24130769230769,17.41376923076923,45.39076923076924,Aswan,0.0,2.3394809,177.9525,14.843762,38.836334,7.16568,-0.9672394,0.054092407,0.3049699,65.35804,93.412994,5,1,1,2.7850072666666663,3.0221265571428573,3.0803684285714286,3.7195652,16.8535475,0,0.0,151,0.5244572740985795,1,0
2019-06-01,4524.29,341.99692307692305,51.299538461538454,17.099846153846155,45.43,Aswan,0.0,2.8012352,197.05052,15.121914,39.450714,7.8664856,-0.70518494,-2.6802979,0.2997059,62.915615,87.29991,6,2,0,2.478897266666666,3.1686640714285716,2.9135106071428574,2.8012352,15.81264807142857,0,0.0,152,0.7326646565690814,1,0
2019-06-02,4465.07,338.5723076923077,50.78584615384615,16.928615384615384,45.46615384615385,Aswan,0.0,2.6400478,204.71754,15.090862,39.34671,7.698517,-1.6968536,-1.4920044,0.28697145,58.480118,82.85449,6,2,0,2.5935879666666666,3.069606371428571,2.807593342857143,2.8012352,14.450815071428574,0,0.0,153,0.8332936876377536,1,0
2019-06-03,4540.96,338.4469230769231,50.76703846153846,16.922346153846156,45.50230769230769,Aswan,0.0,4.2215652,284.12518,18.267414,39.31241,10.551422,-4.0722046,1.0805511,0.281775,52.845474,79.53876,6,2,0,3.2209494,3.1365908285714283,2.9196127142857144,4.2215652,14.635839071428572,0,0.0,154,0.8964428092961844,1,0
2019-06-04,4440.2,341.3792307692308,51.20688461538462,17.06896153846154,45.535384615384615,Aswan,0.0,2.160289,179.89081,20.987108,39.0336,11.816559,-1.076477,0.3178177,0.20697188,38.16362,57.096184,6,2,0,3.007300666666666,2.8825941428571427,2.862285385714286,4.2215652,15.802416214285715,0,0.0,155,0.8755321552577426,1,0
2019-06-05,4329.27,311.3484615384615,46.702269230769225,15.567423076923076,45.56692307692308,Aswan,0.0,2.359766,188.78789,19.29183,39.395416,10.921783,0.21769714,0.23104858,0.2107868,34.656857,55.671455,6,2,0,2.9138734,2.6883371142857144,2.799352942857143,4.2215652,16.896208214285714,0,0.0,156,0.7833694874919304,1,0
2019-06-06,3103.03,106.24307692307691,15.936461538461536,5.312153846153846,45.59769230769231,Aswan,2.3841858e-05,6.806258,170.06876,17.018997,39.238922,9.535065,0.89006805,-6.6556244,0.3243193,90.19679,125.83505,6,2,0,3.7754376666666665,3.332663157142857,3.108513857142857,6.806258,17.23169814285714,0,2.3841858e-05,157,0.21989119590908282,1,0
2019-06-07,4704.33,344.15769230769234,51.62365384615385,17.207884615384618,45.62307692307692,Aswan,0.0,6.4152794,162.95358,19.24057,37.95218,10.358795,1.9628372,-6.050949,0.31780344,76.366714,111.61104,6,2,0,5.1937678,3.914920085714286,3.4685233214285716,6.806258,17.85981357142857,0,2.3841858e-05,158,0.5255672537375048,0,0
2019-06-08,4799.76,358.60461538461544,53.79069230769232,17.93023076923077,45.650000000000006,Aswan,0.0,5.2199445,146.69806,17.935133,34.51175,6.491974,2.8686066,-4.279091,0.18338493,92.200096,134.36311,6,2,0,6.147160633333333,4.260449985714286,3.7145570285714284,6.806258,18.261702,0,2.3841858e-05,159,1.7862373461149146,0,0
2019-06-09,4779.59,363.4669230769231,54.52003846153846,18.173346153846154,45.67230769230769,Aswan,0.0,4.671673,143.21916,17.492504,32.981476,4.7013245,2.7102966,-3.6781387,0.16673958,66.63956,97.948204,6,2,0,5.435632299999999,4.550682157142857,3.810144264285714,6.4152794,18.604793714285712,0,2.3841858e-05,160,2.639557632167869,0,0
2019-06-10,4687.63,333.7684615384615,50.065269230769225,16.688423076923076,45.69615384615384,Aswan,0.0,5.1157312,146.55568,20.901407,33.49356,7.5083313,2.9306412,-3.823761,0.216334,47.127167,74.16536,6,2,0,5.002449566666667,4.678420157142858,3.907505492857143,5.2199445,18.98107842857143,0,2.3841858e-05,161,2.875467502322332,0,0
2019-06-11,4670.94,354.60846153846154,53.19126923076923,17.730423076923078,45.71615384615384,Aswan,0.0,4.3244367,151.7073,14.740173,33.780304,3.189972,2.1884995,-3.4311676,0.2115445,44.7884,77.59053,6,2,0,4.703946966666666,4.987584114285715,3.935089128571429,5.1157312,18.088659142857143,0,2.3841858e-05,162,2.837441639612803,0,0
2019-06-12,4158.11,341.295,51.194250000000004,17.06475,43.9425,Aswan,0.0,4.6978235,164.16571,14.756329,34.987213,3.2157288,1.3907928,-4.434189,0.17224157,42.713882,65.28644,6,2,0,4.7126638,5.321592328571429,4.004964721428571,5.1157312,17.44073042857143,0,2.3841858e-05,163,2.3879272657254487,0,0
2019-06-13,4815.22,358.5369230769232,53.78053846153848,17.92684615384616,45.75153846153846,Aswan,0.0,6.2571106,161.38994,18.519001,35.148956,6.8387756,2.0005875,-5.8011246,0.21098118,54.88159,85.36832,6,2,0,5.093123599999999,5.2431427,4.2879029285714285,6.2571106,17.655016714285715,0,0.0,164,1.6406576368353478,0,0
2019-06-14,4807.13,369.0023076923077,55.350346153846154,18.450115384615383,45.76692307692308,Aswan,0.0,4.8151946,157.08397,22.725403,33.53531,9.159821,2.0185165,-4.1520233,0.2227912,57.913124,87.31186,6,2,0,5.2567095666666654,5.014559157142857,4.4647396214285715,6.2571106,18.15285,0,0.0,165,0.825345953953593,0,0
2019-06-15,4731.22,355.09153846153845,53.26373076923077,17.75457692307692,45.78153846153846,Aswan,0.0,4.7681537,145.50003,24.130302,33.138092,9.814728,2.578392,-3.3237076,0.24509645,61.61507,96.97178,6,2,0,5.280152966666667,4.950017614285715,4.6052338,6.2571106,19.03787414285714,0,0.0,166,0.8632050235315668,0,0
2019-06-16,4785.81,369.1115384615384,55.366730769230756,18.45557692307692,45.79153846153846,Aswan,0.0,4.2033863,151.1797,19.587229,33.76541,6.733673,2.095955,-3.5501328,0.16938625,50.557228,80.479805,6,2,0,4.595578199999999,4.883119514285714,4.716900835714285,4.8151946,19.337120571428574,0,0.0,167,0.7756747483853084,0,0
2019-06-17,4708.54,362.5253846153846,54.37880769230769,18.126269230769232,45.802307692307686,Aswan,0.0,4.4114704,164.76004,18.390495,34.446808,5.5346985,1.1048737,-4.2376328,0.13921118,41.708866,58.529167,6,2,0,4.461003466666667,4.782510828571428,4.730465492857143,4.7681537,18.978418857142856,0,0.0,168,0.7598837834403132,0,0
2019-06-18,4598.49,358.8761538461539,53.83142307692308,17.943807692307697,45.81307692307693,Aswan,0.0,4.006706,149.56204,16.306072,35.502106,5.259674,2.293785,-3.183998,0.18768995,36.44512,62.102943,6,2,0,4.207187566666667,4.737120728571428,4.862352421428571,4.4114704,19.202118714285714,0,0.0,169,0.8994903481768335,0,0
2019-06-19,4726.1,371.0992307692308,55.66488461538462,18.55496153846154,45.81769230769231,Aswan,0.0,4.5485992,178.02365,16.802212,36.300568,6.508087,0.15013123,-4.540756,0.11306134,36.799614,51.045135,6,2,0,4.322258533333334,4.715802971428571,5.01869765,4.5485992,19.494387714285715,0,0.0,170,1.1531861137814157,0,0
2019-06-20,4464.9800000000005,342.9223076923077,51.438346153846155,17.146115384615385,45.82538461538461,Aswan,0.0,2.3596396,265.4179,18.822655,37.14737,7.957306,-2.2741013,-0.26661682,0.28456485,33.94139,54.79348,6,2,0,3.638314933333333,4.1590214,4.701082049999999,4.5485992,19.537766857142856,0,0.0,171,1.5167602093899275,0,0
2019-06-21,4541.0,350.2938461538462,52.54407692307692,17.51469230769231,45.83076923076923,Aswan,0.0,4.069243,212.59578,17.846462,39.608307,9.423737,1.5395355,1.5927811,0.27478647,30.703037,50.449127,6,2,0,3.6591606,4.052456885714286,4.533508021428571,4.5485992,18.840775285714283,0,0.0,172,2.222838951367732,1,0
2019-06-22,4727.97,348.57615384615383,52.28642307692307,17.428807692307693,45.832307692307694,Aswan,0.0,5.374607,164.47153,17.512444,36.759064,7.8002014,1.3237915,-4.8183365,0.33923864,97.79968,146.33676,6,2,0,3.934496533333333,4.139093071428571,4.544555342857143,5.374607,17.895367,0,0.0,173,1.9288294818594955,0,0
2019-06-23,4775.3,366.99230769230775,55.04884615384616,18.349615384615387,45.83307692307692,Aswan,0.0,4.2005024,157.39377,18.835976,34.303497,6.7984924,1.4788895,-3.807396,0.18317837,67.389885,101.526375,6,2,0,4.548117466666667,4.138681085714286,4.5109003,5.374607,17.788045142857143,0,0.0,174,1.8225669625587582,0,0
2019-06-24,4764.37,375.34230769230766,56.30134615384615,18.767115384615384,45.83384615384615,Aswan,0.0,4.10382,152.3219,21.324696,34.93399,8.840973,1.7838211,-3.6571732,0.17742497,75.227104,113.61153,6,2,0,4.559643133333333,4.094731028571429,4.438620928571429,5.374607,18.207216714285714,0,0.0,175,1.747987000563898,0,0
2019-06-25,4589.65,342.7730769230769,51.41596153846154,17.138653846153847,45.83307692307692,Aswan,0.0,3.1684031,168.46515,18.756557,37.126617,9.021515,0.37892914,-3.0786438,0.1925947,62.9539,94.57803,6,2,0,3.8242418333333332,3.9749734714285716,4.3560471,4.2005024,18.557286,0,0.0,176,1.7219788069398652,0,0
2019-06-26,4380.04,332.3123076923076,49.846846153846144,16.61561538461538,45.83,Aswan,0.0,2.5286093,130.39812,16.457819,39.92227,9.428375,0.71738434,-1.723877,0.22534114,41.50688,60.101616,6,2,0,3.266944133333333,3.686403485714286,4.201103228571428,4.10382,18.508087,0,0.0,177,2.1168596804294904,1,0
2019-06-27,4495.36,331.5192307692308,49.72788461538462,16.575961538461538,45.82615384615384,Aswan,0.0,5.0843167,176.26962,14.396403,41.212067,8.411041,0.51771545,-4.7302475,0.24035841,60.576622,90.15179,6,2,0,3.5937763666666656,4.075643071428572,4.117332235714286,5.0843167,17.875765285714284,0,0.0,178,2.6241106356040027,1,0
2019-06-28,4601.68,345.7430769230769,51.86146153846153,17.287153846153846,45.818461538461534,Aswan,0.0,5.900838,160.42554,14.441517,38.801056,6.3614807,2.0473022,-5.4009933,0.24498457,62.834953,93.930176,6,2,0,4.504587999999999,4.3372995,4.194878192857143,5.900838,17.389344571428573,0,0.0,179,2.542487292482238,1,0
2019-06-29,4772.86,366.3,54.945,18.315,45.81153846153846,Aswan,0.0,5.5544286,150.28116,21.483667,36.10086,10.282135,2.9211426,-4.4750214,0.22682852,78.24165,120.63198,6,2,0,5.513194433333332,4.3629883,4.251040685714286,5.900838,17.956662142857144,0,0.0,180,2.589633437518641,0,0
2019-06-30,4739.16,357.84615384615387,53.67692307692308,17.892307692307693,45.801538461538456,Aswan,0.0,5.166619,136.91106,22.312767,35.048492,10.07486,3.463852,-3.5841599,0.2095741,65.565025,99.70688,6,2,0,5.540628533333333,4.501004957142857,4.3198430214285715,5.900838,18.453346571428572,0,0.0,181,2.4485161986343584,0,0
2019-07-01,4749.09,369.4538461538461,55.41807692307691,18.472692307692306,45.78769230769231,Aswan,0.0,4.866333,159.60587,21.847328,35.164948,9.621002,1.8175049,-4.434204,0.17939764,56.9272,86.7353,7,2,0,5.195793533333332,4.6099353857142855,4.352333207142857,5.5544286,18.528008285714286,0,0.0,182,2.4079467137108437,0,0
2019-07-02,4203.08,344.2733333333333,51.641,17.213666666666665,45.205000000000005,Aswan,0.0,4.9954834,169.5246,21.064182,36.772125,10.389435,0.99487305,-4.8628006,0.15256548,45.355286,67.354645,7,2,0,5.009478466666667,4.870946857142857,4.422960164285715,5.166619,18.857668999999998,0,0.0,183,2.423854884478853,0,0
2019-07-03,4313.83,346.6075,51.991125000000004,17.330375,45.1925,Aswan,0.0,6.9315577,169.17007,19.419783,36.325348,8.0572815,1.4987106,-6.736168,0.1659447,42.606113,67.525925,7,2,0,5.597791366666666,5.499939485714286,4.593171485714286,6.9315577,19.280806714285713,0,0.0,184,2.2155080145916832,0,0
2019-07-04,4879.43,377.5915384615385,56.638730769230776,18.879576923076925,45.74461538461538,Aswan,0.0,5.6622562,153.34692,14.808128,35.400543,4.219513,2.5493546,-5.032173,0.13940266,68.10303,104.24954,7,2,0,5.8630990999999995,5.582502271428571,4.829072671428571,6.9315577,19.339624571428573,0,0.0,185,1.3005313695269272,0,0
2019-07-05,4893.33,371.1207692307692,55.66811538461538,18.55603846153846,45.72461538461538,Aswan,0.0,5.5861435,149.64977,15.791224,34.18509,4.423126,2.798149,-4.8277283,0.21857424,87.79173,138.68239,7,2,0,6.0599858,5.537545914285714,4.937422707142857,6.9315577,19.532439857142858,0,0.0,186,0.8831938934437472,0,0
2019-07-06,4905.56,382.97769230769234,57.44665384615385,19.148884615384617,45.70461538461538,Aswan,0.0,4.1036882,127.30957,18.081182,32.917755,5.3764954,3.2529678,-2.4891205,0.16995819,81.25463,124.412735,7,2,0,5.117362633333332,5.330297285714286,4.846642792857144,5.6622562,19.04637057142857,0,0.0,187,1.2904821003601261,0,0
2019-07-07,4788.48,366.5207692307693,54.97811538461539,18.326038461538467,45.68076923076923,Aswan,0.0,4.142943,127.72859,18.531122,34.44937,6.2359924,2.8219833,-2.6026459,0.15368323,58.25555,87.56712,7,2,0,4.6109249,5.184057857142856,4.842531407142857,5.5861435,18.50613557142857,0,0.0,188,1.3153591554899053,0,0
2019-07-08,4791.79,372.8307692307693,55.92461538461539,18.641538461538467,45.65384615384615,Aswan,0.0,4.6435585,155.18054,14.793011,35.721954,4.6941223,1.8996735,-4.1004486,0.20409016,65.31642,99.33883,7,2,0,4.296729899999999,5.152232928571429,4.881084157142857,4.6435585,17.498376,0,0.0,189,1.3414209613122148,0,0
2019-07-09,4847.4,372.5438461538461,55.88157692307691,18.627192307692308,45.62692307692308,Aswan,0.0,5.1274824,147.09369,17.028252,34.78128,5.550934,2.8222885,-4.177788,0.21236008,41.319767,87.75174,7,2,0,4.637994633333332,5.171089928571428,5.021018392857142,5.1274824,16.92181457142857,0,0.0,190,1.123750582889371,0,0
2019-07-10,4746.76,371.7515384615384,55.762730769230764,18.58757692307692,45.59692307692308,Aswan,0.0,2.7412486,143.65833,17.659288,34.8732,6.052643,1.6644211,-2.1724014,0.22369723,17.638979,82.216736,7,2,0,4.170763166666666,4.572474342857143,5.036206914285714,5.1274824,16.670315285714285,0,0.0,191,0.915564864699905,0,0
2019-07-11,4756.79,381.1753846153846,57.17630769230769,19.05876923076923,45.56384615384616,Aswan,0.0,3.426835,113.389435,16.847656,35.668,5.604889,1.784111,-0.60092163,0.23760904,19.840973,84.80733,7,2,0,3.7651886666666656,4.253128457142857,4.9178153642857145,5.1274824,16.961676428571426,0,0.0,192,0.9582290632498929,0,0
2019-07-12,4647.87,368.2146153846154,55.23219230769231,18.41073076923077,45.52923076923077,Aswan,0.0,3.0477738,107.44583,19.584425,36.522736,8.488312,2.919258,-0.8107376,0.19982728,14.7727375,55.67344,7,2,0,3.0719524666666658,3.890504214285715,4.714025064285714,3.426835,17.503562285714285,0,0.0,193,1.1538633717391586,0,0
2019-07-13,4719.05,367.3953846153846,55.10930769230769,18.369769230769233,45.49076923076923,Aswan,0.0,3.2651525,212.16614,15.801445,37.3284,6.3944397,-1.0741119,-2.5390167,0.1638119,10.729906,42.972157,7,2,0,3.2465870999999993,3.7707134000000004,4.550505342857143,3.426835,17.177885571428572,0,0.0,194,1.031002267446863,0,0
2019-07-14,4663.93,357.72153846153844,53.65823076923076,17.886076923076924,45.44923076923077,Aswan,0.0,4.391422,157.94357,17.785812,37.15909,8.607819,1.3245468,-3.3806992,0.25968382,14.719307,72.35335,7,2,0,3.5681160999999997,3.8062104,4.495134128571428,4.391422,17.071412714285714,0,0.0,195,1.0266005839499126,0,0
2019-07-15,4723.04,365.93384615384616,54.890076923076926,18.296692307692307,45.4076923076923,Aswan,0.0,4.551275,142.41248,17.765778,36.22513,7.497711,2.1643143,-3.185028,0.2182965,19.730549,98.89199,7,2,0,4.069283166666666,3.793027042857143,4.472629985714286,4.551275,17.496093714285713,0,0.0,196,1.0208492281846329,0,0
2019-07-16,4793.64,379.9353846153846,56.99030769230769,18.996769230769228,45.36076923076924,Aswan,0.0,3.2883515,143.24216,19.083057,35.29947,8.073151,1.8321228,-2.6193619,0.16848375,17.05847,70.22212,7,2,0,4.077016166666667,3.530294057142857,4.350691992857143,4.551275,17.789637285714285,0,0.0,197,0.9253208981148227,0,0
2019-07-17,4601.51,348.6476923076923,52.29715384615384,17.432384615384617,45.31230769230769,Aswan,0.0,3.0999558,196.35555,16.261688,38.04019,7.2208557,-0.6336441,-2.383316,0.30215275,9.691039,53.803905,7,2,0,3.6465274333333326,3.581537942857143,4.077006142857143,4.551275,17.589980142857144,0,0.0,198,0.9681193631840237,1,0
2019-07-18,4563.73,357.79999999999995,53.669999999999995,17.889999999999997,45.25923076923077,Aswan,0.0,1.7553053,185.42076,17.807379,39.20047,9.476593,-0.7780075,1.0956116,0.2585608,6.8174863,41.36644,7,2,0,2.714537533333333,3.342747985714286,3.7979382214285713,3.2883515,17.72708342857143,0,0.0,199,1.2709127395392947,1,0
2019-07-19,4304.93,293.7392307692308,44.060884615384616,14.68696153846154,45.20538461538461,Aswan,0.0,4.4426694,202.77533,15.044416,39.682648,8.078644,-1.7079391,-4.0980225,0.35586825,11.630749,57.65933,7,2,0,3.099310166666666,3.5420187857142857,3.7162614999999994,4.4426694,17.078510714285713,0,0.0,200,1.5563614674192108,1,0
2019-07-20,4651.22,348.6953846153846,52.304307692307695,17.43476923076923,45.14615384615384,Aswan,0.0,5.31081,179.90729,16.97827,39.733795,9.410553,-0.012359619,-5.294655,0.3477853,16.61444,91.02264,7,2,0,3.836261566666666,3.8342555714285713,3.8024844857142854,5.31081,17.246628571428573,0,0.0,201,1.7496746913215981,1,0
2019-07-21,4818.54,358.99692307692305,53.84953846153846,17.949846153846153,45.08692307692308,Aswan,0.0,6.601905,173.0556,22.905998,37.128082,11.9964905,0.85004425,-6.5181885,0.2924708,23.022686,138.75632,7,2,0,5.451794799999999,4.1500388571428575,3.978124628571429,6.601905,17.978083714285713,0,0.0,202,1.7519181378050137,0,0
2019-07-22,4974.77,370.05307692307696,55.507961538461544,18.502653846153848,45.02307692307692,Aswan,0.0,5.5717106,147.98071,22.373062,34.500275,9.829132,2.9480057,-4.654953,0.27401388,27.546677,173.56107,7,2,0,5.828141866666666,4.295815371428572,4.0444212071428565,6.601905,18.636267142857143,0,0.0,203,2.111399532122325,0,0
2019-07-23,4927.71,384.2146153846154,57.63219230769231,19.21073076923077,44.95692307692308,Aswan,0.0,3.6764417,117.26718,21.985836,33.338654,8.484894,3.2527542,-1.6928024,0.24454358,26.11081,122.645744,7,2,0,5.2833524333333335,4.351256828571429,3.940775442857143,6.601905,19.050949857142857,0,0.0,204,2.5586804165706183,0,0
2019-07-24,4844.429999999999,372.1769230769231,55.82653846153847,18.608846153846155,44.88692307692308,Aswan,0.0,3.828782,112.48514,20.194595,34.69742,8.136871,3.0713272,-1.3808365,0.25585413,20.883114,102.57268,7,2,0,4.358978099999999,4.455374857142857,4.0184564,5.5717106,19.612793714285715,0,0.0,205,2.720627438551295,0,0
2019-07-25,4808.97,365.2107692307692,54.78161538461538,18.26053846153846,44.81461538461539,Aswan,0.0,3.8104734,127.9745,18.115593,35.477203,6.992218,2.937172,-2.3603058,0.2727687,17.568077,91.14517,7,2,0,3.7718990333333324,4.748970300000001,4.045859142857143,3.828782,19.656824285714286,0,0.0,206,2.5541742565534413,0,0
2019-07-26,4868.94,360.4038461538461,54.06057692307691,18.020192307692305,44.74,Aswan,0.0,5.317149,141.836,17.322966,35.503815,6.414337,3.2297516,-4.1184387,0.34895584,18.411947,121.34679,7,2,0,4.318801466666666,4.8738959571428575,4.207957371428572,5.317149,19.982331428571428,0,0.0,207,2.0970891864106136,0,0
2019-07-27,4898.17,348.9953846153846,52.34930769230768,17.44976923076923,44.66,Aswan,0.0,5.8981886,138.88644,21.507427,34.46927,9.170074,3.8006744,-4.4827576,0.41782594,20.742561,139.06726,7,2,0,5.008603666666666,4.957807185714286,4.396031378571428,5.8981886,20.629353857142856,0,0.0,208,1.1826122067033045,0,0
2019-07-28,4889.110000000001,370.6553846153847,55.598307692307706,18.532769230769237,44.57615384615384,Aswan,0.0,4.1858444,122.4781,23.158314,34.74112,10.011993,3.6251526,-1.9908295,0.24673702,14.534824,85.90671,7,2,0,5.133727333333333,4.612655671428571,4.381347264285714,5.8981886,20.665399,0,0.0,209,0.7296131021085858,0,0
2019-07-29,4950.93,376.5446153846154,56.481692307692306,18.82723076923077,44.49076923076923,Aswan,0.0,3.5538511,137.99976,19.762243,34.073273,7.558136,2.2184372,-2.2060776,0.20818827,16.910896,81.820076,7,2,0,4.545961366666666,4.324390028571428,4.3101027,5.8981886,20.29242485714286,0,0.0,210,0.7637459591917037,0,0
2019-07-30,4858.69,373.2215384615384,55.98323076923076,18.66107692307692,44.40384615384615,Aswan,0.0,2.6863365,113.72133,21.470629,34.106964,8.569366,2.288948,-0.99922943,0.15674934,12.464578,46.778214,7,2,0,3.4753439999999993,4.182946428571428,4.267101628571429,4.1858444,20.21882385714286,0,0.0,211,0.5838795607724657,0,0
2019-07-31,4860.97,386.41,57.9615,19.320500000000003,44.31,Aswan,0.0,3.7241826,98.70364,17.057835,35.66861,6.254425,3.5252762,-0.4435196,0.15261272,16.176218,51.736176,7,2,0,3.3214567333333327,4.168003657142857,4.311689257142858,3.7241826,19.77071528571429,0,0.0,212,0.6833781039036826,0,0
2019-08-01,4869.29,379.0207692307693,56.85311538461539,18.951038461538467,44.21692307692308,Aswan,0.0,3.6049447,110.03171,16.849518,36.1586,6.9086,3.3377075,-1.2593079,0.13397592,13.517759,40.52362,8,2,0,3.3384879333333326,4.138642414285714,4.443806357142857,3.7241826,19.58984742857143,0,0.0,213,0.8202828814478416,0,0
2019-08-02,4855.09,375.2815384615385,56.29223076923078,18.764076923076924,44.11846153846154,Aswan,0.0,3.9761832,131.16576,17.738905,36.996246,8.422394,2.9810486,-2.6305237,0.23090364,12.424204,52.525772,8,2,0,3.7684368333333325,3.9470758714285714,4.410485914285714,3.9761832,19.649267285714284,0,0.0,214,1.123154020745447,0,0
2019-08-03,4749.0,371.5184615384615,55.727769230769226,18.575923076923075,44.01615384615385,Aswan,0.0,3.834376,172.24174,17.729946,38.09439,9.167389,0.6270752,-3.3131104,0.24520332,13.535021,50.32608,8,2,0,3.805167966666666,3.6522455,4.3050263428571425,3.9761832,19.109627142857143,0,0.0,215,1.5125906970947656,1,0
2019-08-04,4872.78,362.6707692307692,54.400615384615385,18.13353846153846,43.91,Aswan,0.0,4.7655277,164.47156,21.09869,37.382355,11.36087,1.281868,-4.2113037,0.3086015,18.451185,90.753845,8,2,0,4.192028966666666,3.7350574,4.173856535714285,4.7655277,18.81539514285714,0,0.0,216,1.5645948384419104,0,0
2019-08-05,4961.71,392.86538461538464,58.92980769230769,19.643269230769235,43.80076923076923,Aswan,0.0,3.8225722,144.70732,17.102444,36.683502,7.593292,2.022232,-2.986534,0.22905254,18.417557,86.744446,8,2,0,4.1408252999999995,3.7734461285714285,4.048918078571428,4.7655277,18.435423857142858,0,0.0,217,1.298140417999103,0,0
2019-08-06,4951.79,375.3353846153846,56.30030769230769,18.76676923076923,43.690769230769234,Aswan,0.0,4.622478,143.34636,19.828884,36.316437,9.4548645,2.785286,-3.3896103,0.2742992,14.415911,69.1635,8,2,0,4.403525966666666,4.050037771428571,4.116492099999999,4.7655277,18.200888857142857,0,0.0,218,0.8143599138850651,0,0
2019-08-07,4931.36,380.3415384615385,57.05123076923078,19.017076923076925,43.57692307692308,Aswan,0.0,3.3351507,167.47339,18.33647,36.214264,8.379791,0.42679596,-2.9221573,0.2645965,14.782752,78.72664,8,2,0,3.926733633333333,3.994461785714286,4.081232721428571,4.622478,18.383551,0,0.0,219,0.7125482698559467,0,0
2019-08-08,5037.78,379.93,56.9895,18.9965,43.45769230769231,Aswan,0.0,4.983015,153.60883,19.872185,34.596466,8.12088,2.0031738,-4.2879333,0.23427778,16.694956,70.830215,8,2,0,4.3135479,4.191328971428571,4.164985692857143,4.983015,18.815360571428574,0,0.0,220,1.0993644500310322,0,0
2019-08-09,5098.88,384.2284615384616,57.634269230769235,19.211423076923083,43.33538461538462,Aswan,0.0,4.2655983,124.03027,17.924461,33.40628,5.6721497,3.572441,-2.16111,0.21759078,18.978798,83.46925,8,2,0,4.1945879999999995,4.232673985714285,4.089874928571429,4.983015,18.84186857142857,0,0.0,221,1.6093030523358698,0,0
2019-08-10,5058.37,388.6023076923077,58.29034615384615,19.430115384615387,43.21076923076923,Aswan,0.0,4.146916,118.19179,21.321224,34.316193,8.956696,3.627678,-1.7537384,0.19104043,17.67015,58.372856,8,2,0,4.465176433333332,4.277322557142857,3.9647840285714286,4.983015,19.354908285714284,0,0.0,222,1.4547309814752587,0,0
2019-08-11,4904.74,378.57,56.7855,18.9285,43.08384615384615,Aswan,0.0,3.5612323,124.194855,19.544615,34.69632,7.5420227,1.911171,0.6523819,0.14705135,16.9776,56.237015,8,2,0,3.991248866666666,4.105280357142857,3.9201688785714284,4.2655983,19.132897571428572,0,0.0,223,1.230736876811887,0,0
2019-08-12,4988.1,373.7592307692308,56.063884615384616,18.68796153846154,42.95153846153846,Aswan,0.0,3.8895879,103.9256,14.368917,35.41385,4.183136,2.6524582,0.09429932,0.11600602,13.405058,41.735367,8,2,0,3.865912066666666,4.114854028571428,3.9441500785714285,4.146916,18.742393714285715,0,0.0,224,1.0520678997697859,0,0
2019-08-13,4972.78,371.3007692307692,55.695115384615384,18.56503846153846,42.818461538461534,Aswan,0.0,3.3380003,133.0216,17.150873,35.517,6.686554,1.0980225,-0.04197693,0.1286212,13.169339,47.587505,8,2,0,3.5962734999999992,3.9313572142857143,3.990697492857143,3.8895879,18.359820714285714,0,0.0,225,0.9196814727144899,0,0
2019-08-14,4906.33,386.286923076923,57.94303846153845,19.314346153846152,42.67923076923077,Aswan,0.0,3.271329,143.8149,15.180859,35.738922,4.931427,1.4001923,-2.3440247,0.16995545,18.430868,64.241486,8,2,0,3.4996390666666657,3.9222398285714286,3.958350807142857,3.8895879,17.909019142857144,0,0.0,226,0.8165111483151715,0,0
2019-08-15,4875.07,368.2769230769231,55.24153846153846,18.413846153846155,42.53846153846154,Aswan,0.0,2.2144132,126.20072,20.054926,35.109283,8.833893,-0.88365936,-1.3561935,0.1640911,13.980875,44.3487,8,2,0,2.9412474999999993,3.5267252857142855,3.859027128571429,3.3380003,17.935125,0,0.0,227,0.8169399400601808,0,0
2019-08-16,4292.54,262.02384615384614,39.30357692307692,13.101192307692308,42.39538461538461,Aswan,0.0,3.4120975,165.43433,29.440132,37.602814,16.27127,-0.7509384,1.5217361,0.21571918,11.266575,59.212646,8,2,0,2.9659465666666662,3.4047966,3.8187352928571423,3.4120975,19.580220857142855,0,0.0,228,1.0555399880596517,0,0
2019-08-17,3261.45,143.48076923076923,21.522115384615383,7.174038461538462,42.24615384615385,Aswan,0.0,5.4792376,93.24518,27.279926,37.591827,14.800568,3.3594513,-0.5469513,0.26972327,12.850794,68.62036,8,2,0,3.7019160999999996,3.5951282571428567,3.936225407142857,5.4792376,20.431464000000002,0,0.0,229,1.1708509116077463,0,0
2019-08-18,4987.92,364.7923076923077,54.71884615384615,18.239615384615387,42.09384615384616,Aswan,0.0,5.932807,161.30118,20.570822,36.855377,10.3750305,1.9838028,-5.438553,0.30233186,20.837244,100.818726,8,2,0,4.941380699999999,3.933924642857143,4.0196024999999995,5.932807,20.578065000000002,0,0.0,230,1.0641949482608375,0,0
2019-08-19,3994.61,248.34615384615384,37.25192307692308,12.417307692307693,41.941538461538464,Aswan,0.0,4.827871,150.40363,23.21989,35.42691,11.083282,2.6605453,-3.8289566,0.21422324,18.564177,91.899605,8,2,0,5.413305199999999,4.0679650857142855,4.091409557142858,5.932807,21.842489714285712,0,0.0,231,1.0624716648412569,0,0
2019-08-20,5096.91,387.6769230769231,58.151538461538465,19.383846153846157,41.78384615384616,Aswan,0.0,4.81715,167.24649,21.591255,35.70279,10.241486,1.2611008,-4.510109,0.19084191,17.428392,67.491776,8,2,0,5.1926093333333325,4.2792721857142855,4.1053147,5.932807,22.47683,0,0.0,232,1.0428649801350038,0,0
2019-08-21,5136.99,412.1758333333333,61.82637499999999,20.608791666666665,45.00083333333333,Aswan,0.0,5.8631744,164.16306,22.64384,35.604645,10.723175,1.8072052,-5.424492,0.17013384,24.068491,93.46423,8,2,0,5.169398466666666,4.649535814285715,4.285887821428572,5.8631744,23.542970142857143,0,0.0,233,1.0558387875620756,0,0
2019-08-22,5218.04,421.385,63.20775,21.06925,44.840833333333336,Aswan,0.0,5.538007,150.60199,23.35648,35.119537,10.125153,2.8616257,-4.608795,0.18389735,27.062908,125.89424,8,2,0,5.406110466666665,5.124334928571429,4.325530107142858,5.8631744,24.014620714285712,0,0.0,234,1.0539646364892805,0,0
2019-08-23,5204.36,426.18,63.927,21.309,44.67583333333334,Aswan,0.0,4.117712,122.216965,23.539772,34.24185,10.065338,3.4853363,-2.1610641,0.26594546,30.271305,152.53897,8,2,0,5.1729644666666665,5.225136999999999,4.3149668,5.8631744,23.171712142857142,0,0.0,235,1.1106807409140564,0,0
2019-08-24,5160.68,421.34,63.20099999999999,21.067,44.509166666666665,Aswan,0.0,3.6926427,120.25296,20.700415,33.73233,7.7221985,3.1441345,-1.7865753,0.20827962,23.562061,90.63237,8,2,0,4.449453899999999,4.969909157142857,4.282518707142858,5.538007,22.231782,0,0.0,236,1.0226925781641076,0,0
2019-08-25,5140.42,429.7225,64.458375,21.486125,44.340833333333336,Aswan,0.0,3.5672143,140.6921,21.36702,34.677277,8.499908,2.1432877,-2.642624,0.18370984,18.539345,77.80995,8,2,0,3.792522999999999,4.631967342857143,4.282945992857143,4.117712,22.34552457142857,0,0.0,237,0.7424086638731023,0,0
2019-08-26,5136.94,415.10833333333335,62.26625,20.75541666666667,44.16583333333333,Aswan,0.0,4.697152,159.01958,19.668554,35.674103,8.620514,1.7829819,-4.239723,0.15956852,19.698032,76.82905,8,2,0,3.9856696666666664,4.6132932,4.340629142857143,4.697152,21.838190857142855,0,0.0,238,0.7751766965328976,0,0
2019-08-27,5224.95,417.39416666666665,62.60912499999999,20.869708333333335,43.990833333333335,Aswan,0.0,6.271821,150.82617,21.516144,35.92337,9.6094055,3.1040955,-5.418892,0.250168,21.794374,111.53143,8,2,0,4.845395766666666,4.8211033428571435,4.550187764285715,6.271821,21.82746071428571,0,0.0,239,0.8137093243682579,0,0
2019-08-28,5264.23,422.9308333333333,63.43962499999999,21.146541666666664,43.8125,Aswan,0.0,5.5524244,147.46544,21.466085,35.140656,8.956085,2.9996796,-4.6716995,0.24818134,20.291122,97.023674,8,2,0,5.507132466666666,4.776710485714285,4.71312315,6.271821,21.65921,0,0.0,240,0.7738008047367708,0,0
2019-08-29,5273.67,416.72,62.508,20.836000000000002,43.6325,Aswan,0.0,6.320692,150.54149,23.169159,34.44632,9.72757,3.1932297,-5.4438934,0.23313615,23.306862,116.85631,8,2,0,6.048312466666666,4.888522628571429,5.006428778571428,6.320692,21.632449857142856,0,0.0,241,0.7880052470181754,0,0
2019-08-30,5315.34,428.33833333333337,64.25075,21.41691666666667,43.445,Aswan,0.0,6.1027117,151.17601,22.460934,34.436188,9.505646,2.931305,-5.352089,0.28791016,28.15437,133.31033,8,2,0,5.9919427,5.172094014285714,5.198615507142857,6.320692,21.478330142857143,0,0.0,242,0.7668167238499598,0,0
2019-08-31,5177.37,408.2325,61.234875,20.411625,43.26,Aswan,0.0,4.8879247,147.15442,20.88218,34.26126,8.496613,2.6492615,-4.1050186,0.27552772,30.396137,137.39493,8,2,0,5.7704428000000005,5.342848585714286,5.156378871428572,6.320692,21.504296571428572,0,0.0,243,0.6549023435588273,0,0
2019-09-01,5360.15,456.32666666666665,68.449,22.816333333333333,43.07,Aswan,0.0,4.921469,138.3615,24.882677,33.730865,10.149567,3.1914597,-3.613762,0.24851185,22.964851,119.01773,9,3,0,5.3040351333333335,5.536313542857143,5.084140442857143,6.1027117,22.006533285714287,0,0.0,244,0.7992474173105,0,0
2019-09-02,5382.889999999999,472.73583333333335,70.910375,23.636791666666667,42.8775,Aswan,0.0,4.0352163,135.97722,23.428051,34.161774,10.033844,2.8009796,-2.894844,0.23106256,27.396389,108.21394,9,3,0,4.61487,5.4417513,5.02752225,4.921469,22.543604285714288,0,0.0,245,0.725124726868531,0,0
2019-09-03,5362.51,459.7225,68.958375,22.986125,42.681666666666665,Aswan,0.0,4.192133,141.10944,20.135366,34.16092,7.773346,2.5784073,-3.2445374,0.23832452,25.317451,104.52896,9,3,0,4.382939433333333,5.144653014285715,4.982878178571428,4.921469,22.346350285714287,0,0.0,246,0.42864777485712335,0,0
2019-09-04,5411.8,471.0816666666667,70.66225,23.554083333333338,42.48333333333333,Aswan,0.0,4.2315226,135.60156,23.928122,34.13675,10.215363,2.5917816,-2.9962997,0.25649697,31.064735,134.26865,9,3,0,4.1529573,4.955952757142858,4.8663316214285715,4.2315226,22.698069857142855,0,0.0,247,0.2403701836001232,0,0
2019-09-05,5370.49,462.4841666666667,69.372625,23.124208333333335,42.285,Aswan,0.0,3.866037,147.2009,24.484684,33.66092,10.185333,2.0250092,-3.268341,0.24916396,27.635769,116.820755,9,3,0,4.0965642,4.6052877571428565,4.746905192857143,4.2315226,22.886002,0,0.0,248,0.2809761715234093,0,0
2019-09-06,5328.55,456.1258333333333,68.41887499999999,22.806291666666667,42.079166666666666,Aswan,0.0,4.862898,159.85345,21.47688,35.219513,9.397736,1.6753922,-4.563553,0.26514792,19.409134,90.1328,9,3,0,4.320152533333333,4.428171514285714,4.800132764285714,4.862898,22.74542285714286,0,0.0,249,0.5099318488448614,0,0
2019-09-07,5381.349999999999,462.3066666666667,69.346,23.115333333333336,41.87583333333333,Aswan,0.0,5.360138,163.26382,20.466825,36.4451,9.728058,1.8255386,-4.7519073,0.23858988,10.874638,59.3302,9,3,0,4.696357666666667,4.495630557142857,4.919239571428571,5.360138,22.68608642857143,0,0.0,250,0.9964958308209305,0,0
2019-09-08,5492.42,453.5425,68.031375,22.677125000000004,41.66916666666667,Aswan,0.0,5.7890577,149.1389,25.305946,34.199005,10.990265,2.970436,-4.9465256,0.30586565,27.517159,171.66261,9,3,0,5.337364566666667,4.6195718,5.077942671428572,5.7890577,22.746553428571428,0,0.0,251,0.9507563818533799,0,0
2019-09-09,5517.57,464.1666666666667,69.625,23.208333333333336,41.45666666666667,Aswan,0.0,4.8153033,147.61403,29.363747,33.114532,12.525055,2.5506668,-4.0439835,0.2626515,31.151997,139.0603,9,3,0,5.321499666666666,4.7310128,5.08638205,5.7890577,23.594509999999996,0,0.0,252,1.096729264167592,0,0
2019-09-10,5483.9,469.5341666666666,70.43012499999999,23.47670833333333,41.24666666666666,Aswan,0.0,3.9003384,136.2478,27.439987,32.82498,11.136505,2.576271,-2.7734985,0.2692685,28.220013,129.5718,9,3,0,4.834899799999999,4.689327857142857,4.916990435714285,5.7890577,24.638027285714283,0,0.0,253,1.2541697289501565,0,0
2019-09-11,5423.92,460.1825,69.02737499999999,23.009125,41.03083333333333,Aswan,0.0,4.028491,154.6951,22.390156,33.538605,8.855499,1.6127167,-3.5696487,0.21524632,26.011114,98.57669,9,3,0,4.248044233333332,4.660323342857143,4.808138049999999,4.8153033,24.41831785714286,0,0.0,254,1.2815549414515757,0,0
2019-09-12,5581.06,477.1716666666667,71.57575,23.858583333333335,40.814166666666665,Aswan,0.0,4.826848,157.46063,20.315315,33.529816,7.2400208,1.8524475,-4.4213333,0.19026749,30.029354,131.79037,9,3,0,4.251892466666666,4.797582057142857,4.701434907142857,4.826848,23.822693714285716,0,0.0,255,1.290703840747844,0,0
2019-09-13,5452.36,446.3591666666667,66.953875,22.317958333333337,40.59666666666666,Aswan,0.0,4.484944,152.49469,23.34058,33.243317,9.08902,1.8205719,-3.94915,0.25109342,36.581097,174.1203,9,3,0,4.446760999999999,4.743588628571429,4.585880071428571,4.826848,24.088936571428572,0,0.0,256,1.2257684664139998,0,0
2019-09-14,5470.42,450.6041666666667,67.590625,22.530208333333334,40.37583333333333,Aswan,0.0,4.6079826,142.97385,27.918194,32.62686,11.421417,2.5894089,-3.6215286,0.24941078,26.07552,130.2021,9,3,0,4.639924866666665,4.636137857142857,4.565884207142857,4.826848,25.15341785714286,0,0.0,257,0.5218964957752728,0,0
2019-09-15,5538.7,454.2216666666666,68.13324999999999,22.71108333333333,40.15333333333333,Aswan,0.0,4.744092,149.82141,25.225327,31.249908,8.523102,2.322235,-4.0225525,0.21790764,21.425274,108.12981,9,3,0,4.612339533333333,4.486857042857142,4.553214421428572,4.744092,25.141900857142854,0,0.0,258,0.7923789864145687,0,0
2019-09-16,5406.48,442.4066666666667,66.361,22.120333333333335,39.9275,Aswan,0.0,4.107251,156.78134,26.036247,31.79422,9.374786,1.6106644,-3.7607193,0.20903146,18.472202,82.59361,9,3,0,4.4864418666666666,4.385706714285714,4.558359757142857,4.744092,24.666543714285716,0,0.0,259,0.8784458905768563,0,0
2019-09-17,5417.2300000000005,453.345,68.00175,22.667250000000003,39.70166666666667,Aswan,0.0,4.5652385,167.78198,25.113354,32.84305,9.762604,0.9362793,-4.4558716,0.20430654,25.694666,105.05547,9,3,0,4.472193833333333,4.480692442857142,4.5850101500000005,4.744092,24.334167571428573,0,0.0,260,0.8789459835935175,0,0
2019-09-18,4689.68,432.4090909090909,64.86136363636363,21.620454545454546,37.75272727272728,Aswan,0.0,4.184058,158.46509,23.022793,34.006012,9.735626,1.5348511,-3.887001,0.22578979,21.906178,98.39731,9,3,0,4.285515833333332,4.5029163,4.58161982142857,4.5652385,24.424544285714283,0,0.0,261,0.9675043138168576,0,0
2019-09-19,5321.71,444.4508333333333,66.667625,22.222541666666668,39.24166666666667,Aswan,0.0,5.0192356,169.13751,22.717968,35.17032,9.816071,0.94255066,-4.929863,0.24372858,28.582888,108.19342,9,3,0,4.5895107,4.530400242857143,4.66399115,5.0192356,24.767780428571427,0,0.0,262,1.3204493039619054,0,0
2019-09-20,5408.74,457.9741666666666,68.69612499999998,22.89870833333333,39.01166666666666,Aswan,0.0,6.016273,179.61047,26.464928,36.42325,13.021393,0.012290955,-6.010391,0.29249522,37.43219,158.13069,9,3,0,5.0731888666666665,4.749161528571428,4.746375078571428,6.016273,25.214115857142854,0,0.0,263,1.8590605475145459,0,0
2019-09-21,5388.66,446.4,66.96,22.32,38.7775,Aswan,0.0,6.360197,178.1825,31.992853,35.38321,15.273956,0.20799255,-6.3553925,0.32668012,41.251656,178.97743,9,3,0,5.798568533333333,4.999477871428572,4.817807864285714,6.360197,25.79621,0,0.0,264,1.9467783755455508,0,0
2019-09-22,5381.69,444.0641666666667,66.60962500000001,22.203208333333336,38.54333333333333,Aswan,0.0,4.9821806,176.7545,22.70111,33.789093,9.301422,0.28118134,-4.9630127,0.37423486,36.49154,177.18071,9,3,0,5.786216866666666,5.033490528571429,4.760173785714286,6.360197,25.435607571428573,0,0.0,265,1.587445642810108,0,0
2019-09-23,5451.81,449.5058333333333,67.42587499999999,22.475291666666667,38.3075,Aswan,0.0,5.4814997,172.17996,29.183556,33.313263,12.162994,0.7476425,-5.417984,0.3356232,33.525833,174.38065,9,3,0,5.6079590999999995,5.2298117714285715,4.807759242857143,6.360197,25.885223142857143,0,0.0,266,1.2770285866866884,0,0
2019-09-24,5444.02,439.7083333333333,65.95625,21.985416666666666,38.07083333333333,Aswan,0.0,5.23367,166.42798,29.373833,33.193268,11.854523,1.3275986,-5.0167847,0.253099,30.319057,148.3623,9,3,0,5.2324501,5.325301985714286,4.902997214285714,5.4814997,26.493863,0,0.0,267,1.2101357563596509,0,0
2019-09-25,5479.49,441.2175,66.18262499999999,22.060875,37.8325,Aswan,0.0,4.5742292,164.02899,24.138897,32.572174,8.765045,1.2832718,-4.3678055,0.2242822,32.326687,131.63498,9,3,0,5.0964662999999994,5.381040728571429,4.941978514285714,5.4814997,26.65330642857143,0,0.0,268,1.4068040368182535,0,0
2019-09-26,5538.97,451.055,67.65825,22.552750000000003,37.59166666666667,Aswan,0.0,4.3016806,175.78561,17.99727,32.333527,3.3634338,0.30519104,-4.28183,0.15974829,28.23061,102.01112,9,3,0,4.703193266666666,5.278532871428571,4.9044665571428565,5.23367,25.978920999999996,0,0.0,269,1.5070663714134516,0,0
2019-09-27,5448.27,442.6075,66.391125,22.130375,37.35333333333333,Aswan,0.0,3.807427,179.1388,16.852108,32.932648,4.218048,0.06667328,-3.805359,0.14825706,19.759354,77.4977,9,3,0,4.227778933333332,4.962983442857143,4.856072485714286,4.5742292,24.605661,0,0.0,270,1.013609773532973,0,0
2019-09-28,5431.67,444.17,66.6255,22.2085,37.11083333333333,Aswan,0.0,4.6636004,175.27568,19.83041,34.079376,7.6026917,0.3796997,-4.5737457,0.18640083,20.986649,80.62871,9,3,0,4.257569333333333,4.7206125000000005,4.860045185714285,4.6636004,22.868169142857145,0,0.0,271,0.6251196731652473,0,0
2019-09-29,5447.79,441.0958333333333,66.16437499999999,22.054791666666667,36.8675,Aswan,0.0,4.400792,165.78445,27.36037,32.95572,11.031525,1.0820999,-4.2563705,0.18982446,29.484516,105.23831,9,3,0,4.290606466666666,4.637556985714285,4.835523757142857,4.6636004,23.533777714285716,0,0.0,272,0.5647464278891066,0,0
2019-09-30,5308.06,415.29833333333335,62.29475,20.764916666666668,36.623333333333335,Aswan,0.0,3.923261,156.61841,27.508886,32.196564,10.275909,1.5093536,-3.569641,0.18493298,32.90747,130.76552,9,3,0,4.3292177999999994,4.414951457142857,4.822381614285715,4.6636004,23.294539142857143,0,0.0,273,0.6329949417255006,0,0
2019-10-01,5434.57,436.6016666666667,65.49025,21.830083333333334,36.38,Aswan,0.0,4.207238,160.62991,23.233072,31.444366,7.5610657,1.3785782,-3.955574,0.20341554,33.25617,134.64862,10,3,0,4.177097,4.268318314285715,4.79681015,4.400792,22.417287571428574,0,0.0,274,0.8146224736990072,0,0
2019-10-02,5381.75,425.34083333333336,63.801125,21.26704166666667,36.13666666666666,Aswan,0.0,4.5992413,174.53314,23.552635,31.10379,7.7046204,0.44599152,-4.546318,0.16238362,23.72379,80.93057,10,3,0,4.243246766666666,4.271891471428572,4.8264661,4.5992413,22.33353585714286,0,0.0,275,1.0036101020203,0,0
2019-10-03,5185.36,424.2966666666667,63.6445,21.214833333333335,35.89083333333333,Aswan,0.0,3.7724075,185.65598,19.991558,33.06436,6.9289856,-0.32353973,-3.754097,0.14635223,18.52071,60.762344,10,3,0,4.192962266666666,4.196281028571429,4.73740695,4.5992413,22.618434142857147,0,0.0,276,1.028970952006171,0,0
2019-10-04,5053.06,416.09083333333336,62.413625,20.80454166666667,35.645833333333336,Aswan,0.0,2.9152298,243.4047,24.704712,34.926666,10.96817,-2.159027,-1.5630493,0.18076928,17.41128,50.968376,10,3,0,3.7622928666666664,4.068824285714285,4.515903864285714,4.5992413,23.740234714285716,0,0.0,277,1.3740744457774425,0,0
2019-10-05,5046.4,414.6583333333333,62.19874999999999,20.732916666666668,35.4,Aswan,0.0,2.261476,140.47519,27.308588,35.008087,12.70816,-0.59537506,0.39941406,0.21787876,16.03999,63.912323,10,3,0,2.983037766666666,3.725663657142857,4.223138078571429,3.7724075,24.808545857142857,0,0.0,278,1.5491277992034491,0,0
2019-10-06,5174.89,413.3341666666667,62.000125000000004,20.666708333333336,35.1525,Aswan,0.0,4.7575827,174.95743,21.392197,35.109528,9.51297,0.4075699,-4.7321396,0.25862703,25.795425,103.35377,10,3,0,3.3114294999999996,3.776633757142857,4.207095371428571,4.7575827,23.955949714285715,0,0.0,279,1.749719885481693,0,0
2019-10-07,5049.6,405.0425,60.756375,20.252125000000003,34.906666666666666,Aswan,0.0,3.3519316,218.43799,27.085823,34.557648,12.331818,-2.1450882,-2.5652618,0.20159858,18.037548,64.05111,10,3,0,3.4569967666666663,3.6950152714285713,4.0549833642857145,4.7575827,23.895512142857143,0,0.0,280,1.7370098280848094,0,0
2019-10-08,5089.51,423.03333333333336,63.455,21.15166666666667,34.660833333333336,Aswan,0.0,2.7158823,114.160065,24.006916,35.07486,11.011261,-0.16649628,-1.4859009,0.18204275,18.782291,64.4554,10,3,0,3.6084655333333324,3.4819644571428574,3.8751413857142856,4.7575827,24.006061285714285,0,0.0,281,1.512931078970847,0,0
2019-10-09,5079.6,417.4041666666667,62.610625,20.870208333333338,34.4125,Aswan,0.0,4.296279,221.77643,27.880573,35.497467,12.5486145,-2.8528976,-3.1734009,0.15582554,13.956934,40.76513,10,3,0,3.4546976333333332,3.4386841285714285,3.8552878,4.296279,24.62433814285714,0,0.0,282,0.7926415837212831,0,0
2019-10-10,5004.29,409.425,61.41375,20.47125,34.16916666666667,Aswan,0.0,3.1057887,213.55707,24.828056,35.743073,12.103912,-1.7307663,-2.3410187,0.21538666,15.620762,53.479347,10,3,0,3.3726499999999997,3.3434528714285716,3.7698669500000004,4.296279,25.315266428571427,0,0.0,283,0.38689719895766,0,0
2019-10-11,5094.5,459.94666666666666,68.99199999999999,22.997333333333334,33.92166666666667,Aswan,0.0,2.240279,167.70413,24.267952,35.36795,11.142242,0.20475769,-2.0273056,0.18291701,13.877308,54.601776,10,3,0,3.2141155666666665,3.247031328571429,3.6579278071428574,4.296279,25.252872142857143,0,0.0,284,0.3839855244870165,0,0
2019-10-12,5063.07,427.9625,64.194375,21.398125,33.67583333333334,Aswan,0.0,2.1513958,215.73175,23.250082,35.62198,11.076447,-1.2084961,-1.7542038,0.172313,14.306489,46.128174,10,3,0,2.4991544999999995,3.231305585714286,3.478484621428571,3.1057887,24.673085571428572,0,0.0,285,0.404006438427125,0,0
2019-10-13,4346.59,335.5375,50.330625000000005,16.776875,33.42916666666667,Aswan,0.0,3.26707,232.24934,27.78518,35.42032,12.832428,-2.3502197,-1.5659027,0.15929347,12.842632,41.924904,10,3,0,2.552914933333333,3.0183752000000004,3.397504478571429,3.26707,25.586368857142855,0,0.0,286,0.3989667696135902,0,0
2019-10-14,4634.53,352.5758333333333,52.886374999999994,17.628791666666668,33.18416666666666,Aswan,0.0,2.300936,246.6106,21.713348,34.160797,9.2152405,-1.2622452,-1.6089706,0.15803319,18.119844,68.77806,10,3,0,2.5731339333333327,2.8682329714285717,3.2816241214285715,3.26707,24.818872428571428,0,0.0,287,0.5322951305628315,0,0
2019-10-15,2373.3,53.615833333333335,8.042375,2.680791666666667,32.939166666666665,Aswan,0.0,4.943816,179.37442,27.57306,33.178986,11.871613,0.12532043,-4.9084015,0.21506777,26.95668,103.9319,10,3,0,3.5039406666666664,3.186509214285714,3.334236835714286,4.943816,25.32832157142857,0,0.0,288,0.9590696092782758,0,0
2019-10-16,1547.34,18.563333333333333,2.7845,0.9281666666666667,32.69583333333333,Aswan,0.0,4.812234,150.23834,33.63564,30.702301,12.875763,2.49395,-4.095192,0.13994661,19.407938,45.47048,10,3,0,4.018995333333333,3.2602170714285714,3.3494506000000004,4.943816,26.150474,0,0.0,289,1.8458923998125045,0,0
2019-10-17,4677.38,328.115,49.21725,16.40575,32.4525,Aswan,0.0,5.414323,193.43246,30.862823,32.474518,12.767975,-1.8288116,-4.9107895,0.16803543,11.458496,40.966133,10,3,0,5.056791,3.5900076857142857,3.4667302785714287,5.414323,27.01258357142857,0,0.0,290,1.8374224685911025,0,0
2019-10-18,5386.09,467.00916666666666,70.051375,23.350458333333336,32.21083333333333,Aswan,0.0,3.2294962,220.11522,29.743393,32.40909,11.222076,-2.081009,-2.4679947,0.15174991,9.914888,29.647373,10,3,0,4.4853510666666665,3.7313244285714284,3.4891778785714287,5.414323,27.794789428571427,0,0.0,291,1.768168314255392,0,0
2019-10-19,5378.11,466.99916666666667,70.049875,23.349958333333333,31.968333333333334,Aswan,0.0,3.6565604,206.46272,29.83124,33.355988,12.178986,-1.6335602,-3.2095947,0.14239323,12.913374,41.015957,10,3,0,4.100126533333333,3.9463479428571424,3.5888267642857143,5.414323,28.73495485714286,0,0.0,292,1.4831547517339003,0,0
2019-10-20,5541.71,519.8390909090908,77.97586363636363,25.991954545454544,34.50363636363637,Aswan,0.0,4.6124434,196.46643,22.608685,33.09488,8.212555,-1.1697235,-4.2957993,0.11158393,11.430712,33.168316,10,3,0,3.832833333333333,4.138544142857143,3.5784596714285715,4.6124434,27.99545557142857,0,0.0,293,1.08346925692223,0,0
2019-10-21,5644.53,526.4027272727272,78.96040909090908,26.320136363636365,34.25818181818182,Aswan,0.0,4.510034,194.68999,22.097744,31.040314,6.3815002,-0.9838257,-4.3276443,0.09341937,9.963492,38.410877,10,3,0,4.259679266666666,4.454129571428571,3.6611812714285716,4.6124434,28.050369285714286,0,0.0,294,1.0565580381664685,0,0
2019-10-22,5482.4,515.0381818181818,77.25572727272727,25.75190909090909,34.015454545454546,Aswan,0.0,3.546273,172.43588,24.672962,31.537872,8.612946,0.31170654,-3.4690704,0.16268106,14.482893,50.605255,10,3,0,4.222916799999999,4.254480571428571,3.7204948928571433,4.6124434,27.636069571428575,0,0.0,295,1.0160826894602357,0,0
2019-10-23,5567.85,506.3636363636364,75.95454545454545,25.31818181818182,33.775454545454544,Aswan,0.0,5.1225176,170.70462,30.634544,30.32486,10.619904,0.9231415,-4.6961823,0.19485877,19.407448,90.41056,10,3,0,4.392941533333333,4.2988068,3.7795119357142855,5.1225176,27.20734157142857,0,0.0,296,1.107744076107462,0,0
2019-10-24,5727.74,520.6290909090909,78.09436363636364,26.031454545454547,33.53363636363636,Aswan,0.0,4.492237,150.14186,30.853462,26.98941,7.4442444,2.0725403,-3.7245636,0.15284988,18.917871,78.996765,10,3,0,4.387009199999999,4.167080228571429,3.878543957142857,5.1225176,27.206004285714283,0,0.0,297,2.1724642743836036,0,0
2019-10-25,5751.73,523.7736363636363,78.56604545454545,26.18868181818182,33.29181818181818,Aswan,0.0,4.063289,154.69495,28.841805,25.87674,5.956085,1.7401352,-3.6700745,0.11873503,12.832939,45.957497,10,3,0,4.559347866666666,4.286193485714286,4.008758957142857,5.1225176,27.077205999999997,0,0.0,298,2.8796586208292,0,0
2019-10-26,5685.8,513.9136363636363,77.08704545454545,25.695681818181818,33.054545454545455,Aswan,0.0,4.3205175,154.61801,29.917732,26.023468,6.618683,1.8679581,-3.8934631,0.19731562,13.744321,73.085686,10,3,0,4.2920145,4.3810445,4.163696221428571,4.492237,27.089562,0,0.0,299,2.9233247351260405,0,0
2019-10-27,5644.08,510.13000000000005,76.51950000000001,25.506500000000003,32.81818181818182,Aswan,0.0,3.8444731,150.86754,42.78324,25.631134,11.568878,1.8987274,-3.3197327,0.16381459,15.883048,81.56819,10,3,0,4.0760932,4.271334457142857,4.2049393,4.3205175,29.971641285714288,0,0.0,300,2.6433297016218953,0,0
2019-10-28,5633.71,514.1318181818182,77.11977272727272,25.70659090909091,32.58363636363636,Aswan,0.0,3.59807,152.31975,41.555058,26.046173,11.392975,1.6713715,-3.186119,0.14649756,17.409079,75.82342,10,3,0,3.9210201999999996,4.141053885714286,4.297591728571429,4.3205175,32.751257571428575,0,0.0,301,2.4140433724971877,0,0
2019-10-29,5646.18,516.1654545454545,77.42481818181817,25.808272727272726,32.35090909090909,Aswan,0.0,3.5519817,166.03836,25.867882,26.311188,5.0415344,0.74466705,-3.429062,0.091004,18.906467,58.118332,10,3,0,3.664841599999999,4.141869414285714,4.198174992857143,3.8444731,32.92196042857143,0,0.0,302,1.6364008551008338,0,0
2019-10-30,5727.84,516.8672727272727,77.5300909090909,25.843363636363637,32.11727272727273,Aswan,0.0,4.412412,176.20486,23.91388,25.55252,3.2239075,0.24182129,-4.3862762,0.088389225,23.224716,73.096176,10,3,0,3.8541545666666663,4.040425757142858,4.1696162785714295,4.412412,31.961865571428575,0,0.0,303,0.4836414313699725,0,0
2019-10-31,5694.76,513.5418181818181,77.03127272727272,25.677090909090907,31.88909090909091,Aswan,0.0,3.8354242,160.13538,34.110928,25.08731,7.648468,1.2337112,-3.5852966,0.11732633,28.582758,94.8662,10,3,0,3.9332726333333325,3.946595357142857,4.056837792857143,4.412412,32.42721785714286,0,0.0,304,0.4030510217725322,0,0
2019-11-01,5801.61,557.0563636363636,83.55845454545454,27.85281818181818,31.663636363636364,Aswan,0.0,3.29576,160.13144,36.87009,25.378082,8.970734,1.1068268,-3.1029587,0.103716336,25.453917,85.06287,11,3,0,3.8478654,3.8369483571428566,4.061570921428571,4.412412,33.57411571428572,0,0.0,305,0.42839264123529136,0,0
2019-11-02,5769.39,554.7454545454545,83.21181818181817,27.737272727272728,31.434545454545454,Aswan,0.0,3.3371654,179.60875,28.314552,26.299347,6.2953186,0.085243225,-3.302948,0.09521139,22.763844,73.24731,11,3,0,3.489449866666666,3.6964694857142857,4.0387569928571425,3.8354242,33.345090000000006,0,0.0,306,0.47162785156244325,0,0
2019-11-03,5683.04,549.7727272727273,82.46590909090908,27.488636363636363,31.21454545454545,Aswan,0.0,3.9076238,185.61572,22.283655,26.868195,3.0212708,-0.103775024,-3.390274,0.070097946,12.757193,37.58661,11,3,0,3.513516399999999,3.705491014285714,3.988412735714286,3.9076238,30.416577857142858,0,0.0,307,0.6234988311801972,0,0
2019-11-04,5725.96,544.3909090909091,81.65863636363636,27.219545454545454,30.99272727272728,Aswan,0.0,3.5843773,182.40561,27.263496,26.416779,5.248932,-0.18064117,-3.576851,0.105420426,19.03173,65.476295,11,3,0,3.609722166666666,3.703534914285714,3.9222944000000006,3.9076238,28.37492614285714,0,0.0,308,0.6497264077626941,0,0
2019-11-05,5414.4400000000005,489.8645454545455,73.47968181818183,24.493227272727278,30.773636363636363,Aswan,0.0,3.796317,189.06871,25.649132,26.61026,4.892975,-0.38880157,-3.5605316,0.07570567,16.111645,36.952652,11,3,0,3.7627726999999993,3.7384399571428575,3.9401546857142855,3.9076238,28.34367614285714,0,0.0,309,0.68350397514504,0,0
2019-11-06,5736.8,549.2145454545454,82.3821818181818,27.46072727272727,30.55909090909091,Aswan,0.0,3.6888943,186.35641,22.105297,27.1055,3.370514,-0.42839813,-3.6591644,0.09623414,21.382668,56.4187,11,3,0,3.6898628666666666,3.6350802857142854,3.8377530214285716,3.796317,28.085307142857143,0,0.0,310,0.7512365106650597,0,0
2019-11-07,5633.55,543.8345454545455,81.57518181818182,27.191727272727277,30.344545454545457,Aswan,0.0,3.3554194,161.82018,28.93158,27.049957,7.386261,0.8066406,-3.1467133,0.14099869,25.80994,60.86886,11,3,0,3.613543566666666,3.566508171428572,3.7565517642857142,3.796317,27.345400285714284,0,0.0,311,0.5937537413963933,0,0
2019-11-08,5533.22,547.425,82.11375,27.37125,33.018,Aswan,0.0,3.304995,147.87973,32.401688,25.864777,7.7330627,1.7005234,-2.7374954,0.09990844,23.397915,67.57202,11,3,0,3.449769566666666,3.567827457142857,3.702387907142857,3.6888943,26.70705714285714,0,0.0,312,0.44618924302797974,0,0
2019-11-09,5657.62,601.988,90.29820000000001,30.099400000000003,32.805,Aswan,0.0,3.3789642,150.71036,36.049435,26.037018,9.668488,1.6637955,-2.937378,0.100333184,22.97293,68.18947,11,3,0,3.346459533333333,3.573798714285714,3.6351340999999997,3.3789642,27.81204042857143,0,0.0,313,0.4851709357677337,0,0
2019-11-10,5470.21,566.277,84.94155,28.313850000000002,32.595,Aswan,0.0,3.4734752,176.04413,36.814903,27.740509,11.600739,0.23516083,-3.386238,0.11292451,23.133877,83.00621,11,3,0,3.385811466666666,3.511777485714286,3.60863425,3.4734752,29.887933,0,0.0,314,0.6575410332654075,0,0
2019-11-11,5140.19,589.411111111111,88.41166666666665,29.470555555555553,34.76777777777778,Aswan,0.0,3.0010371,192.18906,51.49096,27.695587,16.143585,-0.6325531,-2.9330292,0.10130584,18.295923,54.210495,11,3,0,3.284492166666666,3.4284431714285715,3.565989042857143,3.4734752,33.348999285714285,0,0.0,315,0.7415069443594344,0,0
2019-11-12,4777.3,563.6644444444444,84.54966666666665,28.18322222222222,31.82222222222222,Aswan,0.0,3.1855116,222.10005,48.19655,29.382477,16.24295,-2.1292572,-2.3368301,0.09878357,11.745315,37.44754,11,3,0,3.220007966666666,3.341185257142857,3.539812607142857,3.4734752,36.570059,0,0.0,316,1.1857071623230884,0,0
2019-11-13,4988.42,495.548,74.3322,24.7774,31.985000000000003,Aswan,0.0,1.9859134,232.92084,53.16378,29.631134,18.614777,-1.590744,-0.937233,0.19357109,28.490215,99.84802,11,3,0,2.724154033333333,3.097902271428572,3.3664912785714285,3.1855116,41.00698514285715,0,0.0,317,1.476610429767925,0,0
2019-11-14,4591.67,430.992,64.6488,21.5496,31.789,Aswan,0.0,2.6824336,207.76747,49.240517,30.22818,18.01651,-0.52734375,-2.073555,0.16100372,15.141565,54.44127,11,3,0,2.6179528666666663,3.0017614428571426,3.284134807142857,3.1855116,43.90826185714286,0,0.0,318,1.7349880345133548,0,0
2019-11-15,5532.77,559.557,83.93355,27.977850000000004,31.596,Aswan,0.0,5.5261283,178.19089,29.97435,28.736359,9.32547,0.17480469,-5.5205307,0.16533774,27.625912,109.14131,11,3,0,3.398158433333333,3.3190662000000004,3.4434468285714286,5.5261283,43.561499285714284,0,0.0,319,1.4370426427669143,0,0
2019-11-16,5735.14,578.972,86.8458,28.9486,31.408,Aswan,0.0,4.762883,165.80377,30.905197,25.068878,6.28067,1.0489349,-4.548439,0.14678428,24.584614,104.32852,11,3,0,4.323814966666666,3.5167688857142854,3.5452838,5.5261283,42.82660814285714,0,0.0,320,1.7296187903953315,0,0
2019-11-17,5701.25,581.007,87.15104999999998,29.050349999999998,31.223000000000003,Aswan,0.0,3.7326632,155.94708,36.280262,22.934479,6.5574036,1.4803772,-3.419838,0.117107235,17.842876,72.06838,11,3,0,4.6738915,3.553795742857143,3.532786614285714,5.5261283,42.75023085714286,0,0.0,321,2.6972719604161495,0,0
2019-11-18,5477.06,556.104,83.4156,27.805200000000003,31.041000000000004,Aswan,0.0,3.181076,180.77617,39.116283,24.022247,8.914612,-0.053581238,-3.1785889,0.059585094,14.971258,37.76833,11,3,0,3.8922073999999998,3.579515585714286,3.5039793785714286,4.762883,40.98241985714286,0,0.0,322,3.0280886670361697,0,0
2019-11-19,5493.28,557.829,83.67434999999999,27.89145,30.863,Aswan,0.0,3.5048788,199.84258,50.799625,25.511383,12.877762,-1.1154327,-3.2509842,0.054691497,11.391556,27.85892,11,3,0,3.472872666666666,3.6251394714285716,3.4831623642857146,3.7326632,41.35428771428572,0,0.0,323,2.9018707094579406,0,0
2019-11-20,5642.84,579.205,86.88075,28.960250000000002,30.693,Aswan,0.0,3.884471,192.07799,43.626442,24.34195,9.822052,-0.38946533,-3.6397476,0.09486933,21.602552,55.718746,11,3,0,3.5234752666666664,3.8963619857142855,3.4971321285714287,3.884471,39.99181085714286,0,0.0,324,2.6563721790569614,0,0
2019-11-21,5626.18,572.582,85.8873,28.6291,30.524,Aswan,0.0,2.6897602,223.74173,44.60089,23.759796,9.530487,-1.8291092,-1.9645996,0.06601557,13.744875,37.831802,11,3,0,3.3597033333333326,3.897408642857143,3.449585042857143,3.884471,39.329007,0,0.0,325,1.8869888658456728,0,0
2019-11-22,5443.78,558.069,83.71034999999999,27.90345,30.360000000000003,Aswan,0.0,3.0526059,194.40857,51.365807,24.389557,12.122345,-0.5704117,-2.671318,0.10677095,13.390076,50.778614,11,3,0,3.2089456999999992,3.5440483,3.43155725,3.884471,42.384929428571425,0,0.0,326,0.8466879083285744,0,0
2019-11-23,5711.39,578.722,86.80829999999999,28.9361,30.199,Aswan,0.0,4.3462133,177.19067,26.282333,23.507355,2.2684631,0.25762177,-4.2986374,0.06055478,29.762634,65.749466,11,3,0,3.3628597999999994,3.484524057142857,3.5006464714285714,4.3462133,41.724520285714284,0,0.0,327,0.8122053854784765,0,0
2019-11-24,5700.099999999999,571.8149999999999,85.77224999999999,28.59075,30.046000000000003,Aswan,0.0,4.1454134,173.35324,26.920647,22.391144,1.7749329,0.47956848,-4.1050186,0.059968278,26.424559,62.25724,11,3,0,3.8480775333333326,3.543488371428571,3.548642057142857,4.3462133,40.38743242857142,0,0.0,328,0.9523160473430782,0,0
2019-11-25,5397.66,565.619,84.84285,28.280950000000004,29.895,Aswan,0.0,2.277349,163.30702,27.15317,22.950958,2.0923157,0.44953156,-1.8774643,0.058545515,19.021988,50.90039,11,3,0,3.589658566666666,3.414384514285714,3.49695005,4.3462133,38.678416285714285,0,0.0,329,1.029080636349515,0,0
2019-11-26,5355.67,560.519,84.07785,28.02595,29.75,Aswan,0.0,2.059382,197.68005,23.531065,24.923248,1.9477844,-0.54016113,-1.0295181,0.077242225,11.208409,27.821781,11,3,0,2.8273814666666657,3.207884971428571,3.416512221428572,4.1454134,34.78290771428571,0,0.0,330,0.8831620368864254,0,0
2019-11-27,5322.16,561.902,84.2853,28.095100000000002,29.610000000000003,Aswan,0.0,2.8243032,200.74094,22.724892,26.198395,2.8066711,-0.54211426,-1.6388168,0.09753243,9.80176,35.476246,11,3,0,2.387011399999999,3.0564324285714286,3.476397207142857,2.8243032,31.796972,0,0.0,331,1.279603662748558,0,0
2019-11-28,5708.68,558.402,83.7603,27.920100000000005,29.472,Aswan,0.0,5.1790094,168.92068,24.181705,23.221954,0.7024231,0.9393692,-5.0501785,0.10579751,21.651585,79.14749,11,3,0,3.354231533333332,3.412039457142857,3.6547240499999996,5.1790094,28.879945571428575,0,0.0,332,1.3133389933369222,0,0
2019-11-29,5730.62,569.048,85.35719999999999,28.4524,29.343,Aswan,0.0,3.6151772,177.94353,33.690636,21.245514,4.0902405,0.15890503,-3.604332,0.085820906,23.027008,69.69547,11,3,0,3.872829933333333,3.492406785714286,3.5182275428571432,5.1790094,26.35492114285714,0,0.0,333,1.632866133680969,0,0
2019-11-30,5644.17,571.374,85.7061,28.568700000000003,29.218,Aswan,0.0,3.0039773,174.04819,36.999603,21.71585,5.7626038,0.024894714,-2.7845383,0.046065357,21.56225,45.082344,11,3,0,3.932721299999999,3.300658785714286,3.392591421428571,5.1790094,27.885959714285715,0,0.0,334,1.7649695417034266,0,0
2019-12-01,5802.27,589.909,88.48635,29.49545,29.096,Aswan,0.0,4.0061607,161.04816,38.1403,21.062775,5.9931946,1.2921906,-3.769371,0.05321841,22.80334,63.188034,12,0,0,3.5417717333333325,3.280765542857143,3.412126957142857,4.0061607,29.488767285714285,0,0.0,335,1.9341611351071042,0,0
2019-12-02,5856.16,592.853,88.92795,29.64265,28.981,Aswan,0.0,4.551261,182.0603,41.949368,21.006256,6.63443,-0.17568207,-4.523285,0.078039475,28.996511,85.795105,12,0,0,3.853799666666666,3.605610114285714,3.5099973142857146,4.551261,31.60250985714286,0,0.0,336,2.083878392184959,0,0
2019-12-03,5351.18,606.8555555555555,91.02833333333332,30.342777777777776,29.72222222222222,Aswan,0.0,3.7202315,178.13414,39.037407,20.92044,5.6545715,0.037628174,-3.6938095,0.059712734,17.665855,58.74856,12,0,0,4.092551066666666,3.842874328571429,3.52537965,4.551261,33.81770157142857,0,0.0,337,1.9378879357638739,0,0
2019-12-04,5743.52,572.5640000000001,85.8846,28.628200000000007,28.763,Aswan,0.0,3.7316563,176.31366,35.58363,19.968903,3.6991272,0.24380493,-3.715477,0.045447446,22.461086,63.855568,12,0,0,4.001049599999999,3.9724962000000006,3.514464314285714,4.551261,35.65466414285714,0,0.0,338,0.9939823156063674,0,0
2019-12-05,5804.43,594.552,89.1828,29.727600000000002,28.664,Aswan,0.0,3.5892782,195.02327,36.296,19.979889,3.4949036,-0.8929062,-3.4434433,0.03192889,17.120325,40.60874,12,0,0,3.680388666666666,3.745391742857143,3.5787155999999998,3.7316563,37.385277714285714,0,0.0,339,0.6472816315023395,0,0
2019-12-06,5769.96,587.377,88.10654999999998,29.36885,28.569,Aswan,0.0,4.5697217,190.74626,29.528193,21.4534,2.08255,-0.6487503,-4.4288406,0.049982868,17.077461,45.33553,12,0,0,3.9635520666666655,3.8817552428571425,3.6870810142857144,4.5697217,36.790643,0,0.0,340,0.6730922986443468,0,0
2019-12-07,5863.86,581.177,87.17655,29.058850000000003,28.479000000000003,Aswan,0.0,5.354784,173.95096,42.293457,20.514679,6.710724,0.58148956,-5.3176727,0.11733472,25.437202,110.78208,12,0,0,4.504594633333332,4.217584771428571,3.7591217785714286,5.354784,37.546907857142855,0,0.0,341,0.5670103753723134,0,0
2019-12-08,5812.32,583.728,87.55919999999999,29.1864,28.396000000000004,Aswan,0.0,4.204878,172.14261,40.776424,18.967072,4.738434,0.56318665,-4.1660767,0.107158825,25.609257,93.53543,12,0,0,4.709794566666666,4.245972957142857,3.7633692499999998,5.354784,37.923497,0,0.0,342,0.8343471822658655,0,0
2019-12-09,5613.61,558.091,83.71365,27.90455,28.319,Aswan,0.0,3.682869,173.0581,44.35414,19.055939,6.0888977,0.4944229,-3.6364594,0.07906787,17.439533,57.97052,12,0,0,4.414177,4.121916957142857,3.8637635357142854,5.354784,38.26703585714286,0,0.0,343,0.919991163871146,0,0
2019-12-10,4868.8,459.295,68.89425,22.964750000000002,28.244,Aswan,0.0,1.7584523,142.30511,42.060936,20.278473,6.3282776,0.115982056,-1.4913788,0.05728764,16.331076,53.935238,12,0,0,3.2153997666666663,3.8416627857142855,3.8422685571428565,4.204878,38.698968571428566,0,0.0,344,0.8570846781497893,0,0
2019-12-11,5508.89,575.918,86.3877,28.795900000000003,28.178,Aswan,0.0,1.5889213,195.34793,35.942604,22.028473,5.4684143,-0.40550995,-1.5168228,0.034817934,18.48236,49.035446,12,0,0,2.3434141999999993,3.5355577857142855,3.754026992857143,3.682869,38.75025057142857,0,0.0,345,1.139212766306331,0,0
2019-12-12,5545.22,559.39,83.90849999999999,27.9695,28.114,Aswan,0.0,3.7467804,189.1997,33.574196,20.889801,2.84964,1.1006546,-2.749916,0.055397242,15.899412,53.72869,12,0,0,2.3647179999999994,3.5580581,3.6517249214285714,3.7467804,38.361421428571425,0,0.0,346,1.1451124676357134,0,0
2019-12-13,5764.27,557.3109999999999,83.59664999999998,27.86555,28.06,Aswan,0.0,4.5759616,169.38596,31.093224,17.720612,0.19033813,0.8493576,-4.4825287,0.21901892,25.017769,142.18185,12,0,0,3.303887766666666,3.5589495142857146,3.720352378571428,4.5759616,38.58499728571429,0,0.0,347,1.4352854990296018,0,0
2019-12-14,5174.86,472.028,70.8042,23.6014,28.009000000000004,Aswan,0.0,3.125,171.45688,39.63662,17.116486,2.217926,0.3698349,-3.018013,0.08430943,17.405828,56.92414,12,0,0,3.8159139999999994,3.240408942857143,3.728996857142857,4.5759616,38.20544914285715,0,0.0,348,1.743141417576634,0,0
2019-12-15,5721.95,578.615,86.79225,28.930750000000003,27.965000000000003,Aswan,0.0,3.0171137,120.62036,31.077469,18.273956,-0.18515015,2.6744537,-1.3420868,0.0782556,15.128738,54.88465,12,0,0,3.5726917666666664,3.070728328571429,3.658350642857143,4.5759616,36.81988414285714,0,0.0,349,1.7932296970270287,0,0
2019-12-16,5732.61,563.874,84.5811,28.193700000000003,27.925,Aswan,0.0,4.085167,163.31174,38.68732,17.39505,3.0891418,1.1035156,-3.9178314,0.20257813,17.39105,77.83101,12,0,0,3.409093566666666,3.1281994714285717,3.6250582142857146,4.085167,36.01033842857142,0,0.0,350,1.9405489522753798,0,0
2019-12-17,5828.45,576.808,86.5212,28.840400000000002,27.891,Aswan,0.0,5.3191986,207.49341,44.291275,18.966217,5.420807,-2.3475723,-4.7622986,0.10862527,13.257769,50.232224,12,0,0,4.1404931,3.636877514285714,3.73927015,5.3191986,36.328958285714286,0,0.0,351,1.8698728728696088,0,0
2019-12-18,5828.12,573.756,86.06339999999999,28.6878,27.863,Aswan,0.0,6.0094757,218.72073,49.827213,19.627594,6.9822083,-4.029625,-4.2848434,0.11874749,11.5835,59.87211,12,0,0,5.137947099999999,4.268385285714285,3.901971535714286,6.0094757,38.312473857142855,0,0.0,352,1.3514980653074506,0,0
2019-12-19,5810.58,576.333,86.44994999999999,28.81665,27.843,Aswan,0.0,5.4603868,214.70532,44.00225,20.840973,5.8052063,-3.2101288,-4.311035,0.13015473,10.4613,60.17351,12,0,0,5.596353699999999,4.513186200000001,4.03562215,6.0094757,39.802195857142856,0,0.0,353,1.3375835956453337,0,0
2019-12-20,5717.17,578.009,86.70135,28.900450000000003,27.826,Aswan,0.0,4.316618,206.60782,44.208908,20.76712,6.959137,-1.9431839,-3.839325,0.11188972,14.027845,61.19893,12,0,0,5.262160166666667,4.476137114285714,4.017543314285715,6.0094757,41.675864999999995,0,0.0,354,1.503191986367827,0,0
2019-12-21,5764.06,580.891,87.13364999999999,29.04455,27.817,Aswan,0.0,3.9292622,194.01813,46.741768,19.440216,5.667145,-0.8937073,-3.7946014,0.07849616,12.53693,38.48188,12,0,0,4.568755666666667,4.591031714285714,3.9157203285714286,5.4603868,42.690886142857146,0,0.0,355,1.2543697872517414,0,0
2019-12-22,5800.65,593.639,89.04585,29.68195,27.812,Aswan,0.0,3.458192,182.43222,27.74453,19.255524,-0.4211731,-0.18582153,-3.4312134,0.05930563,29.975527,65.66574,12,0,0,3.901357399999999,4.6540429,3.8623856142857145,4.316618,42.214752,0,0.0,356,1.1685478130269122,0,0
2019-12-23,5784.79,593.876,89.08139999999999,29.6938,27.814,Aswan,0.0,2.6936297,183.27551,32.08452,17.697906,-0.1499176,-0.35704803,-2.3775024,0.028498722,28.719719,50.275578,12,0,0,3.360361299999999,4.455251857142857,3.791725664285714,3.9292622,41.271494857142855,0,0.0,357,1.0812483040157044,0,0
2019-12-24,5727.26,591.413,88.71195,29.57065,27.825,Aswan,0.0,1.7196679,139.75546,24.555302,19.15274,-1.6448364,1.1279831,-1.2651443,0.013369769,26.026533,41.610306,12,0,0,2.6238298666666657,3.9410331857142857,3.7889553500000006,3.458192,38.452070142857146,0,0.0,358,1.0677226847928787,0,0
2019-12-25,5867.27,576.155,86.42325,28.80775,27.836,Aswan,0.0,3.8988638,133.07228,33.97461,16.671783,0.31973267,2.7264938,-2.723465,0.1078053,20.633041,72.55629,12,0,0,2.7707204666666656,3.6395172000000002,3.953951242857143,3.8988638,36.187412571428574,0,0.0,359,1.5172793728731875,0,0
2019-12-26,5673.5,560.069,84.01034999999999,28.00345,27.856,Aswan,0.0,3.2002168,136.14679,35.7133,15.390411,-0.41256714,2.1465912,-2.2546616,0.121126994,14.607723,72.09712,12,0,0,2.9395828333333327,3.3166357714285715,3.9149109857142856,3.8988638,35.00327685714286,0,0.0,360,1.8482163714713524,0,0
2019-12-27,5690.95,558.981,83.84715,27.94905,27.881,Aswan,0.0,3.881642,145.92238,46.692963,16.487946,4.288971,2.0800858,-3.253067,0.090626515,11.005776,52.048553,12,0,0,3.660240866666666,3.2544963428571427,3.865316728571429,3.8988638,35.35814185714286,0,0.0,361,1.6027816177439664,0,0
2019-12-28,5888.56,584.559,87.68384999999999,29.22795,27.911,Aswan,0.0,3.5986557,174.8855,35.438503,16.301666,0.21511841,0.32104492,-3.5843048,0.1058989,11.369135,47.363518,12,0,0,3.560171499999999,3.2072668428571425,3.8991492785714286,3.881642,33.74338971428572,0,0.0,362,1.4781439084353833,0,0
2019-12-29,5755.96,575.419,86.31285,28.77095,27.948,Aswan,0.0,2.0348957,156.92227,38.740974,15.533722,0.8895569,0.55522156,-1.8753128,0.04607141,14.633406,46.08532,12,0,0,3.1717311333333327,3.0039388000000002,3.82899085,3.881642,35.314310285714285,0,0.0,363,1.3086421703350748,0,0
2019-12-30,5807.53,586.13,87.9195,29.3065,27.99,Aswan,0.0,3.0709133,174.79938,37.88266,16.313995,1.2579651,0.30561066,-3.054535,0.033044588,11.999773,33.160084,12,0,0,2.901488233333333,3.0578364571428573,3.7565441571428573,3.5986557,36.142616,0,0.0,364,1.2441712323064924,0,0
2019-12-31,5862.51,575.082,86.2623,28.7541,28.038,Aswan,0.0,4.537802,181.5968,40.65857,16.425812,2.3590393,-0.13652802,-4.533226,0.1015694,19.17852,84.686554,12,0,0,3.2145369999999995,3.4604270428571433,3.7007301142857143,4.537802,38.44308285714286,0,0.0,365,0.49470486977957107,0,0
2020-01-01,5381.66,507.186,76.0779,25.3593,28.108,Aswan,0.0,3.4655738,169.12,26.001282,15.734039,-4.146332,0.6419754,-3.3827438,0.07369672,21.22786,62.70485,1,0,0,3.691429699999999,3.398528471428571,3.5190228357142854,4.537802,37.304036,0,0.0,366,0.4589343402481982,0,0
2020-01-02,5842.59,601.083,90.16244999999999,30.05415,28.168,Aswan,0.0,2.6962876,172.519,36.86391,15.073639,-0.1088562,0.31619263,-2.2824173,0.11383499,19.095741,46.198936,1,0,0,3.5665544666666658,3.3265385857142857,3.3215871785714284,4.537802,37.468408857142855,0,0.0,367,0.5405111101893245,0,0
2020-01-03,5532.73,501.877,75.28155,25.093850000000003,28.235000000000003,Aswan,0.0,4.953532,154.98544,37.458878,14.921417,0.28494263,2.0503922,-4.4352875,0.15510398,18.360022,100.777664,1,0,0,3.705131133333333,3.4796657285714288,3.3670810357142855,4.953532,36.14925385714285,0,0.0,368,0.6150571049653673,0,0
2020-01-04,3901.36,253.321,37.998149999999995,12.66605,28.307,Aswan,0.0,4.539983,151.36215,42.182533,12.543854,-1.1996765,2.228485,-3.9375763,0.13959868,14.887401,77.03989,1,0,0,4.063267533333334,3.614141057142857,3.41070395,4.953532,37.11268671428571,0,0.0,369,1.3093121600527842,0,0
2020-01-05,6079.56,584.059,87.60884999999999,29.20295,28.386000000000003,Aswan,0.0,4.5994244,153.01627,44.38737,12.330231,-0.5826111,2.0846024,-3.9319382,0.16476965,12.109312,78.44583,1,0,0,4.697646466666666,3.9805023000000004,3.49222055,4.953532,37.91931471428571,0,0.0,370,1.6871085681204028,0,0
2020-01-06,5733.28,553.912,83.0868,27.695600000000002,28.467,Aswan,0.0,1.9368923,123.162384,41.900562,11.75943,-1.7638855,1.5895844,-1.0915527,0.13758323,14.490166,80.95807,1,0,0,3.692099899999999,3.8184993,3.4381678785714285,4.5994244,38.493300714285716,0,0.0,371,1.8588978541602819,0,0
2020-01-07,5780.650000000001,582.7529999999999,87.41294999999998,29.137649999999997,28.558,Aswan,0.0,2.333452,112.51581,39.308884,14.490143,0.21206665,2.1289291,-0.9434738,0.0599223,12.773517,48.52397,1,0,0,2.956589566666666,3.5035921571428577,3.4820096,4.5994244,38.300488428571434,0,0.0,372,1.5805832214067101,0,0
2020-01-08,5972.78,573.76,86.064,28.688000000000002,28.653,Aswan,0.0,4.7655544,151.2453,42.25248,13.843414,0.78897095,2.293419,-4.1773987,0.14075173,13.946399,67.93793,1,0,0,3.0119662333333324,3.6893036714285716,3.543916071428572,4.7655544,40.622088142857145,0,0.0,373,1.3463984080557398,0,0
2020-01-09,6028.32,580.962,87.1443,29.0481,28.751,Aswan,0.0,4.691785,139.0637,40.235214,12.393463,-1.2405701,3.188919,-3.331955,0.11108231,11.443422,62.84855,1,0,0,3.930263799999999,3.9743747285714286,3.6504566571428576,4.7655544,41.103702999999996,0,0.0,374,1.2215090261780537,0,0
2020-01-10,6012.91,568.829,85.32435,28.44145,28.857,Aswan,0.0,4.880804,118.0139,47.09165,12.43692,0.61990356,3.9068832,-2.631958,0.21493992,14.067318,93.94528,1,0,0,4.779381133333334,3.9639850142857145,3.7218253714285714,4.880804,42.479813285714286,0,0.0,375,0.9666010366017602,0,0
2020-01-11,6032.0,595.3109999999999,89.29664999999999,29.765549999999998,28.969,Aswan,0.0,4.5403566,174.86867,46.366463,14.148102,1.9101868,0.31855774,-4.399559,0.09813991,20.553036,71.84532,1,0,0,4.7043152,3.964038385714286,3.7890897214285717,4.880804,43.07751757142857,0,0.0,376,1.072342452261527,0,0
2020-01-12,5703.51,560.496,84.0744,28.0248,29.086,Aswan,0.0,3.0776742,204.38922,49.94649,15.529816,4.7903137,-1.2699356,-2.7575684,0.04046638,17.407764,33.16856,1,0,0,4.166278266666667,3.7466455,3.8635739,4.880804,43.87167757142857,0,0.0,377,1.3553097473365134,0,0
2020-01-13,5768.19,583.235,87.48525,29.16175,29.203000000000003,Aswan,0.0,3.8042917,194.66278,34.30283,17.57193,1.1144104,-0.9724045,-3.6674728,0.03569769,15.908977,28.404793,1,0,0,3.8074408333333327,4.013416842857143,3.9159580714285718,4.5403566,42.78628728571429,0,0.0,378,1.806357095829598,0,0
2020-01-14,5160.360000000001,528.08,79.212,26.404000000000003,26.62,Aswan,0.0,4.395905,224.72318,40.266296,19.31009,5.228424,-3.0982895,-2.9607468,0.04836016,13.476076,31.780506,1,0,0,3.7592902999999995,4.308052985714285,3.9058225714285717,4.395905,42.923060428571425,0,0.0,379,2.6106013274346145,0,0
2020-01-15,5669.27,524.3000000000001,78.64500000000001,26.215000000000003,26.956363636363637,Aswan,0.0,4.0413585,255.39993,43.565918,22.19754,7.4465637,-3.7747498,-0.8705292,0.07327218,10.343277,48.269978,1,0,0,4.080518399999999,4.204596428571429,3.9469500500000003,4.395905,43.11069442857143,0,0.0,380,3.6703819764954595,0,0
2020-01-16,5673.27,526.6263636363636,78.99395454545454,26.331318181818183,27.09272727272727,Aswan,0.0,4.30419,218.49246,47.502567,21.264801,9.000885,-0.5018692,-2.1361923,0.19662479,19.472923,104.124466,1,0,0,4.247151166666666,4.1492257142857145,4.061800221428571,4.395905,44.14888771428571,0,0.0,381,3.657722306287716,0,0
2020-01-17,5855.16,513.0536363636364,76.95804545454546,25.652681818181822,27.23818181818182,Aswan,0.0,5.205045,146.71396,39.354164,17.166779,3.1853333,2.8558426,-4.3182907,0.21947002,19.403416,109.88696,1,0,0,4.5168645,4.195545857142857,4.079765435714286,5.205045,43.04353257142857,0,0.0,382,2.9328328722282238,0,0
2020-01-18,5867.51,515.1536363636363,77.27304545454545,25.75768181818182,27.384545454545457,Aswan,0.0,4.1939735,149.05765,50.82959,16.13858,5.063751,2.241333,-3.4955597,0.19464412,19.221132,108.116776,1,0,0,4.567736166666666,4.146062557142857,4.055050471428571,5.205045,43.68112214285714,0,0.0,383,2.5493329511284166,0,0
2020-01-19,5993.22,515.1927272727272,77.27890909090908,25.75963636363636,27.53727272727273,Aswan,0.0,5.1676216,152.5471,43.254642,15.108551,1.8044739,2.3266754,-4.5913467,0.2149218,16.18064,99.0751,1,0,0,4.8555467000000005,4.444626471428571,4.095635985714286,5.205045,42.72514385714286,0,0.0,384,2.633457827222302,0,0
2020-01-20,6112.650000000001,537.4190909090909,80.61286363636363,26.870954545454545,27.69454545454545,Aswan,0.0,5.3781085,175.55814,43.662697,14.655914,1.4573059,0.38850403,-5.3575363,0.10948188,14.071713,61.549744,1,0,0,4.913234533333333,4.669457442857143,4.341437142857143,5.3781085,44.06226771428572,0,0.0,385,2.9914761905555087,0,0
2020-01-21,6105.73,525.4127272727272,78.81190909090908,26.270636363636363,27.85272727272727,Aswan,0.0,6.6434026,168.52505,41.365417,15.414459,1.5455627,1.3456116,-6.50251,0.20039156,24.057747,142.10419,1,0,0,5.7297109,4.99052852857143,4.6492907571428574,6.6434026,44.219285,0,0.0,386,3.0637313198647815,0,0
2020-01-22,6214.22,541.9863636363636,81.29795454545454,27.099318181818184,28.01636363636364,Aswan,0.0,5.6486616,161.35016,38.995583,13.927765,-0.18331909,1.8041229,-5.35273,0.20030719,20.529573,102.528984,1,0,0,5.890057566666666,5.220143257142857,4.712369842857143,6.6434026,43.56638,0,0.0,387,2.447287033136343,0,0
2020-01-23,6106.610000000001,533.3045454545455,79.99568181818182,26.66522727272728,28.187272727272727,Aswan,0.0,4.7073607,170.40189,37.87618,13.9878235,-0.8888855,0.79756165,-4.629196,0.12664619,19.70448,74.091995,1,0,0,5.666474966666666,5.277739071428572,4.713482392857143,6.6434026,42.19118185714286,0,0.0,388,1.1681531698180783,0,0
2020-01-24,6038.33,527.5836363636364,79.13754545454546,26.37918181818182,28.36,Aswan,0.0,4.665242,151.74194,39.41883,14.460358,0.56936646,2.22184,-4.099266,0.11565781,18.740288,77.64531,1,0,0,5.007088099999999,5.200624357142857,4.698085107142857,5.6486616,42.200419857142855,0,0.0,389,0.7978987460582517,0,0
2020-01-25,6024.78,527.5890909090908,79.13836363636362,26.379454545454543,28.536363636363635,Aswan,0.0,4.3609705,179.08188,43.74025,15.285187,1.7163391,0.011047363,-4.2724915,0.11350308,21.410772,78.29086,1,0,0,4.577857733333333,5.224481071428571,4.685271814285714,4.7073607,41.187657,0,0.0,390,0.6030768652936771,0,0
2020-01-26,5990.36,527.5127272727273,79.12690909090908,26.375636363636364,28.71818181818181,Aswan,0.0,4.7762237,220.04248,46.259487,16.604889,3.9410706,-2.985962,-3.6219559,0.05221451,10.336471,38.418163,1,0,0,4.600812066666666,5.168567085714286,4.806596778571429,4.7762237,41.61692057142857,0,0.0,391,0.944251403908949,0,0
2020-01-27,5975.14,543.4363636363637,81.51545454545455,27.171818181818185,28.901818181818182,Aswan,0.0,3.6286504,224.29185,52.60506,16.585968,5.5035706,-2.539688,-2.5880203,0.04815321,11.397354,30.80712,1,0,0,4.255281533333332,4.9186445,4.794050971428571,4.7762237,42.894401,0,0.0,392,1.1240066707425231,0,0
2020-01-28,5994.1,555.0772727272728,83.26159090909091,27.75386363636364,29.09181818181818,Aswan,0.0,3.7822628,180.44676,39.966293,17.420074,2.4557495,0.22357178,-3.6258163,0.0614458,22.702278,47.271828,1,0,0,4.062378966666666,4.509910242857143,4.750219385714286,4.7762237,42.69452614285715,0,0.0,393,1.41214783549361,0,0
2020-01-29,6147.42,550.3090909090909,82.54636363636362,27.515454545454546,29.283636363636365,Aswan,0.0,4.9948235,179.2519,30.277422,17.69693,-0.8716736,0.057518005,-4.9859467,0.07768051,28.414618,87.57669,1,0,0,4.135245566666666,4.416504799999999,4.818324028571429,4.9948235,41.449074571428575,0,0.0,394,1.4454236594158725,0,0
2020-01-30,5972.1,537.97,80.6955,26.898500000000002,29.479090909090907,Aswan,0.0,4.655285,189.7511,36.11133,17.693878,1.9863586,-0.754509,-4.5681076,0.08784708,29.203411,85.704926,1,0,0,4.4774571,4.409065414285714,4.8434022428571435,4.9948235,41.19695314285714,0,0.0,395,1.248338159080589,0,0
2020-01-31,5922.89,520.4127272727272,78.06190909090908,26.020636363636363,29.678181818181816,Aswan,0.0,5.3708763,171.75388,34.941696,17.56253,1.1600647,0.7726288,-5.3065033,0.10262039,28.609608,101.611084,1,0,0,5.006994933333333,4.509870314285714,4.855247335714286,5.3708763,40.55736257142858,0,0.0,396,0.8874083475864155,0,0
2020-02-01,6141.46,552.5881818181819,82.88822727272728,27.629409090909093,29.88181818181818,Aswan,0.0,4.462479,171.84149,38.21653,16.916412,1.5450745,0.6016922,-4.4042206,0.1401234,25.953873,92.84975,2,0,0,4.829546766666666,4.524371528571429,4.8744263000000005,5.3708763,39.76825971428571,0,0.0,397,0.4968903476569327,0,0
2020-02-02,6230.26,563.4763636363637,84.52145454545455,28.173818181818184,30.08818181818182,Aswan,0.0,4.1626277,191.3455,19.745007,17.380157,-6.3888855,-0.8224411,-4.079582,0.07971545,18.847107,61.14724,2,0,0,4.665327666666665,4.436714957142857,4.802641021428571,5.3708763,35.98047685714286,0,0.0,398,0.41951665976427255,0,0
2020-02-03,6000.92,542.5527272727272,81.38290909090908,27.127636363636363,30.29636363636364,Aswan,0.0,3.8917384,181.76459,27.963547,17.825714,-1.4607849,-0.10475922,-3.8312225,0.03879419,28.026154,57.002495,2,0,0,4.172281699999999,4.4742989571428575,4.696471728571429,4.462479,32.46026071428572,0,0.0,399,0.30212925787178935,0,0
2020-02-04,6043.72,546.2936363636363,81.94404545454545,27.314681818181818,30.50818181818181,Aswan,0.0,4.116575,162.20892,31.650286,18.307037,0.7427063,1.2258606,-3.915512,0.09350617,39.129353,113.59456,2,0,0,4.056980366666666,4.522057842857143,4.515984042857142,4.1626277,31.272259714285717,0,0.0,400,0.4245228408438843,0,0
2020-02-05,5964.31,554.5381818181818,83.18072727272727,27.72690909090909,30.722727272727276,Aswan,0.0,2.7772393,136.82278,38.070797,18.303864,3.1498108,1.2796555,-2.1126633,0.09208037,23.834957,79.26514,2,0,0,3.595184233333333,4.205260099999999,4.31088245,4.116575,32.385599,0,0.0,401,0.4971666659896931,0,0
2020-02-06,5883.89,550.2336363636364,82.53504545454545,27.51168181818182,30.94090909090909,Aswan,0.0,2.3031487,112.77127,34.841576,18.667267,1.9803772,1.9743042,-0.73838043,0.04849954,17.718426,44.23008,2,0,0,3.0656543333333333,3.8692406285714287,4.139153021428571,4.116575,32.204205571428574,0,0.0,402,0.6135069187201179,0,0
2020-02-07,5839.39,542.0736363636364,81.31104545454546,27.103681818181823,31.16,Aswan,0.0,3.4646688,119.24223,25.640022,19.628815,-1.1099548,3.0265121,-1.6863708,0.055834666,14.374878,39.05485,2,0,0,2.848352266666666,3.5969252714285713,4.053397792857143,3.4646688,30.875395,0,0.0,403,0.8871575675022496,0,0
2020-02-08,5355.65,377.2945454545454,56.59418181818181,18.864727272727272,31.384545454545457,Aswan,0.0,6.243037,161.85736,35.438705,16.679718,0.77175903,1.9312515,-5.9294586,0.23929746,24.178715,159.96263,2,0,0,4.003618166666667,3.8512907,4.187831114285714,6.243037,30.478562857142858,0,0.0,404,0.9445347613438023,0,0
2020-02-09,6389.16,561.3036363636364,84.19554545454547,28.065181818181824,31.60909090909091,Aswan,0.0,5.975129,171.36462,35.86955,15.534943,-0.06600952,0.91599274,-5.9039917,0.1388304,17.451263,90.45243,2,0,0,5.2276115999999995,4.110219457142857,4.273467207142857,6.243037,32.782069,0,0.0,405,1.3525667690715995,0,0
2020-02-10,6425.72,555.8172727272727,83.3725909090909,27.790863636363635,31.83818181818182,Aswan,0.0,6.7895904,168.76144,38.974876,14.511749,-0.30148315,1.328125,-6.6577225,0.2152591,25.633087,137.74925,2,0,0,6.335918799999999,4.524198314285714,4.499248635714286,6.7895904,34.355116,0,0.0,406,1.8506098275048375,0,0
2020-02-11,6451.14,572.5245454545455,85.87868181818183,28.626227272727277,32.07,Aswan,0.0,5.640397,172.68796,41.03512,14.350861,0.46621704,0.76621246,-5.5500565,0.16568638,24.136248,109.02015,2,0,0,6.135038799999999,4.741887171428572,4.631972507142857,6.7895904,35.69580657142857,0,0.0,407,2.1055025906885345,0,0
2020-02-12,6189.58,532.6127272727273,79.8919090909091,26.630636363636366,32.300000000000004,Aswan,0.0,4.5219197,188.97183,35.555557,16.450836,-0.0032653809,-0.7679138,-4.360878,0.07732307,19.257671,67.83838,2,0,0,5.6506357,4.991127228571429,4.598193664285715,6.7895904,35.33648657142857,0,0.0,408,2.000396070489215,0,0
2020-02-13,6181.16,564.1609090909091,84.62413636363635,28.208045454545456,32.53727272727273,Aswan,0.0,4.07553,202.13263,30.44717,19.167023,0.30215454,-1.5490189,-3.7226715,0.053425398,17.932251,44.182457,2,0,0,4.745948899999999,5.244324557142856,4.556782592857143,5.640397,34.70871428571429,0,0.0,409,2.0953719842967606,0,0
2020-02-14,5884.99,559.8754545454545,83.98131818181818,27.993772727272727,32.77363636363636,Aswan,0.0,2.8560262,224.90778,32.919067,22.33841,3.4496155,-2.0317993,-1.9976425,0.06621732,19.331528,48.021515,2,0,0,3.8178252999999995,5.157375614285714,4.377150442857143,4.5219197,35.748577857142855,0,0.0,410,2.8564060594304093,0,0
2020-02-15,5023.45,402.6145454545455,60.392181818181825,20.130727272727277,33.013636363636365,Aswan,0.0,1.8315606,172.64107,32.536293,23.317657,5.853546,-0.09663391,-1.6638031,0.13643458,21.893305,56.03299,2,0,0,2.921038933333333,4.5271647,4.1892277,4.07553,35.33394757142857,0,0.0,411,3.7059935142497387,0,0
2020-02-16,6155.33,563.1999999999999,84.47999999999999,28.159999999999997,33.25272727272727,Aswan,0.0,5.364272,159.44635,32.506847,22.590363,4.8312073,1.9153595,-4.926193,0.20174469,33.731,147.92285,2,0,0,3.3506195999999995,4.439899414285714,4.275059435714286,5.364272,34.85356142857143,0,0.0,412,3.8934179318393025,0,0
2020-02-17,6099.1900000000005,560.5009090909091,84.07513636363636,28.025045454545456,33.49818181818182,Aswan,0.0,3.548766,144.17615,34.373753,18.448761,2.0976868,1.922081,-2.8919067,0.14339283,19.019526,89.550476,2,0,0,3.581532866666666,3.9769244999999995,4.250561407142857,5.364272,34.19625814285714,0,0.0,413,3.3961888520031844,0,0
2020-02-18,6091.8,550.6372727272727,82.5955909090909,27.53186363636364,33.74,Aswan,0.0,4.2613893,131.21042,41.54882,18.727936,4.7779846,3.2247925,-2.720665,0.14511687,18.756351,72.05803,2,0,0,4.391475766666666,3.7799234,4.260905285714286,5.364272,34.26964385714286,0,0.0,414,2.59310262680002,0,0
2020-02-19,6139.53,520.8499999999999,78.12749999999998,26.042499999999997,33.98636363636364,Aswan,0.0,5.7624874,134.87544,35.056137,18.245636,1.9273987,4.140854,-4.002411,0.29099438,17.091478,100.08472,2,0,0,4.524214233333333,3.9571473571428575,4.474137292857143,5.7624874,34.19829814285714,0,0.0,415,2.2298098201230463,0,0
2020-02-20,6276.599999999999,564.5154545454545,84.67731818181818,28.225772727272727,34.23454545454546,Aswan,0.0,3.8540492,174.06706,37.630142,17.46109,1.9364319,0.40033722,-3.658409,0.15670387,18.724148,84.60687,2,0,0,4.6259752999999995,3.925507242857143,4.5849159,5.7624874,35.224437,0,0.0,416,2.468162921031526,0,0
2020-02-21,6176.18,563.3063636363636,84.49595454545454,28.16531818181818,34.482727272727274,Aswan,0.0,3.5385346,163.44437,33.807377,18.434723,1.7649231,0.8390045,-3.0602722,0.081125006,15.737025,46.656082,2,0,0,4.385023733333333,4.023008442857143,4.590192028571429,5.7624874,35.35133842857143,0,0.0,417,2.331526746127645,0,0
2020-02-22,6211.09,563.5836363636364,84.53754545454545,28.17918181818182,34.731818181818184,Aswan,0.0,3.7314944,165.16687,32.046947,18.382233,1.0891418,0.92087126,-3.5933304,0.13801599,14.398581,85.5966,2,0,0,3.708026066666666,4.294427557142857,4.4107961285714286,3.8540492,35.281431857142856,0,0.0,418,1.67507258888647,0,0
2020-02-23,6013.5,509.8863636363636,76.48295454545455,25.494318181818183,34.983636363636364,Aswan,0.0,4.4446445,156.8061,32.48866,17.880524,0.68203735,1.6305313,-3.927475,0.13178395,17.9584,68.53435,2,0,0,3.904891166666666,4.1630522,4.301475807142857,4.4446445,35.27883371428572,0,0.0,419,0.4231553354444196,0,0
2020-02-24,3085.83,131.5081818181818,19.72622727272727,6.5754090909090905,35.235454545454544,Aswan,0.0,4.279746,128.52174,35.400654,16.321198,0.81741333,3.2735367,-2.3491592,0.21349323,13.969294,86.47356,2,0,0,4.1519616333333325,4.267477914285714,4.122201207142857,4.4446445,35.42553385714286,0,0.0,420,0.8170778882967035,0,0
2020-02-25,6309.87,544.79,81.71849999999999,27.2395,35.48909090909091,Aswan,0.0,5.1515174,125.273865,40.97747,15.759552,2.0990295,3.9331284,-2.9911804,0.22376423,19.617184,131.04472,2,0,0,4.625302633333333,4.394639071428571,4.087281235714285,5.1515174,35.34391242857143,0,0.0,421,1.0624679418215979,0,0
2020-02-26,6238.72,567.9772727272727,85.19659090909092,28.39886363636364,35.74272727272727,Aswan,0.0,3.2834938,188.27335,44.979237,17.280426,4.2102356,-0.5689316,-3.1374893,0.14189129,15.321447,76.69293,2,0,0,4.2382523999999995,4.040497128571428,3.9988222428571425,5.1515174,36.76149814285714,0,0.0,422,1.0106128226526936,0,0
2020-02-27,6059.53,551.2236363636364,82.68354545454545,27.561181818181822,35.99636363636363,Aswan,0.0,3.2002568,214.17412,37.15995,20.06717,2.8650208,-1.6813431,-2.6164017,0.058764383,19.4139,44.645157,2,0,0,3.878422666666666,3.947098214285714,3.936302728571429,5.1515174,36.69432785714286,0,0.0,423,1.4420201612987136,0,0
2020-02-28,6039.71,563.8854545454545,84.58281818181818,28.19427272727273,36.25181818181818,Aswan,0.0,3.9770064,165.66936,25.8931,22.132233,1.0096741,0.98474884,-3.6634293,0.05486428,18.927937,35.761307,2,0,0,3.486918999999999,4.009737042857142,4.0163727428571425,3.9770064,35.56371685714286,0,0.0,424,2.21320852246969,0,0
2020-02-29,6269.5,575.1909090909091,86.27863636363637,28.75954545454546,36.25181818181818,Aswan,0.0,5.0319977,160.94287,21.836296,22.726349,-0.5862732,1.6463547,-4.7549744,0.1413778,19.482624,95.048325,2,0,0,4.069753633333332,4.195523228571429,4.244975392857143,5.0319977,34.105052428571426,0,0.0,425,2.7875627778809147,0,0
2020-03-01,6304.84,550.6045454545455,82.59068181818182,27.530227272727274,36.50636363636364,Aswan,0.0,5.6255817,170.36823,32.62999,19.819733,2.3200989,0.8895569,-5.4868774,0.119786486,19.379704,92.70824,3,1,1,4.8781952666666655,4.364228542857143,4.263640371428571,5.6255817,34.12524242857143,0,0.0,426,2.7678462034358366,0,0
2020-03-02,6289.31,561.180909090909,84.17713636363635,28.059045454545455,36.76363636363636,Aswan,0.0,4.756837,177.4166,28.062794,20.057404,0.07522583,0.20954132,-4.7416763,0.117644735,21.776947,86.68469,3,1,1,5.138138799999999,4.4323844,4.349931157142857,5.6255817,33.07697671428571,0,0.0,427,2.4742822368749797,0,0
2020-03-03,6148.73,559.0645454545455,83.85968181818183,27.953227272727275,37.018181818181816,Aswan,0.0,3.6930957,188.88681,23.214022,22.319,-1.171051,-0.57510376,-3.6477814,0.04753183,22.970041,49.86794,3,1,1,4.691838133333333,4.224038442857143,4.309338757142856,5.6255817,30.539341285714283,0,0.0,428,1.915938327988777,0,0
2020-03-04,5974.18,559.4145454545455,83.91218181818182,27.970727272727277,37.275454545454544,Aswan,0.0,3.0889792,151.22513,16.384968,23.380402,-4.473114,0.93281555,-2.1326218,0.06665834,17.108915,35.260674,3,1,1,3.8463039666666656,4.196250642857143,4.118373885714286,4.756837,26.45444571428572,0,0.0,429,1.4757881841741034,0,0
2020-03-05,5822.18,558.9427272727272,83.84140909090908,27.94713636363636,37.53181818181818,Aswan,0.0,1.3653917,128.0263,14.670668,25.992706,-3.1054382,0.796196,-0.7529373,0.053148143,11.90581,22.733013,3,1,1,2.7158221999999994,3.9341270571428573,3.9406126357142854,3.6930957,23.241691142857146,0,0.0,430,2.0888288024661854,0,0
2020-03-06,6094.66,523.6018181818182,78.54027272727272,26.18009090909091,37.78818181818182,Aswan,0.0,4.8813195,99.38107,19.03598,22.934723,-1.9095154,3.4868011,-1.4395065,0.20152737,17.886623,129.80348,3,1,1,3.111896799999999,4.063314642857143,4.036525842857143,4.8813195,22.262102571428574,0,0.0,431,2.0970931629794562,0,0
2020-03-07,6125.59,539.3363636363637,80.90045454545455,26.966818181818184,38.04272727272728,Aswan,0.0,4.6128635,179.49234,27.958963,20.77066,1.2176819,-0.028999329,-4.551384,0.20419142,19.90655,102.277374,3,1,1,3.6198582333333325,4.003438328571428,4.0994807785714285,4.8813195,23.136769285714283,0,0.0,432,2.184380254158052,0,0
2020-03-08,6034.59,544.3536363636364,81.65304545454545,27.21768181818182,38.30181818181818,Aswan,0.0,3.2742984,228.56703,30.802948,22.954742,3.3182678,-2.4556885,-2.1657028,0.09560406,15.043514,45.391502,3,1,1,4.256160466666667,3.6675407142857144,4.0158846285714285,4.8813195,22.87576328571429,0,0.0,433,1.9253278800126976,0,0
2020-03-09,4752.65,369.2327272727273,55.38490909090909,18.461636363636366,38.55636363636364,Aswan,0.0,2.1556675,232.55365,21.910496,23.98294,0.072784424,-1.6844788,-0.7706299,0.15590684,12.653191,48.786774,3,1,1,3.3476097999999994,3.2959450714285716,3.8641647357142856,4.6128635,21.996863571428573,0,0.0,434,1.5943924429954732,0,0
2020-03-10,5752.78,523.2136363636364,78.48204545454546,26.16068181818182,38.81181818181818,Aswan,0.0,3.4194336,203.67383,23.588518,25.894073,3.1081848,-1.324646,-3.1407623,0.13701937,11.788852,31.053093,3,1,1,2.949799833333333,3.2568504857142853,3.7404444642857144,3.4194336,22.050363,0,0.0,435,1.8245881393091625,0,0
2020-03-11,2481.79,104.10909090909092,15.616363636363637,5.205454545454547,39.06545454545455,Aswan,0.0,3.0971074,195.38943,29.004997,27.389435,7.1669006,-0.6382141,-1.0429535,0.3578245,24.59557,126.49437,3,1,1,2.890736166666666,3.258011657142857,3.7271311500000004,3.4194336,23.853224285714283,0,0.0,436,2.2795004378807877,0,0
2020-03-12,2077.91,60.07545454545454,9.011318181818181,3.003772727272727,39.32090909090909,Aswan,0.0,7.5074325,137.81967,39.86773,27.12857,12.258942,-0.0041046143,2.7059555,0.80998623,30.666214,129.89621,3,1,1,4.674657833333333,4.135446057142857,4.034786557142857,7.5074325,27.45280457142857,0,0.0,437,2.4558306652651782,0,0
2020-03-13,6256.95,528.8563636363637,79.32845454545455,26.442818181818183,39.57545454545455,Aswan,0.0,7.3302374,90.79559,39.245064,18.885162,3.9978333,7.291977,0.04360199,0.3100007,23.614756,198.62598,3,1,1,5.9782591,4.485291471428571,4.274303057142857,7.5074325,30.33981657142857,0,0.0,438,3.2250458805134867,0,0
2020-03-14,5682.78,420.3733333333333,63.05599999999999,21.018666666666665,36.61833333333333,Aswan,0.0,4.545265,102.30371,33.888016,21.645294,4.547394,4.3690033,-1.0117111,0.42538458,25.312992,166.90503,3,1,1,6.4609783,4.475634542857143,4.239536435714285,7.5074325,31.186824142857144,0,0.0,439,3.1000200561848703,0,0
2020-03-15,5970.94,507.6033333333333,76.14049999999999,25.380166666666668,36.8675,Aswan,0.0,3.340958,172.77675,35.31437,22.412262,6.280792,0.52072906,-3.242241,0.19028401,24.095222,88.58223,3,1,1,5.0721534666666654,4.485157342857143,4.076349028571428,7.3302374,31.831312999999998,0,0.0,440,3.136571569856529,0,0
2020-03-16,5951.62,509.7991666666667,76.469875,25.489958333333334,37.1175,Aswan,0.0,3.5530887,188.10977,32.720104,23.783356,5.68692,-0.41500092,-2.9344482,0.10211678,19.98475,49.856445,3,1,1,3.8131038999999993,4.684788942857142,3.990367007142857,4.545265,33.375542714285714,0,0.0,441,3.136656271009664,0,0
2020-03-17,6102.31,515.5175,77.327625,25.775875000000003,37.365833333333335,Aswan,0.0,5.221225,152.55171,25.829905,24.899078,3.4144592,2.5305862,-4.1610107,0.10325748,15.618132,55.357967,3,1,1,4.038423899999999,4.942187714285715,4.0995191,5.221225,33.69574085714286,0,0.0,442,3.0513948594873246,0,0
2020-03-18,5984.65,449.6616666666666,67.44924999999998,22.48308333333333,37.61416666666667,Aswan,0.0,6.124094,160.51917,31.148739,21.093903,2.2107239,2.0434265,-5.7731094,0.19992045,26.365318,161.74358,3,1,1,4.966135899999999,5.374614371428571,4.316313014285714,6.124094,34.00198971428571,0,0.0,443,2.702507669618419,0,0
2020-03-19,6270.57,523.9116666666666,78.58675,26.19558333333333,37.86,Aswan,0.0,4.938699,164.33505,30.144917,19.537384,0.94421387,1.2691193,-4.739357,0.1405803,19.258793,78.871025,3,1,1,5.428005999999999,5.007652442857142,4.5715492499999995,6.124094,32.61301642857143,0,0.0,444,2.161566054818,0,0
2020-03-20,6077.87,507.045,76.05675,25.35225,38.105,Aswan,0.0,4.080046,157.49124,20.86076,20.878937,-2.761444,1.4916306,-3.6775665,0.3232546,9.289514,35.350147,3,1,1,5.047612999999999,4.543339385714286,4.514315428571428,6.124094,29.986687285714286,0,0.0,445,1.8263860443988305,0,0
2020-03-21,6249.68,515.6658333333334,77.349875,25.78329166666667,38.34916666666667,Aswan,0.0,4.976513,162.22748,27.590298,20.198517,0.7175598,1.6200485,-4.5672913,0.27397817,13.060463,76.7934,3,1,1,4.665086,4.604946242857143,4.540290392857143,4.976513,29.087013285714285,0,0.0,446,1.9552513411454127,0,0
2020-03-22,6157.1,518.9350000000001,77.84025000000001,25.946750000000005,38.59083333333333,Aswan,0.0,3.161899,199.23407,28.807549,19.882477,0.2657776,-0.67884827,-2.958725,0.17736514,15.386089,63.884773,3,1,1,4.072819333333333,4.579366385714286,4.532261864285714,4.976513,28.15746742857143,0,0.0,447,2.0604554939335396,0,0
2020-03-23,5592.92,494.25916666666666,74.138875,24.712958333333333,38.8325,Aswan,0.0,2.44355,121.778275,23.338978,22.952301,0.43029785,-1.5673065,-0.108436584,0.28231502,8.489014,27.849323,3,1,1,3.5273206666666663,4.420860857142857,4.5528249,4.976513,26.817306571428567,0,0.0,448,1.9242277653271447,0,0
2020-03-24,5586.87,471.22,70.683,23.561000000000003,39.0725,Aswan,0.0,5.229711,175.0648,20.970324,29.052643,3.3778381,0.44049072,3.9922104,0.35431325,1.9025236,6.5667706,3,1,1,3.6117199999999996,4.422073142857142,4.682130428571428,5.229711,26.123080714285713,0,0.0,449,3.3290356172609714,0,0
2020-03-25,5859.97,503.985,75.59775,25.199250000000003,39.31083333333333,Aswan,0.0,4.52843,161.85599,18.671217,27.858795,0.61001587,1.2918091,-4.2146378,0.15604076,19.95397,87.48056,3,1,1,4.067230333333334,4.194121142857143,4.784367757142857,5.229711,24.340577571428575,0,0.0,450,3.963210064399195,0,0
2020-03-26,5629.85,482.285,72.34275,24.114250000000002,39.5475,Aswan,0.0,3.9707344,278.32608,17.043558,28.59378,0.38394165,-1.354248,0.3641281,0.24808702,11.8722315,35.264267,3,1,1,4.5762918,4.055840485714286,4.531746464285714,5.229711,22.468954857142855,0,0.0,451,4.152895925835085,0,0
2020-03-27,5232.65,367.5391666666667,55.130875,18.376958333333334,39.781666666666666,Aswan,0.0,7.1192884,230.64926,23.250422,29.860992,5.3962708,0.16585541,-1.5412979,0.70482403,33.0315,213.37932,3,1,1,5.206150933333333,4.490017971428571,4.516678678571428,7.1192884,22.810335142857145,0,0.0,452,4.3383277529110496,0,0
2020-03-28,6068.55,503.955,75.59325,25.19775,40.01416666666667,Aswan,0.0,5.977757,154.62888,22.099155,25.843048,2.3685608,2.5487442,-5.405571,0.4052631,34.917206,176.62204,3,1,1,5.689259933333333,4.6330528285714285,4.618999535714286,7.1192884,22.025886142857143,0,0.0,453,3.663991989760825,0,0
2020-03-29,6241.02,527.1666666666666,79.07499999999999,26.358333333333334,40.24666666666666,Aswan,0.0,6.1368775,166.80978,29.35748,23.258942,2.6559143,1.2617111,-5.893799,0.19100215,24.982643,120.97725,3,1,1,6.411307633333333,5.058049757142858,4.818708071428572,7.1192884,22.104447714285715,0,0.0,454,2.799934513896047,0,0
2020-03-30,5919.75,525.3666666666667,78.80499999999999,26.268333333333334,40.473333333333336,Aswan,0.0,1.9963132,244.508,16.069464,24.557648,-4.0835876,-1.7417145,-0.94260406,0.105143175,9.693669,41.663048,3,1,1,4.7036492333333335,4.994158785714285,4.707509821428571,6.1368775,21.065945714285714,0,0.0,455,2.482449153085388,0,0
2020-03-31,5614.9,486.81916666666666,73.022875,24.340958333333333,40.700833333333335,Aswan,0.0,3.6565504,155.59975,15.443131,27.666168,-1.9112244,0.020225525,1.3222733,0.164434,7.609865,31.780834,3,1,1,3.9299137,4.7694215571428575,4.595747350000001,6.1368775,20.276346714285715,0,0.0,456,2.343124071562429,0,0
2020-04-01,5669.05,449.2391666666667,67.385875,22.461958333333335,40.925,Aswan,0.0,5.3435583,165.29233,17.869717,27.315094,0.3800354,1.2734985,-5.160301,0.4308911,32.182564,192.41107,4,1,1,3.6654739666666667,4.885868457142857,4.5399948000000006,5.3435583,20.161846714285712,0,0.0,457,2.311188138877532,0,0
2020-04-02,5788.95,472.63000000000005,70.89450000000001,23.631500000000003,41.14833333333333,Aswan,0.0,4.8519163,170.34161,17.436077,26.260529,-0.5660095,0.8239136,-4.6709824,0.22261178,14.149675,59.128483,4,1,1,4.617341666666667,5.011751585714285,4.533796035714286,5.3435583,20.21792085714286,0,0.0,458,2.1605939097989486,0,0
2020-04-03,5816.55,484.95666666666665,72.7435,24.247833333333332,41.369166666666665,Aswan,0.0,4.2046733,185.15042,19.402216,26.479767,0.3274231,-0.35141754,-4.170944,0.13892242,14.149153,55.401146,4,1,1,4.8000493,4.595377999999999,4.542697985714286,5.3435583,19.668177142857143,0,0.0,459,1.5474360149163742,0,0
2020-04-04,5663.51,486.0008333333333,72.90012499999999,24.300041666666665,41.5875,Aswan,0.0,2.656184,221.02628,17.888773,27.285187,-1.6429138,-1.8098755,-1.9310608,0.050547503,9.679924,26.418362,4,1,1,3.9042578666666667,4.120867571428572,4.3769602,4.8519163,19.066694000000002,0,0.0,460,1.6305563247363069,0,0
2020-04-05,5478.81,483.04333333333335,72.4565,24.15216666666667,41.80166666666667,Aswan,0.0,2.603712,169.84807,15.145685,30.704742,0.43545532,-1.2430649,0.5354233,0.07531156,7.3221426,24.400642,4,1,1,3.154856433333333,3.616129642857143,4.3370897,4.2046733,17.03643757142857,0,0.0,461,1.8664561540280271,0,0
2020-04-06,5083.67,390.0,58.5,19.5,42.01583333333333,Aswan,0.0,3.437061,201.7036,23.3045,31.459747,7.969757,-0.7335129,-3.2476044,0.29631695,50.436157,152.23734,4,1,1,2.8989856666666665,3.8219507571428575,4.408054771428572,3.437061,18.070014142857143,0,0.0,462,2.062275204467545,0,0
2020-04-07,5399.06,427.36666666666673,64.105,21.36833333333334,42.22666666666667,Aswan,0.0,5.164493,172.42633,20.171162,31.203888,5.702301,0.6048126,-5.082329,0.42750615,37.02325,172.9924,4,1,1,3.7350886666666665,4.037371128571428,4.403396342857143,5.164493,18.74544714285714,0,0.0,463,2.3345074003252004,0,0
2020-04-08,5787.93,461.735,69.26025,23.086750000000002,42.43333333333333,Aswan,0.0,6.0664,173.01834,19.605936,26.699371,1.2330627,0.757637,-5.9645844,0.4015413,27.696304,134.2947,4,1,1,4.889318,4.140634228571428,4.513251342857143,6.0664,18.99347842857143,0,0.0,464,2.4047291027199136,0,0
2020-04-09,5869.09,470.87416666666667,70.631125,23.543708333333335,42.638333333333335,Aswan,0.0,5.894654,162.02579,20.366045,24.814728,0.03665161,1.829216,-5.5571976,0.25612143,21.598583,106.742035,4,1,1,5.708515666666667,4.289596757142857,4.650674171428571,6.0664,19.41204528571429,0,0.0,465,2.6835538328826387,0,0
2020-04-10,5952.48,477.5308333333333,71.62962499999999,23.876541666666668,42.8425,Aswan,0.0,5.5939164,151.59866,23.331438,23.846466,1.1684875,2.7602234,-4.821411,0.30757678,19.13169,138.71457,4,1,1,5.851656800000001,4.4880600571428575,4.541719028571428,6.0664,19.973362714285713,0,0.0,466,3.139818047076739,0,0
2020-04-11,5748.07,435.42083333333335,65.313125,21.77104166666667,43.04083333333333,Aswan,0.0,5.049346,160.9154,23.967587,22.475983,0.1098938,1.6636276,-4.747383,0.24517997,15.420935,91.77489,4,1,1,5.5126388,4.829940342857142,4.475403957142857,5.894654,20.841764714285716,0,0.0,467,3.783074172578568,0,0
2020-04-12,5875.79,480.9475,72.142125,24.047375000000002,43.23916666666667,Aswan,0.0,4.585762,158.70615,21.615604,23.032867,-0.67733765,1.6867218,-4.2045746,0.18678491,16.120197,77.75934,4,1,1,5.076341466666666,5.113090342857142,4.364609992857143,5.5939164,21.766038857142856,0,0.0,468,3.748506613194046,0,0
2020-04-13,5888.77,490.2291666666667,73.534375,24.511458333333337,43.43333333333334,Aswan,0.0,4.489209,149.91861,19.812916,23.938385,-1.5378113,2.2807922,-3.8468628,0.17625806,22.9547,101.25786,4,1,1,4.7081056666666665,5.2633972,4.542673978571428,5.049346,21.26724114285714,0,0.0,469,2.9989481181596673,0,0
2020-04-14,5966.24,486.12000000000006,72.918,24.306000000000004,43.625,Aswan,0.0,5.703825,141.77118,18.971344,23.763214,-2.3227234,3.5314255,-4.4791183,0.20652425,27.613728,139.00786,4,1,1,4.926265333333333,5.340444628571428,4.688907878571428,5.703825,21.09583857142857,0,0.0,470,1.36901526063072,0,0
2020-04-15,5613.86,456.2425,68.436375,22.812125,43.810833333333335,Aswan,0.0,4.0122247,158.7945,20.719942,25.073883,0.8134155,1.4437027,-3.7259903,0.29007027,28.589191,127.03151,4,1,1,4.735086233333334,5.046991014285714,4.593812621428571,5.703825,21.254982285714284,0,0.0,471,0.9128318679895562,0,0
2020-04-16,5196.77,391.72583333333336,58.758875,19.586291666666668,43.99666666666667,Aswan,0.0,3.1756382,202.8128,23.962368,27.15921,3.5901794,-0.39484406,-2.3361359,0.18990062,20.440453,66.416435,4,1,1,4.297229300000001,4.658560185714286,4.474078471428571,5.703825,21.76874271428571,0,0.0,472,1.5404280663144694,0,0
2020-04-17,5682.28,455.6433333333334,68.3465,22.78216666666667,44.178333333333335,Aswan,0.0,4.6452684,138.6754,15.63747,27.409454,-1.1020203,2.9760513,-3.5541077,0.26638317,13.29948,106.08141,4,1,1,3.9443771,4.5230390428571425,4.5055495500000005,4.6452684,20.66960442857143,0,0.0,473,1.9455734865226881,0,0
2020-04-18,5051.29,325.1766666666667,48.7765,16.258833333333335,44.35666666666666,Aswan,0.0,3.7825642,157.46594,30.954985,24.840607,5.726593,1.3148727,-3.4918976,0.26109865,23.80658,107.16598,4,1,1,3.8678236,4.342070214285714,4.586005278571428,4.6452684,21.66780414285714,0,0.0,474,1.6841434020074484,0,0
2020-04-19,5574.59,476.1025,71.415375,23.805125000000004,44.5325,Aswan,0.0,3.1130753,120.976425,25.126366,25.891632,3.7849426,2.514824,-1.6420364,0.2034533,16.599276,77.91446,4,1,1,3.8469693,4.1316864,4.622388371428571,4.6452684,22.16934157142857,0,0.0,475,1.4490326775077425,0,0
2020-04-20,5483.98,472.3808333333333,70.857125,23.619041666666668,44.705000000000005,Aswan,0.0,3.2844367,112.691284,26.705086,27.026398,5.3415833,2.5202637,-1.2290497,0.24531394,23.478794,110.826645,4,1,1,3.3933587333333333,3.9595760714285717,4.611486635714286,3.7825642,23.153937285714285,0,0.0,476,1.3844923301087346,0,0
2020-04-21,5278.96,443.2833333333333,66.49249999999999,22.164166666666667,44.875,Aswan,0.0,2.9651313,96.15561,23.391693,28.69046,4.507477,1.7481232,-0.70723724,0.20839973,20.170942,91.10698,4,1,1,3.1208811,3.5683341142857143,4.454389371428571,3.2844367,23.785415714285715,0,0.0,477,1.3810849979166224,0,0
2020-04-22,5268.67,459.7825,68.967375,22.989125,45.04,Aswan,0.0,3.1540422,82.57674,18.067846,30.278473,2.2815247,2.7714386,0.4430008,0.2068491,9.261847,36.020058,4,1,1,3.134536733333334,3.445736614285714,4.246363814285714,3.2844367,23.40654485714286,0,0.0,478,1.776605082735165,0,0
2020-04-23,5358.48,447.7125,67.156875,22.385625,45.20416666666667,Aswan,0.0,3.1587172,134.55495,14.168067,31.53653,0.8249817,2.2430573,-2.098198,0.39433044,21.695402,129.71913,4,1,1,3.0926302333333333,3.443319328571429,4.050939757142857,3.1587172,22.007359,0,0.0,479,2.376398535346432,0,0
2020-04-24,5291.46,430.0241666666666,64.50362499999999,21.50120833333333,45.36166666666667,Aswan,0.0,4.7634463,118.11764,15.489561,31.662628,1.4789124,1.4027176,0.97566223,0.3846237,19.895456,90.92668,4,1,1,3.692068566666667,3.460201885714286,3.991620464285714,4.7634463,21.986229142857145,0,0.0,480,2.7313672190048077,0,0
2020-04-25,5408.37,419.2833333333333,62.89249999999999,20.964166666666667,45.517500000000005,Aswan,0.0,5.2901487,157.0122,17.226818,29.789337,2.1666565,2.1539383,-4.6194916,0.49638462,37.810726,229.89804,4,1,1,4.404104066666666,3.6755711,4.0088206571428575,5.2901487,20.025062428571427,0,0.0,481,2.195886775240153,0,0
2020-04-26,5575.37,473.03,70.9545,23.6515,45.67,Aswan,0.0,4.538665,161.77676,27.084576,26.384186,5.148346,1.405098,-4.288002,0.21056233,14.8811655,88.05353,4,1,1,4.864086666666666,3.8792267714285713,4.005456585714286,5.2901487,20.304806714285714,0,0.0,482,2.0741846782482845,0,0
2020-04-27,5247.32,456.4216666666666,68.46324999999999,22.821083333333334,45.8175,Aswan,0.0,2.409044,198.47705,22.563227,28.910553,4.4424133,-0.14743042,-2.3211517,0.29302874,7.4480724,24.732323,4,1,1,4.0792858999999995,3.7541706714285716,3.8568733714285712,5.2901487,19.713112571428574,0,0.0,483,1.8323222018224938,0,0
2020-04-28,5292.58,419.6775,62.951625,20.983875,45.96416666666667,Aswan,0.0,6.2614455,204.74387,21.376846,33.93448,4.8959045,3.4591599,2.77639,0.3901807,8.87259,79.16684,4,1,1,4.4030515,4.2250727,3.8967034071428572,6.2614455,19.425277285714287,0,0.0,484,2.3839108375722775,0,0
2020-04-29,5596.23,481.5475,72.232125,24.077375000000004,46.10583333333333,Aswan,0.0,6.9209843,153.69016,18.449776,30.20462,3.271881,3.0173874,-6.1211853,0.25360858,25.207676,159.43413,4,1,1,5.197157933333333,4.763207285714286,4.10447195,6.9209843,19.479838714285712,0,0.0,485,2.3844775782172887,0,0
2020-04-30,5567.21,476.8025,71.520375,23.840125,46.244166666666665,Aswan,0.0,4.423107,149.24405,17.464884,27.280182,-0.436615,2.144081,-3.7122726,0.2055594,29.208267,133.80074,4,1,1,5.8685122666666665,4.9438344,4.193576864285714,6.9209843,19.95081257142857,0,0.0,486,2.566080449708536,0,0
2020-05-01,5285.86,428.3066666666667,64.246,21.415333333333336,46.37916666666666,Aswan,0.0,4.132515,172.79787,15.482246,28.640533,-1.0163269,0.5205841,-4.0664444,0.16284032,23.161572,79.46142,5,1,1,5.158868766666667,4.8537013571428576,4.156951621428571,6.9209843,19.94976757142857,0,0.0,487,2.439402913185615,0,0
2020-05-02,4977.04,402.9625,60.444374999999994,20.148125,46.51,Aswan,0.0,2.0366607,303.28824,18.349224,31.832916,4.1636047,-1.9006119,0.43112946,0.29702413,10.161797,60.008522,5,1,1,3.5307608999999993,4.388917357142857,4.032244228571429,4.423107,20.110111285714286,0,0.0,488,2.622279637223374,0,0
2020-05-03,5071.0,401.3683333333333,60.20524999999999,20.068416666666664,46.63916666666666,Aswan,0.0,5.49072,170.98746,15.572657,34.735626,4.5345764,-0.8167267,3.9218063,0.28184378,9.508503,61.199234,5,1,1,3.8866319,4.524925214285714,4.202075992857142,5.49072,18.465551428571427,0,0.0,489,2.809430636018669,0,0
2020-05-04,5105.16,407.5758333333333,61.136374999999994,20.378791666666668,46.76333333333333,Aswan,0.0,2.9380312,84.0827,17.144669,33.26602,3.811554,2.5995636,-0.5458679,0.36280072,25.771652,145.01085,5,1,1,3.4884706333333333,4.600494814285715,4.177332742857143,5.49072,17.691471714285715,0,0.0,490,2.805787351653386,0,0
2020-05-05,5234.2,412.3683333333333,61.85524999999999,20.618416666666665,46.884166666666665,Aswan,0.0,4.423509,136.71123,15.760519,31.434479,2.2378235,3.1153793,-2.6947708,0.30943614,9.6921425,74.328995,5,1,1,4.284086733333333,4.337932457142856,4.281502578571429,5.49072,16.889139285714286,0,0.0,491,2.5815631640509515,0,0
2020-05-06,5368.2,413.5275,62.02912499999999,20.676375,47.00083333333333,Aswan,0.0,4.5956173,166.37024,21.833649,28.787262,3.4026184,1.0154572,-4.4505615,0.25128126,19.562061,107.293015,5,1,1,3.9857191666666663,4.005737171428572,4.384472228571428,4.5956173,17.372549714285714,0,0.0,492,2.7117986149686146,0,0
2020-05-07,5302.32,397.23923076923074,59.58588461538461,19.86196153846154,43.61461538461538,Aswan,0.0,3.7159753,174.96509,18.457478,28.235016,1.355011,0.14361572,-3.686943,0.11194346,20.156233,84.16162,5,1,1,4.245033866666667,3.904718357142857,4.424276378571429,4.5956173,17.514348857142856,0,0.0,493,2.519260353350447,0,0
2020-05-08,4475.4800000000005,281.73846153846154,42.26076923076923,14.086923076923078,43.72307692307693,Aswan,0.0,3.3676221,142.71312,15.783363,30.113678,0.14126587,0.8761749,-1.8584747,0.15162471,14.462955,46.19383,5,1,1,3.8930715666666664,3.7954479428571433,4.32457465,4.5956173,17.557365571428573,0,0.0,494,2.3458182514927057,0,0
2020-05-09,5172.53,344.7330769230769,51.709961538461535,17.236653846153846,43.82846153846154,Aswan,0.0,5.2059813,154.94377,14.034751,30.012726,-0.54904175,2.2687683,-4.6661224,0.231091,24.848083,128.46675,5,1,1,4.096526233333333,4.248208028571428,4.318562692857143,5.2059813,16.941012285714287,0,0.0,495,2.364864915393203,0,0
2020-05-10,5273.15,391.4069230769231,58.71103846153846,19.570346153846156,43.93153846153847,Aswan,0.0,3.8979752,169.45422,26.4062,28.09256,5.499298,0.66187286,-3.826439,0.19540183,24.202694,114.08649,5,1,1,4.157192866666667,4.020673057142857,4.272799135714286,5.2059813,18.488661285714283,0,0.0,496,1.8691105611178478,0,0
2020-05-11,5206.27,392.4653846153846,58.86980769230769,19.623269230769232,44.03153846153846,Aswan,0.0,3.7843986,173.09442,16.666107,30.25711,0.6546936,0.30236816,-3.7486496,0.12880385,20.600784,81.33498,5,1,1,4.296118366666666,4.141582685714286,4.371038749999999,5.2059813,18.420295285714282,0,0.0,497,1.2259157994184056,0,0
2020-05-12,5076.2,386.0630769230769,57.90946153846153,19.303153846153847,44.12769230769231,Aswan,0.0,3.2288508,184.4714,13.085664,31.849152,-0.7642517,-0.49468994,-3.0270233,0.08900968,14.037399,46.522102,5,1,1,3.637074866666666,3.970917228571429,4.154424842857143,3.8979752,18.03817314285714,0,0.0,498,1.3365177163172985,0,0
2020-05-13,3836.81,157.76230769230767,23.66434615384615,7.888115384615384,44.22153846153846,Aswan,0.0,4.1572614,200.08011,10.503769,33.94522,-1.566742,-1.3500595,-3.8604355,0.13416982,12.4951935,40.07778,5,1,1,3.7235035999999995,3.908294957142857,3.957016064285714,4.1572614,16.419618857142858,0,0.0,499,2.03797477899324,0,0
2020-05-14,4158.89,242.18,36.327,12.109000000000002,44.31153846153846,Aswan,0.0,4.275489,178.0246,13.315887,36.067657,3.601593,0.17070007,-4.074646,0.23834267,20.388382,82.965675,5,1,1,3.8872004,3.988225485714286,3.9464719214285715,4.275489,15.685105857142856,0,0.0,500,2.7156966449597486,0,0
2020-05-15,4762.71,368.87538461538463,55.331307692307696,18.44376923076923,44.39692307692307,Aswan,0.0,3.2121272,297.45227,18.312672,35.89505,6.771637,-2.8580093,0.66389465,0.1589214,7.626437,48.077133,5,1,1,3.8816258666666665,3.9660119285714286,3.8807299357142857,4.275489,16.046435714285714,0,0.0,501,3.0859130365312795,0,0
2020-05-16,4765.29,339.3646153846154,50.90469230769231,16.968230769230768,44.48230769230769,Aswan,0.0,4.391904,301.64426,20.717037,37.281525,10.895172,-3.4074936,1.4167862,0.37901187,15.690281,104.52142,5,1,1,3.959840066666666,3.849715171428571,4.0489616,4.391904,17.001048,0,0.0,502,3.394425800021655,0,0
2020-05-17,4860.66,363.0484615384616,54.457269230769235,18.152423076923082,44.56153846153846,Aswan,0.0,4.42999,130.77248,25.830986,36.06961,11.245148,-0.5031128,1.1946411,0.28142327,14.442686,73.500336,5,1,1,4.011340399999999,3.9257172857142857,3.9731951714285714,4.42999,16.91887457142857,0,0.0,503,2.580005500000669,0,0
2020-05-18,4717.6,316.5776923076923,47.48665384615384,15.828884615384617,44.64,Aswan,0.0,3.981699,62.605988,18.43142,36.191193,7.532257,2.113243,2.983963,0.3709022,13.196111,61.10144,5,1,1,4.267864333333333,3.953903057142857,4.0477428714285715,4.42999,17.171062142857142,0,0.0,504,1.8254884246140068,0,0
2020-05-19,4352.0,235.2746153846154,35.291192307692306,11.76373076923077,44.71384615384615,Aswan,0.0,2.812629,118.88403,16.340551,36.639435,6.5608215,1.787857,0.9284439,0.48705262,14.241349,103.68542,5,1,1,3.7414393333333327,3.8944428,3.9326800142857143,4.42999,17.636046,0,0.0,505,1.0270627533244265,0,0
2020-05-20,3543.36,176.3876923076923,26.458153846153845,8.819384615384616,44.78615384615385,Aswan,0.0,3.4097514,44.727158,24.527546,35.92691,11.620758,2.4224625,2.267311,0.4111363,13.050175,68.22076,5,1,1,3.4013598,3.787655657142857,3.8479753071428573,3.981699,19.639442714285714,0,0.0,506,0.5000954684759514,0,0
2020-05-21,4517.91,300.87384615384616,45.131076923076925,15.043692307692309,44.85307692307693,Aswan,0.0,3.7362628,198.57721,21.277666,36.938507,9.922394,0.6223526,2.4811325,0.24149266,9.322858,53.962692,5,1,1,3.319547733333333,3.710623342857143,3.849424414285714,3.7362628,20.77683971428571,0,0.0,507,0.5405339781859454,0,0
2020-05-22,4652.16,347.50538461538457,52.12580769230768,17.37526923076923,44.91923076923077,Aswan,0.0,2.2703779,81.67157,17.590628,38.042267,8.511749,2.237915,0.34488678,0.159846,7.5991077,45.652092,5,1,1,3.1387973666666666,3.5760877285714288,3.7710498285714285,3.7362628,20.673690571428573,0,0.0,508,0.7582021311519804,1,0
2020-05-23,4649.48,349.2407692307692,52.38611538461538,17.462038461538462,44.98230769230769,Aswan,0.0,3.7438784,213.81824,15.268761,38.882355,7.456085,-2.2978897,0.80413055,0.21393332,13.043852,58.9425,5,1,1,3.2501730333333327,3.483512642857143,3.666613907142857,3.7438784,19.89536542857143,0,0.0,509,1.1121287222365133,1,0
2020-05-24,5086.86,352.43384615384616,52.86507692307692,17.62169230769231,45.04230769230769,Aswan,0.0,7.5571184,166.26099,19.04818,32.369293,4.020294,1.8148727,-7.3124313,0.4727416,31.018145,216.3646,5,1,1,4.523791566666667,3.9302452714285714,3.9279812785714285,7.5571184,18.926393142857144,0,0.0,510,2.070237692196086,0,0
2020-05-25,5199.26,385.37,57.805499999999995,19.268500000000003,45.098461538461535,Aswan,0.0,5.89616,166.41061,19.24537,28.597687,0.58584595,1.3673706,-5.7282333,0.23312415,22.084608,125.72336,5,1,1,5.7323856,4.2037397,4.078821378571429,7.5571184,19.042671714285714,0,0.0,511,3.6222136688129125,0,0
2020-05-26,5032.79,376.8353846153846,56.52530769230769,18.84176923076923,45.15307692307693,Aswan,0.0,4.592782,153.729,12.794994,29.586212,-2.9076843,1.9135895,-4.011162,0.22238281,24.01947,121.00125,5,1,1,6.015353466666666,4.458047271428571,4.1762450357142855,7.5571184,18.53616357142857,0,0.0,512,4.144603795784342,0,0
2020-05-27,4943.17,376.7592307692308,56.51388461538462,18.83796153846154,45.20538461538461,Aswan,0.0,3.8968592,155.7719,15.91436,31.862823,1.6955872,1.5060501,-3.471367,0.17111166,17.65175,75.28226,5,1,1,4.795267066666667,4.527634099999999,4.157644878571429,5.89616,17.305708428571428,0,0.0,513,4.16897925163738,0,0
2020-05-28,4973.87,372.4269230769231,55.86403846153846,18.621346153846158,45.25615384615385,Aswan,0.0,5.408469,169.79993,18.247797,32.045563,4.2358704,0.9428406,-5.2069855,0.29050165,23.63886,131.39935,5,1,1,4.6327034,4.7665207,4.238572021428571,5.408469,16.87287,0,0.0,514,3.9505584148460455,0,0
2020-05-29,5074.89,363.3015384615385,54.49523076923077,18.165076923076924,45.302307692307686,Aswan,0.0,7.4072895,169.83136,17.792723,30.473663,3.1615295,1.2881622,-7.2907486,0.3490075,24.350965,152.64111,5,1,1,5.570872566666666,5.500365214285714,4.538226471428571,7.4072895,16.901740714285715,0,0.0,515,3.3479132567253123,0,0
2020-05-30,5147.54,382.5723076923077,57.38584615384615,19.128615384615383,45.34692307692308,Aswan,0.0,6.587752,160.10193,15.762653,28.824127,-0.6064148,2.2496872,-6.1722946,0.33179888,23.978367,155.06207,5,1,1,6.467836833333333,5.906632871428571,4.695072757142857,7.4072895,16.972296714285715,0,0.0,516,1.5808091173729166,0,0
2020-05-31,5047.53,371.9123076923077,55.786846153846156,18.595615384615385,45.39076923076924,Aswan,0.0,5.045417,155.18753,14.946556,29.534698,-0.57418823,2.1243515,-4.5462494,0.2735396,21.248983,126.048645,5,1,1,6.3468195,5.547818385714286,4.739031828571428,7.4072895,16.38635042857143,0,0.0,517,1.3840464538660915,0,0
2020-06-01,4885.67,366.9253846153846,55.038807692307685,18.34626923076923,45.43,Aswan,0.0,4.806345,163.23602,12.416096,31.906647,-0.59310913,1.382988,-4.6014557,0.29522288,19.608253,105.62592,6,2,0,5.479838,5.392130528571428,4.797935114285714,6.587752,15.410739857142856,0,0.0,518,1.3369030474340298,0,0
2020-06-02,4721.3,357.7584615384615,53.663769230769226,17.887923076923077,45.46615384615385,Aswan,0.0,3.4575129,119.190765,16.298496,35.555573,5.7677307,3.2403946,-0.8476105,0.32860142,11.093204,89.87035,6,2,0,4.436424966666666,5.229949228571428,4.843998249999999,5.045417,15.911240142857142,0,0.0,519,2.2024908720105105,0,0
2020-06-03,4732.81,330.3130769230769,49.54696153846153,16.515653846153846,45.50230769230769,Aswan,0.0,5.2145433,172.34622,19.115784,33.72415,6.69046,0.75245667,-5.1481705,0.43404078,12.250145,62.10482,6,2,0,4.4928004,5.4181898142857134,4.972911957142857,5.2145433,16.36858642857143,0,0.0,520,2.365867064926459,0,0
2020-06-04,4651.96,348.2938461538461,52.24407692307692,17.414692307692306,45.535384615384615,Aswan,0.0,3.9909673,192.51256,18.8538,36.42801,7.4753723,-0.79862976,-3.6674957,0.30379575,14.333933,56.02481,6,2,0,4.221007833333333,5.215689571428571,4.991105135714285,5.2145433,16.455158285714283,0,0.0,521,2.96841873795626,0,0
2020-06-05,4633.48,339.6,50.940000000000005,16.98,45.56692307692308,Aswan,0.0,3.7721274,188.86339,19.115736,36.525787,8.540924,0.13209534,0.49087524,0.27705252,10.970233,60.292023,6,2,0,4.325879333333334,4.6963807,5.098372957142857,5.2145433,16.644160142857142,0,0.0,522,3.203082641239663,0,0
2020-06-06,4821.74,378.2638461538462,56.73957692307693,18.91319230769231,45.59769230769231,Aswan,0.0,3.7595656,127.39497,19.00506,33.716583,5.751007,1.7398224,-2.0493393,0.28238425,25.5768,147.00287,6,2,0,3.840886766666667,4.292354071428571,5.099493471428572,3.9909673,17.10736114285714,0,0.0,523,2.5534030222213264,0,0
2020-06-07,4723.22,369.0946153846154,55.364192307692306,18.45473076923077,45.62307692307692,Aswan,0.0,3.2605436,147.20306,11.756789,35.017853,-0.08822632,1.2358475,-2.5872421,0.1420931,12.150407,37.85527,6,2,0,3.5974122000000004,4.037372157142857,4.792595271428572,3.7721274,16.651680142857142,0,0.0,524,1.6770347578621818,0,0
2020-06-08,4563.67,349.7084615384616,52.456269230769244,17.48542307692308,45.650000000000006,Aswan,0.0,3.0321279,166.81197,14.186823,37.02896,4.3971252,0.39528656,-2.8220596,0.22093111,9.181477,50.447422,6,2,0,3.3507456999999996,3.7839125714285715,4.58802155,3.7595656,16.90464114285714,0,0.0,525,1.3406949380537374,0,0
2020-06-09,4642.91,353.56230769230774,53.03434615384616,17.67811538461539,45.67230769230769,Aswan,0.0,4.4474697,165.85065,18.6589,37.389557,8.553497,0.9367676,-3.8872833,0.27512133,20.349318,106.19152,6,2,0,3.580047066666667,3.9253349714285712,4.577642099999999,4.4474697,17.241841714285716,0,0.0,526,1.5348848436505196,0,0
2020-06-10,4785.62,363.0484615384616,54.457269230769235,18.152423076923082,45.69615384615384,Aswan,0.0,5.589488,166.06393,14.939096,35.351837,3.7481995,1.3197021,-5.421814,0.20387219,19.108446,85.7271,6,2,0,4.356361866666667,3.9788985,4.698544157142857,5.589488,16.645172,0,0.0,527,1.2913892799098385,0,0
2020-06-11,4792.03,362.84461538461534,54.4266923076923,18.142230769230768,45.71615384615384,Aswan,0.0,6.064781,184.62154,15.278953,35.95218,4.8943176,-0.4842453,-6.0454025,0.33734187,16.972734,95.1416,6,2,0,5.367246233333334,4.2751576,4.745423585714286,6.064781,16.13447957142857,0,0.0,528,1.272743825426688,0,0
2020-06-12,4800.97,357.5492307692308,53.632384615384616,17.877461538461542,45.73461538461538,Aswan,0.0,6.4852924,173.94171,13.482734,36.114044,3.0968323,0.6349411,-6.397873,0.2793561,21.231493,124.95538,6,2,0,6.046520466666666,4.6627526,4.67956665,6.4852924,15.329765,0,0.0,529,1.2457880302157933,0,0
2020-06-13,4656.46,349.9315384615384,52.48973076923076,17.496576923076923,45.75153846153846,Aswan,0.0,3.3174505,197.17932,11.209877,36.113068,0.98098755,-0.73744965,-3.103859,0.27471238,10.387979,53.726273,6,2,0,5.289174633333333,4.5995933,4.445973685714286,6.4852924,14.216167428571428,0,0.0,530,0.8434759881974347,0,0
2020-06-14,4634.99,334.3061538461539,50.14592307692308,16.715307692307697,45.76692307692308,Aswan,0.0,6.2673717,181.23882,17.155195,38.625763,8.211334,2.2570343,2.7835464,0.34233314,11.256395,85.864746,6,2,0,5.356704866666665,5.029140171428572,4.5332561642857145,6.4852924,14.987368285714286,0,0.0,531,1.1061816587187117,1,0
2020-06-15,4886.22,378.3907692307693,56.758615384615396,18.919538461538465,45.78153846153846,Aswan,0.0,4.8594522,145.57329,16.55487,33.51651,4.5366516,2.7362595,-4.0154037,0.24312252,32.974724,182.82574,6,2,0,4.814758133333333,5.2901865,4.537049535714286,6.2673717,15.325660714285716,0,0.0,532,1.5958280667228553,0,0
2020-06-16,4785.0,370.3353846153846,55.55030769230769,18.51676923076923,45.79153846153846,Aswan,0.0,3.485406,148.72638,17.59138,33.18167,4.7357483,1.505043,-3.0342026,0.2276796,22.079191,110.991714,6,2,0,4.8707433,5.152748828571428,4.5390419,6.2673717,15.173157857142858,0,0.0,533,1.8275936574121379,0,0
2020-06-17,4756.91,371.93384615384616,55.790076923076924,18.596692307692308,45.802307692307686,Aswan,0.0,3.7495456,171.91974,14.402681,34.942047,2.9391174,0.488945,-3.7150497,0.12772954,13.484251,57.935623,6,2,0,4.0314679333333325,4.889899914285714,4.4343992071428575,4.8594522,15.096527142857141,0,0.0,534,1.841536219553101,0,0
2020-06-18,4787.5,354.8223076923077,53.22334615384615,17.741115384615384,45.81307692307693,Aswan,0.0,4.993756,174.91028,15.927327,35.24759,5.2589417,1.2004242,-4.587448,0.45341912,18.403381,134.04883,6,2,0,4.076235866666667,4.7368963428571425,4.506026971428571,4.993756,15.189152000000002,0,0.0,535,1.8314312060416198,0,0
2020-06-19,4903.400000000001,360.1192307692308,54.01788461538462,18.00596153846154,45.81769230769231,Aswan,0.0,6.157062,152.0,18.916302,32.715607,5.4110413,2.9211197,-5.4117584,0.2943284,24.265182,149.31815,6,2,0,4.9667878666666665,4.6900062857142855,4.676379442857142,6.157062,15.965376000000001,0,0.0,536,2.045867824879706,0,0
2020-06-20,4916.45,378.37307692307695,56.75596153846154,18.91865384615385,45.82538461538461,Aswan,0.0,4.945794,161.08124,20.98972,32.85196,7.0934143,1.6015854,-4.678993,0.28841874,20.94751,119.84723,6,2,0,5.365537333333333,4.922626785714286,4.761110042857142,6.157062,17.36249642857143,0,0.0,537,2.09588863140789,0,0
2020-06-21,4791.39,366.4453846153846,54.96680769230769,18.322269230769233,45.83076923076923,Aswan,0.0,4.042222,189.34479,20.767525,33.660797,7.672394,-0.6425171,-3.988884,0.23710506,21.430822,100.9642,6,2,0,5.048359333333333,4.604748257142857,4.816944214285714,6.157062,17.878543571428573,0,0.0,538,0.993572015906063,0,0
2020-06-22,4663.31,364.0723076923077,54.61084615384615,18.203615384615386,45.832307692307694,Aswan,0.0,3.2125442,223.4123,15.655199,35.68936,4.7948303,-2.189148,-2.3115845,0.3156399,9.454184,56.58114,6,2,0,4.0668534,4.369475685714286,4.829831092857143,4.945794,17.75001914285714,0,0.0,539,1.2273494694389775,0,0
2020-06-23,4640.93,340.95384615384614,51.14307692307692,17.04769230769231,45.83307692307692,Aswan,0.0,4.3174667,192.71022,13.262661,38.09085,4.466217,-1.3477936,-3.953926,0.31435907,10.898706,66.60091,6,2,0,3.8574109666666665,4.4883415,4.820545164285714,4.3174667,17.131630714285713,0,0.0,540,1.8821727041044898,1,0
2020-06-24,4706.84,354.4407692307692,53.16611538461538,17.72203846153846,45.83384615384615,Aswan,0.0,5.3986416,188.16722,16.113293,37.345734,6.1843567,-0.6111145,-5.3232574,0.2856726,13.161593,72.8089,6,2,0,4.309550833333334,4.723926642857143,4.806913278571429,5.3986416,17.376003857142855,0,0.0,541,2.1278540511014934,0,0
2020-06-25,4854.17,362.45692307692303,54.368538461538456,18.12284615384615,45.83307692307692,Aswan,0.0,4.1704736,172.95117,17.023521,34.43399,5.768097,0.8546295,-3.512062,0.31985164,21.230194,126.986496,6,2,0,4.628860633333333,4.606314871428572,4.671605607142857,5.3986416,17.532602999999998,0,0.0,542,2.1397428043416533,0,0
2020-06-26,4755.2,368.1584615384616,55.22376923076924,18.40792307692308,45.83,Aswan,0.0,3.0895243,124.05261,20.605453,32.925568,6.6600647,1.9229889,-1.795311,0.31482083,29.263779,158.95871,6,2,0,4.2195465,4.1680952,4.429050742857143,5.3986416,17.773910285714287,0,0.0,543,2.1040522196222495,0,0
2020-06-27,4700.42,360.8130769230769,54.121961538461534,18.040653846153845,45.82615384615384,Aswan,0.0,3.7345405,127.91614,20.704456,34.127472,7.1406555,2.090126,-1.9504547,0.38202998,25.109083,123.43871,6,2,0,3.664846133333333,3.995058985714286,4.458842885714286,4.1704736,17.733158285714286,0,0.0,544,1.935530052642255,0,0
2020-06-28,4669.02,345.29999999999995,51.794999999999995,17.264999999999997,45.818461538461534,Aswan,0.0,3.7633088,124.326996,20.049837,34.786774,7.7690735,2.899826,-2.0290146,0.3576266,17.570269,102.330246,6,2,0,3.529124533333333,3.9552142428571426,4.2799812500000005,3.7633088,17.630631428571427,0,0.0,545,1.8320644302497255,0,0
2020-06-29,4738.93,358.4746153846154,53.77119230769231,17.92373076923077,45.81153846153846,Aswan,0.0,4.906259,133.21664,20.513737,34.75772,8.046539,3.5936432,-3.320259,0.40300986,21.36701,143.70825,6,2,0,4.134702766666667,4.1971735,4.283324592857143,4.906259,18.324708285714284,0,0.0,546,1.8365284882474147,0,0
2020-06-30,4754.23,353.49,53.0235,17.674500000000002,45.801538461538456,Aswan,0.0,4.91707,139.95642,18.61866,34.178497,6.378937,3.2591934,-3.6016846,0.31874198,19.975368,116.83817,6,2,0,4.528879266666666,4.282831114285714,4.385586307142857,4.91707,19.089851,0,0.0,547,1.3424458043265088,0,0
2020-07-01,4871.33,376.5984615384615,56.48976923076922,18.829923076923077,45.78769230769231,Aswan,0.0,5.185175,146.1244,17.120724,33.689728,3.6285706,2.9558105,-4.1831665,0.2609673,19.801609,117.113266,7,2,0,5.002834666666666,4.252335885714286,4.488131264285714,5.185175,19.23376971428571,0,0.0,548,0.6537881435813935,0,0
2020-07-02,4796.5,361.0815384615385,54.162230769230774,18.054076923076927,45.77769230769231,Aswan,0.0,4.0731964,128.64604,17.470716,33.17923,4.462555,3.1058655,-2.3526764,0.17177688,21.471325,86.50954,7,2,0,4.725147133333333,4.2384391428571435,4.422377007142857,5.185175,19.297654714285716,0,0.0,549,0.7242921553285285,0,0
2020-07-03,4780.91,371.4876923076923,55.72315384615385,18.574384615384616,45.76153846153846,Aswan,0.0,3.991447,97.517044,16.768238,34.64029,5.2309875,3.9419708,-0.3766098,0.17122601,11.637362,57.75428,7,2,0,4.416606133333333,4.367285242857143,4.2676902214285715,5.185175,18.749481142857142,0,0.0,550,0.5995901822691991,0,0
2020-07-04,4692.74,356.0461538461538,53.40692307692307,17.80230769230769,45.74461538461538,Aswan,0.0,4.7777796,109.83583,17.032282,35.696198,5.9426575,4.414589,-1.7275085,0.2038011,13.938317,54.842316,7,2,0,4.280807666666666,4.5163193999999995,4.255689192857143,4.7777796,18.224884857142857,0,0.0,551,0.8222833017736803,0,0
2020-07-05,4800.92,362.5269230769231,54.379038461538464,18.126346153846153,45.72461538461538,Aswan,0.0,6.1461654,145.49727,16.300869,35.468903,5.5472717,3.6287231,-4.847168,0.18690994,15.274505,69.66561,7,2,0,4.971797333333334,4.856727485714286,4.405970864285714,6.1461654,17.689318,0,0.0,552,0.9090613695131738,0,0
2020-07-06,4756.28,362.9407692307692,54.44111538461538,18.14703846153846,45.70461538461538,Aswan,0.0,3.7831244,141.08035,20.17918,34.47281,7.8627014,2.4151764,-2.868393,0.20796597,14.659145,74.82643,7,2,0,4.902356466666666,4.696279685714286,4.446726592857143,6.1461654,17.641524142857143,0,0.0,553,0.9027808227208816,0,0
2020-07-07,4766.15,363.4123076923077,54.51184615384616,18.170615384615385,45.68076923076923,Aswan,0.0,4.2828884,148.15161,15.641989,34.896027,3.9098206,2.332428,-3.4040375,0.2280142,9.332677,49.815285,7,2,0,4.737392733333333,4.605682314285715,4.444256714285714,6.1461654,17.216285428571428,0,0.0,554,0.9042256911490792,0,0
2020-07-08,4773.27,367.0853846153846,55.06280769230769,18.35426923076923,45.65384615384615,Aswan,0.0,4.9116454,143.85706,16.429775,34.904938,5.592804,2.6341705,-4.08432,0.2847072,11.18798,76.4988,7,2,0,4.3258860666666665,4.566606657142857,4.409471271428571,4.9116454,17.117578428571427,0,0.0,555,0.8178855614621968,0,0
2020-07-09,4631.38,352.81538461538463,52.92230769230769,17.640769230769234,45.62692307692308,Aswan,0.0,4.1920137,150.52316,23.046003,35.4429,10.531403,1.9415817,-2.5214844,0.22241996,10.8479185,65.068504,7,2,0,4.4621825,4.583580557142858,4.41100985,4.9116454,17.914048,0,0.0,556,0.46349284561671966,0,0
2020-07-10,4785.26,370.0607692307692,55.50911538461538,18.503038461538463,45.59692307692308,Aswan,0.0,4.568144,150.81195,25.916115,35.069733,12.001251,2.0916061,-3.706398,0.25907105,17.320118,98.65555,7,2,0,4.5572677,4.665965842857142,4.516625542857143,4.9116454,19.22088757142857,0,0.0,557,0.4230883993803458,0,0
2020-07-11,4809.14,363.37538461538463,54.50630769230769,18.168769230769232,45.56384615384616,Aswan,0.0,4.6406703,148.99142,22.954784,34.794952,9.596344,2.4232254,-3.9501114,0.20875195,16.858181,80.891556,7,2,0,4.466942666666667,4.6463788,4.5813491,4.6406703,20.066959285714287,0,0.0,558,0.35598533719806635,0,0
2020-07-12,4878.44,374.4276923076923,56.164153846153845,18.72138461538462,45.52923076923077,Aswan,0.0,6.3440638,148.82452,21.887577,35.40396,9.958649,3.299263,-5.380806,0.38738424,27.41788,162.63971,7,2,0,5.184292699999999,4.67465,4.765688742857143,6.3440638,20.86506042857143,0,0.0,559,0.342538840575115,0,0
2020-07-13,4846.610000000001,369.9853846153846,55.49780769230769,18.49926923076923,45.49076923076923,Aswan,0.0,3.4289246,124.643555,19.735271,33.917145,7.2417297,2.6879196,-1.9682999,0.29148164,24.505222,132.69916,7,2,0,4.8045529,4.624050028571429,4.660164857142857,6.3440638,20.801644857142858,0,0.0,560,0.5086261063501083,0,0
2020-07-14,4786.72,371.4946153846154,55.724192307692306,18.57473076923077,45.44923076923077,Aswan,0.0,4.033017,104.294815,21.008606,34.45511,8.489288,2.7844772,-0.70389557,0.1757032,18.789713,72.006,7,2,0,4.6020018,4.588354114285714,4.597018214285714,6.3440638,21.568304428571427,0,0.0,561,0.5383114550884001,0,0
2020-07-15,4819.56,377.6553846153847,56.648307692307704,18.882769230769238,45.4076923076923,Aswan,0.0,4.2882214,135.57062,16.496128,34.59549,4.7287903,2.7751389,-2.850418,0.13806716,10.768555,48.885193,7,2,0,3.9167210000000003,4.499293542857143,4.5329501,4.2882214,21.577783428571426,0,0.0,562,0.5462261038659078,0,0
2020-07-16,4809.89,365.4215384615384,54.813230769230756,18.27107692307692,45.36076923076924,Aswan,0.0,4.9268064,126.422195,19.826817,35.43582,8.628937,3.5112305,-2.6857758,0.22543961,23.48694,129.07007,7,2,0,4.416014933333333,4.604263928571429,4.5939222428571425,4.9268064,21.117899714285716,0,0.0,563,0.5448665942374865,0,0
2020-07-17,4925.29,378.1607692307692,56.724115384615374,18.90803846153846,45.31230769230769,Aswan,0.0,4.88723,114.891525,20.882402,33.331696,7.830963,4.332016,-1.8021469,0.2795266,18.325994,122.93673,7,2,0,4.7007525999999995,4.649847642857142,4.6579067428571435,4.9268064,20.398797857142856,0,0.0,564,0.7603461513981198,0,0
2020-07-18,4770.81,359.88,53.982,17.994,45.25923076923077,Aswan,0.0,3.049467,118.738205,21.979256,33.457184,8.291779,2.6708527,-1.4705353,0.30135617,18.371336,93.60024,7,2,0,4.287834466666666,4.422532885714285,4.534455842857143,4.9268064,20.259436714285716,0,0.0,565,0.8543530732790415,0,0
2020-07-19,4781.55,377.2638461538462,56.589576923076926,18.863192307692312,45.20538461538461,Aswan,0.0,3.1719682,128.9713,20.442097,34.58255,7.6527405,1.7620773,-2.0048676,0.2625824,15.691664,90.76341,7,2,0,3.7028883999999995,3.9693763714285715,4.322013185714286,4.88723,20.05293957142857,0,0.0,566,0.7371945327161421,0,0
2020-07-20,4759.18,357.4230769230769,53.613461538461536,17.871153846153845,45.14615384615384,Aswan,0.0,4.178318,118.687805,16.631386,36.098785,6.4023743,3.5931244,-2.0301971,0.2724836,9.384565,49.800396,7,2,0,3.4665844,4.076432571428571,4.3502412999999995,4.178318,19.609527428571425,0,0.0,567,0.9893122204941049,0,0
2020-07-21,4695.5,331.4661538461539,49.71992307692308,16.573307692307694,45.08692307692308,Aswan,0.0,5.6923037,137.42867,19.837383,36.513947,9.507111,3.7904358,-4.236885,0.5261841,25.470654,174.1997,7,2,0,4.3475299666666665,4.3134735285714285,4.450913821428572,5.6923037,19.442209857142853,0,0.0,568,1.2282945213684944,0,0
2020-07-22,4774.06,343.26,51.489,17.163,45.02307692307692,Aswan,0.0,5.4904222,143.19772,20.017681,35.225616,8.587189,3.2859192,-4.3983383,0.5573137,29.278389,225.15895,7,2,0,5.1203479666666665,4.4852165,4.492255021428571,5.6923037,19.945288857142856,0,0.0,569,1.2288237348130389,0,0
2020-07-23,4746.25,343.48923076923074,51.52338461538461,17.17446153846154,44.95692307692308,Aswan,0.0,4.2742314,137.04303,24.058327,34.539948,10.644928,2.902504,-3.1081238,0.4774115,24.596191,153.27875,7,2,0,5.1523191,4.3919915000000005,4.498127714285714,5.6923037,20.549790285714288,0,0.0,570,1.2163049379431947,0,0
2020-07-24,4719.79,331.6630769230769,49.74946153846154,16.583153846153845,44.88692307692308,Aswan,0.0,4.748781,139.03383,20.95187,35.268585,9.065582,3.1517181,-3.528778,0.41744292,15.050718,120.72087,7,2,0,4.837811533333333,4.372213071428571,4.5110303571428565,5.4904222,20.559714285714286,0,0.0,571,1.0264217325048255,0,0
2020-07-25,4721.48,350.72,52.608000000000004,17.536,44.81461538461539,Aswan,0.0,4.3303757,145.51042,24.405674,36.579254,12.103668,2.4392395,-3.5712738,0.35098362,16.195568,87.29879,7,2,0,4.451129366666666,4.555200028571428,4.488866457142858,4.748781,20.906345428571427,0,0.0,572,0.8592693283064604,0,0
2020-07-26,4787.73,364.5646153846154,54.68469230769231,18.228230769230773,44.74,Aswan,0.0,4.5401464,165.35431,19.661758,37.059845,9.736603,1.0892334,-4.4008636,0.34828693,21.60603,128.5398,7,2,0,4.5397677,4.7506540571428575,4.360015214285714,4.748781,20.794868428571426,0,0.0,573,0.9061148620998655,0,0
2020-07-27,4650.88,337.3961538461538,50.60942307692307,16.869807692307692,44.66,Aswan,0.0,3.8547215,153.0517,17.368183,37.65982,8.752106,1.4763947,-3.4736938,0.40161258,26.635473,135.20157,7,2,0,4.241747866666667,4.704425985714287,4.390429278571429,4.5401464,20.900125142857142,0,0.0,574,1.1285573583200257,0,0
2020-07-28,4276.59,281.2046153846153,42.18069230769229,14.060230769230765,44.57615384615384,Aswan,0.0,3.013729,129.92172,19.140963,38.037872,10.366241,1.1387558,-2.0399323,0.36771706,24.4472,121.08794,7,2,0,3.802865633333333,4.321772457142857,4.317622992857143,4.5401464,20.800636571428573,0,0.0,575,1.3435072719991943,1,0
2020-07-29,4387.15,285.12461538461537,42.768692307692305,14.256230769230768,44.49076923076923,Aswan,0.0,2.4809718,61.120422,34.628845,37.18582,17.758698,2.1512527,1.2299728,0.4178744,20.243168,91.547714,7,2,0,3.1164740999999996,3.8918509714285716,4.1885337357142856,3.8547215,22.887945714285713,0,0.0,576,1.2753947359253028,0,0
2020-07-30,4330.38,284.0784615384615,42.61176923076923,14.203923076923076,44.40384615384615,Aswan,0.0,2.6330502,88.600876,27.322926,38.92935,16.40628,1.8875275,0.15109253,0.44361535,25.690605,129.58023,7,2,0,2.7092503333333333,3.6573965142857143,4.024694007142857,3.013729,23.354317,0,0.0,577,1.1565012468966218,1,0
2020-07-31,4540.820000000001,341.8669230769231,51.28003846153847,17.093346153846156,44.31,Aswan,0.0,3.3350947,130.83308,26.355097,39.097076,15.636261,1.8148193,-1.9080276,0.41638732,28.926462,154.14236,7,2,0,2.816372233333333,3.4554413285714287,3.9138272,3.3350947,24.126206571428572,0,0.0,578,0.9529749343964193,1,0
2020-08-01,4679.47,351.61999999999995,52.74299999999999,17.581,44.21692307692308,Aswan,0.0,3.9921763,168.06021,18.818771,39.49173,11.109528,0.6820221,-3.92305,0.35946184,35.69942,170.13412,8,2,0,3.3201070666666666,3.4071271285714286,3.981163578571429,3.9921763,23.32807757142857,0,0.0,579,0.9705082029973875,1,0
2020-08-02,4438.66,285.2269230769231,42.78403846153846,14.261346153846155,44.11846153846154,Aswan,0.0,4.5517235,112.44322,19.396173,37.345245,9.650421,1.7841263,-1.0052338,0.30264693,19.311878,99.88377,8,2,0,3.959664833333333,3.408781,4.079717528571428,4.5517235,23.29013685714286,0,0.0,580,0.9188142364868631,0,0
2020-08-03,4600.31,343.9646153846154,51.594692307692306,17.198230769230772,44.01615384615385,Aswan,0.0,3.4719238,133.52527,17.89914,38.050323,9.285553,2.2509155,-2.0806046,0.29523835,11.58684,53.001774,8,2,0,4.005274533333332,3.3540956142857143,4.0292608,4.5517235,23.36598785714286,0,0.0,581,0.8883914158425612,1,0
2020-08-04,4708.66,335.29846153846154,50.29476923076923,16.76492307692308,43.91,Aswan,0.0,3.8230667,151.61302,17.401443,37.67752,8.482086,1.9368896,-3.1506195,0.24121052,14.691149,63.91356,8,2,0,3.948904666666666,3.4697152857142854,3.8957438714285715,4.5517235,23.117485,0,0.0,582,0.9164703909729849,0,0
2020-08-05,4775.32,372.52153846153846,55.87823076923077,18.626076923076923,43.80076923076923,Aswan,0.0,3.8045957,153.56807,18.059105,38.275055,9.323151,1.5387802,-3.2688522,0.20677847,11.937578,52.473686,8,2,0,3.699862066666667,3.658804414285714,3.775327692857143,3.8230667,20.750379285714285,0,0.0,583,0.7884313060534726,1,0
2020-08-06,4833.06,368.74923076923073,55.31238461538461,18.437461538461537,43.690769230769234,Aswan,0.0,4.2471113,138.4772,20.354626,37.79715,10.9565735,1.794754,-2.574936,0.22084439,14.991138,60.833344,8,2,0,3.9582579,3.8893845714285713,3.7733905428571433,4.2471113,19.754907857142857,0,0.0,584,0.7800941997290392,0,0
2020-08-07,4938.36,382.62307692307695,57.393461538461544,19.131153846153847,43.57692307692308,Aswan,0.0,4.092892,138.73413,21.40835,36.21927,10.3923645,2.5529633,-2.1164093,0.17972676,14.96981,68.16597,8,2,0,4.048199666666666,3.997641328571429,3.726541328571429,4.2471113,19.048229714285714,0,0.0,585,0.9883845774166825,0,0
2020-08-08,4914.61,370.1053846153846,55.51580769230769,18.50526923076923,43.45769230769231,Aswan,0.0,2.3824186,178.95195,20.740503,35.331573,8.746368,-0.14880371,-2.0998917,0.12014192,15.045153,50.12571,8,2,0,3.5741406333333336,3.7676759428571427,3.5874015357142857,4.2471113,19.32276285714286,0,0.0,586,1.0743078974957303,0,0
2020-08-09,4903.31,371.5,55.725,18.575,43.33538461538462,Aswan,0.0,3.640316,241.323,18.829905,36.425323,8.761993,-2.927681,-1.5643845,0.24756265,10.972229,58.760784,8,2,0,3.371875533333333,3.6374748714285707,3.5231279357142857,4.092892,19.241867428571428,0,0.0,587,1.1151079301695952,0,0
2020-08-10,4293.18,254.28769230769237,38.14315384615385,12.714384615384619,43.21076923076923,Aswan,0.0,2.9321554,240.91762,19.418472,37.30838,10.149567,-2.1401901,-1.7004013,0.33599412,10.578183,50.93023,8,2,0,2.984963333333333,3.5603651,3.457230357142857,3.640316,19.458914857142855,0,0.0,588,1.0439203997408133,0,0
2020-08-11,4894.43,367.5292307692308,55.12938461538462,18.37646153846154,43.08384615384615,Aswan,0.0,3.7443018,184.52232,19.216148,37.800323,9.74295,1.2903519,-2.0094757,0.2715524,9.861799,48.824005,8,2,0,3.4389244,3.5491129714285714,3.5094141285714286,3.7443018,19.718158428571428,0,0.0,589,1.0580442287458276,0,0
2020-08-12,5082.64,385.1007692307693,57.76511538461539,19.255038461538465,42.95153846153846,Aswan,0.0,5.0709553,152.64578,23.955961,36.029205,11.776398,2.347351,-4.154228,0.23132066,15.434801,86.815216,8,2,0,3.9158041666666663,3.730021485714286,3.69441295,5.0709553,20.56056642857143,0,0.0,590,0.949882819785058,0,0
2020-08-13,5045.49,385.1330769230769,57.76996153846153,19.256653846153846,42.818461538461534,Aswan,0.0,4.092803,138.67578,22.819305,34.32791,9.66568,2.5145721,-2.833496,0.27671194,22.173645,110.89403,8,2,0,4.3026867,3.7079774428571426,3.798681007142857,5.0709553,20.912663428571427,0,0.0,591,1.1639363715700832,0,0
2020-08-14,5127.2,392.15,58.82249999999999,19.6075,42.67923076923077,Aswan,0.0,4.693886,126.06203,21.979927,33.95047,8.768463,3.547577,-2.6477509,0.26122522,16.606499,89.811615,8,2,0,4.6192147666666665,3.7938337285714288,3.8957375285714284,5.0709553,20.994317285714285,0,0.0,592,1.4422416514634735,0,0
2020-08-15,4938.37,376.76,56.513999999999996,18.838,42.53846153846154,Aswan,0.0,2.972472,98.206726,24.523277,34.74063,10.8680725,2.4515152,-0.6614609,0.21246767,22.43182,101.46237,8,2,0,3.919720333333333,3.8781270714285716,3.8229015071428565,4.693886,21.534713571428572,0,0.0,593,1.4961114066364827,0,0
2020-08-16,4905.53,389.13307692307694,58.36996153846154,19.45665384615385,42.39538461538461,Aswan,0.0,3.0971715,91.30296,21.264893,35.60977,9.80838,1.2623138,-0.25199127,0.17472208,22.05196,99.8512,8,2,0,3.587843166666667,3.800535,3.7190049357142856,4.693886,21.882569,0,0.0,594,1.470606361882429,0,0
2020-08-17,4848.46,377.2992307692308,56.59488461538462,18.86496153846154,42.24615384615385,Aswan,0.0,2.5337136,96.88985,27.033903,36.08084,12.500153,2.342865,-0.17281342,0.12345828,11.123619,42.3087,8,2,0,2.8677857,3.743614742857143,3.6519899214285716,3.0971715,22.970487714285714,0,0.0,595,1.3084488553738214,0,0
2020-08-18,5053.07,388.69307692307694,58.303961538461536,19.43465384615385,42.09384615384616,Aswan,0.0,4.9976406,146.62996,21.327835,36.74759,10.56546,2.6098022,-4.16111,0.25586325,26.324173,126.93527,8,2,0,3.5428419000000004,3.9226631428571426,3.735888057142857,4.9976406,23.272157285714286,0,0.0,596,1.0320432281401362,0,0
2020-08-19,5047.91,384.2353846153846,57.635307692307684,19.21176923076923,41.941538461538464,Aswan,0.0,3.722518,138.92293,20.649305,35.147247,8.743195,2.1731796,-2.6230087,0.2661174,21.71067,107.02086,8,2,0,3.751290733333333,3.7300292428571424,3.7300253642857144,4.9976406,22.799777857142857,0,0.0,597,0.9889829306120033,0,0
2020-08-20,5102.35,419.925,62.988749999999996,20.996250000000003,45.15833333333333,Aswan,0.0,4.286578,136.039,20.91056,35.08206,8.850739,2.786255,-2.8418121,0.20667836,20.774979,102.965645,8,2,0,4.335578866666666,3.7577113857142863,3.7328444142857142,4.9976406,22.5271,0,0.0,598,0.9125594744957249,0,0
2020-08-21,5204.38,425.0416666666667,63.75625,21.252083333333335,45.00083333333333,Aswan,0.0,5.2200003,140.17792,21.627823,34.51834,8.560455,3.4683838,-3.7038422,0.24718696,19.45682,100.19528,8,2,0,4.409698766666667,3.8328705714285713,3.81335215,5.2200003,22.47679942857143,0,0.0,599,0.7851033092542148,0,0
2020-08-22,5260.66,426.18250000000006,63.927375000000005,21.309125000000005,44.840833333333336,Aswan,0.0,4.844007,137.71161,21.95842,33.302277,8.227814,3.242096,-3.5977173,0.24567953,21.20737,116.68635,8,2,0,4.783528433333334,4.100232714285714,3.9891798928571425,5.2200003,22.110391285714286,0,0.0,600,1.112086749008329,0,0
2020-08-23,5240.62,436.68666666666667,65.503,21.834333333333333,44.67583333333334,Aswan,0.0,3.684698,120.482895,24.770977,32.791656,9.4774475,3.0493393,-1.8262405,0.20355862,17.01655,92.86708,8,2,0,4.582901766666667,4.184165071428572,3.9923500357142854,5.2200003,22.611260428571427,0,0.0,601,1.413568073998458,0,0
2020-08-24,5124.49,411.9508333333333,61.792624999999994,20.597541666666668,44.509166666666665,Aswan,0.0,4.153759,119.60669,23.234531,33.72879,9.221466,3.626793,-1.7475815,0.20944616,14.708889,70.19143,8,2,0,4.227488,4.415600128571429,4.079607435714285,4.844007,22.068492999999997,0,0.0,602,1.3387014900798415,0,0
2020-08-25,5174.95,430.0941666666667,64.514125,21.504708333333337,44.340833333333336,Aswan,0.0,4.172431,121.972015,21.638794,34.410553,8.841217,3.5996094,-2.0075455,0.1411399,11.900824,50.37033,8,2,0,4.0036293333333335,4.297713042857143,4.110188092857142,4.172431,22.112915714285712,0,0.0,603,0.8951041423102021,0,0
2020-08-26,5168.22,416.9558333333334,62.543375000000005,20.84779166666667,44.16583333333333,Aswan,0.0,5.23927,151.76999,21.31956,34.37503,8.517242,2.856697,-4.1055603,0.1747155,14.172282,66.06925,8,2,0,4.521820000000001,4.514391900000001,4.122210571428572,5.23927,22.20866642857143,0,0.0,604,0.7919360599058571,0,0
2020-08-27,5290.04,421.0008333333333,63.15012499999999,21.050041666666665,43.990833333333335,Aswan,0.0,5.071314,150.8628,20.865005,33.900055,8.033478,2.6677094,-4.251709,0.21206631,18.182827,91.782364,8,2,0,4.827671666666666,4.626497042857143,4.192104214285714,5.23927,22.202158571428573,0,0.0,605,0.6420025910817168,0,0
2020-08-28,5311.72,432.28833333333336,64.84325,21.61441666666667,43.8125,Aswan,0.0,3.9186225,132.48439,21.35682,32.856476,7.311798,2.8630142,-2.4946213,0.20858192,17.912815,87.043076,8,2,0,4.743068833333333,4.440585928571428,4.13672825,5.23927,22.16344385714286,0,0.0,606,0.665243423399439,0,0
2020-08-29,5182.73,425.49,63.823499999999996,21.274500000000003,43.6325,Aswan,0.0,2.9824054,118.72011,24.984602,32.869415,9.334015,2.430046,-1.4197311,0.20063818,19.107735,78.39032,8,2,0,3.9907806333333333,4.174642842857143,4.137437778571429,5.071314,22.595755571428572,0,0.0,607,0.7181025287953667,0,0
2020-08-30,5215.94,432.81,64.9215,21.640500000000003,43.445,Aswan,0.0,3.1253245,128.07732,23.971985,33.940704,9.144684,2.426979,-1.9355545,0.14390251,20.400341,76.95315,8,2,0,3.3421174666666666,4.094732342857143,4.139448707142857,3.9186225,22.481613857142857,0,0.0,608,0.6397998642669579,0,0
2020-08-31,5132.26,408.0466666666667,61.207,20.402333333333335,43.26,Aswan,0.0,4.3952703,125.68997,21.836948,35.524445,9.371002,3.412201,-2.3344345,0.17908287,19.713377,75.69233,8,2,0,3.5010000666666667,4.129233957142858,4.2724170428571435,4.3952703,22.281959142857144,0,0.0,609,0.9336608777331064,0,0
2020-09-01,5412.49,475.5158333333334,71.327375,23.77579166666667,43.07,Aswan,0.0,4.080332,106.75629,20.862442,34.3992,7.6112366,3.920723,-1.1007919,0.13267125,10.492701,44.436188,9,3,0,3.8669756,4.116076957142857,4.206895,4.3952703,22.171051714285714,0,0.0,610,0.9328026093061206,0,0
2020-09-02,5352.68,468.2691666666667,70.240375,23.413458333333338,42.8775,Aswan,0.0,3.783156,129.44943,19.170198,33.678497,5.9961243,2.8765106,-2.4459,0.1118492,12.077129,50.001053,9,3,0,4.086252766666667,3.9080606714285717,4.211226285714285,4.3952703,21.863999999999997,0,0.0,611,0.9208086132787859,0,0
2020-09-03,5327.78,473.57666666666665,71.03649999999999,23.678833333333333,42.681666666666665,Aswan,0.0,3.460507,151.41434,15.79618,34.997833,4.629303,1.2724838,-2.7962952,0.10844368,14.186902,49.299896,9,3,0,3.774665,3.6779453857142856,4.1522212142857144,4.080332,21.139882142857143,0,0.0,612,1.0133740920749308,0,0
2020-09-04,5014.6,412.0833333333333,61.81249999999999,20.604166666666668,42.48333333333333,Aswan,0.0,2.4874458,146.43683,19.200998,35.18802,7.9758606,1.2282104,-2.1125336,0.17462705,18.077305,61.632675,9,3,0,3.2437029333333336,3.4734915714285717,3.95703875,3.783156,20.83190757142857,0,0.0,613,0.9408457441654416,0,0
2020-09-05,3321.01,160.49416666666667,24.074125,8.024708333333335,42.285,Aswan,0.0,2.6775818,132.03772,17.349337,38.574738,9.171539,0.42877197,-1.0114136,0.2009416,16.41283,45.19601,9,3,0,2.8751782,3.4299453428571427,3.8022940928571427,3.460507,19.741155428571428,0,0.0,614,1.6368609449488996,1,0
2020-09-06,4742.4400000000005,405.235,60.78525,20.261750000000003,42.079166666666666,Aswan,0.0,2.9470296,187.0582,21.435028,38.712433,12.271637,-0.46840668,-2.8187256,0.17383566,16.056038,55.120506,9,3,0,2.704019066666667,3.4044746428571426,3.749603492857143,2.9470296,19.378733,0,0.0,615,1.9877172781064505,1,0
2020-09-07,5159.61,443.0183333333334,66.45275000000001,22.15091666666667,41.87583333333333,Aswan,0.0,5.1409883,180.28577,23.25528,39.023834,13.165924,-0.029586792,-5.138283,0.2507236,28.763031,104.466255,9,3,0,3.588533233333333,3.5110057857142856,3.8201198714285716,5.1409883,19.581351857142856,0,0.0,616,2.302130276675077,1,0
2020-09-08,5261.45,457.0016666666666,68.55024999999999,22.85008333333333,41.66916666666667,Aswan,0.0,5.702142,170.08728,23.992718,38.576813,13.014923,0.99082947,-5.611992,0.29522708,30.644802,135.2947,9,3,0,4.596719966666666,3.742692928571429,3.929384942857143,5.702142,20.028534142857144,0,0.0,617,2.247592113582017,1,0
2020-09-09,5355.87,465.3141666666666,69.797125,23.265708333333333,41.45666666666667,Aswan,0.0,4.7947083,163.25247,26.253965,37.517365,13.813995,1.3673553,-4.5294952,0.156883,31.63788,134.0005,9,3,0,5.2126128666666665,3.8872004000000002,3.8976305357142857,5.702142,21.040500857142856,0,0.0,618,1.7181317696844278,0,0
2020-09-10,5325.56,465.6233333333334,69.8435,23.28116666666667,41.24666666666666,Aswan,0.0,3.931956,147.59152,25.602085,35.86624,12.164337,1.9472275,-3.2624054,0.18734512,28.226212,126.600815,9,3,0,4.8096021,3.954550257142857,3.8162478214285716,5.702142,22.441344428571426,0,0.0,619,1.5269726168606867,0,0
2020-09-11,5372.79,463.94250000000005,69.591375,23.197125000000003,41.03083333333333,Aswan,0.0,4.0630317,155.26227,20.164206,35.782867,8.687897,1.6105576,-3.3790665,0.23382828,16.47277,89.07854,9,3,0,4.2632319999999995,4.179633957142857,3.8265627642857143,4.7947083,22.57894557142857,0,0.0,620,1.3771682354965769,0,0
2020-09-12,5137.6,403.5658333333333,60.534874999999985,20.178291666666667,40.814166666666665,Aswan,0.0,4.4279413,178.87164,19.036219,35.09012,7.655182,0.185318,-4.3930435,0.23281908,14.49254,56.503357,9,3,0,4.140976333333334,4.429685314285715,3.9298153285714283,4.4279413,22.819928714285716,0,0.0,621,1.6250549352542716,0,0
2020-09-13,5295.76,445.895,66.88425,22.29475,40.59666666666666,Aswan,0.0,4.680405,176.88937,19.403477,36.142,8.643829,0.32373047,-4.555275,0.25852394,17.952827,75.678116,9,3,0,4.390459333333333,4.677310371428571,4.040892507142857,4.680405,22.52970714285714,0,0.0,622,1.5197294319102508,0,0
2020-09-14,5260.25,437.8641666666667,65.679625,21.893208333333334,40.37583333333333,Aswan,0.0,4.260252,157.95584,19.285105,35.982697,8.063019,1.5235443,-3.9316406,0.23809531,23.19119,89.998314,9,3,0,4.456199433333334,4.5514909,4.031248342857142,4.680405,21.962539285714286,0,0.0,623,1.1976151840168718,0,0
2020-09-15,5338.46,443.1208333333333,66.46812499999999,22.156041666666667,40.15333333333333,Aswan,0.0,5.226531,161.39236,17.830862,35.95987,7.550812,1.6988144,-4.898155,0.35108274,26.439093,146.39856,9,3,0,4.722396,4.483546471428571,4.1131197,5.226531,21.08227414285714,0,0.0,624,0.7303838465088659,0,0
2020-09-16,5349.06,452.8208333333334,67.923125,22.64104166666667,39.9275,Aswan,0.0,4.0497637,159.0411,20.737915,35.4429,9.088165,1.4430542,-3.7644653,0.23275718,24.16534,94.56947,9,3,0,4.512182233333333,4.377125814285714,4.1321631071428575,5.226531,20.294266999999998,0,0.0,625,0.36427130447862166,0,0
2020-09-17,5117.96,430.0733333333333,64.511,21.503666666666668,39.70166666666667,Aswan,0.0,3.320203,207.82373,20.333155,36.614532,9.5937805,-0.7970352,-2.775528,0.23191415,19.537992,71.69446,9,3,0,4.198832566666667,4.289732528571428,4.122141392857143,5.226531,19.541562714285714,0,0.0,626,0.4910031640040476,0,0
2020-09-18,5197.1,453.97,68.0955,22.698500000000003,39.473333333333336,Aswan,0.0,3.581897,199.8711,18.797903,38.669342,9.77066,-0.93761444,-3.410942,0.22426836,8.335963,31.85265,9,3,0,3.6506212333333337,4.220999,4.200316478571429,4.0497637,19.34637657142857,0,0.0,627,1.1652499318581084,1,0
2020-09-19,5168.96,450.595,67.58925,22.529750000000003,39.24166666666667,Aswan,0.0,2.601521,231.72562,17.954798,37.38968,7.961334,-2.1824188,-1.3135681,0.19687264,11.011878,56.01084,9,3,0,3.167873666666667,3.960081814285714,4.194883564285715,3.581897,19.19188785714286,0,0.0,628,1.0988976041305685,0,0
2020-09-20,5114.0,451.0725,67.66087499999999,22.553625,39.01166666666666,Aswan,0.0,2.0962493,260.88208,15.481489,37.368317,6.303009,0.27746582,-0.6809311,0.19841969,11.077654,52.294434,9,3,0,2.7598891000000005,3.590916714285714,4.1341135428571425,3.581897,18.631603857142856,0,0.0,629,1.111366182280514,0,0
2020-09-21,5019.71,429.4266666666667,64.414,21.471333333333334,38.7775,Aswan,0.0,3.8121383,130.53839,24.907784,37.30838,12.513092,1.7788315,-2.5465317,0.3244385,29.290184,117.55878,9,3,0,2.8366362000000005,3.5269004714285717,4.039195685714286,3.8121383,19.434843714285716,0,0.0,630,1.065802605918192,0,0
2020-09-22,4970.92,401.4458333333334,60.216875,20.072291666666672,38.54333333333333,Aswan,0.0,3.6920958,177.32455,19.746378,37.235016,9.704498,0.42369843,-3.5989609,0.5162376,21.533247,97.65708,9,3,0,3.2001611333333337,3.307695442857143,3.895620957142857,3.8121383,19.708488857142857,0,0.0,631,0.9701090286159134,0,0
2020-09-23,5252.98,440.9041666666667,66.135625,22.045208333333335,38.3075,Aswan,0.0,4.4508333,177.85338,21.531773,36.147003,10.36795,0.17723846,-4.432785,0.3149979,21.67062,103.385025,9,3,0,3.985022466666667,3.3649911,3.8710584571428575,4.4508333,19.821897142857143,0,0.0,632,0.7823097133905852,0,0
2020-09-24,5328.49,431.2741666666666,64.69112499999999,21.56370833333333,38.07083333333333,Aswan,0.0,5.8343663,173.60663,29.124405,34.693268,13.830719,0.6426697,-5.7923737,0.38351783,29.368107,159.77798,9,3,0,4.659098466666666,3.7241572857142855,4.006944907142858,5.8343663,21.07779,0,0.0,633,1.2428498902618603,0,0
2020-09-25,5320.71,420.5466666666667,63.082,21.027333333333335,37.8325,Aswan,0.0,5.3366747,166.88763,27.441216,33.940704,11.506134,1.2347488,-5.165451,0.2538502,29.903563,140.40913,9,3,0,5.207291433333334,3.974839814285714,4.097919407142857,5.8343663,22.312549,0,0.0,634,1.4370698118342216,0,0
2020-09-26,5455.8,437.8533333333333,65.678,21.892666666666667,37.59166666666667,Aswan,0.0,5.2366333,173.18127,26.256252,33.294342,10.5034485,0.62841034,-5.196991,0.22279915,24.624786,125.08719,9,3,0,5.469224766666667,4.351284428571429,4.155683121428572,5.8343663,23.498471,0,0.0,635,1.7234168462682606,0,0
2020-09-27,5382.68,434.8541666666667,65.228125,21.742708333333336,37.35333333333333,Aswan,0.0,3.483399,184.34822,23.268894,33.11624,8.734772,-0.24175262,-3.4738083,0.18553922,18.00639,74.81915,9,3,0,4.685569,4.549448671428571,4.070182692857143,5.3366747,24.610957428571428,0,0.0,636,1.7905482857847377,0,0
2020-09-28,5390.56,446.3658333333333,66.95487499999999,22.318291666666667,37.11083333333333,Aswan,0.0,3.8479967,200.7207,23.208769,34.565582,8.739777,-1.0754013,-3.3211975,0.1304769,10.356349,37.889526,9,3,0,4.189343,4.5545713,4.040735885714286,5.2366333,24.368241,0,0.0,637,1.5054193583198283,0,0
2020-09-29,5266.84,425.8766666666666,63.88149999999999,21.293833333333332,36.8675,Aswan,0.0,2.8570306,174.32602,17.525326,33.683258,4.471222,0.25352478,-2.6615677,0.11523844,10.189678,36.566936,9,3,0,3.3961421,4.435276271428571,3.871485857142857,3.8479967,24.050947857142855,0,0.0,638,1.0405575372703173,0,0
2020-09-30,5182.07,419.0591666666666,62.85887499999999,20.95295833333333,36.623333333333335,Aswan,0.0,2.267176,234.34003,20.825153,34.325592,7.6756897,-1.7408371,-1.3766174,0.133484,10.074528,37.817654,9,3,0,2.9907344333333334,4.123325228571429,3.7441581642857145,3.8479967,23.95000214285714,0,0.0,639,0.6148985444797742,0,0
2020-10-01,5405.58,477.5441666666666,71.63162499999999,23.877208333333332,36.38,Aswan,0.0,2.7780492,242.012,23.370358,35.322296,9.962921,-2.4996567,-1.1306076,0.17037459,11.608103,44.025703,10,3,0,2.6340852666666668,3.6867085000000004,3.705432892857143,2.8570306,23.127995428571428,0,0.0,640,0.7690252535745168,0,0
2020-10-02,5264.59,450.33833333333337,67.55075000000001,22.51691666666667,36.13666666666666,Aswan,0.0,2.8863513,222.56516,25.218515,35.45804,11.276154,-1.9941025,-1.9851608,0.3011248,9.552494,42.648705,10,3,0,2.6438588333333333,3.3366623,3.6557510571428575,2.8863513,22.810466714285713,0,0.0,641,0.9340184051703062,0,0
2020-10-03,3942.33,235.23916666666665,35.285875,11.761958333333332,35.89083333333333,Aswan,0.0,4.3869734,187.36356,26.001028,34.769318,11.708527,-0.5449219,-4.337578,0.29207966,11.100443,45.18447,10,3,0,3.350457966666666,3.2152823142857136,3.783283371428571,4.3869734,22.774006142857143,0,0.0,642,0.8439479623375211,0,0
2020-10-04,5434.61,458.1058333333333,68.715875,22.905291666666667,35.645833333333336,Aswan,0.0,4.2983737,175.79962,18.288498,34.0701,6.5516663,0.30726624,-4.286911,0.25965482,17.90785,76.80779,10,3,0,3.8572328,3.3317072714285714,3.940577971428571,4.3869734,22.062521000000004,0,0.0,643,0.6434674510230027,0,0
2020-10-05,5485.83,460.9433333333333,69.1415,23.04716666666667,35.4,Aswan,0.0,3.745503,186.20927,19.633518,32.03116,5.98526,-0.46522522,-3.6982803,0.22411884,19.827658,92.217575,10,3,0,4.1436167,3.3170653142857143,3.9358183071428567,4.3869734,21.551770857142856,0,0.0,644,1.1662070227586292,0,0
2020-10-06,5205.39,439.26666666666665,65.89,21.963333333333335,35.1525,Aswan,0.0,2.2488642,204.76678,21.294796,32.52823,7.5783997,-0.32445526,-2.1747055,0.14857738,14.9102125,31.901901,10,3,0,3.4309136333333328,3.2301843999999997,3.8327303357142855,4.2983737,22.09026657142857,0,0.0,645,1.3281042577000015,0,0
2020-10-07,5254.71,452.0641666666666,67.80962499999998,22.60320833333333,34.906666666666666,Aswan,0.0,2.267273,269.3161,26.483643,34.26175,10.161652,-0.97182465,-0.10222626,0.11251284,12.365669,34.165882,10,3,0,2.753880066666666,3.230198257142857,3.6767617428571424,3.745503,22.898622285714282,0,0.0,646,1.326291373450874,0,0
2020-10-08,5201.33,458.1191666666667,68.71787499999999,22.905958333333334,34.660833333333336,Aswan,0.0,1.3873625,272.42813,20.693296,34.539215,7.4585266,-1.3573303,0.031593323,0.12448156,12.309912,39.25243,10,3,0,1.967833233333333,3.0315287285714283,3.359118614285714,2.267273,22.516184857142857,0,0.0,647,1.2320458036352377,0,0
2020-10-09,5181.63,465.03833333333336,69.75575,23.25191666666667,34.4125,Aswan,0.0,2.2543328,236.729,19.507095,35.219635,7.037506,-1.7430725,-0.65462494,0.11761376,11.328152,38.852154,10,3,0,1.9696560999999997,2.941240371428571,3.1389513357142858,2.267273,21.70026771428572,0,0.0,648,1.1858767635382519,0,0
2020-10-10,5306.83,459.195,68.87925,22.95975,34.16916666666667,Aswan,0.0,2.670379,236.96298,19.383999,35.18106,7.3262024,-1.7841034,-1.3700256,0.08683798,11.699035,31.33044,10,3,0,2.1040247666666665,2.6960125999999995,2.955647457142857,2.670379,20.75497785714286,0,0.0,649,1.2439826580277058,0,0
2020-10-11,4777.63,451.9845454545455,67.79768181818183,22.599227272727276,33.25454545454546,Aswan,0.0,3.6161847,198.32501,21.00716,34.47415,8.341095,-1.0707779,-3.385376,0.09212953,17.591505,52.235992,10,3,0,2.8469654999999996,2.5985570285714283,2.9651321499999996,3.6161847,21.143358142857146,0,0.0,650,1.258374051210288,0,0
2020-10-12,5306.69,455.6266666666667,68.34400000000001,22.781333333333336,33.67583333333334,Aswan,0.0,3.727511,188.82779,23.754124,34.036285,9.693268,-0.38942719,-3.6808014,0.099574,17.810097,52.45954,10,3,0,3.3380248999999993,2.595986742857143,2.956526028571428,3.727511,21.73201614285714,0,0.0,651,0.9052542807679439,0,0
2020-10-13,4996.4800000000005,404.0058333333334,60.600875,20.200291666666672,33.42916666666667,Aswan,0.0,3.9785306,183.18669,25.832024,33.862213,11.0159,-0.26352692,-3.9589996,0.0875492,15.737295,37.787785,10,3,0,3.774075433333333,2.8430819428571428,3.0366331714285715,3.9785306,22.380191571428572,0,0.0,652,0.5262606143639231,0,0
2020-10-14,5309.5,465.4266666666667,69.814,23.271333333333335,33.18416666666666,Aswan,0.0,2.8978655,184.30762,21.58807,34.166412,8.636261,-0.12285614,-2.89283,0.08256605,15.277793,44.14086,10,3,0,3.5346356999999995,2.9331665857142855,3.081682421428571,3.9785306,21.680824,0,0.0,653,0.5349369009154062,0,0
2020-10-15,5304.4400000000005,457.895,68.68424999999999,22.894750000000002,32.939166666666665,Aswan,0.0,2.4827428,191.57562,24.289448,33.592438,8.655792,-0.49188232,-2.4332733,0.0724808,11.608393,27.536566,10,3,0,3.1197129666666665,3.0896494857142853,3.060589107142857,3.9785306,22.19456,0,0.0,654,0.6331576787616807,0,0
2020-10-16,5374.54,455.44,68.316,22.772000000000002,32.69583333333333,Aswan,0.0,3.1506228,221.47939,27.761816,32.697906,10.497467,-1.5118866,-1.9970016,0.0636389,11.414101,28.616497,10,3,0,2.8437436999999997,3.2176909142857144,3.079465642857143,3.1506228,23.37380585714286,0,0.0,655,0.766948030066709,0,0
2020-10-17,5405.0,462.9358333333333,69.44037499999999,23.146791666666665,32.4525,Aswan,0.0,3.1762667,185.25092,22.655731,33.078033,8.653351,-0.25177765,-3.1643753,0.06794818,13.651748,32.875282,10,3,0,2.9365440999999994,3.2899605857142857,2.992986592857143,3.1762667,23.84119614285714,0,0.0,656,0.6270095761273067,0,0
2020-10-18,5336.19,453.6933333333333,68.054,22.68466666666667,32.21083333333333,Aswan,0.0,2.8130617,245.22559,24.872643,32.68875,9.048981,-1.5417938,-1.5279465,0.054856278,12.20565,26.233013,10,3,0,3.0466503999999994,3.1752287285714287,2.886892878571429,3.1762667,24.393408,0,0.0,657,0.6232414043287139,0,0
2020-10-19,5330.28,489.85,73.4775,24.492500000000003,34.74727272727273,Aswan,0.0,3.0592868,262.95624,22.59119,32.69754,7.209259,-2.7901917,-0.3767166,0.08621088,10.298594,29.90452,10,3,0,3.0162050666666667,3.0797681285714282,2.837877435714286,3.1762667,24.227274571428573,0,0.0,658,0.6172945280599209,0,0
2020-10-20,5397.82,498.4890909090909,74.77336363636364,24.924454545454548,34.50363636363637,Aswan,0.0,2.5386097,231.36911,26.855625,32.05435,8.281158,-1.9307404,-1.5351486,0.07380207,5.210986,17.87445,10,3,0,2.803652733333333,2.8740651428571433,2.858573542857143,3.0592868,24.37350328571429,0,0.0,659,0.6941872898576139,0,0
2020-10-21,5423.6,494.5618181818182,74.18427272727273,24.72809090909091,34.25818181818182,Aswan,0.0,3.0395308,228.76569,27.805136,31.343903,7.623932,-2.0538712,-2.0970306,0.05994284,13.67859,33.004616,10,3,0,2.879142433333333,2.8943030428571426,2.9137348142857142,3.0592868,25.26165557142857,0,0.0,660,0.7206041309387184,0,0
2020-10-22,5493.18,498.2209090909091,74.73313636363636,24.91104545454546,34.015454545454546,Aswan,0.0,2.9809318,200.89307,31.105179,31.021637,8.938141,-1.0835114,-2.7679214,0.06740451,9.445983,32.694977,10,3,0,2.8530240999999994,2.9654729000000004,3.0275611928571426,3.0395308,26.23533142857143,0,0.0,661,0.7792295461636246,0,0
2020-10-23,5495.23,496.1118181818181,74.41677272727271,24.805590909090906,33.775454545454544,Aswan,0.0,3.9083495,191.1242,21.337881,31.605011,5.702179,-0.74399567,-3.8003235,0.086750105,10.5450115,35.43999,10,3,0,3.3096040333333328,3.0737195714285717,3.145705242857143,3.9083495,25.31762642857143,0,0.0,662,0.7784097017818923,0,0
2020-10-24,5544.66,491.5154545454545,73.72731818181816,24.575772727272724,33.53363636363636,Aswan,0.0,5.660846,177.45218,24.510357,29.944855,7.334381,0.27117157,-5.6489563,0.12243329,20.956627,71.87385,10,3,0,4.183375766666667,3.4286594714285714,3.3593100285714286,5.660846,25.582573,0,0.0,663,0.9774580493055771,0,0
2020-10-25,5597.74,493.5427272727273,74.0314090909091,24.677136363636365,33.29181818181818,Aswan,0.0,5.660861,165.23871,26.405678,27.758698,6.1338196,1.4424515,-5.4698563,0.11641042,14.633239,64.914505,10,3,0,5.0766855,3.8354879428571427,3.5053583357142863,5.660861,25.801578,0,0.0,664,1.6355616955462615,0,0
2020-10-26,5469.67,492.3745454545455,73.85618181818182,24.618727272727277,33.054545454545455,Aswan,0.0,3.7955909,175.25366,33.275623,27.485992,9.646027,0.36003113,-3.7729797,0.09443798,20.37893,60.229923,10,3,0,5.039099299999999,3.940674242857143,3.5102211857142858,5.660861,27.327925571428572,0,0.0,665,1.861103906452722,0,0
2020-10-27,5217.9,485.5554545454545,72.83331818181817,24.277772727272726,32.81818181818182,Aswan,0.0,2.4171913,236.0817,29.546047,30.539215,10.773224,-0.114860535,-2.1110153,0.07015736,18.857372,40.187035,10,3,0,3.957881066666666,3.923328757142857,3.39869695,5.660861,27.712271571428573,0,0.0,666,1.6857454405497565,0,0
2020-10-28,5316.92,489.2172727272728,73.38259090909092,24.46086363636364,32.58363636363636,Aswan,0.0,3.6529584,248.35912,24.77057,32.14969,8.097076,-1.3016281,-0.7304001,0.07296431,14.470158,38.113716,10,3,0,3.2885801999999997,4.010961271428571,3.4526321571428573,3.7955909,27.278762142857147,0,0.0,667,1.8185153261330564,0,0
2020-10-29,5280.92,475.6527272727273,71.3479090909091,23.782636363636367,32.35090909090909,Aswan,0.0,3.0024939,225.33008,16.976553,31.207672,2.8141174,-2.2198029,-1.7912369,0.10534029,9.353159,34.755222,10,3,0,3.0242145333333332,4.014041571428572,3.489757235714286,3.6529584,25.260387,0,0.0,668,1.8359795705278366,0,0
2020-10-30,5273.75,489.02,73.353,24.451,32.11727272727273,Aswan,0.0,1.9147643,238.41113,29.572624,28.854523,7.490753,-1.6398392,-0.9855881,0.08804825,16.01381,45.818085,10,3,0,2.856738866666667,3.729243685714286,3.401481628571428,3.6529584,26.43677885714286,0,0.0,669,1.752301913552938,0,0
2020-10-31,5248.17,490.2972727272727,73.5445909090909,24.514863636363636,31.88909090909091,Aswan,0.0,1.7094777,132.86656,24.366932,29.413239,6.9426575,0.9579773,-0.68276215,0.093516745,21.0066,54.03985,10,3,0,2.2089119666666663,3.1647624999999997,3.2967109857142853,3.0024939,26.41628957142857,0,0.0,670,1.751734845096019,0,0
2020-11-01,5606.7,532.0981818181818,79.81472727272727,26.604909090909093,31.663636363636364,Aswan,0.0,4.048459,118.665634,38.003784,28.35733,11.304352,3.5208359,-1.8269348,0.136803,19.584723,87.34289,11,3,0,2.557567,2.934419357142857,3.38495365,4.048459,28.073161857142857,0,0.0,671,1.6572235471800854,0,0
2020-11-02,5628.5,532.1354545454545,79.82031818181818,26.606772727272727,31.434545454545454,Aswan,0.0,3.668508,139.04016,40.849365,27.040192,11.723907,2.2491913,-2.7476425,0.11777458,17.900402,66.72066,11,3,0,3.1421482333333333,2.916264657142857,3.42846945,4.048459,29.155124999999998,0,0.0,672,1.7624040554836697,0,0
2020-11-03,5750.1,539.78,80.967,26.989,31.21454545454545,Aswan,0.0,4.20465,163.49426,38.77243,26.333893,10.4079895,1.1817245,-4.0285797,0.06404501,15.932709,54.87539,11,3,0,3.9738723333333326,3.1716159,3.547472328571429,4.20465,30.473179714285717,0,0.0,673,2.0948401465343705,0,0
2020-11-04,5849.16,546.2145454545454,81.9321818181818,27.31072727272727,30.99272727272728,Aswan,0.0,4.753308,165.5578,34.21182,25.383087,7.939728,1.1571579,-4.573715,0.059012312,20.281624,63.11561,11,3,0,4.208822,3.3288087,3.669884985714286,4.753308,31.821929714285716,0,0.0,674,1.984941569903242,0,0
2020-11-05,5793.88,532.8163636363636,79.92245454545453,26.64081818181818,30.773636363636363,Aswan,0.0,4.5727634,161.72998,38.47878,23.617462,7.868927,1.4181519,-4.338806,0.05443006,15.979162,52.496674,11,3,0,4.510240466666666,3.5531329142857144,3.7835872428571427,4.753308,34.893676428571425,0,0.0,675,2.065857677017658,0,0
2020-11-06,5746.74,526.679090909091,79.00186363636364,26.33395454545455,30.55909090909091,Aswan,0.0,4.3256817,154.22168,40.632504,23.523102,8.700592,1.8839722,-3.893692,0.07378441,12.899252,53.780994,11,3,0,4.5505843666666665,3.8975496857142855,3.813396685714286,4.753308,36.473659285714284,0,0.0,676,2.243329960377105,0,0
2020-11-07,5524.04,566.6859999999999,85.00289999999998,28.3343,33.235,Aswan,0.0,3.9894905,153.84103,40.189445,23.295929,8.609161,1.7422104,-3.5648346,0.05563753,12.746908,44.89133,11,3,0,4.295978533333334,4.223265799999999,3.69401415,4.5727634,38.734018285714285,0,0.0,677,1.975977296860324,0,0
2020-11-08,5550.3,569.665,85.44975,28.483249999999998,33.018,Aswan,0.0,3.8468966,139.99251,34.74673,24.44571,7.566437,2.07621,-2.87043,0.073289424,9.368355,38.351025,11,3,0,4.054022933333333,4.194471171428572,3.5644452642857147,4.3256817,38.26872485714286,0,0.0,678,1.4791705163425029,0,0
2020-11-09,5665.56,583.0550000000001,87.45825,29.152750000000005,32.805,Aswan,0.0,3.3082013,141.92276,36.01456,22.902618,6.462555,2.0223007,-2.5688019,0.040341087,10.939932,29.392159,11,3,0,3.7148628,4.142998785714285,3.5296317214285717,3.9894905,37.578038428571425,0,0.0,679,1.2456706993954174,0,0
2020-11-10,5707.39,576.504,86.4756,28.825200000000002,32.595,Aswan,0.0,4.0498743,159.77515,37.106888,23.382355,7.2416077,1.386734,-3.7889404,0.062428117,10.505749,33.54396,11,3,0,3.734990733333333,4.120887971428571,3.6462519357142855,4.0498743,37.34010385714286,0,0.0,680,0.8432629537414956,0,0
2020-11-11,5739.96,573.533,86.02995,28.676650000000002,32.387,Aswan,0.0,4.529768,153.25978,37.769314,22.521881,6.450348,1.8217545,-3.943306,0.060828865,11.646993,43.2632,11,3,0,3.9626145333333334,4.088953685714285,3.7088811928571426,4.529768,37.84831728571429,0,0.0,681,0.6032991026427815,0,0
2020-11-12,5806.12,585.404,87.8106,29.270200000000003,32.184,Aswan,0.0,4.0591307,164.8819,32.122276,21.951447,3.8423157,1.0589142,-3.9148712,0.04598281,10.248093,31.346111,11,3,0,4.212924333333333,4.0155775857142855,3.78435525,4.529768,36.94024528571429,0,0.0,682,0.7943037236431607,0,0
2020-11-13,5803.77,591.832,88.7748,29.5916,31.985000000000003,Aswan,0.0,4.3042474,169.59283,32.353313,22.914948,4.920929,0.7755203,-4.2332993,0.03092197,17.811522,43.762207,11,3,0,4.297715366666666,4.012515542857143,3.9550326142857144,4.529768,35.75750371428571,0,0.0,683,0.7793196497104495,0,0
2020-11-14,5759.06,592.321,88.84815,29.61605,31.789,Aswan,0.0,3.9671173,158.83926,34.1518,23.999786,6.9632874,1.4475632,-3.6858902,0.026200283,22.727947,46.66508,11,3,0,4.110165133333333,4.009319371428572,4.116292585714286,4.3042474,34.894983,0,0.0,684,0.8565263607074911,0,0
2020-11-15,5758.52,580.845,87.12675,29.042250000000003,31.596,Aswan,0.0,5.021591,160.67029,43.21639,23.776886,9.774811,1.6294861,-4.7376175,0.08806436,25.753246,84.29321,11,3,0,4.430985233333333,4.177132857142857,4.185802014285715,5.021591,36.10493442857143,0,0.0,685,0.7147469368295324,0,0
2020-11-16,5787.6,585.5840000000001,87.83760000000001,29.279200000000003,31.408,Aswan,0.0,4.715488,165.54172,40.566055,22.658966,8.050446,1.1453552,-4.5687485,0.049969185,17.314194,58.3104,11,3,0,4.5680654333333335,4.378173814285715,4.2605863,5.021591,36.755148000000005,0,0.0,686,0.7297077410431156,0,0
2020-11-17,5754.97,586.946,88.0419,29.347300000000004,31.223000000000003,Aswan,0.0,3.6059957,172.439,36.324158,21.894562,5.315338,0.4632187,-3.575531,0.03130386,18.140333,45.468094,11,3,0,4.447691566666666,4.314762585714286,4.2178252785714285,5.021591,36.64332942857142,0,0.0,687,0.8207822950541674,0,0
2020-11-18,5634.04,586.7520000000001,88.01280000000001,29.337600000000005,31.041000000000004,Aswan,0.0,3.0034165,167.81332,34.673737,22.700714,5.9847717,0.23647308,-2.622261,0.014489747,23.628347,40.6882,11,3,0,3.7749667333333328,4.096712371428572,4.0928330285714285,4.715488,36.20110414285715,0,0.0,688,0.8128126772607667,0,0
2020-11-19,5648.24,591.517,88.72755000000001,29.575850000000003,30.863,Aswan,0.0,3.0412343,148.10791,36.981964,22.344635,6.463043,1.2088013,-2.263649,0.023435498,25.001917,48.227512,11,3,0,3.2168821666666663,3.9512986,3.983438092857143,3.6059957,36.89534528571429,0,0.0,689,0.7523094441475069,0,0
2020-11-20,5607.37,551.603,82.74045,27.58015,30.693,Aswan,0.0,4.4387727,143.21953,40.77061,21.671906,7.2779846,2.7284622,-3.0237503,0.05736544,17.240011,55.43754,11,3,0,3.4944745000000004,3.9705165,3.991516021428571,4.4387727,38.09781628571428,0,0.0,690,0.8831475141107006,0,0
2020-11-21,5766.65,571.118,85.66770000000001,28.555900000000005,30.524,Aswan,0.0,4.102788,150.49199,41.673206,19.746857,5.736969,1.972435,-3.5924988,0.0500201,10.785499,37.12468,11,3,0,3.860931666666667,3.9898980285714285,3.9996087,4.4387727,39.17230285714286,0,0.0,691,1.2454295116017113,0,0
2020-11-22,5766.43,568.545,85.28174999999999,28.42725,30.360000000000003,Aswan,0.0,4.426401,183.48828,38.925014,20.476715,5.469635,-0.2883072,-4.3877563,0.041629653,10.642291,31.683472,11,3,0,4.3226539,3.9048708857142853,4.041001871428572,4.4387727,38.55924914285714,0,0.0,692,1.1301127641768638,0,0
2020-11-23,5724.65,572.663,85.89945,28.63315,30.199,Aswan,0.0,3.4631114,191.78339,36.144634,21.61502,5.7759094,-0.70420074,-3.3739166,0.014801373,11.065229,21.037016,11,3,0,3.997433466666667,3.7259599428571426,4.052066878571429,4.426401,37.92761757142857,0,0.0,693,1.038737541753057,0,0
2020-11-24,5668.53,570.743,85.61145,28.537150000000004,30.046000000000003,Aswan,0.0,3.2218704,184.10617,30.368929,22.38028,3.4409485,-0.21832275,-3.1306229,0.016602946,18.206274,32.42298,11,3,0,3.7037942666666663,3.6710849000000003,3.992923742857143,4.426401,37.07687057142857,0,0.0,694,1.0852224595317046,0,0
2020-11-25,5685.28,568.662,85.2993,28.433100000000003,29.895,Aswan,0.0,3.4789114,136.83517,33.72774,20.717194,3.360382,2.4811325,-2.2226639,0.031553004,19.098381,43.51051,11,3,0,3.3879644,3.7390127428571427,3.917862557142857,3.4789114,36.94172814285714,0,0.0,695,0.993514763362228,0,0
2020-11-26,5734.02,564.095,84.61425,28.204750000000004,29.75,Aswan,0.0,4.3205953,167.76575,42.07795,20.934357,6.5086975,0.9346237,-4.215561,0.080508575,17.784113,61.000652,11,3,0,3.673792366666666,3.9217786,3.9365385999999996,4.3205953,37.669726142857144,0,0.0,696,0.8776242276000072,0,0
2020-11-27,5729.49,574.202,86.13029999999999,28.7101,29.610000000000003,Aswan,0.0,3.732955,159.28308,39.40792,19.751251,4.9859924,1.1554108,-3.4162445,0.06290893,13.1213,42.784824,11,3,0,3.8441539,3.8209475,3.8957319999999998,4.3205953,37.47505614285715,0,0.0,697,0.9574168233384324,0,0
2020-11-28,5781.62,571.768,85.76520000000001,28.588400000000004,29.472,Aswan,0.0,4.162839,162.7218,37.451046,19.383942,3.7052307,1.2317762,-3.9758224,0.033843398,11.754383,33.163155,11,3,0,4.0721297666666665,3.829526214285714,3.9097121214285715,4.3205953,36.871890428571426,0,0.0,698,1.0311340012714736,0,0
2020-11-29,5750.96,573.161,85.97415,28.65805,29.343,Aswan,0.0,3.6490746,181.77097,37.618507,19.832062,4.2117004,-0.0622406,-3.6345596,0.030184448,18.106728,40.819016,11,3,0,3.848289533333333,3.718479585714286,3.8116752357142856,4.162839,36.68524657142857,0,0.0,699,1.0870138399418898,0,0
2020-11-30,5667.9800000000005,569.394,85.4091,28.469700000000003,29.218,Aswan,0.0,2.653844,153.24448,32.388462,19.214752,1.3821106,0.5358963,-1.9745407,0.009016639,20.075432,33.56663,11,3,0,3.4885858666666665,3.602869957142857,3.6644149500000003,4.162839,36.14865057142857,0,0.0,700,1.113492264199812,0,0
2020-12-01,5574.78,573.617,86.04254999999999,28.68085,29.096,Aswan,0.0,2.4252687,110.87767,33.204647,18.65335,1.2026672,2.2596283,-0.87425995,0.02109799,7.9277554,14.849356,12,0,0,2.909395766666666,3.4890697142857143,3.580077307142857,3.6490746,36.55375314285714,0,0.0,701,0.8124052419565808,0,0
2020-12-02,5746.49,579.277,86.89155000000001,28.963850000000004,28.981,Aswan,0.0,2.7308297,158.83388,28.959988,18.266144,-0.41329956,0.9377594,-2.522606,0.06691781,11.143925,41.64867,12,0,0,2.603314133333333,3.3822009000000004,3.5606068214285713,2.7308297,35.87264571428571,0,0.0,702,0.8692956509871616,0,0
2020-12-03,5719.01,577.125,86.56875,28.856250000000003,28.87,Aswan,0.0,2.4289916,182.32742,44.36613,18.651031,5.342926,-0.10659027,-2.336029,0.044740953,14.159309,39.075775,12,0,0,2.528363333333333,3.1119718,3.5168752,2.7308297,36.19952857142857,0,0.0,703,0.5985850958397444,0,0
2020-12-04,5682.29,571.385,85.70774999999999,28.56925,28.763,Aswan,0.0,2.5612524,163.79185,42.787495,18.59195,4.627838,0.7349014,-2.3642044,0.048852004,21.586704,52.05481,12,0,0,2.573691233333333,2.944585714285714,3.3827666071428575,2.7308297,36.682325,0,0.0,704,0.5491227520530643,0,0
2020-12-05,5545.6,567.858,85.17869999999999,28.392899999999997,28.664,Aswan,0.0,2.069556,214.28137,34.764774,20.680573,3.7257385,1.551094,0.5103226,0.04088939,13.656524,33.37153,12,0,0,2.3532666666666664,2.645545285714286,3.2375357499999997,2.5612524,36.29857185714285,0,0.0,705,0.8560222119616209,0,0
2020-12-06,5662.71,580.613,87.09195000000001,29.030650000000005,28.569,Aswan,0.0,3.0130825,166.24213,29.880892,18.758453,-0.13095093,0.73430634,-2.9185486,0.08206611,18.20046,42.59602,12,0,0,2.547963633333333,2.5546892714285714,3.1365844285714286,3.0130825,35.19319828571428,0,0.0,706,0.803218600355557,0,0
2020-12-07,5343.96,565.533,84.82995,28.276650000000004,28.479000000000003,Aswan,0.0,2.1235442,293.21152,30.673683,21.587189,2.379425,-1.3050003,0.2555542,0.0987232,16.415384,32.37937,12,0,0,2.4020609,2.4789321571428573,3.040901057142857,3.0130825,34.94822985714286,0,0.0,707,1.2805516257757281,0,0
2020-12-08,5254.62,560.514,84.0771,28.0257,28.396000000000004,Aswan,0.0,2.1336014,216.94574,32.79071,23.733185,4.8677063,-0.2183075,-0.25077057,0.10611096,13.884485,41.09419,12,0,0,2.4234093666666663,2.4372654000000002,2.963167557142857,3.0130825,34.889096,0,0.0,708,2.0517771041580306,0,0
2020-12-09,5451.3,562.0229999999999,84.30344999999998,28.101149999999997,28.319,Aswan,0.0,3.8269928,200.98106,29.070385,24.20401,4.894806,-1.3558884,-3.4831543,0.09383742,13.826126,34.05009,12,0,0,2.6947127999999996,2.5938601285714284,2.988030514285714,3.8269928,34.904867,0,0.0,709,2.395611416967799,0,0
2020-12-10,5498.53,568.37,85.2555,28.4185,28.244,Aswan,0.0,3.3954124,206.36145,38.482254,23.607208,7.3694153,-1.5082779,-3.0294342,0.06346345,21.244364,49.462875,12,0,0,3.118668866666667,2.731920242857143,2.9219460214285715,3.8269928,34.064313285714285,0,0.0,710,2.3568444440397838,0,0
2020-12-11,5395.2300000000005,568.062,85.2093,28.403100000000002,28.178,Aswan,0.0,2.0011547,214.64307,29.93935,23.27005,4.191635,-1.3364944,-1.3140411,0.04486388,18.72302,37.741283,12,0,0,3.0745199666666667,2.6519062857142854,2.798246,3.8269928,32.228864,0,0.0,711,1.9996938924748493,0,0
2020-12-12,5364.76,569.778,85.4667,28.4889,28.114,Aswan,0.0,2.5484877,150.5087,29.738869,23.981476,4.2151184,-1.1864777,1.4256973,0.04134968,13.938475,28.721466,12,0,0,2.6483515999999994,2.7203250999999997,2.682935192857143,3.3954124,31.510877571428573,0,0.0,712,1.953009892698981,0,0
2020-12-13,5368.61,566.347,84.95205,28.31735,28.06,Aswan,0.0,2.6376157,320.32874,26.572062,25.735626,3.184845,-1.7611542,1.8897705,0.04182276,11.776565,26.810417,12,0,0,2.3957526999999996,2.6666869857142856,2.6106881285714287,2.6376157,31.038187571428573,0,0.0,713,1.2334728338964143,0,0
2020-12-14,5521.21,566.924,85.03859999999999,28.3462,28.009000000000004,Aswan,0.0,4.2007766,188.59366,36.236206,24.27884,7.34964,0.90393066,2.3187714,0.037190713,11.900045,28.918903,12,0,0,3.1289599999999993,2.963434471428571,2.7211833142857142,4.2007766,31.832833714285716,0,0.0,714,0.795465835233602,0,0
2020-12-15,5605.76,543.703,81.55545,27.18515,27.965000000000003,Aswan,0.0,3.8395686,161.48254,32.265923,20.091217,2.4178772,1.17173,-3.6148071,0.101633295,22.00366,80.68074,12,0,0,3.5593202999999995,3.2071440714285715,2.822204735714286,4.2007766,31.75786414285714,0,0.0,715,1.7297595626391504,0,0
2020-12-16,5735.35,563.722,84.55829999999999,28.1861,27.925,Aswan,0.0,4.422126,162.34494,39.544807,18.052032,3.4289856,1.3367233,-4.214752,0.07454216,11.787937,41.407623,12,0,0,4.1541570666666665,3.2921631000000002,2.9430116142857146,4.422126,33.25421014285714,0,0.0,716,2.6741149042962884,0,0
2020-12-17,5668.16,554.72,83.208,27.736000000000004,27.891,Aswan,0.0,3.898906,178.41383,45.77906,18.593414,6.0954895,0.083099365,-3.8568802,0.057284884,12.708378,44.442684,12,0,0,4.053533533333333,3.3640907571428573,3.0480055,4.422126,34.296611,0,0.0,717,3.0419845095228775,0,0
2020-12-18,5416.2300000000005,514.625,77.19375,25.731250000000003,27.863,Aswan,0.0,3.7604475,180.79088,45.146873,19.18399,6.563385,-0.076675415,-3.754982,0.032184713,17.329815,37.397675,12,0,0,4.027159833333333,3.6154183000000004,3.133662292857143,4.422126,36.46911428571429,0,0.0,718,3.1479325703646874,0,0
2020-12-19,5568.59,557.11,83.5665,27.855500000000003,27.843,Aswan,0.0,3.6057777,202.24069,42.26865,20.495636,6.9706116,-1.356575,-3.3345642,0.018244686,17.00189,30.821995,12,0,0,3.755043733333333,3.766459728571429,3.2433924142857147,3.898906,38.259083,0,0.0,719,2.943665157519974,0,0
2020-12-20,5606.18,561.582,84.23729999999999,28.0791,27.826,Aswan,0.0,3.003682,192.46082,52.242794,20.175568,8.707428,-0.68087006,-2.9069061,0.030764304,17.244556,34.10621,12,0,0,3.4566357333333326,3.8187549142857145,3.24272095,3.7604475,41.926330428571426,0,0.0,720,2.038132535076264,0,0
2020-12-21,5525.76,565.764,84.8646,28.288200000000003,27.817,Aswan,0.0,3.226916,194.33084,36.286125,21.12967,5.572052,-0.8322983,-3.1104126,0.027825262,16.230946,32.715214,12,0,0,3.2787918999999994,3.6796319714285715,3.3215332214285715,3.6057777,41.93346171428572,0,0.0,721,1.0998678457379731,0,0
2020-12-22,5365.43,520.76,78.11399999999999,26.038,27.812,Aswan,0.0,3.6186118,190.6336,39.75065,21.506012,7.1319885,-0.7062683,-3.4898224,0.035091214,19.42278,43.804047,12,0,0,3.283069933333332,3.6480667142857146,3.4276053928571426,3.6186118,43.00270842857143,0,0.0,722,1.3008381036958838,0,0
2020-12-23,5260.85,508.345,76.25175,25.417250000000003,27.814,Aswan,0.0,3.8296607,185.90659,34.68542,20.40274,3.6754456,-0.42247772,-3.7685547,0.020435713,23.310963,39.855904,12,0,0,3.558396166666666,3.5634288142857145,3.4277959571428576,3.8296607,42.308510285714284,0,0.0,723,1.0256191294130432,0,0
2020-12-24,4885.27,429.2190000000001,64.38285000000002,21.460950000000008,27.825,Aswan,0.0,5.099739,191.8341,39.374832,20.3544,5.129181,-1.0821457,-4.977417,0.030586135,19.859344,53.94758,12,0,0,4.1826704999999995,3.7349763857142855,3.549533571428572,5.099739,41.39362057142857,0,0.0,724,0.7379351778027231,0,0
2020-12-25,5720.35,566.5930000000001,84.98895,28.329650000000004,27.836,Aswan,0.0,5.046629,186.52954,31.533329,20.284454,2.5779114,-0.58003235,-5.005699,0.016396066,9.321735,23.836926,12,0,0,4.658676233333332,3.9187166,3.76706745,5.099739,39.44882857142857,0,0.0,725,0.49801156160788246,0,0
2020-12-26,5617.97,568.061,85.20915000000001,28.403050000000004,27.856,Aswan,0.0,4.2085776,177.85492,35.762985,20.685333,4.9111633,0.13334656,-4.178131,0.035031322,16.051956,42.004463,12,0,0,4.784981866666666,4.004830871428571,3.8856453,5.099739,38.51944785714285,0,0.0,726,0.4951926852635278,0,0
2020-12-27,5545.54,560.803,84.12044999999999,28.04015,27.881,Aswan,0.0,4.0534506,186.83168,59.458725,20.594025,11.597809,-0.48408508,-4.0235443,0.057371564,13.490492,32.452374,12,0,0,4.436219066666666,4.154797814285714,3.9867763642857144,5.046629,39.55029514285714,0,0.0,727,0.4519846271089209,0,0
2020-12-28,5540.81,558.188,83.7282,27.9094,27.911,Aswan,0.0,3.5390751,205.08725,49.134747,21.094147,9.305817,-1.3533096,-3.178238,0.025964284,9.566229,20.46011,12,0,0,3.933701099999999,4.199391971428571,3.9395119714285713,4.2085776,41.38581257142857,0,0.0,728,0.446630104454063,0,0
2020-12-29,5617.41,570.6139999999999,85.59209999999999,28.530699999999996,27.948,Aswan,0.0,3.208847,214.33243,58.68261,21.614655,11.824371,-1.7775803,-2.595581,0.047750093,22.04554,42.37419,12,0,0,3.600457566666666,4.140854142857142,3.894460428571428,4.0534506,44.09037828571428,0,0.0,729,0.47983810406088334,0,0
2020-12-30,5643.34,573.629,86.04435,28.68145,27.99,Aswan,0.0,3.5298634,184.1885,39.48406,21.242096,6.0296936,-0.17810059,-3.3246765,0.023122719,13.470582,23.051386,12,0,0,3.4259284999999995,4.098025957142857,3.830727385714286,3.5390751,44.775898285714284,0,0.0,730,0.492478361243158,0,0
2020-12-31,5761.24,592.6899999999999,88.9035,29.6345,28.038,Aswan,0.0,3.1710954,177.03429,28.014866,19.493439,0.22317505,0.02733612,-3.123642,0.02802779,19.57768,45.381966,12,0,0,3.303268599999999,3.822505442857143,3.7787409142857142,3.5298634,43.153046,0,0.0,731,0.6980993911573868,0,0
2021-01-01,5733.61,580.751,87.11264999999999,29.03755,28.108,Aswan,0.0,3.2602227,186.47961,41.24284,18.471506,4.671621,-0.37358093,-3.237203,0.019805567,21.276379,42.206898,1,0,0,3.3203938333333327,3.5673045428571433,3.743010571428571,3.5298634,44.540119000000004,0,0.0,732,1.1033315533989467,0,0
2021-01-02,5560.75,570.559,85.58385,28.52795,28.168,Aswan,0.0,2.7644594,199.44695,43.75767,18.011871,5.3387756,-0.89772034,-2.607605,0.014440512,25.516102,42.489002,1,0,0,3.065259166666666,3.361001942857143,3.6829164071428573,3.2602227,45.682216857142855,0,0.0,733,1.4263358713102228,0,0
2021-01-03,5564.03,568.53,85.2795,28.4265,28.235000000000003,Aswan,0.0,2.77633,194.43048,41.190815,18.749338,4.8155007,-0.7278798,-2.5466053,0.01495963,33.286434,52.99775,1,0,0,2.933670699999999,3.1785561428571425,3.6666769785714286,3.2602227,43.07251542857143,0,0.0,734,1.4836191036960127,0,0
2021-01-04,5555.94,565.069,84.76034999999999,28.25345,28.307,Aswan,0.0,2.6582344,182.02332,35.05328,18.067291,1.7453512,-0.25472006,-2.4987843,0.020922195,40.082733,61.884396,1,0,0,2.733007933333333,3.0527217571428573,3.6260568642857143,2.77633,41.06087728571429,0,0.0,735,1.4884005365585384,0,0
2021-01-05,5636.610000000001,575.754,86.3631,28.7877,28.386000000000003,Aswan,0.0,3.2856781,186.4665,38.364246,18.147858,2.9733784,-0.33242798,-3.1428578,0.022283774,45.380848,69.82175,1,0,0,2.9067474999999994,3.0636976285714286,3.6022758857142856,3.2856781,38.15825385714286,0,0.0,736,1.161166252633968,0,0
2021-01-06,5581.389999999999,571.521,85.72814999999999,28.57605,28.467,Aswan,0.0,3.6418915,199.33174,31.823908,19.70816,1.9749247,-1.1137797,-3.4297283,0.014572468,23.312626,36.040657,1,0,0,3.195268,3.079701642857143,3.5888637999999995,3.6418915,37.063946428571434,0,0.0,737,0.6916540315702868,0,0
2021-01-07,5629.92,578.575,86.78625000000001,28.928750000000004,28.558,Aswan,0.0,4.104076,196.67363,28.196966,21.283194,1.5838928,-0.97972614,-3.9206848,0.03428211,22.993929,41.18469,1,0,0,3.677215199999999,3.2129845857142856,3.517745014285714,4.104076,37.089960714285716,0,0.0,738,1.1961165323416507,0,0
2021-01-08,5617.52,569.828,85.4742,28.4914,28.653,Aswan,0.0,3.4472325,196.5221,31.633623,20.542145,2.5222065,-0.70451355,-3.2166748,0.025165856,20.985958,39.48173,1,0,0,3.7310666666666656,3.239700271428571,3.4035024071428572,4.104076,35.71721542857143,0,0.0,739,1.316708786705929,0,0
2021-01-09,5688.88,582.5310000000001,87.37965000000001,29.126550000000005,28.751,Aswan,0.0,3.4278562,192.6004,32.40756,19.440256,2.007558,-0.582784,-3.288086,0.021074276,27.969345,48.27557,1,0,0,3.6597215666666663,3.3344712428571426,3.3477365928571428,4.104076,34.09577114285714,0,0.0,740,1.2049966637147207,0,0
2021-01-10,5704.84,578.832,86.8248,28.9416,28.857,Aswan,0.0,4.1657996,189.58588,33.28152,19.440582,2.7032776,-0.70036316,-4.072428,0.04934883,31.43257,67.498634,1,0,0,3.6802960999999996,3.5329669000000004,3.355761521428571,4.1657996,32.96587185714286,0,0.0,741,1.1686762673599862,0,0
2021-01-11,5571.07,564.65,84.69749999999999,28.2325,28.969,Aswan,0.0,4.2605443,215.02852,51.029663,20.559397,8.237538,-2.5915325,-3.051707,0.13431823,20.028116,65.00468,1,0,0,3.9514000333333326,3.761868314285714,3.4072950357142857,4.2605443,35.24821228571428,0,0.0,742,1.023479913912154,0,0
2021-01-12,5630.77,571.627,85.74404999999999,28.58135,29.086,Aswan,0.0,4.4203053,248.46678,53.50285,22.341705,10.919098,-4.0363564,-1.4571737,0.102209106,13.321499,55.235497,1,0,0,4.282216399999999,3.9239579142857144,3.4938277714285713,4.4203053,37.410869999999996,0,0.0,743,1.0706806771239776,0,0
2021-01-13,5541.66,577.608,86.64119999999998,28.880399999999998,29.203000000000003,Aswan,0.0,2.4986765,198.59282,47.823105,19.73762,7.410797,-1.0135244,0.71493024,0.060250014,17.460361,57.03833,1,0,0,3.7265087,3.7606414857142854,3.420171564285714,4.4203053,39.69646957142857,0,0.0,744,1.0672226294443385,0,0
2021-01-14,5781.36,518.1090909090909,77.71636363636364,25.905454545454546,26.822727272727278,Aswan,0.0,4.319555,128.2053,41.5533,18.39916,4.173655,2.2819622,-2.8793437,0.1283389,17.206554,92.503685,1,0,0,3.746178933333333,3.7914242000000002,3.5022043928571427,4.4203053,41.60451728571429,0,0.0,745,1.2461861793683313,0,0
2021-01-15,5807.64,511.90090909090907,76.78513636363635,25.595045454545456,26.956363636363637,Aswan,0.0,3.6046793,176.70897,42.378918,15.409088,1.8224996,0.25725302,-3.5641327,0.116699845,19.596111,79.84804,1,0,0,3.4743035999999994,3.8139165999999998,3.526808435714286,4.319555,43.13955942857143,0,0.0,746,2.121803145640155,0,0
2021-01-16,5681.05,504.3572727272728,75.65359090909092,25.217863636363642,27.09272727272727,Aswan,0.0,2.7120707,173.89372,43.025208,14.359039,1.3023173,0.3877716,-2.6111958,0.0619421,17.10583,59.799232,1,0,0,3.5454349999999994,3.7116615285714287,3.523066385714286,4.319555,44.656366285714284,0,0.0,747,2.8298423534297035,0,0
2021-01-17,5797.27,514.8481818181818,77.22722727272728,25.742409090909092,27.23818181818182,Aswan,0.0,3.4616706,187.71515,41.01538,15.683177,1.537913,-0.24267578,-3.261266,0.0740682,14.355299,40.127537,1,0,0,3.259473533333333,3.6110716714285718,3.5720192857142856,3.6046793,45.761203428571434,0,0.0,748,2.9967335537930784,0,0
2021-01-18,5847.78,505.2981818181818,75.79472727272726,25.26490909090909,27.384545454545457,Aswan,0.0,3.8934443,181.7394,38.925274,15.543121,0.8961487,-0.061787922,-3.8518016,0.082826376,14.957132,57.75564,1,0,0,3.3557285333333327,3.5586288142857145,3.660248564285714,3.8934443,44.03200499999999,0,0.0,749,2.9004197260944533,0,0
2021-01-19,5955.32,511.7,76.755,25.585,27.53727272727273,Aswan,0.0,4.88182,175.83733,39.9729,14.4027405,0.009511312,0.4063975,-4.8488617,0.04639653,16.73238,45.29177,1,0,0,4.078978299999999,3.6245594857142858,3.7742587000000003,4.88182,42.099154999999996,0,0.0,750,2.053124198746425,0,0
2021-01-20,6135.06,542.6036363636364,81.39054545454546,27.13018181818182,27.69454545454545,Aswan,0.0,5.627814,174.76831,43.80804,14.493154,1.8430887,0.40219116,-5.580546,0.054773375,18.180717,59.50562,1,0,0,4.8010261,4.071579128571429,3.9161103071428576,5.627814,41.525574285714285,0,0.0,751,1.411971726829293,0,0
2021-01-21,5994.93,520.2127272727273,78.0319090909091,26.010636363636365,27.85272727272727,Aswan,0.0,6.5426726,196.27527,42.46306,14.919342,2.0526428,-1.8772787,-6.2319336,0.04984472,16.312517,61.033485,1,0,0,5.684102199999999,4.389167357142857,4.090295778571429,6.5426726,41.65554000000001,0,0.0,752,0.5707943566233196,0,0
2021-01-22,5814.44,518.4672727272728,77.77009090909091,25.92336363636364,28.01636363636364,Aswan,0.0,4.5513463,199.41548,52.589962,16.86148,5.676748,-1.4933115,-4.2698464,0.077442266,10.686888,41.09635,1,0,0,5.573944299999998,4.5244055,4.16916105,6.5426726,43.114260571428574,0,0.0,753,0.9156261661203663,0,0
2021-01-23,5837.79,526.7363636363636,79.01045454545455,26.336818181818185,28.187272727272727,Aswan,0.0,4.088967,189.3918,58.161137,16.478342,7.2103477,-0.6589305,-3.9946136,0.077102944,17.384016,55.44554,1,0,0,5.060995299999999,4.721104971428572,4.216383250000001,6.5426726,45.27653614285714,0,0.0,754,0.9486010917136225,0,0
2021-01-24,5895.33,539.8090909090909,80.97136363636362,26.990454545454543,28.36,Aswan,0.0,4.2158566,183.11797,31.631622,17.4134,0.1355896,-0.21006267,-4.1705728,0.039190277,23.01079,39.949818,1,0,0,4.285389966666666,4.828845828571429,4.21995875,4.5513463,43.93599928571428,0,0.0,755,1.2012211775679154,0,0
2021-01-25,5925.51,543.4936363636364,81.52404545454546,27.17468181818182,28.536363636363635,Aswan,0.0,3.8542082,180.96501,28.700762,16.818186,-1.7304891,-0.019582113,-3.7128193,0.027258787,20.007523,49.15831,1,0,0,4.0530105999999995,4.823240671428572,4.190934742857142,4.2158566,42.47535471428571,0,0.0,756,1.2631961891652417,0,0
2021-01-26,5973.06,550.1890909090909,82.52836363636362,27.509454545454545,28.71818181818181,Aswan,0.0,3.2835815,200.16289,29.94285,16.219717,-1.9252523,-1.1367594,-3.0625458,0.019846644,27.098251,53.09952,1,0,0,3.7845487666666657,4.594920885714286,4.109740185714286,4.2158566,41.04249042857143,0,0.0,757,1.0737637268204892,0,0
2021-01-27,5777.22,544.3536363636364,81.65304545454545,27.21768181818182,28.901818181818182,Aswan,0.0,2.4741542,176.01575,33.753616,17.144684,-0.15773518,0.30169678,-1.4931437,0.010478343,30.212242,48.650295,1,0,0,3.2039812999999993,4.144398057142857,4.107988592857143,3.8542082,39.60614414285715,0,0.0,758,0.8207025031919001,0,0
2021-01-28,5993.83,549.2654545454545,82.38981818181817,27.463272727272727,29.09181818181818,Aswan,0.0,3.513345,179.45416,27.908728,16.755686,-2.2120056,0.30854797,-3.3504333,0.076349035,24.836784,78.35298,1,0,0,3.090360233333333,3.7116369714285713,4.050402164285715,3.513345,37.52695385714286,0,0.0,759,0.39584028671114757,0,0
2021-01-29,6079.95,542.040909090909,81.30613636363636,27.102045454545454,29.283636363636365,Aswan,0.0,4.3849344,154.70299,42.00862,15.319733,1.8370667,1.9505209,-3.9116108,0.09983074,16.97909,71.45903,1,0,0,3.457477866666666,3.687863842857143,4.106134671428571,4.3849344,36.01533357142857,0,0.0,760,0.6865714516669924,0,0
2021-01-30,6074.6,546.0218181818182,81.90327272727272,27.30109090909091,29.479090909090907,Aswan,0.0,3.861358,187.8048,39.949768,14.680898,0.5206604,-0.46032205,-3.7496083,0.111826375,19.098034,72.50127,1,0,0,3.919879133333333,3.6553482714285717,4.188226621428571,4.3849344,33.41370942857143,0,0.0,761,1.0007566485441144,0,0
2021-01-31,6130.59,561.86,84.279,28.093000000000004,29.678181818181816,Aswan,0.0,3.6481276,198.9574,35.293674,15.63972,-0.5780538,-1.1597544,-3.4478912,0.02418103,19.00322,36.746113,1,0,0,3.9648066666666657,3.574244128571429,4.2015449785714285,4.3849344,33.93685971428572,0,0.0,762,0.9022039908608428,0,0
2021-02-01,5864.08,553.3518181818182,83.00277272727273,27.66759090909091,29.88181818181818,Aswan,0.0,1.9606415,231.23418,41.15437,16.07315,1.6072489,-1.4335378,-1.3245951,0.014045545,21.662487,37.137043,2,0,0,3.156709033333333,3.3037346,4.063487635714286,3.861358,35.715946571428574,0,0.0,763,0.8429737137942569,0,0
2021-02-02,5081.58,481.08090909090913,72.16213636363636,24.05404545454546,30.08818181818182,Aswan,0.0,1.3648658,196.66838,36.75234,18.690012,2.5806377,-0.08277384,-0.034088135,0.012140616,19.36778,32.677452,2,0,0,2.324544966666666,3.0296323571428574,3.812276621428571,3.6481276,36.68873085714286,0,0.0,764,1.3352406214991508,0,0
2021-02-03,5587.57,546.8972727272727,82.03459090909091,27.344863636363637,30.29636363636364,Aswan,0.0,2.396307,206.22746,41.478603,20.25886,5.439524,-0.69152325,-0.7548472,0.0530589,15.690192,28.241323,2,0,0,1.9072714333333327,3.018511328571429,3.5814546928571427,2.396307,37.79230042857143,0,0.0,765,2.003723073698877,0,0
2021-02-04,6073.12,534.4636363636364,80.16954545454546,26.72318181818182,30.50818181818181,Aswan,0.0,5.8407917,128.44164,35.090965,18.654776,2.4480693,4.583542,-3.567454,0.21435192,20.768679,142.5329,2,0,0,3.2006548333333327,3.351003714285714,3.531320342857143,5.8407917,38.818334285714286,0,0.0,766,2.125682928644112,0,0
2021-02-05,5841.69,488.1454545454546,73.22181818181818,24.40727272727273,30.722727272727276,Aswan,0.0,6.079441,135.34758,53.71027,16.885324,7.050771,3.6070251,-4.5141244,0.22863925,24.307032,134.91946,2,0,0,4.772179899999999,3.5930760857142863,3.6404699642857143,6.079441,40.489998571428565,0,0.0,767,1.992025887237538,0,0
2021-02-06,6076.41,550.77,82.6155,27.5385,30.94090909090909,Aswan,0.0,4.4126287,168.33875,45.1394,18.085276,5.3098855,0.89571637,-4.2681785,0.08143422,20.562855,65.469604,2,0,0,5.444287133333333,3.671829042857143,3.663588657142857,6.079441,41.23137457142857,0,0.0,768,1.6391870968628564,0,0
2021-02-07,5953.46,544.32,81.64800000000001,27.216000000000005,31.16,Aswan,0.0,3.6031234,212.90169,44.621243,18.359283,5.6030984,-1.8922068,-3.0337982,0.030580264,18.827143,39.378952,2,0,0,4.6983977,3.665399871428572,3.6198219999999997,6.079441,42.56388442857143,0,0.0,769,1.351180599274097,0,0
2021-02-08,5997.22,544.9272727272727,81.7390909090909,27.246363636363636,31.384545454545457,Aswan,0.0,4.6927915,237.0561,48.533325,20.762766,7.075836,-3.9315135,-2.4114635,0.04594737,7.574186,28.66319,2,0,0,4.2361812,4.055707014285714,3.679720807142857,4.6927915,43.61802085714286,0,0.0,770,1.3155247093591111,0,0
2021-02-09,5891.09,553.0336363636363,82.95504545454544,27.651681818181817,31.60909090909091,Aswan,0.0,3.710458,247.80115,43.657124,21.921946,7.8609924,-3.3087971,-1.4388885,0.077002525,10.81686,44.22613,2,0,0,4.002124299999999,4.390791614285714,3.7102119857142855,4.6927915,44.604418571428575,0,0.0,771,1.7576954524488742,0,0
2021-02-10,5555.86,498.9736363636364,74.84604545454546,24.94868181818182,31.83818181818182,Aswan,0.0,3.756101,220.4416,41.569614,22.58259,7.933665,-2.2864788,-2.7739766,0.123049915,17.507992,59.082207,2,0,0,4.053116833333333,4.5850479,3.801779614285714,4.6927915,44.61742014285714,0,0.0,772,2.1500231419177465,0,0
2021-02-11,5566.59,494.0718181818182,74.11077272727272,24.70359090909091,32.07,Aswan,0.0,3.4788094,210.37482,34.526318,22.845367,5.788727,-1.7627563,-2.9496815,0.06341206,11.41102,24.2028,2,0,0,3.648456133333333,4.247621857142858,3.7993127857142857,3.756101,44.53675628571428,0,0.0,773,2.4084441816996804,0,0
2021-02-12,5893.56,550.9454545454545,82.64181818181817,27.547272727272727,32.300000000000004,Aswan,0.0,4.545837,178.09222,21.86189,23.76529,0.5407613,0.17289734,-4.470179,0.04545083,22.071733,46.975277,2,0,0,3.9269157999999997,4.028535571428571,3.8108058285714286,4.545837,39.98698771428571,0,0.0,774,2.224192778202266,0,0
2021-02-13,6081.34,577.6309090909091,86.64463636363637,28.881545454545456,32.53727272727273,Aswan,0.0,3.3398113,179.63628,32.963352,19.466787,2.4603577,0.10689799,-3.306076,0.06738558,30.871483,78.77263,2,0,0,3.788152566666666,3.875275942857143,3.773552492857143,4.545837,38.247552285714285,0,0.0,775,1.9469057953542925,0,0
2021-02-14,5729.22,564.3227272727273,84.6484090909091,28.216136363636366,32.77363636363636,Aswan,0.0,2.212383,165.91365,33.77627,21.650055,4.6052957,-0.5659688,-1.6626943,0.023436967,19.433609,37.50145,2,0,0,3.366010433333333,3.6765987428571427,3.670999307142857,4.545837,36.698270428571426,0,0.0,776,1.4202364138974064,0,0
2021-02-15,5836.8,559.3772727272727,83.90659090909091,27.968863636363636,33.013636363636365,Aswan,0.0,2.844989,175.72282,31.759714,21.927155,3.9766338,-0.5074565,-2.768916,0.034477253,27.926237,56.47424,2,0,0,2.7990611000000007,3.4126269571428574,3.734166985714286,3.3398113,34.302040285714284,0,0.0,777,1.33651995098065,0,0
2021-02-16,5541.41,462.5645454545455,69.38468181818182,23.128227272727276,33.25272727272727,Aswan,0.0,5.637329,155.88733,28.76011,19.724356,0.44611612,2.4968517,-4.900518,0.14917485,29.777054,131.2015,2,0,0,3.564900333333334,3.6878942428571433,4.039342928571428,5.637329,32.17389542857143,0,0.0,778,1.5968831512277322,0,0
2021-02-17,4681.61,316.0190909090909,47.402863636363634,15.800954545454545,33.49818181818182,Aswan,0.0,7.2666087,143.07161,33.360493,13.234772,-3.2172954,4.3680778,-5.7837777,0.34636703,26.104694,210.51575,2,0,0,5.249642233333334,4.189395342857143,4.387221621428572,7.2666087,31.001163857142853,0,0.0,779,3.5086264211294824,0,0
2021-02-18,6247.95,522.7645454545454,78.41468181818182,26.138227272727274,33.74,Aswan,0.0,4.077437,154.64966,35.498947,11.483226,-3.9440205,1.6406351,-3.6543121,0.19122517,19.890526,98.2304,2,0,0,5.660458233333333,4.274913571428572,4.261267714285714,7.2666087,31.140110857142854,0,0.0,780,4.625016464360293,0,0
2021-02-19,6381.92,566.2472727272727,84.93709090909091,28.31236363636364,33.98636363636364,Aswan,0.0,4.5155635,173.96991,38.223213,13.460683,-1.2020773,0.48408508,-4.4374337,0.06753897,15.352524,52.72332,2,0,0,5.2865364,4.270588785714286,4.149562178571428,7.2666087,33.477442714285715,0,0.0,781,4.397043716028075,0,0
2021-02-20,6322.400000000001,563.4936363636364,84.52404545454546,28.17468181818182,34.23454545454546,Aswan,0.0,4.837354,169.09003,40.321007,15.449534,1.5069885,0.88312787,-4.702418,0.05702564,14.317503,46.645233,2,0,0,4.476784833333334,4.484523457142857,4.1798997,4.837354,34.52853628571428,0,0.0,782,4.325354943303459,0,0
2021-02-21,6401.41,581.4763636363637,87.22145454545455,29.073818181818183,34.482727272727274,Aswan,0.0,4.522286,176.0663,30.686937,16.225332,-1.6058859,0.30716452,-4.482534,0.04826688,24.714462,74.49177,2,0,0,4.6250678333333335,4.8145096,4.245554171428571,4.837354,34.087203,0,0.0,783,3.7375716281350835,0,0
2021-02-22,6270.38,570.2036363636363,85.53054545454545,28.510181818181817,34.731818181818184,Aswan,0.0,3.9374726,176.5763,31.283875,16.0371,-1.45224,0.25287375,-3.8877766,0.04084993,26.101759,64.28639,2,0,0,4.432370866666667,4.970578685714286,4.191602821428571,4.837354,34.019225999999996,0,0.0,784,2.6738807243301967,0,0
2021-02-23,6341.59,562.97,84.4455,28.148500000000002,34.983636363636364,Aswan,0.0,5.2109585,154.1278,33.590977,16.523346,-0.20044963,2.311488,-4.62764,0.098895945,23.172728,94.95741,2,0,0,4.556905700000001,4.909668614285715,4.298781428571429,5.2109585,34.70934985714286,0,0.0,785,1.9147479120816977,0,0
2021-02-24,6274.53,542.8390909090908,81.42586363636362,27.141954545454542,35.235454545454544,Aswan,0.0,6.2136593,150.3046,43.502686,16.15152,3.2507222,2.8984528,-5.3743796,0.116148315,22.290356,91.56196,2,0,0,5.1206968,4.759247271428571,4.474321307142858,6.2136593,36.15823457142857,0,0.0,786,1.8773761028828317,0,0
2021-02-25,6166.65,551.8627272727273,82.77940909090908,27.593136363636365,35.48909090909091,Aswan,0.0,4.7998967,179.6646,37.72815,17.692862,2.70873,0.04119873,-4.7949166,0.087808624,21.902699,80.11075,2,0,0,5.408171500000001,4.8624558,4.5686846857142855,6.2136593,36.47669214285714,0,0.0,787,1.2868402269300145,0,0
2021-02-26,6225.3,573.7654545454545,86.06481818181818,28.68827272727273,35.74272727272727,Aswan,0.0,3.7315686,192.32715,29.60143,17.789215,-0.5602315,-0.6829478,-3.5935009,0.03282016,18.933048,36.885685,2,0,0,4.9150415333333335,4.750456528571428,4.5105226571428565,6.2136593,35.24500885714286,0,0.0,788,0.8737595180366327,0,0
2021-02-27,6200.95,568.9445454545455,85.34168181818183,28.447227272727275,35.99636363636363,Aswan,0.0,4.082244,162.00955,28.65509,18.986319,-0.6963806,1.2290903,-3.5231884,0.037417084,21.783659,47.21516,2,0,0,4.204569766666667,4.642583671428572,4.563553564285714,4.7998967,33.578449285714285,0,0.0,789,1.1179797990123244,0,0
2021-02-28,6282.08,560.8027272727272,84.12040909090908,28.040136363636364,36.25181818181818,Aswan,0.0,4.8899484,146.92537,34.299717,18.207346,1.1292216,2.4386241,-4.0961967,0.093462184,25.2948,73.00603,2,0,0,4.234587,4.695106871428571,4.754808235714286,4.8899484,34.09456071428571,0,0.0,790,1.1229358418343525,0,0
2021-03-01,6219.53,554.7727272727273,83.21590909090908,27.738636363636363,36.50636363636364,Aswan,0.0,4.57524,174.68349,30.19013,18.197336,-0.024098715,0.41945902,-4.5175834,0.07120543,21.981174,64.652725,3,1,1,4.515810800000001,4.7862165,4.878397592857143,4.8899484,33.93831142857143,0,0.0,791,0.9943145578643644,0,0
2021-03-02,6185.28,558.1500000000001,83.72250000000001,27.907500000000006,36.76363636363636,Aswan,0.0,4.2389565,181.75848,37.81057,18.393057,2.9279683,-0.13095093,-4.218094,0.039985467,17.01081,44.5823,3,1,1,4.5680483,4.647359071428572,4.778513842857143,4.8899484,34.54111042857143,0,0.0,792,0.8866085837677155,0,0
2021-03-03,6310.03,560.110909090909,84.01663636363635,28.00554545454545,37.018181818181816,Aswan,0.0,5.6745934,169.5757,33.210495,18.087717,1.0517477,1.0328013,-5.5468545,0.08431485,23.792751,89.25156,3,1,1,4.829596633333334,4.570349657142857,4.664798464285714,5.6745934,33.07079742857143,0,0.0,793,0.4269789497150349,0,0
2021-03-04,5584.46,526.347,78.95205,26.31735,35.475,Aswan,0.0,6.2907395,170.55702,32.56307,16.791656,-0.844574,1.0477396,-6.183253,0.073603824,18.484425,77.55047,3,1,1,5.4014298,4.7833272000000004,4.8228915,6.2907395,32.33292885714285,0,0.0,794,0.669851087264948,0,0
2021-03-05,6216.88,542.36,81.354,27.118000000000002,37.53181818181818,Aswan,0.0,4.601415,200.40706,36.047016,16.896393,1.2473856,-1.5779877,-4.297638,0.03912846,16.848303,49.473198,3,1,1,5.522249300000001,4.907590971428571,4.82902375,6.2907395,33.25372685714286,0,0.0,795,0.8028399038729276,0,0
2021-03-06,6130.6,547.4990909090909,82.12486363636363,27.374954545454546,37.78818181818182,Aswan,0.0,4.409182,205.70996,41.760437,19.3732,4.1634116,-1.8668162,-3.975474,0.02965965,12.185422,30.771023,3,1,1,5.100445500000001,4.9542964,4.798440035714285,6.2907395,35.12591928571429,0,0.0,796,0.8951199217097913,0,0
2021-03-07,6207.52,578.8736363636364,86.83104545454545,28.94368181818182,38.04272727272728,Aswan,0.0,4.571673,187.85146,26.830536,21.239166,-0.2359314,-0.5468648,-4.4721475,0.046842895,19.215485,44.975597,3,1,1,4.527423333333334,4.908828485714285,4.801967678571429,4.601415,34.05889342857143,0,0.0,797,1.5269618417787783,0,0
2021-03-08,6165.92,573.17,85.9755,28.6585,38.30181818181818,Aswan,0.0,4.5577903,192.42583,18.686848,22.083487,-3.8891704,-0.921463,-4.420858,0.049244273,20.721445,56.610188,3,1,1,4.512881766666667,4.906335671428572,4.846276085714286,4.571673,32.41556742857143,0,0.0,798,2.0478038773803977,0,0
2021-03-09,6019.95,558.7481818181818,83.81222727272727,27.937409090909092,38.55636363636364,Aswan,0.0,3.7283995,210.5107,23.383856,22.979889,-0.32365927,-1.8542379,-3.206548,0.03158825,17.045033,37.177773,3,1,1,4.285954266666667,4.833398957142857,4.740379014285714,4.571673,30.35460828571429,0,0.0,799,2.510109919284573,0,0
2021-03-10,5899.86,573.6590909090909,86.04886363636363,28.682954545454546,38.81181818181818,Aswan,0.0,2.684967,218.73778,29.248163,23.574045,3.9247944,-1.5278066,-2.0347393,0.042314947,18.75486,42.107952,3,1,1,3.6570522666666676,4.406309471428572,4.488329564285714,4.5577903,29.788560857142862,0,0.0,800,2.787344301567251,0,0
2021-03-11,5795.21,564.5118181818182,84.67677272727272,28.22559090909091,39.06545454545455,Aswan,0.0,3.341678,218.69926,22.628988,26.207102,2.4243062,-1.806132,-2.6438854,0.06114993,27.847034,52.51957,3,1,1,3.2516815000000006,3.9850149714285714,4.384171085714286,3.7283995,28.369406285714287,0,0.0,801,3.007846560145754,0,0
2021-03-12,6051.91,547.0163636363636,82.05245454545454,27.350818181818184,39.32090909090909,Aswan,0.0,6.688652,180.36238,20.97291,26.322174,2.039622,0.045750935,-6.6649528,0.17587692,25.938976,95.46808,3,1,1,4.238432333333334,4.283191685714286,4.595391328571429,6.688652,26.215962571428573,0,0.0,802,2.538364977032855,0,0
2021-03-13,6156.75,566.2309090909091,84.93463636363636,28.311545454545456,39.57545454545455,Aswan,0.0,5.1765914,181.15247,29.172194,20.768625,1.5094503,-0.124176025,-5.1576743,0.069578625,23.031763,71.38544,3,1,1,5.068973800000001,4.3928215999999995,4.673559,6.688652,24.417642142857144,0,0.0,803,2.2322020834045446,0,0
2021-03-14,6104.16,574.2436363636364,86.13654545454546,28.71218181818182,39.82818181818182,Aswan,0.0,4.113114,197.2147,26.847595,22.237295,1.0856832,-1.1099548,-3.9039714,0.045691654,22.330303,62.326103,3,1,1,5.326119133333334,4.327313171428571,4.618070828571428,6.688652,24.42007914285714,0,0.0,804,2.1061456284852325,0,0
2021-03-15,5420.34,450.9825,67.647375,22.549125000000004,36.8675,Aswan,0.0,2.2062175,189.78734,26.273338,24.351797,2.7708232,-1.0541788,-1.701533,0.048544474,16.598537,31.258017,3,1,1,3.831974300000001,3.9913741999999997,4.4488549357142855,5.1765914,25.503863428571428,0,0.0,805,2.033522632749071,0,0
2021-03-16,5648.95,458.4241666666667,68.763625,22.921208333333336,37.1175,Aswan,0.0,4.0922794,183.73946,21.264898,26.255606,1.796702,-0.26001486,-4.0036163,0.09874231,16.262793,32.736565,3,1,1,3.4705369666666677,4.043357042857143,4.438378,4.113114,25.201155142857143,0,0.0,806,2.1903074709844534,0,0
2021-03-17,6035.53,523.8466666666667,78.577,26.192333333333337,37.365833333333335,Aswan,0.0,5.5247383,181.17036,30.847467,25.049469,6.215159,-0.039082844,-5.494222,0.16590154,37.2191,111.896645,3,1,1,3.9410784000000008,4.449038657142857,4.427674064285714,5.5247383,25.42962714285714,0,0.0,807,2.1859397427682565,0,0
2021-03-18,6062.59,518.7916666666666,77.81875,25.93958333333333,37.61416666666667,Aswan,0.0,5.8227005,180.21233,25.277061,23.470938,1.6215719,-0.046106976,-5.7912955,0.16364914,19.43824,60.440315,3,1,1,5.1465727333333335,4.803470442857143,4.394242707142857,5.8227005,25.807923285714285,0,0.0,808,2.0617356804174247,0,0
2021-03-19,6051.1900000000005,530.8908333333334,79.63362500000001,26.54454166666667,37.86,Aswan,0.0,4.8147283,185.46965,22.397436,23.051422,-0.08025106,-0.45801798,-4.787313,0.10810799,13.947765,46.110847,3,1,1,5.387389033333334,4.535767057142857,4.409479371428572,5.8227005,26.011427,0,0.0,809,1.8216116935862798,0,0
2021-03-20,5625.86,499.22333333333336,74.8835,24.96116666666667,38.105,Aswan,0.0,2.9585228,231.55754,21.197506,26.631012,0.97109985,-2.1673534,-1.9153188,0.14465196,10.864567,19.936962,3,1,1,4.531983866666668,4.218900114285715,4.305860857142857,5.8227005,24.872185857142856,0,0.0,810,1.6429231961445285,0,0
2021-03-21,5514.17,502.1133333333333,75.317,25.105666666666664,38.34916666666667,Aswan,0.0,2.29017,269.97482,20.946516,29.037994,3.3487854,-2.2543843,0.005396525,0.18054408,17.360006,50.385086,3,1,1,3.3544737000000002,3.9584795428571424,4.142896357142857,4.8147283,24.029174571428573,0,0.0,811,2.079295571163957,0,0
2021-03-22,5665.11,510.44,76.566,25.522000000000002,38.59083333333333,Aswan,0.0,3.335902,307.05228,17.708448,31.913157,3.6607158,-2.3902333,2.0781758,0.13324122,14.850542,36.709103,3,1,1,2.8615316000000006,4.119863042857142,4.055618621428572,3.335902,22.80561885714286,0,0.0,812,3.1355848556761976,0,0
2021-03-23,5662.28,501.8441666666667,75.276625,25.092208333333335,38.8325,Aswan,0.0,4.3444686,116.07251,24.890223,32.541737,7.746409,-0.34240723,3.846059,0.11365212,17.28938,46.730225,3,1,1,3.3235135333333337,4.155890071428571,4.099623557142857,4.3444686,23.32352242857143,0,0.0,813,3.871939952400583,0,0
2021-03-24,5751.55,443.41,66.5115,22.170500000000004,39.0725,Aswan,0.0,7.9444976,162.52599,20.836182,25.624094,0.8310445,2.3669026,-7.5314536,0.48948282,44.15877,269.17694,3,1,1,5.208289400000001,4.501569971428571,4.475304314285714,7.9444976,21.893338857142858,0,0.0,814,3.81991074539855,0,0
2021-03-25,5902.27,455.66083333333336,68.349125,22.78304166666667,39.31083333333333,Aswan,0.0,5.7283683,168.74861,21.83484,20.461334,-2.328542,1.1072031,-5.609492,0.30364174,28.413536,139.81163,3,1,1,6.0057781666666665,4.488093942857143,4.645782192857142,7.9444976,21.401593,0,0.0,815,4.460350472720388,0,0
2021-03-26,6233.81,510.6116666666667,76.59175,25.530583333333336,39.5475,Aswan,0.0,6.720165,167.97711,23.582916,20.000397,-1.8759054,1.385615,-6.556936,0.16076224,19.025372,86.31395,3,1,1,6.797676966666667,4.760299185714286,4.648033121428571,7.9444976,21.570947285714286,0,0.0,816,5.0277399064126085,0,0
2021-03-27,6336.54,524.1341666666666,78.62012499999999,26.20670833333333,39.781666666666666,Aswan,0.0,7.4300637,177.1223,32.65309,18.787668,1.1262919,0.3105723,-7.393809,0.16905843,17.562174,75.76667,3,1,1,6.626199,5.399090742857142,4.8089954285714285,7.4300637,23.207459285714286,0,0.0,817,5.830009749382201,0,0
2021-03-28,5941.49,517.5563636363636,77.63345454545454,25.87781818181818,41.99545454545454,Aswan,0.0,7.2000604,177.41072,26.081062,19.492666,-1.1131287,0.31607056,-7.1907907,0.0888582,17.70604,62.645554,3,1,1,7.116763033333334,6.100503657142857,5.0294916,7.4300637,23.940965857142857,0,0.0,818,5.973889686007076,0,0
2021-03-29,6340.98,539.9875000000001,80.998125,26.999375000000004,40.24666666666666,Aswan,0.0,6.936525,173.7367,28.861336,20.03718,0.53726196,0.7287852,-6.889399,0.052513957,15.051756,63.33329,3,1,1,7.188883033333333,6.6148783714285715,5.3673707071428565,7.4300637,25.53423557142857,0,0.0,819,4.997458971192779,0,0
2021-03-30,6163.88,511.8133333333333,76.77199999999999,25.590666666666664,40.473333333333336,Aswan,0.0,5.443846,158.88551,31.552841,19.850739,1.5917053,1.7763621,-5.039795,0.15466519,25.609945,127.02339,3,1,1,6.526810466666667,6.771932285714286,5.463911178571428,7.2000604,26.486038142857144,0,0.0,820,2.2733510150796286,0,0
2021-03-31,6185.85,522.1725,78.325875,26.108625000000004,40.700833333333335,Aswan,0.0,5.171901,160.04323,32.77174,19.592276,2.1752827,1.7031809,-4.8478546,0.12825361,25.035503,97.66826,3,1,1,5.850757333333334,6.375847057142857,5.438708514285714,6.936525,28.19111785714286,0,0.0,821,0.5288960219158295,0,0
2021-04-01,6082.84,507.22333333333336,76.0835,25.36116666666667,40.925,Aswan,0.0,4.4779415,171.90865,25.933302,19.668854,-1.1924744,0.61838275,-4.3476768,0.12281005,21.543072,66.65573,4,1,1,5.031229500000001,6.197214657142857,5.3426543,5.443846,28.776612428571433,0,0.0,822,0.42484818127162965,0,0
2021-04-02,6139.78,499.38916666666665,74.90837499999999,24.969458333333336,41.14833333333333,Aswan,0.0,6.2285733,165.5706,24.065702,20.633453,-1.1361593,1.5617676,-5.980438,0.11482775,14.118725,64.6027,4,1,1,5.292805266666667,6.126987271428571,5.443643228571429,6.2285733,28.845581857142857,0,0.0,823,0.5615263074055237,0,0
2021-04-03,6185.11,517.2183333333334,77.58275,25.860916666666668,41.369166666666665,Aswan,0.0,5.528402,179.19458,26.555178,20.338694,-0.17164104,0.057540894,-5.5132394,0.07972563,23.58377,61.771744,4,1,1,5.411638933333333,5.855321314285715,5.627206028571429,6.2285733,27.974451571428574,0,0.0,824,0.4186528958881589,0,0
2021-04-04,6131.42,513.07,76.96050000000001,25.653500000000005,41.5875,Aswan,0.0,5.0061812,184.22508,19.822798,21.547272,-3.5893657,-0.37878418,-4.967051,0.04684382,20.845547,53.48258,4,1,1,5.587718833333334,5.541910000000001,5.8212068285714285,6.2285733,27.08041385714286,0,0.0,825,0.6845802929169247,0,0
2021-04-05,5947.98,516.8258333333333,77.52387499999999,25.841291666666667,41.80166666666667,Aswan,0.0,3.336003,187.38446,18.115074,22.90388,-3.337738,-0.4162394,-3.2229767,0.0536201,13.750687,40.846188,4,1,1,4.623528733333334,5.027549714285714,5.821214042857143,5.528402,25.545233571428575,0,0.0,826,1.20433049021428,0,0
2021-04-06,5708.15,504.0641666666666,75.609625,25.203208333333333,42.01583333333333,Aswan,0.0,2.6761692,193.71034,20.011274,25.798492,-0.41529337,-0.7688904,-2.4405365,0.2315453,17.344719,74.941025,4,1,1,3.6727844666666676,4.632167314285715,5.702049799999999,5.0061812,23.896438285714286,0,0.0,827,2.2189392121188174,0,0
2021-04-07,5725.73,503.00916666666666,75.451375,25.150458333333333,42.22666666666667,Aswan,0.0,3.5829675,182.80351,12.86589,28.162668,-3.6901958,-0.46861777,-3.2110035,0.08971737,14.953448,38.271225,4,1,1,3.1983799000000004,4.405176814285714,5.390511935714286,3.5829675,21.05274542857143,0,0.0,828,3.1581274518142135,0,0
2021-04-08,5728.83,506.2183333333333,75.93275,25.310916666666667,42.43333333333333,Aswan,0.0,3.792641,193.90071,14.624808,28.168936,-1.8064066,-0.8485362,-3.6799316,0.07258721,18.078594,45.09345,4,1,1,3.3505925666666676,4.307276742857143,5.252245699999999,3.792641,19.437246285714284,0,0.0,829,3.4124787186544268,0,0
2021-04-09,5791.2,492.3208333333334,73.84812500000001,24.61604166666667,42.638333333333335,Aswan,0.0,6.0806966,172.4922,23.590818,27.893463,4.4699607,0.7212321,-5.9663086,0.16191931,29.899136,106.07333,4,1,1,4.485435033333334,4.2861515,5.206569385714286,6.0806966,19.369405714285715,0,0.0,830,3.343954525769621,0,0
2021-04-10,5905.8,484.1116666666667,72.61675,24.205583333333337,42.8425,Aswan,0.0,7.1284842,170.07281,24.787577,25.18692,3.252187,1.1990103,-6.920161,0.2324394,29.19931,137.91708,4,1,1,5.667273933333334,4.514734671428571,5.185027992857142,7.1284842,19.116891285714285,0,0.0,831,2.655181416529221,0,0
2021-04-11,6158.16,513.4208333333333,77.013125,25.671041666666667,43.04083333333333,Aswan,0.0,5.9838467,179.82043,26.769625,20.020987,-0.33147177,0.0013427734,-5.9381714,0.07240152,21.287357,73.07435,4,1,1,6.3976758333333335,4.654401171428572,5.098155585714285,7.1284842,20.109295142857142,0,0.0,832,3.0786693114240915,0,0
2021-04-12,6015.46,504.02583333333337,75.603875,25.20129166666667,43.23916666666667,Aswan,0.0,5.650551,169.19226,25.690882,20.85025,-0.4690857,0.9596303,-5.453415,0.08159967,21.01806,80.559395,4,1,1,6.254293966666668,4.985050885714286,5.0063003,7.1284842,21.19155342857143,0,0.0,833,3.4383406356158686,0,0
2021-04-13,5891.4,506.985,76.04775,25.34925,43.43333333333334,Aswan,0.0,4.4157114,170.82336,19.582706,21.96638,-2.7708435,0.6232045,-4.2918954,0.13548711,27.433315,88.46332,4,1,1,5.350036366666668,5.233556914285714,4.932862114285713,5.9838467,21.13032942857143,0,0.0,834,3.6190438189768774,0,0
2021-04-14,5716.65,486.8375,73.02562499999999,24.341875,43.625,Aswan,0.0,3.948754,176.36726,17.68554,24.982168,-1.4880472,0.2163798,-3.9045868,0.12569273,19.887419,52.24801,4,1,1,4.671672133333334,5.285812128571429,4.845494471428571,5.650551,21.81885085714286,0,0.0,835,3.282232752629927,0,0
2021-04-15,5699.08,497.08166666666665,74.56224999999999,24.854083333333335,43.810833333333335,Aswan,0.0,3.8549635,170.10081,16.593313,26.680166,-1.2417094,0.57965595,-3.6744792,0.09379726,14.768349,52.08537,4,1,1,4.073142966666667,5.294715342857143,4.800996042857143,4.4157114,22.10006585714286,0,0.0,836,3.016059705191756,0,0
2021-04-16,5587.91,498.0575,74.708625,24.902875,43.99666666666667,Aswan,0.0,3.3324587,179.56677,15.521271,27.674957,-1.7233988,-0.11958313,-3.2727764,0.060427006,14.94952,40.08397,4,1,1,3.712058733333334,4.902109928571429,4.594130714285714,3.948754,20.947273428571428,0,0.0,837,2.9690888368565913,0,0
2021-04-17,5536.75,491.13000000000005,73.6695,24.556500000000003,44.178333333333335,Aswan,0.0,3.4651573,216.01056,15.402003,29.707998,0.22264607,-1.6276296,-2.8069763,0.051300526,13.399334,32.001724,4,1,1,3.550859833333334,4.378777514285714,4.446756092857143,3.8549635,19.60647714285714,0,0.0,838,3.696162929812119,0,0
2021-04-18,5471.55,466.2525,69.93787499999999,23.312625,44.35666666666666,Aswan,0.0,5.4727173,261.1195,26.525682,31.43985,9.43806,-5.2195587,-0.26745605,0.074615315,16.413511,40.20292,4,1,1,4.0901111000000006,4.305759028571429,4.4800801,5.4727173,19.571628142857143,0,0.0,839,3.877138876401373,0,0
2021-04-19,5338.49,448.2091666666667,67.231375,22.410458333333338,44.5325,Aswan,0.0,5.2854075,282.5054,29.108469,33.348377,11.595123,-4.741445,1.335846,0.07415336,18.19039,39.5557,4,1,1,4.741094033333334,4.253595671428572,4.619323278571429,5.4727173,20.05985485714286,0,0.0,840,3.8882030236462963,0,0
2021-04-20,5004.12,430.8258333333333,64.623875,21.541291666666666,44.705000000000005,Aswan,0.0,3.7906988,305.36987,20.72616,34.54719,7.982412,-3.1066284,1.248881,0.110008806,14.455164,40.76792,4,1,1,4.849607866666667,4.164308157142857,4.6989325357142855,5.4727173,20.22320542857143,0,0.0,841,3.5420844089460846,0,0
2021-04-21,4498.58,334.9316666666667,50.23975,16.746583333333334,44.875,Aswan,0.0,4.096604,275.51062,20.640608,33.928944,7.965403,-4.034632,0.27868143,0.10648291,13.192424,33.871483,4,1,1,4.390903433333334,4.185429585714286,4.735620857142857,5.2854075,20.645357999999998,0,0.0,842,3.1155640922657253,0,0
2021-04-22,4915.31,379.895,56.984249999999996,18.99475,45.04,Aswan,0.0,5.100759,215.11775,21.528502,33.23575,7.8028054,-2.9001617,-4.1541595,0.112962455,15.02581,41.142384,4,1,1,4.329353933333334,4.363400371428572,4.829057857142857,5.100759,21.350385,0,0.0,843,2.510819428807441,0,0
2021-04-23,5378.94,472.3091666666666,70.846375,23.615458333333333,45.20416666666667,Aswan,0.0,4.43185,189.49333,19.287275,32.20287,4.852936,-0.70777893,-4.3454742,0.0980494,14.762895,50.665855,4,1,1,4.543071000000001,4.520456271428572,4.7112831,5.100759,21.888385571428568,0,0.0,844,1.652415615513527,0,0
2021-04-24,5361.45,469.60083333333336,70.440125,23.48004166666667,45.36166666666667,Aswan,0.0,5.165872,166.19963,15.855548,31.634592,2.254303,1.1153412,-4.8483176,0.15449722,20.739712,81.44887,4,1,1,4.899493666666667,4.763415514285714,4.571096514285714,5.165872,21.95317771428571,0,0.0,845,1.1764929974275677,0,0
2021-04-25,5325.88,474.34083333333336,71.15112500000001,23.71704166666667,45.517500000000005,Aswan,0.0,3.5008323,154.27295,14.088687,31.06835,0.054189045,0.6324463,-2.5849712,0.1299335,14.690161,49.67335,4,1,1,4.3661847666666675,4.481717657142857,4.393738342857143,5.165872,20.176464142857146,0,0.0,846,1.2590995729643302,0,0
2021-04-26,5191.09,411.285,61.692750000000004,20.56425,45.67,Aswan,0.0,4.423248,174.64331,16.047121,30.729239,1.7738342,0.69240314,-3.9038289,0.34914276,23.150467,110.95044,4,1,1,4.363317433333335,4.358552014285714,4.306073842857143,5.165872,18.310557285714285,0,0.0,847,1.4602101683114246,0,0
2021-04-27,5462.13,472.1791666666666,70.82687499999999,23.608958333333334,45.8175,Aswan,0.0,4.8798146,172.05379,25.430632,27.705637,5.683909,0.38450113,-4.7329,0.14718176,26.97073,86.71951,4,1,1,4.267964966666667,4.514139985714285,4.339224071428571,4.8798146,18.982624714285716,0,0.0,848,2.024941107802447,0,0
2021-04-28,5327.54,472.9291666666666,70.93937499999998,23.64645833333333,45.96416666666667,Aswan,0.0,3.1504648,215.29169,19.406946,29.685944,3.5241597,-1.7483215,-2.6060486,0.10663301,21.4169,60.061672,4,1,1,4.1511758,4.378977242857142,4.282203414285714,4.8798146,18.806387285714287,0,0.0,849,1.7994448002678536,0,0
2021-04-29,5264.97,466.81916666666666,70.022875,23.340958333333333,46.10583333333333,Aswan,0.0,3.767526,222.32744,17.896196,32.128326,2.6216533,-2.5978801,-2.6528065,0.07717431,13.2512865,31.510977,4,1,1,3.9326018000000005,4.188515385714285,4.275957878571429,4.8798146,18.28748642857143,0,0.0,850,1.5965569917903406,0,0
2021-04-30,5246.85,470.7616666666667,70.61425,23.538083333333336,46.244166666666665,Aswan,0.0,3.418495,201.79443,14.472133,33.41039,2.2054749,-1.2723135,-3.137212,0.0846221,10.872127,23.171932,4,1,1,3.445495266666667,4.043750385714286,4.282103328571429,3.767526,17.599608999999997,0,0.0,851,1.829631040512805,0,0
2021-05-01,5149.88,432.0466666666667,64.807,21.602333333333334,46.37916666666666,Aswan,0.0,3.6597126,209.19135,14.378873,33.943676,2.4144592,-1.5809683,-3.102239,0.16475987,8.993088,30.071594,5,1,1,3.615244533333334,3.828584757142857,4.296000135714285,3.767526,17.38865542857143,0,0.0,852,2.1605061893176787,0,0
2021-05-02,5258.99,443.5116666666667,66.52675,22.175583333333336,46.51,Aswan,0.0,3.2169924,193.25356,14.401261,32.90868,1.3902893,-0.71654254,-2.785136,0.09607607,8.82483,28.087818,5,1,1,3.4317333333333337,3.7880362,4.134876928571429,3.6597126,17.43330885714286,0,0.0,853,2.2465661691040557,0,0
2021-05-03,5194.52,443.27833333333336,66.49175,22.16391666666667,46.63916666666666,Aswan,0.0,3.6350548,226.7404,14.336815,32.419994,0.9314677,-2.4673564,-2.305664,0.09464469,10.823605,30.145569,5,1,1,3.503919933333334,3.675437171428571,4.016994592857143,3.6597126,17.18897942857143,0,0.0,854,2.240556111295658,0,0
2021-05-04,5048.27,430.9358333333333,64.64037499999999,21.546791666666664,46.76333333333333,Aswan,0.0,2.7816546,221.01863,16.328236,33.417877,3.9134014,-1.8470865,-1.9614207,0.16380896,11.101318,43.192894,5,1,1,3.2112339333333337,3.3757000285714285,3.944920007142857,3.6350548,15.888637142857144,0,0.0,855,1.4119366955462613,0,0
2021-05-05,4975.94,430.6783333333333,64.60175,21.533916666666666,46.884166666666665,Aswan,0.0,2.4739633,231.60315,19.259266,34.72159,6.6934304,-1.8396047,-1.242045,0.17758074,18.210659,60.1238,5,1,1,2.963557566666667,3.279056957142857,3.8290171,3.6350548,15.86754,0,0.0,856,0.8905511628185571,0,0
2021-05-06,4964.11,405.6725,60.850875,20.283625,47.00083333333333,Aswan,0.0,3.5923176,224.33784,16.920908,35.587963,5.3706765,-2.3044484,-2.6062317,0.17999549,11.421881,41.56328,5,1,1,2.949311833333334,3.254027185714286,3.7212712857142853,3.5923176,15.728213142857143,0,0.0,857,1.0846133361483528,0,0
2021-05-07,5032.49,423.6616666666666,63.54924999999999,21.18308333333333,47.115833333333335,Aswan,0.0,4.2244344,218.64635,13.862025,35.813953,3.3134663,-2.7197163,-3.1927083,0.22087908,12.490419,44.71833,5,1,1,3.4302384333333342,3.3691613857142855,3.7064558857142855,4.2244344,15.641054857142858,0,0.0,858,1.3081531192988147,0,0
2021-05-08,5059.31,393.8576923076923,59.07865384615384,19.692884615384614,43.72307692307693,Aswan,0.0,3.2725627,193.9983,14.256927,35.46524,3.4518127,-0.7443085,-2.967799,0.20473349,10.591394,42.26744,5,1,1,3.696438233333334,3.313854257142857,3.5712195071428567,4.2244344,15.623634,0,0.0,859,1.3980254176938611,0,0
2021-05-09,5053.7,396.57076923076926,59.485615384615386,19.828538461538464,43.82846153846154,Aswan,0.0,3.4722855,207.82532,9.0646715,34.621326,-3.4466248,-1.6206766,-3.0508373,0.08765915,8.553606,23.357182,5,1,1,3.6564275333333343,3.3503246999999994,3.56918045,4.2244344,14.86126407142857,0,0.0,860,1.2490109326588203,0,0
2021-05-10,4946.65,390.5238461538462,58.57857692307692,19.526192307692313,43.93153846153847,Aswan,0.0,2.5342674,203.64148,9.7622595,36.175934,-0.7633565,-0.98362225,-2.1917725,0.20010029,14.574501,49.535473,5,1,1,3.0930385333333343,3.193069357142857,3.434253264285714,3.4722855,14.207756142857141,0,0.0,861,0.9344508236399076,0,0
2021-05-11,4872.47,330.0953846153846,49.51430769230769,16.50476923076923,44.03153846153846,Aswan,0.0,5.289017,149.23524,17.406279,34.701,5.680654,2.6549428,-3.9832306,0.36175123,26.433823,107.67587,5,1,1,3.765189966666668,3.551263985714286,3.4634820071428574,5.289017,14.361762285714288,0,0.0,862,0.6185424279901379,0,0
2021-05-12,5208.81,405.47769230769234,60.82165384615385,20.273884615384617,44.12769230769231,Aswan,0.0,3.8418562,144.81024,18.064844,30.31135,2.8045146,2.1308289,-2.986501,0.113536626,23.015799,77.12915,5,1,1,3.8883802000000007,3.746677257142857,3.512867107142857,5.289017,14.191130571428571,0,0.0,863,2.002193104510547,0,0
2021-05-13,5171.99,397.7653846153846,59.66480769230769,19.888269230769232,44.22153846153846,Aswan,0.0,3.7104685,147.08891,16.223845,29.74234,0.9720764,1.7667745,-2.929301,0.095595434,19.85239,59.0851,5,1,1,4.2804472333333345,3.7635559571428567,3.508791571428571,5.289017,14.091550142857143,0,0.0,864,2.664211008023107,0,0
2021-05-14,5154.12,407.713076923077,61.156961538461545,20.38565384615385,44.31153846153846,Aswan,0.0,3.3989294,177.63501,18.172743,30.722809,3.1121318,0.123306274,-3.2524464,0.05290013,19.309835,54.278328,5,1,1,3.6504180333333345,3.645626671428571,3.5073940285714285,3.8418562,14.707367000000001,0,0.0,865,2.7274720290903605,0,0
2021-05-15,5150.07,400.5438461538461,60.081576923076916,20.027192307692307,44.39692307692307,Aswan,0.0,3.8662271,168.29851,13.872692,31.123037,-0.17717488,0.49020386,-3.5278828,0.06947514,13.175409,54.28209,5,1,1,3.6585416666666677,3.7304358714285715,3.522145064285714,3.8662271,14.652476285714288,0,0.0,866,2.5918055478047286,0,0
2021-05-16,5002.2,383.44461538461536,57.5166923076923,19.17223076923077,44.48230769230769,Aswan,0.0,4.377746,177.88383,11.52546,32.53067,-1.2516378,0.45784506,-4.0803986,0.122814715,17.065485,71.75433,5,1,1,3.880967500000001,3.8597873714285718,3.6050560357142856,4.377746,15.004017500000002,0,0.0,867,2.41937309438436,0,0
2021-05-17,4914.73,369.8069230769231,55.47103846153846,18.490346153846158,44.56153846153846,Aswan,0.0,3.1745422,154.79942,14.911339,32.728344,2.5516663,0.9483897,-1.6050211,0.20628077,19.595385,88.915634,5,1,1,3.8061717666666675,3.9512552,3.5721622785714287,4.377746,15.739600285714287,0,0.0,868,1.7224905098906298,0,0
2021-05-18,5021.68,383.2615384615384,57.48923076923076,19.163076923076922,44.64,Aswan,0.0,4.0406404,150.77821,22.087824,31.35375,6.536692,1.6742045,-3.4549916,0.12378922,20.270544,74.059944,5,1,1,3.864309533333335,3.7729156857142856,3.6620898357142857,4.377746,16.408392428571428,0,0.0,869,1.1012463797016931,0,0
2021-05-19,5012.389999999999,393.3546153846154,59.0031923076923,19.667730769230772,44.71384615384615,Aswan,0.0,4.124164,150.99637,20.802462,31.910553,6.3334045,1.5561727,-3.2848918,0.12907347,27.161474,98.13472,5,1,1,3.779782200000001,3.8132453714285717,3.779961314285714,4.124164,16.799480714285714,0,0.0,870,1.0468195221719234,0,0
2021-05-20,4930.42,379.9361538461538,56.990423076923065,18.99680769230769,44.78615384615385,Aswan,0.0,3.602358,133.37505,21.250786,32.417145,6.7081604,2.183965,-2.076126,0.121859744,25.93981,87.16471,5,1,1,3.922387466666668,3.797801014285714,3.7806784857142857,4.124164,17.517615142857146,0,0.0,871,0.7747678036205178,0,0
2021-05-21,5031.26,393.30384615384617,58.995576923076925,19.66519230769231,44.85307692307693,Aswan,0.0,4.1085906,143.63898,19.2598,32.432526,5.4804587,1.9519705,-3.1853383,0.15813068,18.026089,75.94386,5,1,1,3.9450375333333345,3.8991811857142857,3.7724039285714284,4.124164,17.672909,0,0.0,872,0.6235302142932666,0,0
2021-05-22,5067.09,380.4638461538461,57.06957692307691,19.023192307692305,44.91923076923077,Aswan,0.0,6.5517178,169.37065,19.230135,32.30354,5.7018127,1.1413422,-6.3779755,0.19266947,24.221281,101.64543,5,1,1,4.754222133333335,4.2828227142857145,4.006629292857143,6.5517178,18.438258,0,0.0,873,0.4635776671249948,0,0
2021-05-23,5128.36,386.7792307692308,58.01688461538462,19.338961538461543,44.98230769230769,Aswan,0.0,5.273609,162.09712,22.964958,29.084219,5.485016,1.4057974,-5.016332,0.14380828,24.15003,101.82509,5,1,1,5.3113058,4.410803142857143,4.1352952571428565,6.5517178,20.072472,0,0.0,874,1.2558934847490626,0,0
2021-05-24,5019.68,389.0684615384616,58.360269230769234,19.45342307692308,45.04230769230769,Aswan,0.0,3.9801273,156.26067,23.27324,29.511383,5.8102927,1.1603394,-3.3759663,0.11356911,23.207771,91.602615,5,1,1,5.268484700000001,4.525886728571429,4.238570964285715,6.5517178,21.267029285714283,0,0.0,875,1.4154588455138102,0,0
2021-05-25,4882.99,377.9815384615385,56.69723076923077,18.899076923076926,45.098461538461535,Aswan,0.0,3.6900141,154.10002,17.934868,31.416983,3.7327373,0.6974538,-2.4378865,0.08074155,23.17187,67.90412,5,1,1,4.314583466666668,4.475797257142857,4.124356471428571,5.273609,20.67374985714286,0,0.0,876,1.4161530587054707,0,0
2021-05-26,4815.26,382.9069230769231,57.43603846153846,19.145346153846155,45.15307692307693,Aswan,0.0,3.327153,138.10146,17.957264,32.629383,4.2162986,0.80532837,-1.2432657,0.071702726,12.567314,35.89486,5,1,1,3.665764800000001,4.361938542857143,4.087591957142857,3.9801273,20.267293,0,0.0,877,1.4921160532749684,0,0
2021-05-27,4766.38,364.7223076923077,54.70834615384616,18.236115384615385,45.20538461538461,Aswan,0.0,3.4389594,135.25587,13.88766,34.22273,1.875234,2.079132,-2.1804607,0.094144,12.628108,33.803024,5,1,1,3.4853755000000013,4.338595885714286,4.06819845,3.6900141,19.215417857142857,0,0.0,878,1.8178941929369787,0,0
2021-05-28,4629.45,318.80538461538464,47.820807692307696,15.940269230769232,45.25615384615385,Aswan,0.0,5.1262574,176.83557,15.823623,34.864166,4.901357,0.43958536,-5.035385,0.18064219,27.470842,85.00511,5,1,1,3.9641232666666677,4.483976857142857,4.191579021428572,5.1262574,18.724535428571432,0,0.0,879,2.185825063637184,0,0
2021-05-29,4178.66,225.45384615384617,33.81807692307692,11.27269230769231,45.302307692307686,Aswan,0.0,6.8706107,179.27202,15.99956,34.22566,4.454824,0.06714884,-6.8487954,0.26381168,22.10065,84.32848,5,1,1,5.145275833333335,4.529532985714286,4.40617785,6.8706107,18.263024714285713,0,0.0,880,2.3445975289267214,0,0
2021-05-30,2977.4,107.6,16.139999999999997,5.38,45.34692307692308,Aswan,0.0,4.1162796,188.18333,20.871984,33.89745,8.318837,-0.3582357,-4.048879,0.30499762,24.819122,82.66586,5,1,1,5.371049233333335,4.364200214285715,4.387501678571429,6.8706107,17.96402842857143,0,0.0,881,1.9185013869684662,0,0
2021-05-31,4420.22,317.85615384615386,47.678423076923075,15.892807692307693,45.39076923076924,Aswan,0.0,4.512322,192.04356,16.392157,35.373035,5.055084,-0.893987,-4.2582955,0.169965,16.65643,39.916607,5,1,1,5.166404100000001,4.440228028571428,4.483057378571429,6.8706107,16.981016571428572,0,0.0,882,1.3555603160047416,0,0
2021-06-01,4683.63,349.6838461538461,52.45257692307691,17.484192307692307,45.43,Aswan,0.0,4.716474,202.12646,12.395862,37.891834,3.6437073,-1.7269388,-4.3711853,0.1404522,10.491873,33.883354,6,2,0,4.448358533333335,4.586865157142857,4.531331207142857,4.716474,16.18973,0,0.0,883,1.6353438492640857,0,0
2021-06-02,4832.07,375.3246153846154,56.29869230769231,18.76623076923077,45.46615384615385,Aswan,0.0,6.225462,183.3243,15.461719,36.70271,5.957021,-0.20148213,-6.1504464,0.22959504,25.506727,82.36653,6,2,0,5.151419333333334,5.000909300000001,4.6814239214285704,6.225462,15.833223571428572,0,0.0,884,1.481074378424768,0,0
2021-06-03,4945.47,374.4661538461539,56.16992307692308,18.723307692307696,45.50230769230769,Aswan,0.0,6.8481126,170.0717,22.773033,32.005768,7.6456604,1.127299,-6.739929,0.16064975,27.102768,118.16499,6,2,0,5.930016200000001,5.487931185714286,4.913263535714286,6.8481126,17.10256257142857,0,0.0,885,1.9235364096500054,0,0
2021-06-04,4978.75,380.4653846153846,57.06980769230769,19.02326923076923,45.535384615384615,Aswan,0.0,7.390316,171.42241,18.903387,31.407053,4.510895,1.0789083,-7.305313,0.17940342,35.75858,136.83461,6,2,0,6.8212968666666685,5.811368128571429,5.147672492857143,7.390316,17.54252885714286,0,0.0,886,2.357417405114101,0,0
2021-06-05,4938.34,363.5330769230769,54.529961538461535,18.176653846153847,45.56692307692308,Aswan,0.0,6.6979012,165.86092,24.959387,30.273834,7.5510154,1.6017151,-6.49853,0.25000477,34.336517,144.95203,6,2,0,6.978776600000002,5.7866953428571435,5.158114164285714,7.390316,18.822504142857145,0,0.0,887,2.8548990307106084,0,0
2021-06-06,4890.2,364.93461538461537,54.740192307692304,18.24673076923077,45.59769230769231,Aswan,0.0,5.4623723,170.72917,22.23107,30.697824,5.8772683,0.84523517,-5.3620553,0.2076758,31.520058,106.08225,6,2,0,6.516863166666668,5.978994300000001,5.1715972571428575,7.390316,19.016659285714287,0,0.0,888,3.1070936166909218,0,0
2021-06-07,4814.53,365.2176923076923,54.78265384615384,18.260884615384615,45.62307692307692,Aswan,0.0,5.678261,178.18306,16.738634,32.351715,3.6852112,0.16775513,-5.673716,0.16783462,34.031544,104.01827,6,2,0,5.946178166666667,6.145557014285714,5.292892521428572,6.6979012,19.066156,0,0.0,889,3.008397155588955,0,0
2021-06-08,4797.48,362.3546153846154,54.353192307692304,18.11773076923077,45.650000000000006,Aswan,0.0,5.598376,181.29938,19.137897,32.926342,5.7696023,-0.15399678,-5.5581155,0.15850171,32.04587,96.089035,6,2,0,5.579669766666668,6.271543014285714,5.429204085714285,5.678261,20.029303857142857,0,0.0,890,2.1340504023353413,0,0
2021-06-09,4799.26,369.01,55.351499999999994,18.4505,45.67230769230769,Aswan,0.0,5.2516274,170.83539,11.847753,33.961742,-0.11508179,0.76194763,-5.103358,0.19024456,23.921772,102.041306,6,2,0,5.5094214666666685,6.132423785714286,5.566666542857143,5.678261,19.513023,0,0.0,891,1.280430182178357,0,0
2021-06-10,4792.95,370.49384615384616,55.57407692307692,18.52469230769231,45.69615384615384,Aswan,0.0,4.1979933,190.60951,12.993829,33.47281,1.2030334,-0.65468854,-4.105428,0.10510553,12.806705,40.394695,6,2,0,5.015998900000001,5.753835314285714,5.62088325,5.598376,18.115993857142858,0,0.0,892,1.4057128408832942,0,0
2021-06-11,4740.46,370.0623076923076,55.509346153846145,18.50311538461538,45.71615384615384,Aswan,0.0,4.455816,191.0954,15.721211,35.35847,4.756012,-0.8883006,-4.308319,0.16162509,17.028086,66.17715,6,2,0,4.635145566666668,5.334621028571429,5.572994578571429,5.2516274,17.661397285714283,0,0.0,893,1.7944963870181223,0,0
2021-06-12,4682.21,359.0376923076923,53.85565384615384,17.951884615384614,45.73461538461538,Aswan,0.0,4.6129284,199.04932,16.19017,36.59374,5.8720603,-1.5811869,-4.1546226,0.12760824,9.018477,33.769176,6,2,0,4.422245900000001,5.036767771428572,5.411731557142858,4.6129284,16.408652,0,0.0,894,1.9421898127587223,0,0
2021-06-13,4592.97,348.03153846153845,52.204730769230764,17.401576923076924,45.75153846153846,Aswan,0.0,3.2887049,198.2495,13.79672,36.893055,3.9774475,-0.7163391,-2.8704224,0.23349956,16.000378,66.43263,6,2,0,4.119149766666668,4.726243857142857,5.352619078571429,4.6129284,15.203744857142857,0,0.0,895,1.7927316488481657,0,0
2021-06-14,4758.11,333.0084615384615,49.95126923076923,16.650423076923076,45.76692307692308,Aswan,0.0,7.6656785,166.19417,22.771057,34.51814,9.579091,1.7890879,-7.414922,0.33548075,30.958557,156.33604,6,2,0,5.189103933333334,5.0101606428571435,5.577858828571429,7.6656785,16.06551957142857,0,0.0,896,1.525462395222071,0,0
2021-06-15,4843.26,358.6869230769231,53.80303846153846,17.934346153846157,45.78153846153846,Aswan,0.0,5.760559,162.1579,21.740091,31.471506,6.673655,1.6001078,-5.4560647,0.2431874,21.71144,95.489716,6,2,0,5.571647466666668,5.033329642857143,5.6524363285714285,7.6656785,16.43726157142857,0,0.0,897,1.8832504789432205,0,0
2021-06-16,4816.96,352.32153846153847,52.84823076923077,17.616076923076925,45.79153846153846,Aswan,0.0,5.5158634,166.7434,18.662533,31.903147,4.755605,1.1582031,-5.324997,0.27042302,21.139568,81.16959,6,2,0,6.3140336333333344,5.071077642857143,5.601750714285715,7.6656785,17.41080157142857,0,0.0,898,2.144018468896627,0,0
2021-06-17,4775.12,334.25538461538457,50.138307692307684,16.71276923076923,45.802307692307686,Aswan,0.0,5.9206214,183.32475,20.777117,32.1551,6.537262,-0.17833965,-5.8360443,0.17603555,15.883958,53.451416,6,2,0,5.732347933333334,5.317167371428572,5.535501342857144,5.9206214,18.522699857142857,0,0.0,899,2.2836714971337804,0,0
2021-06-18,4704.3,335.6923076923077,50.35384615384615,16.784615384615385,45.81307692307693,Aswan,0.0,4.8525534,156.36026,17.552828,32.06615,3.9706116,1.7028147,-4.37381,0.2434196,22.123505,106.47219,6,2,0,5.4296794,5.373844142857144,5.354232585714286,5.9206214,18.78435942857143,0,0.0,900,2.326547768324448,0,0
2021-06-19,4730.52,340.94615384615383,51.14192307692307,17.047307692307694,45.81769230769231,Aswan,0.0,4.964905,150.35382,21.14635,32.223133,6.38915,2.3691914,-4.279953,0.22520864,24.535946,96.98471,6,2,0,5.246026600000001,5.424126514285715,5.230447142857143,5.9206214,19.49238514285714,0,0.0,901,1.9656164657255124,0,0
2021-06-20,4848.04,376.9061538461538,56.53592307692307,18.845307692307692,45.82538461538461,Aswan,0.0,4.684779,155.36256,15.389367,32.206615,2.2103577,1.8158163,-4.2024436,0.17019811,23.784176,87.969635,6,2,0,4.834079133333334,5.623565671428571,5.174904764285714,4.964905,19.719906142857145,0,0.0,902,0.9854115061617351,0,0
2021-06-21,4675.99,360.95461538461535,54.1431923076923,18.047730769230768,45.83076923076923,Aswan,0.0,3.678708,187.73973,16.301691,33.40453,3.5814514,-0.6720886,-3.029419,0.12052514,12.917486,37.729294,6,2,0,4.442797333333334,5.053998457142856,5.03207955,4.964905,18.795711,0,0.0,903,0.5902115907917802,0,0
2021-06-22,4641.51,354.7476923076923,53.212153846153846,17.737384615384617,45.832307692307694,Aswan,0.0,3.078001,189.8849,16.995562,34.616932,5.2663474,-0.589091,-2.7808735,0.1848017,12.38994,41.512413,6,2,0,3.8138293333333344,4.670775885714286,4.852052764285715,4.684779,18.117921142857142,0,0.0,904,0.9966983219185271,0,0
2021-06-23,4748.31,359.7961538461538,53.96942307692307,17.98980769230769,45.83307692307692,Aswan,0.0,5.5214477,174.27583,16.649473,35.125885,5.9125876,0.399058,-5.4178824,0.21268576,23.705118,93.12991,6,2,0,4.092718900000001,4.671573642857142,4.871325642857143,5.5214477,17.830341142857144,0,0.0,905,1.2926306443430342,0,0
2021-06-24,4760.1900000000005,359.6830769230769,53.952461538461534,17.984153846153845,45.83384615384615,Aswan,0.0,5.6099567,162.77472,20.5623,34.212147,7.8012595,1.5334116,-5.328257,0.18166105,23.76187,101.65767,6,2,0,4.736468466666667,4.627192971428571,4.972180171428571,5.6099567,17.799653,0,0.0,906,1.2719477837796485,0,0
2021-06-25,4752.01,357.41692307692307,53.612538461538456,17.870846153846156,45.83307692307692,Aswan,0.0,5.427584,157.78558,21.168364,33.832836,7.969065,2.0130615,-4.9745994,0.22648998,28.34595,104.77448,6,2,0,5.519662800000002,4.7093402,5.0415921714285705,5.6099567,18.316158142857144,0,0.0,907,1.1285281946195782,0,0
2021-06-26,4753.44,358.15384615384613,53.72307692307692,17.907692307692308,45.83,Aswan,0.0,5.0770154,155.8037,21.606949,33.91617,8.427236,2.0471802,-4.597585,0.15217526,20.109612,73.9519,6,2,0,5.3715187,4.725355971428571,5.074741242857143,5.6099567,18.381957999999997,0,0.0,908,0.9338097940502206,0,0
2021-06-27,4759.69,374.8792307692308,56.231884615384615,18.74396153846154,45.82615384615384,Aswan,0.0,3.6525033,146.80052,20.225916,33.75056,7.170481,1.9016418,-3.0695648,0.15912499,21.398312,72.571594,6,2,0,4.719034233333335,4.577888014285714,5.100726842857142,5.427584,19.072893571428573,0,0.0,909,0.5830349166368284,0,0
2021-06-28,4616.54,360.96307692307687,54.14446153846153,18.048153846153845,45.818461538461534,Aswan,0.0,2.0394824,147.4812,18.701185,34.60318,6.3265686,1.0623068,-1.6723785,0.101728305,14.941543,37.669785,6,2,0,3.5896670333333347,4.343712928571429,4.698855692857143,5.0770154,19.41567842857143,0,0.0,910,0.5081608474438762,0,0
2021-06-29,4624.04,357.8476923076923,53.67715384615384,17.892384615384614,45.81153846153846,Aswan,0.0,4.0933537,175.3657,17.375837,36.197582,7.1939187,0.3319702,-4.0792184,0.15461332,15.916153,55.152122,6,2,0,3.261779800000001,4.488763314285714,4.5797696,4.0933537,19.47000342857143,0,0.0,911,0.8861821617793135,0,0
2021-06-30,4607.66,352.59769230769234,52.88965384615385,17.62988461538462,45.801538461538456,Aswan,0.0,4.523651,173.70024,17.42341,36.82901,7.658274,0.37843323,-4.487208,0.20343278,27.496555,92.53187,6,2,0,3.5521623666666677,4.346220928571428,4.508897285714285,4.523651,19.580565857142858,0,0.0,912,1.242495146243725,0,0
2021-07-01,4600.06,348.9761538461538,52.34642307692307,17.448807692307692,45.78769230769231,Aswan,0.0,4.623259,173.86809,18.565731,36.887196,8.509186,0.4542338,-4.5633087,0.1905784,24.838055,80.006454,7,2,0,4.4134212333333345,4.205264114285714,4.416228542857143,4.623259,19.295341714285712,0,0.0,913,1.4404220718757517,0,0
2021-07-02,4660.5,348.72615384615386,52.30892307692308,17.436307692307693,45.77769230769231,Aswan,0.0,5.2507596,168.14574,16.596834,36.732166,6.7773337,1.1231995,-5.095469,0.1974616,23.090317,76.428986,7,2,0,4.799223200000001,4.180003485714286,4.444671842857143,5.2507596,18.642266,0,0.0,914,1.41680813755905,0,0
2021-07-03,4776.98,365.78692307692313,54.86803846153847,18.289346153846157,45.76153846153846,Aswan,0.0,5.830053,172.59431,13.942386,36.88321,4.2552795,0.5558726,-5.708679,0.1511733,21.532703,67.444336,7,2,0,5.2346905333333345,4.287580285714286,4.506468128571429,5.830053,17.54732842857143,0,0.0,915,1.2805381400683773,0,0
2021-07-04,4786.98,362.7684615384615,54.415269230769226,18.138423076923075,45.74461538461538,Aswan,0.0,4.8774962,165.14583,16.936565,37.241444,7.519033,1.3134257,-4.5004883,0.28267848,19.41052,105.648445,7,2,0,5.319436266666668,4.462579271428572,4.520233642857143,5.830053,17.077421142857144,0,0.0,916,0.8846624218708526,0,0
2021-07-05,4731.56,361.47615384615386,54.22142307692308,18.073807692307692,45.72461538461538,Aswan,0.0,4.5457816,159.18471,22.732008,33.905994,9.259918,1.3616842,-4.224167,0.17683141,25.432804,94.885956,7,2,0,5.084443600000001,4.820622014285715,4.582167471428571,5.830053,17.653253000000003,0,0.0,917,1.1352038996643112,0,0
2021-07-06,4784.21,369.3607692307692,55.40411538461538,18.468038461538463,45.70461538461538,Aswan,0.0,5.2408185,161.71448,21.00872,33.88899,7.661123,1.6267904,-4.854258,0.20748019,25.486107,100.394,7,2,0,4.888032100000001,4.984545557142857,4.736654435714286,5.2408185,18.172236285714288,0,0.0,918,1.480628329139218,0,0
2021-07-07,4747.4,366.7153846153846,55.00730769230769,18.33576923076923,45.68076923076923,Aswan,0.0,4.329145,160.02489,17.507158,34.3649,5.1446023,1.3702545,-4.002752,0.14822006,20.927492,71.053314,7,2,0,4.705248366666667,4.956758985714286,4.651489957142857,5.2408185,18.184200285714287,0,0.0,919,1.5562530368643634,0,0
2021-07-08,4715.780000000001,358.8553846153846,53.82830769230769,17.94276923076923,45.65384615384615,Aswan,0.0,4.972244,157.78137,18.779034,35.57234,7.555735,1.6982676,-4.5911865,0.20575625,23.893232,82.99015,7,2,0,4.847402500000001,5.006613985714286,4.605939050000001,5.2408185,18.214672142857143,0,0.0,920,1.4658837439110486,0,0
2021-07-09,4755.37,360.2476923076923,54.03715384615385,18.012384615384615,45.62692307692308,Aswan,0.0,5.3003874,153.43481,19.800993,35.315502,8.089833,2.4193165,-4.6348367,0.22655323,16.62116,89.803246,7,2,0,4.867258800000001,5.013703671428571,4.596853578571428,5.3003874,18.67240914285714,0,0.0,921,1.363698014333708,0,0
2021-07-10,4782.23,357.2823076923077,53.59234615384616,17.864115384615385,45.59692307692308,Aswan,0.0,4.735172,139.04501,23.251513,34.62979,9.900624,3.1933594,-3.3919933,0.1941768,15.75683,77.529755,7,2,0,5.002601133333335,4.8572921000000004,4.572436192857142,5.3003874,20.002284428571425,0,0.0,922,1.1847536581732125,0,0
2021-07-11,4770.21,369.6492307692307,55.44738461538461,18.482461538461536,45.56384615384616,Aswan,0.0,3.843396,143.69226,26.374006,34.433258,11.938222,2.2650452,-2.6220906,0.16064169,11.255489,54.682045,7,2,0,4.6263184666666675,4.7095635,4.586071385714285,5.3003874,21.350490285714283,0,0.0,923,0.6490239798897341,0,0
2021-07-12,4642.2300000000005,358.58461538461535,53.7876923076923,17.929230769230767,45.52923076923077,Aswan,0.0,3.1411793,157.16988,21.531057,34.88557,9.401764,1.1143442,-2.064331,0.14878717,10.968894,45.527763,7,2,0,3.906582433333335,4.508906028571428,4.664764021428572,4.735172,21.178925857142854,0,0.0,924,0.5795385838349741,0,0
2021-07-13,4789.59,370.0330769230769,55.50496153846154,18.501653846153847,45.49076923076923,Aswan,0.0,4.9947567,163.69319,21.943773,35.08609,9.693919,1.6339417,-4.4305167,0.14327402,11.038047,47.92361,7,2,0,3.993110666666668,4.473754342857143,4.72914995,4.9947567,21.31250485714286,0,0.0,925,0.4539992196984442,0,0
2021-07-14,4823.19,359.8284615384615,53.974269230769224,17.991423076923077,45.44923076923077,Aswan,0.0,5.099831,146.52528,18.523272,34.885082,6.9361877,2.9058533,-4.0860443,0.17204162,16.275179,77.546326,7,2,0,4.411922333333334,4.583852342857143,4.770305664285714,5.099831,21.457663999999998,0,0.0,926,0.3902545950002419,0,0
2021-07-15,4851.99,364.1284615384615,54.61926923076923,18.206423076923077,45.4076923076923,Aswan,0.0,4.1026874,134.12733,19.473116,33.9252,7.17276,3.0344746,-2.607483,0.17016232,16.945518,72.2984,7,2,0,4.732425033333334,4.459629971428572,4.733121978571428,5.099831,21.556818571428572,0,0.0,927,0.4588576076142228,0,0
2021-07-16,4864.14,366.9453846153846,55.04180769230769,18.347269230769232,45.36076923076924,Aswan,0.0,4.1321626,116.475,17.975292,34.15697,6.3163147,3.6430817,-1.8098551,0.14553805,11.855103,58.36223,7,2,0,4.444893666666668,4.292740714285714,4.653222192857143,5.099831,21.29600414285714,0,0.0,928,0.4230491667216782,0,0
2021-07-17,4740.13,366.8184615384616,55.022769230769235,18.34092307692308,45.31230769230769,Aswan,0.0,2.6138797,103.957886,16.442417,34.95523,5.5339255,2.4432576,-0.57825214,0.093940094,14.204281,44.438988,7,2,0,3.6162432333333343,3.989698957142857,4.423495528571428,4.1321626,20.323276142857143,0,0.0,929,0.4476621955779,0,0
2021-07-18,4670.02,366.4561538461539,54.96842307692308,18.322807692307695,45.25923076923077,Aswan,0.0,2.8967316,135.95258,17.249916,36.50121,7.3112693,1.988154,-1.731196,0.079840586,10.59935,29.698198,7,2,0,3.2142579666666684,3.8544611857142854,4.282012342857143,4.1321626,19.01983471428571,0,0.0,930,0.8269435530850338,0,0
2021-07-19,3379.21,203.1076923076923,30.466153846153844,10.155384615384616,45.20538461538461,Aswan,0.0,2.6834621,238.6963,17.140898,36.492096,7.4836326,-1.0176035,-1.3238882,0.14139533,10.733402,30.69315,7,2,0,2.7313578000000014,3.7890730142857145,4.148989521428571,2.8967316,18.39266914285714,0,0.0,931,1.0185859747564963,0,0
2021-07-20,4280.58,296.9492307692308,44.54238461538461,14.84746153846154,45.14615384615384,Aswan,0.0,4.277626,184.53204,19.85789,37.612946,10.241119,-0.39032492,-4.245188,0.16369395,10.430515,39.417732,7,2,0,3.285939900000001,3.686625771428571,4.080190057142857,4.277626,18.094685857142856,0,0.0,932,1.3789925010553468,0,0
2021-07-21,4107.11,281.53000000000003,42.2295,14.076500000000003,45.078333333333326,Aswan,0.0,5.920095,161.06926,17.938414,38.23819,9.339264,1.9798279,-5.4152427,0.2711607,15.485706,68.83756,7,2,0,4.293727700000002,3.803806342857143,4.193829342857143,5.920095,18.011134714285713,0,0.0,933,1.6780724911269607,1,0
2021-07-22,4646.72,347.8253846153847,52.1738076923077,17.391269230769236,45.02307692307692,Aswan,0.0,3.8085077,139.51675,17.422667,37.66438,8.573151,2.4238129,-2.7089183,0.26114097,11.275308,41.460648,7,2,0,4.668742900000002,3.7617806714285713,4.110705321428571,5.920095,17.718213428571428,0,0.0,934,1.4994337597058707,0,0
2021-07-23,4773.3,356.2261538461538,53.43392307692307,17.81130769230769,44.95692307692308,Aswan,0.0,5.1216545,163.29189,23.447845,35.879223,11.390533,1.6042786,-4.5751395,0.23674035,15.672023,77.8331,7,2,0,4.950085733333335,3.903136657142857,4.097938685714285,5.920095,18.500006714285714,0,0.0,935,1.1476131784416321,0,0
2021-07-24,4797.66,364.4269230769231,54.66403846153847,18.221346153846156,44.88692307692308,Aswan,0.0,4.303951,177.8944,23.486456,34.925365,10.724437,0.34544882,-4.0120645,0.17089783,15.583734,61.32624,7,2,0,4.411371066666668,4.144575414285714,4.0671371857142855,5.1216545,19.506297999999997,0,0.0,936,1.1554838856285239,0,0
2021-07-25,4871.16,372.2261538461538,55.83392307692307,18.61130769230769,44.81461538461539,Aswan,0.0,3.9827318,168.28665,22.742208,33.883778,9.30598,0.7587535,-2.9503224,0.1499005,12.5026,59.605503,7,2,0,4.469445766666667,4.2997183,4.077089742857143,5.1216545,20.290911142857144,0,0.0,937,1.593366632649277,0,0
2021-07-26,4856.08,363.7738461538461,54.56607692307691,18.188692307692303,44.74,Aswan,0.0,4.325505,160.11113,25.028952,32.768627,9.636302,1.4030558,-3.9614208,0.1271067,11.8662405,52.11099,7,2,0,4.204062600000001,4.534295857142857,4.161684435714286,4.325505,21.417776000000003,0,0.0,938,2.094438065667275,0,0
2021-07-27,4851.93,353.9,53.084999999999994,17.695,44.66,Aswan,0.0,5.589008,151.56697,21.844187,34.131092,8.709462,2.6187642,-4.9128265,0.25881472,15.527252,81.02495,7,2,0,4.632414933333334,4.721636142857142,4.204130957142857,5.589008,21.701532714285715,0,0.0,939,2.018959395328414,0,0
2021-07-28,4824.9,351.67384615384617,52.75107692307692,17.58369230769231,44.57615384615384,Aswan,0.0,5.321053,145.12074,23.74883,34.509266,10.420074,3.0045369,-4.3660684,0.34433067,21.664421,93.85089,7,2,0,5.078522000000001,4.636058714285714,4.219932528571428,5.589008,22.53159214285714,0,0.0,940,1.574763365221355,0,0
2021-07-29,4889.67,364.2153846153846,54.63230769230769,18.21076923076923,44.49076923076923,Aswan,0.0,4.909552,149.53773,18.748213,34.93147,7.309153,2.4535522,-4.2323403,0.25982675,27.311724,109.593636,7,2,0,5.273204333333335,4.793350757142856,4.277565714285714,5.589008,22.720955857142858,0,0.0,941,0.979047424217807,0,0
2021-07-30,4960.74,368.7584615384615,55.313769230769225,18.437923076923077,44.40384615384615,Aswan,0.0,4.376078,137.21126,18.646425,34.74291,6.734609,2.9532826,-3.0214336,0.15963748,19.56412,77.83453,7,2,0,4.868894333333334,4.686839828571428,4.294988242857142,5.321053,22.035038714285715,0,0.0,942,0.7714186912530064,0,0
2021-07-31,4933.3,379.1623076923077,56.874346153846155,18.958115384615386,44.31,Aswan,0.0,3.1742134,119.82864,19.206873,34.547924,7.4286194,2.6884105,-1.6571859,0.184524,17.154533,74.19948,7,2,0,4.153281133333334,4.525448742857143,4.335012078571428,4.909552,21.423669714285715,0,0.0,943,0.7300888120215691,0,0
2021-08-01,4791.14,370.4607692307692,55.56911538461538,18.52303846153846,44.21692307692308,Aswan,0.0,2.484557,146.18317,18.135303,34.70238,6.487783,1.4106699,-0.85983783,0.21844852,13.260822,69.30429,8,2,0,3.344949466666668,4.311423771428571,4.305571035714285,4.376078,20.76554042857143,0,0.0,944,0.733476296808908,0,0
2021-08-02,4854.29,373.3623076923077,56.00434615384615,18.668115384615387,44.11846153846154,Aswan,0.0,3.0489056,135.26778,13.577153,35.67032,3.4442444,2.1169739,-1.2025146,0.13960339,17.175377,52.84397,8,2,0,2.902558666666668,4.129052428571429,4.331674142857143,3.1742134,19.129569142857143,0,0.0,945,0.4768022417901702,0,0
2021-08-03,4785.11,372.21,55.8315,18.6105,44.01615384615385,Aswan,0.0,2.744343,146.77881,17.062496,35.67276,6.585032,0.027760824,-0.94095355,0.08036398,15.740436,40.026318,8,2,0,2.759268533333335,3.722671714285714,4.222153928571428,3.0489056,18.446470428571427,0,0.0,946,0.49989908154629104,0,0
2021-08-04,4524.16,283.6615384615385,42.549230769230775,14.183076923076925,43.91,Aswan,0.0,5.5255394,134.67921,26.314783,37.353016,13.450267,2.335317,4.598633,0.119253464,17.30596,42.844376,8,2,0,3.772929333333335,3.751884057142857,4.193971385714286,5.5255394,18.813035142857142,0,0.0,947,0.9849829673134137,0,0
2021-08-05,4795.32,356.1138461538461,53.41707692307691,17.805692307692308,43.80076923076923,Aswan,0.0,3.0832412,39.501026,18.397635,37.704254,9.152496,2.0286968,1.6793671,0.11316064,14.684613,37.06245,8,2,0,3.784374533333335,3.4909825142857143,4.142166635714285,5.5255394,18.76295257142857,0,0.0,948,1.2880776490875527,0,0
2021-08-06,4474.38,294.30615384615385,44.145923076923076,14.715307692307693,43.690769230769234,Aswan,0.0,4.431377,62.926178,28.839403,35.98575,14.819163,2.8370006,2.7167256,0.1659626,12.505081,43.38289,8,2,0,4.346719200000002,3.498882371428572,4.0928610999999995,5.5255394,20.219092285714286,0,0.0,949,1.2058585006916718,0,0
2021-08-07,4719.63,345.45153846153846,51.81773076923077,17.272576923076922,43.57692307692308,Aswan,0.0,2.8498437,47.601704,37.610497,35.75691,17.910471,2.0060272,1.8642985,0.18558794,10.036282,37.893127,8,2,0,3.4548206333333353,3.452543842857143,3.9889962928571427,4.431377,22.84818142857143,0,0.0,950,1.048167022113913,0,0
2021-08-08,4800.45,364.1038461538462,54.61557692307692,18.20519230769231,43.45769230769231,Aswan,0.0,3.410509,65.478424,24.881096,37.3802,12.921458,2.9684346,1.2524618,0.14180845,11.471357,39.123604,8,2,0,3.563909900000002,3.5848227,3.9481232357142857,4.431377,23.811866142857145,0,0.0,951,0.925731225001309,0,0
2021-08-09,4742.58,344.88,51.732,17.244,43.33538461538462,Aswan,0.0,2.6429656,79.3602,22.520555,36.198475,10.783356,2.136139,0.05951945,0.177683,15.70629,54.70105,8,2,0,2.9677727666666684,3.5268312714285712,3.8279418499999998,3.410509,25.089495,0,0.0,952,0.8661279865700056,0,0
2021-08-10,5104.57,396.1692307692308,59.425384615384615,19.808461538461543,43.21076923076923,Aswan,0.0,4.9967027,151.6118,19.897835,35.39143,8.634186,2.3349507,-3.681493,0.13204306,19.532763,78.036026,8,2,0,3.683392433333335,3.8485969428571427,3.7856343285714287,4.9967027,25.494543428571426,0,0.0,953,0.9200253282762425,0,0
2021-08-11,5044.29,382.3115384615385,57.34673076923077,19.115576923076926,43.08384615384615,Aswan,0.0,3.8136237,129.9889,25.430994,34.094067,10.886952,2.8967335,-2.3296509,0.10803691,20.27385,68.789925,8,2,0,3.817764000000002,3.604037557142857,3.677960807142857,4.9967027,25.368287857142857,0,0.0,954,1.2161239219397224,0,0
2021-08-12,5018.5,386.2546153846154,57.93819230769231,19.31273076923077,42.95153846153846,Aswan,0.0,3.2916307,120.84009,24.72391,34.559967,10.571279,2.8254192,-1.4857178,0.14615574,15.243479,60.436584,8,2,0,4.033985700000002,3.6338074857142857,3.562395,4.9967027,26.27204142857143,0,0.0,955,1.0870248314134299,0,0
2021-08-13,4966.389999999999,373.1707692307692,55.97561538461538,18.658538461538463,42.818461538461534,Aswan,0.0,3.3339012,137.94907,17.558079,35.03059,6.3928123,2.2247875,-2.417638,0.11394892,17.789524,45.062836,8,2,0,3.4797185333333354,3.4770252285714283,3.4879538,3.8136237,24.660423714285713,0,0.0,956,1.0939492346090676,0,0
2021-08-14,4972.07,373.0492307692308,55.95738461538462,18.65246153846154,42.67923076923077,Aswan,0.0,4.2096343,167.80229,18.974588,35.446278,7.719391,0.7475586,-4.0570374,0.08826248,15.452673,37.839043,8,2,0,3.611722066666669,3.671281028571429,3.561912435714286,4.2096343,21.998151000000004,0,0.0,957,1.0874746013501928,0,0
2021-08-15,5099.51,382.6538461538461,57.39807692307691,19.132692307692306,42.53846153846154,Aswan,0.0,5.1174445,161.54823,18.256662,34.98363,6.72761,1.645223,-4.7551575,0.17743164,19.162714,84.03044,8,2,0,4.220326666666669,3.9151289571428576,3.749975828571429,5.1174445,21.051803285714282,0,0.0,958,0.6749544401875348,0,0
2021-08-16,5065.37,378.30384615384617,56.745576923076925,18.91519230769231,42.39538461538461,Aswan,0.0,5.2339063,162.83128,19.933044,34.978424,7.786367,1.5816141,-4.9078164,0.15753683,25.840986,91.102295,8,2,0,4.853661700000003,4.285263342857143,3.9060473071428574,5.2339063,20.68215885714286,0,0.0,959,0.47088829235518515,0,0
2021-08-17,5181.92,389.0507692307692,58.35761538461538,19.452538461538463,42.24615384615385,Aswan,0.0,6.2795715,159.89217,20.990015,34.588207,8.375722,2.1950734,-5.821813,0.18708518,28.853575,115.91498,8,2,0,5.543640766666669,4.468530314285714,4.158563628571429,6.2795715,20.83818457142857,0,0.0,960,0.43517708209830946,0,0
2021-08-18,5181.2,382.8307692307693,57.42461538461539,19.141538461538467,42.09384615384616,Aswan,0.0,5.264755,150.35495,25.184568,33.793774,10.260976,2.5995991,-4.5430145,0.18271844,19.908543,97.886696,8,2,0,5.592744266666668,4.675834785714286,4.139936171428571,6.2795715,20.80298085714286,0,0.0,961,0.5235305264827087,0,0
2021-08-19,5217.59,391.8715384615385,58.78073076923077,19.593576923076924,41.941538461538464,Aswan,0.0,4.617824,148.21974,22.89142,32.645336,8.505931,2.4129078,-3.9025981,0.1487062,21.901196,104.01506,8,2,0,5.387383500000002,4.865290971428571,4.2495492285714285,6.2795715,20.54119657142857,0,0.0,962,0.9648753514995234,0,0
2021-08-20,5172.0,383.69153846153847,57.55373076923077,19.184576923076925,41.78384615384616,Aswan,0.0,4.448475,154.42323,20.803009,33.24706,7.2857156,1.9185181,-3.9286652,0.13216539,20.876774,70.59121,8,2,0,4.777018000000002,5.0245158000000005,4.250770514285715,5.264755,21.004758000000002,0,0.0,963,1.0330061326058544,0,0
2021-08-21,5148.04,413.3025,61.995374999999996,20.665125000000003,45.00083333333333,Aswan,0.0,4.175574,143.68556,20.467573,33.767,7.619619,2.5041606,-3.2515209,0.1547898,22.80259,82.80606,8,2,0,4.4139576666666684,5.019650042857143,4.345465535714285,4.617824,21.218041571428568,0,0.0,964,0.891597690798801,0,0
2021-08-22,5153.32,421.8533333333333,63.27799999999999,21.092666666666666,44.840833333333336,Aswan,0.0,3.864174,137.79793,21.32371,34.17805,8.620433,2.5858815,-2.866979,0.13309768,21.022648,66.44779,8,2,0,4.162741000000002,4.8406114,4.3778701785714285,4.448475,21.65619128571429,0,0.0,965,0.789718697758367,0,0
2021-08-23,5178.1900000000005,421.015,63.152249999999995,21.05075,44.67583333333334,Aswan,0.0,4.6335945,161.36261,20.06801,34.00699,7.479238,1.4400076,-4.3838196,0.16855171,22.292645,81.51139,8,2,0,4.224447500000003,4.754852571428572,4.520057957142858,4.6335945,21.67547214285714,0,0.0,966,0.6360317793296604,0,0
2021-08-24,5179.53,421.5175,63.227624999999996,21.075875,44.509166666666665,Aswan,0.0,4.848858,162.34927,21.929281,34.04727,8.6753645,1.3876394,-4.571096,0.16981116,17.312378,69.612274,8,2,0,4.448875500000002,4.5504649285714285,4.509497621428571,4.848858,21.809652999999997,0,0.0,967,0.5427630478168952,0,0
2021-08-25,5156.46,406.36,60.954,20.318,44.340833333333336,Aswan,0.0,5.5808773,171.26118,22.982775,33.929596,9.281158,0.8942668,-5.3232117,0.18567991,18.507732,70.6841,8,2,0,5.021109933333335,4.595625257142856,4.6357300214285715,5.5808773,21.495111142857144,0,0.0,968,0.5503272461810347,0,0
2021-08-26,5182.16,411.86,61.778999999999996,20.593000000000004,44.16583333333333,Aswan,0.0,6.187023,157.53712,23.392878,34.112865,9.810618,2.3789215,-5.6685433,0.22341758,20.184895,107.17831,8,2,0,5.5389194333333345,4.8197965428571425,4.842543757142857,6.187023,21.566747999999997,0,0.0,969,0.3163954196922315,0,0
2021-08-27,5154.55,417.11666666666673,62.56750000000001,20.855833333333337,43.990833333333335,Aswan,0.0,4.8956094,163.08559,25.521738,33.98949,11.137034,1.4314829,-4.668808,0.20200138,23.970419,97.73642,8,2,0,5.554503233333335,4.883672885714286,4.954094342857142,6.187023,22.24085214285714,0,0.0,970,0.132878515877316,0,0
2021-08-28,5124.33,411.8258333333333,61.773875,20.591291666666667,43.8125,Aswan,0.0,5.1494265,162.01106,23.904894,35.04898,10.812734,1.5405477,-4.859497,0.18846524,25.203566,102.090996,8,2,0,5.410686300000002,5.022794671428572,5.0212223571428565,6.187023,22.731898,0,0.0,971,0.3885396041612481,0,0
2021-08-29,5187.11,417.8033333333333,62.67049999999999,20.890166666666666,43.6325,Aswan,0.0,5.7056775,165.3374,21.704521,35.400707,9.677155,1.4214884,-5.5138855,0.17099968,27.346094,101.25308,8,2,0,5.250237800000002,5.2858666,5.063239000000001,5.7056775,22.78629957142857,0,0.0,972,0.600519979985512,0,0
2021-08-30,5241.77,414.49916666666667,62.174875,20.724958333333333,43.445,Aswan,0.0,6.4941998,172.2237,17.402018,35.203766,5.6315002,0.8705902,-6.4346976,0.14668003,24.796608,90.968506,8,2,0,5.783101266666669,5.551667357142857,5.153259964285715,6.4941998,22.405443571428574,0,0.0,973,0.6507718472617647,0,0
2021-08-31,5241.98,416.4125,62.461875,20.820625000000003,43.26,Aswan,0.0,7.1117797,168.71075,26.40785,34.69286,11.898265,1.3259023,-6.9224954,0.16715902,23.284458,102.9095,8,2,0,6.437219000000002,5.874941885714286,5.212703407142857,7.1117797,23.045239142857145,0,0.0,974,0.6151958864458785,0,0
2021-09-01,4875.93,369.9608333333333,55.494125,18.498041666666666,43.07,Aswan,0.0,5.1145177,184.0821,24.680328,34.889233,11.290436,-0.17318217,-5.0559387,0.26178154,24.864277,106.73194,9,3,0,6.240165733333335,5.8083190857142855,5.201972171428571,7.1117797,23.287746714285714,0,0.0,975,0.5361243172464283,0,0
2021-09-02,4727.66,369.1141666666667,55.367125,18.455708333333334,42.8775,Aswan,0.0,3.515701,226.76794,23.780558,36.650707,11.856517,-1.454361,-2.509425,0.242277,23.400787,95.97303,9,3,0,5.2473328000000015,5.426701657142857,5.1232491,7.1117797,23.34312957142857,0,0.0,976,0.8111199317393861,0,0
2021-09-03,4896.81,408.4908333333333,61.27362499999999,20.424541666666666,42.681666666666665,Aswan,0.0,3.7292783,164.28957,23.436396,36.962555,12.502513,0.739858,-3.067805,0.18938822,19.738113,71.962906,9,3,0,4.119832333333335,5.260082928571428,5.071877907142857,5.1145177,23.045223571428572,0,0.0,977,0.8917545211359462,0,0
2021-09-04,5116.1,422.8933333333334,63.434000000000005,21.14466666666667,42.48333333333333,Aswan,0.0,4.1313176,158.74855,24.02301,35.79239,11.674794,1.534841,-3.7882843,0.23736653,24.560314,103.93131,9,3,0,3.7920989666666682,5.114638800000001,5.068716735714285,4.1313176,23.062097285714284,0,0.0,978,0.8660629892113247,0,0
2021-09-05,5245.73,430.20416666666665,64.530625,21.510208333333335,42.285,Aswan,0.0,5.287025,160.93343,25.575888,34.76773,11.463857,1.6882426,-4.985092,0.2023707,21.292015,103.31018,9,3,0,4.382540300000001,5.054831299999999,5.17034895,5.287025,23.61514971428571,0,0.0,979,0.927994431025841,0,0
2021-09-06,5196.59,423.3066666666667,63.495999999999995,21.165333333333336,42.079166666666666,Aswan,0.0,4.495519,167.11133,30.236685,33.520092,12.966136,0.9069519,-4.3822937,0.17011954,24.678463,89.681114,9,3,0,4.637953866666669,4.769305471428572,5.160486414285715,5.287025,25.44867357142857,0,0.0,980,1.2121107893059113,0,0
2021-09-07,5186.27,422.09083333333336,63.313625,21.10454166666667,41.87583333333333,Aswan,0.0,4.900952,181.94606,21.924833,34.170727,8.988027,-0.18407695,-4.877848,0.1740651,19.083918,71.43747,9,3,0,4.894498666666668,4.453472942857142,5.1642074142857135,5.287025,24.80824257142857,0,0.0,981,1.2720822191420684,0,0
2021-09-08,5232.3,420.81916666666666,63.12287499999999,21.040958333333336,41.66916666666667,Aswan,0.0,5.655594,185.99951,17.262732,34.833973,5.9155173,-0.56270856,-5.6171722,0.20090479,12.296506,44.408714,9,3,0,5.017355000000002,4.530769557142857,5.169544321428572,5.655594,23.748585999999996,0,0.0,982,1.274866179232822,0,0
2021-09-09,5223.08,414.3783333333333,62.15674999999999,20.718916666666665,41.45666666666667,Aswan,0.0,6.638279,182.65356,18.118273,35.291492,6.7560935,-0.18258159,-6.6110992,0.18893439,13.402831,44.782402,9,3,0,5.731608333333335,4.976852128571429,5.201776892857143,6.638279,22.939688142857143,0,0.0,983,1.1185849711436036,0,0
2021-09-10,5253.91,409.84,61.47599999999999,20.492,41.24666666666666,Aswan,0.0,6.652614,169.83624,27.151625,34.209217,12.100331,1.1631927,-6.502009,0.24769369,19.177216,98.343216,9,3,0,6.315495666666668,5.394471514285714,5.327277221428572,6.652614,23.470435142857145,0,0.0,984,0.7599096877034894,0,0
2021-09-11,5422.38,426.27583333333337,63.941375,21.31379166666667,41.03083333333333,Aswan,0.0,6.3943157,163.04881,31.27405,31.222403,11.788483,1.8816935,-6.0971274,0.23739123,21.894676,111.257164,9,3,0,6.561736233333335,5.717756957142856,5.416197878571428,6.652614,24.506297999999997,0,0.0,985,1.3522273742959197,0,0
2021-09-12,5482.32,438.8533333333333,65.82799999999999,21.942666666666668,40.814166666666665,Aswan,0.0,5.5123425,159.98425,33.96525,30.333323,12.002919,1.8598734,-5.1314797,0.16791444,21.33138,92.419846,9,3,0,6.186424066666668,5.749945171428572,5.402388235714285,6.652614,25.704778285714287,0,0.0,986,1.8724713634902674,0,0
2021-09-13,5395.02,433.5758333333333,65.03637499999999,21.67879166666667,40.59666666666666,Aswan,0.0,4.8298926,177.72395,22.515486,31.718252,6.848704,0.20856221,-4.8187766,0.1070567,22.506086,82.293,9,3,0,5.5788502666666675,5.797712828571428,5.28350915,6.3943157,24.601749857142856,0,0.0,987,1.9695311428821067,0,0
2021-09-14,5338.59,428.9958333333333,64.349375,21.449791666666666,40.37583333333333,Aswan,0.0,5.039229,181.2774,21.953293,33.609203,8.429759,0.0438385,-4.9741263,0.17036301,12.086726,44.8167,9,3,0,5.127154700000002,5.817466685714286,5.135469814285714,5.5123425,24.605815571428572,0,0.0,988,1.9302349269344719,0,0
2021-09-15,5340.23,423.8616666666667,63.57925,21.193083333333334,40.15333333333333,Aswan,0.0,5.766548,171.14154,25.6677,33.730865,10.764476,1.063619,-5.5183005,0.17417827,13.383723,60.60781,9,3,0,5.211889866666669,5.833317257142857,5.1820434071428565,5.766548,25.806525285714287,0,0.0,989,1.799091311864063,0,0
2021-09-16,5575.06,439.39166666666665,65.90875,21.969583333333333,39.9275,Aswan,0.0,5.7199388,154.86201,27.422102,30.68464,9.429189,2.4129536,-5.1707153,0.11831628,19.570683,82.51753,9,3,0,5.508571933333336,5.7021258,5.339488964285715,5.766548,27.135643714285713,0,0.0,990,1.5986070178157108,0,0
2021-09-17,5572.7,442.4583333333333,66.36874999999999,22.12291666666667,39.70166666666667,Aswan,0.0,5.280377,150.00925,30.286644,29.460114,9.79662,2.564748,-4.5720267,0.14876467,25.740627,101.85225,9,3,0,5.588954600000002,5.506091942857142,5.4502817285714285,5.766548,27.58350357142857,0,0.0,991,1.6190379763183287,0,0
2021-09-18,5423.2,435.0008333333333,65.25012499999998,21.750041666666664,39.473333333333336,Aswan,0.0,3.2501688,144.37825,31.312876,29.17048,9.575185,1.4440969,-2.5789745,0.12064229,24.078487,79.75545,9,3,0,4.750161533333336,5.0569281,5.387342528571429,5.7199388,27.589050142857143,0,0.0,992,1.8541641512241893,0,0
2021-09-19,5390.85,449.6683333333333,67.45025,22.483416666666667,39.24166666666667,Aswan,0.0,2.3801343,163.62733,26.697863,30.173737,8.157298,0.21989441,-2.1610463,0.06465079,15.620472,44.225708,9,3,0,3.636893366666668,4.609469785714286,5.179707478571428,5.280377,26.550851999999995,0,0.0,993,1.8681536804651762,0,0
2021-09-20,4925.46,439.2190909090909,65.88286363636362,21.960954545454545,39.48818181818182,Aswan,0.0,2.9154208,178.71281,19.965084,31.778147,5.580963,0.09680685,-2.7387493,0.06667742,16.71675,40.38607,9,3,0,2.8485746333333353,4.3359738142857145,5.066843321428571,3.2501688,26.186508857142858,0,0.0,994,1.8709456077960414,0,0
2021-09-21,5256.24,429.0125,64.35187499999999,21.450625000000002,38.7775,Aswan,0.0,3.2877228,180.70184,18.129446,33.010815,5.316803,-0.036621094,-2.9812214,0.0747966,14.050701,35.52093,9,3,0,2.8610926333333353,4.085758642857143,4.951612664285714,3.2877228,25.640245,0,0.0,995,1.7541230595970048,0,0
2021-09-22,5318.45,437.3441666666667,65.601625,21.867208333333338,38.54333333333333,Aswan,0.0,3.7635353,165.28809,20.745413,33.10367,7.3019104,0.63668317,-3.5261688,0.14299631,19.631462,81.39334,9,3,0,3.322226300000002,3.7996139714285713,4.816465614285714,3.7635353,24.937061142857143,0,0.0,996,1.610076033732109,0,0
2021-09-23,5383.33,426.92083333333335,64.038125,21.346041666666668,38.3075,Aswan,0.0,4.831966,176.87305,20.675682,32.490875,6.7507224,0.20723979,-4.8081765,0.14451727,18.52173,74.61441,9,3,0,3.9610747000000024,3.6727607142857144,4.687443257142857,4.831966,23.973286857142856,0,0.0,997,1.6839597830021191,0,0
2021-09-24,5391.24,429.9625,64.49437499999999,21.498125,38.07083333333333,Aswan,0.0,5.061535,191.849,24.864183,31.658518,8.79361,-0.8564504,-4.90568,0.10324259,19.384834,62.339005,9,3,0,4.552345433333335,3.641497571428571,4.573794757142857,5.061535,23.198649571428575,0,0.0,998,1.4726438712741567,0,0
2021-09-25,5296.99,406.2891666666667,60.943375,20.314458333333334,37.8325,Aswan,0.0,5.767723,180.53072,32.758137,30.850739,11.923492,-0.070755005,-5.732305,0.1588724,18.678295,61.919655,9,3,0,5.220408000000003,4.0011481714285715,4.529038135714286,5.767723,23.405115428571428,0,0.0,999,1.0937832032170223,0,0
2021-09-26,5365.28,422.1366666666667,63.3205,21.106833333333338,37.59166666666667,Aswan,0.0,5.2711067,167.7133,26.16179,29.888824,7.7884827,1.1254629,-5.0414276,0.16317092,19.462385,71.755165,9,3,0,5.366788233333335,4.414144228571429,4.511807007142857,5.767723,23.328533571428572,0,0.0,1000,1.1699295532594385,0,0
2021-09-27,5437.13,427.3908333333333,64.10862499999999,21.369541666666667,37.35333333333333,Aswan,0.0,6.0215697,161.75941,29.88079,29.878977,9.637685,1.8943228,-5.6734314,0.21013181,14.748386,91.578804,9,3,0,5.686799800000002,4.857879785714286,4.5969268,6.0215697,24.745063,0,0.0,1001,1.383566179498885,0,0
2021-09-28,5456.57,418.1541666666667,62.723125,20.907708333333336,37.11083333333333,Aswan,0.0,5.7688713,156.52591,28.078918,29.228018,8.246572,2.2703552,-5.2882943,0.13390453,16.82126,73.96694,9,3,0,5.687182566666668,5.212329571428571,4.649044107142857,6.0215697,26.16641614285714,0,0.0,1002,1.4568211770512214,0,0
2021-09-29,5514.55,424.63416666666666,63.695125,21.231708333333334,36.8675,Aswan,0.0,5.374781,160.3467,30.040155,28.674631,8.690501,1.8193003,-5.0291038,0.10225269,25.072613,85.520546,9,3,0,5.721740666666668,5.4425075285714275,4.62106075,6.0215697,27.49423642857143,0,0.0,1003,1.356441706273367,0,0
2021-09-30,5507.34,435.93250000000006,65.389875,21.796625000000006,36.623333333333335,Aswan,0.0,4.5923576,162.07384,27.040354,28.63386,6.9854226,1.4029541,-4.3517966,0.094329774,17.753534,69.50694,9,3,0,5.245336633333334,5.408277757142857,4.540519235714286,5.7688713,28.403475285714286,0,0.0,1004,1.1194681868638057,0,0
2021-10-01,5483.87,434.6483333333333,65.19725,21.732416666666666,36.38,Aswan,0.0,5.0977426,166.58698,32.03133,29.575592,10.276113,1.1297354,-4.9028015,0.10747449,27.191431,101.96634,10,3,0,5.021627066666668,5.413450271428571,4.527473921428571,5.374781,29.42735342857143,0,0.0,1005,0.777048372129044,0,0
2021-10-02,5392.07,412.67083333333335,61.900625,20.63354166666667,36.13666666666666,Aswan,0.0,4.3850226,160.89735,32.90106,28.779367,10.358958,1.4180094,-4.1348214,0.13256821,24.915174,90.08063,10,3,0,4.691707600000002,5.215921642857142,4.6085349071428565,5.0977426,29.447771,0,0.0,1006,0.5539553108348076,0,0
2021-10-03,5583.21,446.08833333333337,66.91325,22.30441666666667,35.89083333333333,Aswan,0.0,5.300456,167.13197,33.76972,28.120758,9.859772,1.1493225,-5.1370597,0.10972062,23.936783,88.527756,10,3,0,4.927740400000002,5.2201144,4.817129314285714,5.300456,30.534618142857145,0,0.0,1007,0.6077111233604908,0,0
2021-10-04,5555.35,439.2266666666667,65.884,21.961333333333336,35.645833333333336,Aswan,0.0,4.893884,161.27364,36.924423,27.759836,10.8471575,1.4417013,-4.5719757,0.08702506,26.597754,87.445564,10,3,0,4.859787533333336,5.059016442857143,4.958448114285714,5.300456,31.540851428571425,0,0.0,1008,0.61561255431148,0,0
2021-10-05,5587.97,443.645,66.54674999999999,22.18225,35.4,Aswan,0.0,4.4334464,161.7353,34.112473,27.211496,9.378571,1.2898306,-4.186381,0.09078997,26.88412,90.22151,10,3,0,4.875928800000001,4.868241457142857,5.040285514285714,5.300456,32.402787857142854,0,0.0,1009,0.7698586419902214,0,0
2021-10-06,5556.99,448.2791666666667,67.24187500000001,22.413958333333337,35.1525,Aswan,0.0,3.968383,164.36034,35.752323,27.145578,9.712148,1.0380605,-3.7804515,0.092383996,24.6325,81.390366,10,3,0,4.431904466666668,4.667327457142856,5.054917492857142,4.893884,33.21881185714285,0,0.0,1010,0.8851386481260131,0,0
2021-10-07,5453.56,445.1883333333333,66.77824999999999,22.259416666666667,34.906666666666666,Aswan,0.0,3.7620068,166.25363,32.585842,27.689768,8.768138,0.7445882,-3.5221355,0.0865725,26.526114,72.75557,10,3,0,4.054612066666668,4.548705914285714,4.978491835714286,4.4334464,34.011024428571424,0,0.0,1011,0.8754799920720789,0,0
2021-10-08,4893.25,442.380909090909,66.35713636363634,22.11904545454545,33.98090909090909,Aswan,0.0,4.7133327,175.44933,27.703474,28.767649,7.5143943,0.3607076,-4.696823,0.10078228,24.556616,73.84628,10,3,0,4.147907500000001,4.493790214285714,4.953620242857142,4.7133327,33.392759285714284,0,0.0,1012,0.6680221194416253,0,0
2021-10-09,5252.3,424.9533333333333,63.742999999999995,21.247666666666667,34.4125,Aswan,0.0,4.5753284,193.68333,25.032362,30.95336,8.007802,-1.0960642,-4.3752646,0.08398108,18.975712,48.445534,10,3,0,4.350222633333335,4.520976757142857,4.8684492,4.7133327,32.26865957142857,0,0.0,1013,1.319324642810306,0,0
2021-10-10,4951.4,412.94,61.940999999999995,20.647000000000002,34.16916666666667,Aswan,0.0,3.8482301,213.57643,23.072502,33.704254,9.425201,-1.783081,-3.1829224,0.11356544,17.070305,47.06639,10,3,0,4.378963733333335,4.3135159142857145,4.766815157142857,4.7133327,30.740485571428568,0,0.0,1014,2.445549184867837,0,0
2021-10-11,4571.64,423.8954545454546,63.58431818181818,21.19477272727273,32.333636363636366,Aswan,0.0,2.707906,276.68018,22.271837,33.6927,8.538239,-2.080907,-0.23883057,0.10769862,11.005028,26.672855,10,3,0,3.7104881666666683,4.001233342857143,4.530124892857143,4.5753284,28.647259,0,0.0,1015,2.913935385092322,0,0
2021-10-12,4523.8,414.1281818181818,62.11922727272727,20.70640909090909,32.096363636363634,Aswan,0.0,3.471234,199.13618,24.839264,33.75479,10.404938,-1.5096639,2.399643,0.12941474,14.8584,42.328686,10,3,0,3.342456700000002,3.8637744285714284,4.366007942857143,3.8482301,27.32251485714286,0,0.0,1016,2.964057813014701,0,0
2021-10-13,4361.87,306.4891666666667,45.973375,15.324458333333334,33.42916666666667,Aswan,0.0,3.4266703,176.58739,25.488295,33.48485,10.668691,-0.053410847,-3.2758331,0.14828598,19.22065,67.22597,10,3,0,3.2019367666666683,3.7863868999999997,4.226857178571429,3.471234,25.856225142857145,0,0.0,1017,2.6022666601153026,0,0
2021-10-14,5163.26,437.1341666666667,65.570125,21.856708333333337,33.18416666666666,Aswan,0.0,3.1187842,144.76857,25.661316,33.158764,10.432933,-0.09806824,-1.0656179,0.13208234,17.600983,55.455715,10,3,0,3.338896166666668,3.694497957142857,4.121601935714286,3.471234,24.867007142857144,0,0.0,1018,1.922396918313052,0,0
2021-10-15,5208.65,451.5741666666667,67.736125,22.57870833333334,32.939166666666665,Aswan,0.0,2.4713557,166.99146,22.860512,33.067127,8.364166,-0.8932088,-1.2712301,0.110602364,17.050797,51.295082,10,3,0,3.005603400000002,3.374215528571429,3.9340028714285715,3.4266703,24.17515542857143,0,0.0,1019,0.9919640141780965,0,0
2021-10-16,5416.26,449.7141666666666,67.45712499999999,22.48570833333333,32.69583333333333,Aswan,0.0,5.3579636,186.37292,21.421926,32.44164,7.295156,-0.596756,-5.2697654,0.09329004,15.288351,48.767117,10,3,0,3.649367833333335,3.4860205571428575,4.003498657142857,5.3579636,23.659378857142855,0,0.0,1020,0.47673279618426845,0,0
2021-10-17,5472.22,449.1933333333333,67.37899999999999,22.459666666666667,32.4525,Aswan,0.0,5.613474,192.47334,17.033024,31.763254,3.1272686,-1.1413931,-5.4730887,0.10830366,14.5496235,46.946686,10,3,0,4.480931100000002,3.7381982571428574,4.025857085714286,5.613474,22.796596285714287,0,0.0,1021,0.7230493582938046,0,0
2021-10-18,5610.46,456.6716666666667,68.50075,22.833583333333337,32.21083333333333,Aswan,0.0,6.382486,185.77472,20.655996,29.691559,4.5369363,-0.6201172,-6.334849,0.11199546,17.525015,62.396175,10,3,0,5.784641200000002,4.263138257142857,4.1321858,6.382486,22.565761857142856,0,0.0,1022,1.3982638469847763,0,0
2021-10-19,5681.56,448.4916666666666,67.27374999999999,22.42458333333333,31.968333333333334,Aswan,0.0,7.026111,180.30205,26.997644,27.3461,6.2182517,-0.05065918,-7.0203757,0.08447217,14.781599,60.59761,10,3,0,6.340690333333335,4.770977828571428,4.3173761285714285,7.026111,22.874101857142854,0,0.0,1023,2.2582808190875863,0,0
2021-10-20,5715.05,499.2590909090909,74.88886363636364,24.962954545454547,34.50363636363637,Aswan,0.0,6.550211,188.07515,29.167963,27.093332,7.21109,-0.89476013,-6.485153,0.046114422,10.919285,36.5039,10,3,0,6.652936000000001,5.217197928571429,4.501792414285714,7.026111,23.399768714285717,0,0.0,1024,2.6162931764889885,0,0
2021-10-21,5671.4,499.4281818181818,74.91422727272727,24.97140909090909,34.25818181818182,Aswan,0.0,6.183149,181.33354,33.682056,26.531809,8.693024,-0.14891052,-6.1698556,0.06735787,18.14407,70.45503,10,3,0,6.586490333333335,5.654964328571429,4.6747311428571425,7.026111,24.545588714285714,0,0.0,1025,2.753302462887705,0,0
2021-10-22,5628.68,489.2927272727273,73.39390909090909,24.464636363636366,34.015454545454546,Aswan,0.0,5.967294,177.4771,31.85112,26.08837,7.557607,0.2429657,-5.9451346,0.08533318,20.05467,78.12914,10,3,0,6.233551333333335,6.154384085714285,4.764299807142857,6.550211,25.829961285714287,0,0.0,1026,2.591724841542913,0,0
2021-10-23,5600.37,487.7436363636364,73.16154545454546,24.387181818181823,33.775454545454544,Aswan,0.0,4.9138284,173.90974,32.98673,25.686514,7.468577,0.49161276,-4.853292,0.07962923,20.373007,73.1254,10,3,0,5.688090466666668,6.0909362,4.788478378571428,6.183149,27.482076142857146,0,0.0,1027,2.197454636022304,0,0
2021-10-24,5553.53,486.93545454545455,73.04031818181818,24.34677272727273,33.53363636363636,Aswan,0.0,4.0989914,173.4563,39.99419,25.050608,9.846995,0.41792807,-4.0236816,0.09114331,15.13785,64.19806,10,3,0,4.993371266666668,5.874581542857143,4.8063899,5.967294,30.762242714285716,0,0.0,1028,1.5067717569786812,0,0
2021-10-25,5524.15,496.78363636363633,74.51754545454544,24.839181818181817,33.29181818181818,Aswan,0.0,3.753439,177.20691,34.958088,24.959137,8.192128,0.13208516,-3.7442677,0.083591886,16.931118,59.22276,10,3,0,4.255419600000002,5.4990034,4.881070828571429,4.9138284,32.805398714285715,0,0.0,1029,0.9398035828322285,0,0
2021-10-26,5356.07,485.88545454545454,72.88281818181818,24.294272727272727,33.054545454545455,Aswan,0.0,3.3672826,189.49231,30.779318,26.753082,8.026357,-0.45706177,-3.3128307,0.07044248,10.964727,30.438217,10,3,0,3.7399043333333353,4.976313628571428,4.873645728571428,4.0989914,33.345637857142854,0,0.0,1030,0.8298958945733023,0,0
2021-10-27,5331.49,483.0545454545455,72.45818181818183,24.152727272727276,32.81818181818182,Aswan,0.0,3.4749506,223.61641,36.430035,28.291983,10.864736,-2.3041332,-2.5002391,0.08426583,11.347864,28.584364,10,3,0,3.5318907333333356,4.536990714285714,4.877094321428571,3.753439,34.383076714285714,0,0.0,1031,1.1495760196718747,0,0
2021-10-28,5280.09,475.3790909090909,71.30686363636363,23.768954545454548,32.58363636363636,Aswan,0.0,3.3809798,227.37276,30.053352,29.171701,9.00829,-2.4919178,-2.284373,0.07919222,9.933839,28.261806,10,3,0,3.407737666666668,4.136680828571429,4.895822578571428,3.4749506,33.86469042857143,0,0.0,1032,1.616762229401563,0,0
2021-10-29,5156.53,473.1445454545455,70.97168181818182,23.657227272727276,32.35090909090909,Aswan,0.0,2.3889992,224.60442,29.390808,29.103668,9.342194,-1.4468638,-1.4300079,0.080886655,10.825407,27.948864,10,3,0,3.081643200000002,3.6254958571428566,4.889939971428572,3.4749506,33.51321728571428,0,0.0,1033,1.851231548512044,0,0
2021-10-30,5146.66,467.7554545454546,70.16331818181818,23.387772727272733,32.11727272727273,Aswan,0.0,2.97229,205.6944,23.597116,29.482492,6.526764,-0.894811,-2.7063344,0.069023944,10.583875,27.428606,10,3,0,2.9140896666666687,3.3481332285714283,4.7195347142857145,3.3809798,32.17184385714286,0,0.0,1034,1.954621582227193,0,0
2021-10-31,4015.12,260.1536363636364,39.02304545454546,13.00768181818182,31.88909090909091,Aswan,0.0,2.6055043,241.5578,30.013514,29.560537,9.652089,-2.0245361,-1.0037638,0.09644337,12.662022,35.508278,10,3,0,2.655597833333335,3.1347779285714283,4.504679735714286,2.97229,30.746033,0,0.0,1035,1.7253519002892181,0,0
2021-11-01,4899.31,420.15090909090907,63.02263636363636,21.007545454545454,31.663636363636364,Aswan,0.0,1.9412012,221.045,33.014523,29.655832,11.064117,-1.354894,-1.2804871,0.104727685,12.637114,34.383305,11,3,0,2.5063318333333355,2.8758868142857144,4.187445107142858,2.97229,30.468380857142854,0,0.0,1036,1.0352033019571965,0,0
2021-11-02,5541.78,513.69,77.0535,25.684500000000003,31.434545454545454,Aswan,0.0,5.6697392,177.87175,25.883593,28.86498,7.266754,0.2026418,-5.6561837,0.10741526,17.938694,66.57435,11,3,0,3.405481566666669,3.204809185714286,4.090561407142857,5.6697392,29.768991571428568,0,0.0,1037,0.4750549044358231,0,0
2021-11-03,5505.61,513.2263636363637,76.98395454545455,25.661318181818185,31.21454545454545,Aswan,0.0,4.8285904,190.03166,31.268915,27.72647,8.894521,-0.80293274,-4.7242484,0.074060515,15.464928,48.40702,11,3,0,4.146510266666669,3.3981863000000003,3.967588507142857,5.6697392,29.031688714285714,0,0.0,1038,0.6597650858038863,0,0
2021-11-04,5465.97,511.07272727272726,76.66090909090909,25.553636363636365,30.99272727272728,Aswan,0.0,3.6743486,192.40619,33.27414,28.215973,10.045074,-0.77556866,-3.543691,0.048050612,12.944696,39.056732,11,3,0,4.724226066666669,3.4400961285714287,3.7883884785714286,5.6697392,29.491801285714285,0,0.0,1039,0.7326818776008163,0,0
2021-11-05,5389.24,505.6654545454545,75.84981818181818,25.283272727272728,30.773636363636363,Aswan,0.0,3.006651,204.177,30.892534,28.371328,9.011546,-1.1202749,-2.7483928,0.041688956,10.508637,23.041752,11,3,0,3.836530000000002,3.5283321000000005,3.576913978571429,4.8285904,29.70633357142857,0,0.0,1040,0.7579783173710519,0,0
2021-11-06,5176.71,601.5355555555556,90.23033333333333,30.076777777777778,35.583333333333336,Aswan,0.0,2.9838588,206.92403,29.71572,28.284006,8.0330305,-1.2699432,-2.6772003,0.035741463,10.828066,23.425472,11,3,0,3.221619466666669,3.5299847857142863,3.4390590071428577,3.6743486,30.580419857142854,0,0.0,1041,0.7231305666183548,0,0
2021-11-07,5472.44,508.90363636363634,76.33554545454545,25.44518181818182,30.344545454545457,Aswan,0.0,3.1819382,203.167,28.640821,28.096588,7.5831604,-1.2750498,-2.9026845,0.035033874,11.752207,24.892303,11,3,0,3.057482666666669,3.6123324857142864,3.373555207142857,3.1819382,30.384320857142857,0,0.0,1042,0.6275003294257981,0,0
2021-11-08,5489.99,559.8019999999999,83.97029999999998,27.990099999999998,33.018,Aswan,0.0,3.2086756,212.50645,27.507517,27.79296,6.6433005,-1.6626129,-2.5095417,0.023748485,10.884596,20.87471,11,3,0,3.124824200000002,3.7934002571428573,3.3346435357142856,3.2086756,29.597605714285717,0,0.0,1043,0.3827847784570621,0,0
2021-11-09,5503.66,556.211,83.43165,27.810550000000003,32.805,Aswan,0.0,3.0313816,216.76805,32.461838,26.02481,6.175608,-1.7903188,-2.4218445,0.02325264,11.062504,22.62622,11,3,0,3.1406651333333357,3.4164920285714286,3.310650607142857,3.2086756,30.537354999999998,0,0.0,1044,0.8141793756770827,0,0
2021-11-10,5484.84,558.038,83.7057,27.9019,32.595,Aswan,0.0,2.741666,204.26167,36.42327,25.391916,7.5260315,-1.0410156,-2.3166504,0.029834466,8.487051,18.396393,11,3,0,2.9939077333333355,3.1183599714285712,3.258273135714286,3.2086756,31.27369142857143,0,0.0,1045,1.2202179549692092,0,0
2021-11-11,4487.56,379.212,56.8818,18.9606,32.387,Aswan,0.0,2.190059,180.8798,26.065742,25.743317,4.484365,-0.44994608,-1.9113413,0.02745806,13.219552,30.264282,11,3,0,2.654368866666669,2.9063186,3.1732073642857146,3.0313816,30.24392028571429,0,0.0,1046,1.3169216681036982,0,0
2021-11-12,3245.3,212.686,31.9029,10.634300000000001,32.184,Aswan,0.0,2.2860327,145.7141,45.05623,25.455313,11.941152,-0.8677063,-1.1208242,0.049267203,18.091942,41.814262,11,3,0,2.4059192333333352,2.8033731285714287,3.1658526142857144,2.741666,32.267305428571426,0,0.0,1047,1.309184542040089,0,0
2021-11-13,5669.1,613.3050000000001,91.99575,30.665250000000004,31.985000000000003,Aswan,4.673004e-05,4.1808624,238.24988,62.276936,26.4169,17.957022,-2.860733,-1.7620646,0.05284718,13.511672,31.034836,11,3,0,2.885651366666669,2.9743736428571426,3.252179214285714,4.1808624,36.918907714285716,0,4.673004e-05,1048,1.102843410746506,0,0
2021-11-14,5805.06,627.327,94.09904999999999,31.36635,31.789,Aswan,0.0,3.7039158,208.56908,65.25849,24.231192,16.325918,-1.6110891,-3.0816448,0.026581438,8.946368,19.459356,11,3,0,3.3902703000000023,3.048941871428571,3.3306371785714286,4.1808624,42.150003285714284,0,4.673004e-05,1049,1.089567924062474,0,0
2021-11-15,5773.84,634.9010000000001,95.23515,31.745050000000006,31.596,Aswan,0.0,2.5419943,211.96489,52.59781,24.439117,13.191966,-1.3423411,-2.0152485,0.01876727,9.980875,20.482101,11,3,0,3.475590833333335,2.9537016857142855,3.3735509714285716,4.1808624,45.73433085714286,0,4.673004e-05,1050,0.7993243649659434,0,0
2021-11-16,4785.34,444.689,66.70335,22.234450000000002,31.408,Aswan,0.0,3.8879669,197.13802,39.28056,24.451242,9.321279,-1.1259562,-3.6977184,0.03556466,15.803316,34.077637,11,3,0,3.377959000000002,3.0760710142857137,3.2462815214285716,3.8879669,46.708434,0,4.673004e-05,1051,0.8109391747557455,0,0
2021-11-17,5666.25,608.399,91.25985,30.41995,31.223000000000003,Aswan,0.0,4.3258634,205.67879,42.87193,24.881826,10.103993,-1.8405558,-3.9066975,0.046238802,15.483929,28.534111,11,3,0,3.585274866666669,3.3023849285714286,3.21037245,4.3258634,47.62967114285714,0,4.673004e-05,1052,0.80967799964154,0,0
2021-11-18,5877.02,632.0899999999999,94.81349999999999,31.604499999999998,31.041000000000004,Aswan,0.0,4.8299117,187.38414,36.11554,25.062002,8.322662,-0.508255,-4.733846,0.04185552,11.772072,27.670467,11,3,0,4.347914000000003,3.679506742857143,3.2929126714285712,4.8299117,49.06535657142857,0,4.673004e-05,1053,0.7570732361431318,0,0
2021-11-19,5805.77,583.723,87.55845,29.186149999999998,30.863,Aswan,0.0,5.407212,165.33528,41.57655,22.15917,8.070546,1.3981476,-5.1238556,0.067785874,22.192112,80.82054,11,3,0,4.854329033333336,4.1253895,3.4643813142857143,5.407212,48.56825942857143,0,4.673004e-05,1054,1.270899393104449,0,0
2021-11-20,5977.36,617.925,92.68874999999998,30.89625,30.693,Aswan,0.0,4.957683,151.41008,42.11498,21.148264,7.0126038,2.3714752,-4.341375,0.09125407,16.093687,70.690445,11,3,0,5.064935566666669,4.236363871428572,3.6053687571428568,5.407212,45.687979999999996,0,0.0,1055,1.4998979548068567,0,0
2021-11-21,5898.37,608.692,91.3038,30.434600000000003,30.524,Aswan,0.0,3.777055,116.277916,38.80427,20.331207,5.4263406,3.4111023,-1.5948435,0.057711825,8.74304,37.06028,11,3,0,4.713983333333336,4.246812328571428,3.6478771,5.407212,41.90880571428572,0,0.0,1056,1.9544296227404032,0,0
2021-11-22,5932.81,611.944,91.79159999999999,30.5972,30.360000000000003,Aswan,0.0,3.3347824,191.89348,39.397526,19.082754,4.4549866,-0.45491028,-3.0961914,0.04450877,12.289301,33.1954,11,3,0,4.023173466666669,4.360067771428572,3.6568847285714283,4.957683,40.023050857142856,0,0.0,1057,2.3926230073640373,0,0
2021-11-23,5881.08,596.159,89.42385,29.80795,30.199,Aswan,0.0,3.903662,191.61151,40.72345,18.841623,4.638743,-0.77041626,-3.8087616,0.015036937,10.858294,22.850245,11,3,0,3.6718331333333354,4.362309928571429,3.7191904714285715,3.903662,40.229178,0,0.0,1058,2.5434272279128143,0,0
2021-11-24,5841.66,597.554,89.6331,29.8777,30.046000000000003,Aswan,0.0,3.530637,177.60492,36.500874,20.205963,4.2413635,0.19102986,-3.4439952,0.010094684,9.657487,17.777737,11,3,0,3.5896938000000023,4.248706157142857,3.7755455428571425,3.903662,39.31902714285714,0,0.0,1059,2.1320427966198654,0,0
2021-11-25,5656.06,584.86,87.729,29.243000000000002,29.895,Aswan,0.0,2.6570175,179.89116,35.12327,20.626862,3.7787983,0.03258769,-2.60997,0.026948795,13.420553,27.45765,11,3,0,3.363772166666669,3.9382926999999994,3.8088997214285714,3.903662,39.17727428571428,0,0.0,1060,1.1466449977558992,0,0
2021-11-26,5590.0,576.139,86.42085,28.80695,29.75,Aswan,0.0,3.6263087,198.41528,29.32205,22.37442,3.0349019,-1.0691935,-3.4186249,0.10889104,11.5882225,29.129568,11,3,0,3.2713210666666686,3.6838779428571433,3.904633721428571,3.6263087,37.42663142857143,0,0.0,1061,1.2048969852765956,0,0
2021-11-27,5538.9,562.556,84.38340000000001,28.127800000000004,29.610000000000003,Aswan,0.0,3.3012311,208.89531,35.28836,22.568512,5.782705,-1.3175913,-2.8840637,0.051371522,9.154822,28.763298,11,3,0,3.194852433333335,3.447241957142857,3.8418029142857146,3.6263087,36.4514,0,0.0,1062,1.4515338804413795,0,0
2021-11-28,5535.31,557.671,83.65065,27.883550000000003,29.472,Aswan,0.0,4.069326,201.0276,32.14484,22.814606,4.7762756,-1.4656576,-3.7945454,0.018294021,10.091318,20.676636,11,3,0,3.6656219333333353,3.4889949571428573,3.8679036428571427,4.069326,35.500052857142855,0,0.0,1063,1.6689600444181483,0,0
2021-11-29,5331.95,551.269,82.69035,27.563450000000003,29.343,Aswan,0.0,3.2713814,232.5923,32.321316,26.59675,7.9553933,-2.4815724,-1.9740804,0.039832726,11.180681,28.439598,11,3,0,3.547312833333335,3.4799376714285715,3.9200027214285713,4.069326,34.48916571428572,0,0.0,1064,2.494540497481173,0,0
2021-11-30,5329.65,551.868,82.78020000000001,27.593400000000003,29.218,Aswan,0.0,2.6134331,223.61345,33.539265,25.51651,7.0825906,-1.7523041,-1.7634379,0.07446595,10.357185,31.717937,11,3,0,3.318046833333335,3.295619257142857,3.828964592857143,4.069326,33.462853571428575,0,0.0,1065,2.3560989848206306,0,0
2021-12-01,5576.139999999999,560.629,84.09435,28.031450000000003,29.096,Aswan,0.0,5.170831,180.5664,28.673027,25.02302,5.3554587,-0.05168152,-5.165731,0.080730975,17.570503,49.35328,12,0,0,3.685215166666668,3.529932685714286,3.8893194214285716,5.170831,32.34458971428571,0,0.0,1066,2.1089580123414433,0,0
2021-12-02,5778.24,572.485,85.87275,28.624250000000004,28.981,Aswan,0.0,5.8606896,181.85487,45.629826,20.47875,7.7635803,-0.16256206,-5.834254,0.041175053,16.125603,58.627663,12,0,0,4.548317900000002,3.9876001285714286,3.9629464142857143,5.8606896,33.845526285714286,0,0.0,1067,2.1447343248966373,0,0
2021-12-03,5627.0,565.693,84.85395,28.28465,28.87,Aswan,0.0,3.416361,193.40392,41.06986,19.067617,5.168203,-0.75955707,-3.3260498,0.019205082,10.932276,31.715218,12,0,0,4.815960533333335,3.9576076,3.820742771428571,5.8606896,35.523784857142864,0,0.0,1068,2.745926331511889,0,0
2021-12-04,5447.05,567.937,85.19055,28.39685,28.763,Aswan,0.0,2.1934054,151.45412,39.934467,20.428293,6.0759177,-0.75668335,-1.147934,0.014675649,10.605129,21.992512,12,0,0,3.8234853333333354,3.7993467857142855,3.6232943714285715,5.8606896,36.187514428571426,0,0.0,1069,2.9344365411715425,0,0
2021-12-05,5510.74,530.3100000000001,79.54650000000001,26.515500000000003,28.664,Aswan,0.0,3.177862,185.49535,39.139908,20.57779,4.5942283,0.16175334,-2.8070831,0.03785325,11.20047,41.72456,12,0,0,2.9292094666666686,3.671994785714286,3.580494871428571,3.416361,37.186809857142855,0,0.0,1070,3.0576897714813156,0,0
2021-12-06,5494.72,530.489,79.57335,26.52445,28.569,Aswan,0.0,4.2360578,192.18555,38.39766,18.266266,3.6724346,-0.7751109,-4.1417747,0.06010741,18.822155,57.303772,12,0,0,3.2024417333333353,3.8098057000000005,3.644871685714286,4.2360578,38.054859,0,0.0,1071,2.821739859176195,0,0
2021-12-07,5060.8,502.159,75.32385,25.107950000000002,28.479000000000003,Aswan,0.0,2.1849632,202.41467,54.0686,20.546457,10.502025,-0.37626138,-0.6328532,0.0402632,13.685852,28.695883,12,0,0,3.1996276666666685,3.748595714285714,3.522107485714286,4.2360578,40.987621142857144,0,0.0,1072,2.1369800903811265,0,0
2021-12-08,5759.9,540.107,81.01604999999999,27.00535,28.396000000000004,Aswan,0.0,6.325416,167.14764,25.780602,18.335846,-2.6803486,1.3323263,-6.160792,0.06956956,15.376776,60.57695,12,0,0,4.248812333333334,3.9135364285714282,3.721734557142857,6.325416,40.57441757142857,0,0.0,1073,1.0750680881524937,0,0
2021-12-09,5566.98,515.061,77.25915,25.75305,28.319,Aswan,0.0,4.5876555,202.45131,40.23649,15.801829,1.6900126,-1.7462616,-4.2252097,0.04707291,17.386883,65.38199,12,0,0,4.366011566666669,3.731674414285714,3.8596372714285714,6.325416,39.803941,0,0.0,1074,1.7384487526776005,0,0
2021-12-10,4921.32,449.812,67.4718,22.4906,28.244,Aswan,0.0,3.2766836,216.66896,57.48506,17.533438,8.198395,-1.958786,-2.6219177,0.027923118,12.2058115,29.79652,12,0,0,4.729918366666668,3.7117204999999998,3.83466405,6.325416,42.148969571428566,0,0.0,1075,1.8236308049364471,0,0
2021-12-11,4611.78,408.959,61.343849999999996,20.447950000000002,28.178,Aswan,0.0,2.7424843,224.70485,51.28708,21.850412,10.060211,-1.7765299,-1.9332733,0.06551373,19.062298,54.19819,12,0,0,3.5356078000000024,3.790160342857143,3.794753564285714,4.5876555,43.77077142857143,0,0.0,1076,2.096157665021173,0,0
2021-12-12,4823.49,464.305,69.64574999999999,23.21525,28.114,Aswan,0.0,2.3734596,278.50955,65.74582,23.379465,15.876943,-2.2048492,-0.0026804607,0.04154879,19.603888,41.701393,12,0,0,2.797542500000002,3.6752457142857144,3.6736202499999995,3.2766836,47.571616,0,0.0,1077,2.6458340032707905,0,0
2021-12-13,5025.33,505.551,75.83265,25.27755,28.06,Aswan,0.0,2.6142235,182.71037,54.15799,23.74112,13.20637,-1.976766,0.56863403,0.054178484,24.950264,57.940342,12,0,0,2.5767224666666686,3.4435551,3.6266804,2.7424843,49.82309171428572,0,0.0,1078,3.0390668982070745,0,0
2021-12-14,5390.97,554.894,83.2341,27.7447,28.009000000000004,Aswan,0.0,2.840764,175.71992,45.867935,23.14802,10.441478,0.43597922,-2.428777,0.056434613,25.898651,57.67586,12,0,0,2.6094823666666684,3.5372409285714284,3.642918321428571,2.840764,48.65156814285714,0,0.0,1079,3.2449098177509064,0,0
2021-12-15,5124.53,461.718,69.2577,23.085900000000002,27.965000000000003,Aswan,0.0,5.646152,166.8164,40.574295,18.64379,4.4834695,1.2817078,-5.474411,0.07726942,19.748543,82.25047,12,0,0,3.700379833333335,3.4402032142857144,3.6768698214285713,5.646152,50.76495285714286,0,0.0,1080,3.2119443101760377,0,0
2021-12-16,4790.43,379.574,56.9361,18.9787,27.925,Aswan,0.0,4.6820416,168.43916,42.154957,15.597565,2.1281636,0.93865967,-4.565638,0.056368314,12.105543,58.82624,12,0,0,4.389652533333336,3.4536869428571424,3.5926806785714285,5.646152,51.039019571428575,0,0.0,1081,3.2631661372540264,0,0
2021-12-17,5184.29,469.6470000000001,70.44705000000002,23.482350000000007,27.891,Aswan,0.0,4.0349164,154.05824,43.20331,15.493968,2.5461323,1.7592367,-3.6200562,0.056553595,11.776934,56.891266,12,0,0,4.787703333333336,3.562005914285714,3.636863207142857,5.646152,48.998769571428575,0,0.0,1082,3.6465658650044475,0,0
2021-12-18,3217.96,191.175,28.67625,9.558750000000002,27.863,Aswan,0.0,4.4882317,163.7102,46.743954,15.335683,3.5983784,1.2849731,-4.2713165,0.05495607,11.254274,47.65812,12,0,0,4.401729900000002,3.8113983999999994,3.8007793714285714,4.6820416,48.34975157142857,0,0.0,1083,3.9896733971823437,0,0
2021-12-19,3151.14,251.9475,37.792125,12.597375,28.77625,Aswan,0.0,2.8386748,172.74586,40.83484,14.064769,0.2957255,0.6309967,-2.6143544,0.040048026,10.724335,35.944572,12,0,0,3.787274300000002,3.8778577142857142,3.776551714285714,4.4882317,44.79104014285714,0,0.0,1084,3.9689096754944178,0,0
2021-12-20,5615.1,540.389,81.05835,27.019450000000003,27.826,Aswan,0.0,3.7219274,114.048515,39.685913,14.912913,0.9702861,3.1126301,-1.8014883,0.072918326,9.557695,55.10769,12,0,0,3.682944633333335,4.0361011285714286,3.7398281142857144,4.4882317,42.72360057142857,0,0.0,1085,3.1625955670557047,0,0
2021-12-21,5982.58,576.461,86.46915,28.823050000000002,27.817,Aswan,0.0,4.2662354,181.34851,42.449352,12.148265,-1.055837,-0.023651123,-4.2010703,0.07584351,12.767935,58.964172,12,0,0,3.608945866666669,4.239739900000001,3.8884904142857146,4.2662354,42.23523157142857,0,0.0,1086,1.9493990402036119,0,0
2021-12-22,5987.7300000000005,583.972,87.5958,29.1986,27.812,Aswan,0.0,4.879774,180.7863,44.804127,13.612538,1.2996317,-0.016194662,-4.8579764,0.022360092,10.75889,32.00406,12,0,0,4.289312266666669,4.130257328571429,3.7852302714285715,4.879774,42.83949328571428,0,0.0,1087,1.2618235319037943,0,0
2021-12-23,5838.99,571.9,85.785,28.595,27.814,Aswan,0.0,4.5323553,177.40901,50.948154,14.389801,3.6484272,0.2345937,-4.5079904,0.036107503,14.817347,52.275734,12,0,0,4.559454900000002,4.108873571428572,3.781280257142857,4.879774,44.09566428571429,0,0.0,1088,1.1573636301036643,0,0
2021-12-24,5091.38,463.309,69.49635,23.165450000000003,27.825,Aswan,0.0,4.585502,164.01976,48.72235,15.653148,4.298818,1.2992401,-4.3932137,0.05095236,15.23798,56.489662,12,0,0,4.665877100000002,4.187528657142858,3.8747672857142854,4.879774,44.884098571428574,0,0.0,1089,1.1863975324935283,0,0
2021-12-25,5934.38,581.667,87.25005,29.083350000000003,27.836,Aswan,0.0,5.413525,179.41801,39.97365,14.740306,0.6362203,0.061467487,-5.40803,0.037253685,12.390223,41.036667,12,0,0,4.843794100000001,4.319713414285714,4.0655559071428575,5.413525,43.91691228571428,0,0.0,1090,1.1194297172540328,0,0
2021-12-26,5859.37,584.269,87.64035,29.21345,27.856,Aswan,0.0,3.5816886,184.1515,40.087048,14.277333,0.44025674,-0.2417806,-3.5414531,0.030855786,11.692217,33.38196,12,0,0,4.526905200000002,4.425858242857143,4.151857978571429,5.413525,43.810084857142854,0,0.0,1091,1.1174809437863944,0,0
2021-12-27,3869.43,279.18600000000004,41.877900000000004,13.959300000000002,27.881,Aswan,0.0,3.136865,186.77484,39.97457,15.489655,1.4762268,-0.33472696,-3.0958965,0.025086317,13.130237,28.64943,12,0,0,4.044026200000002,4.3422779,4.189189514285714,5.413525,43.85132157142857,0,0.0,1092,1.1933803885339531,0,0
2021-12-28,2303.48,107.428,16.1142,5.3714,27.911,Aswan,0.0,3.0729396,141.98586,32.575832,17.425772,0.35033163,1.8010508,-2.0022228,0.03948014,15.799242,33.012623,12,0,0,3.2638310666666683,4.171807071428572,4.205773485714286,3.5816886,42.44081871428572,0,0.0,1093,1.2508884419216573,0,0
2021-12-29,5803.51,577.675,86.65124999999999,28.88375,27.948,Aswan,0.0,3.5336902,147.41942,49.108128,15.052724,3.6897686,2.0018513,-2.8099773,0.05941222,14.161944,52.55868,12,0,0,3.247831600000002,3.979509385714286,4.054883357142857,3.5336902,43.055676,0,0.0,1094,1.0745213263013176,0,0
2021-12-30,5658.15,569.667,85.45005,28.48335,27.99,Aswan,0.0,2.2968562,79.09986,49.189594,14.744945,3.5354717,1.4168243,-0.05834961,0.03380558,10.037786,26.130062,12,0,0,2.967828666666669,3.660152371428571,3.8845129714285713,3.5336902,42.80445314285714,0,0.0,1095,1.0325060912400341,0,0
2022-01-01,5389.14,517.501,77.62514999999999,25.87505,28.108,Aswan,0.0,3.342179,85.09271,47.41371,16.406647,4.874827,2.18161,0.16412862,0.044193808,9.57509,28.39295,1,0,0,3.0575751333333354,3.4825348,3.835031728571429,3.5336902,42.617504571428576,0,0.0,1096,1.1071090350172497,0,0
2022-01-02,5815.95,574.3720000000001,86.15580000000001,28.718600000000006,28.168,Aswan,0.0,3.3333817,133.99123,56.359753,14.281158,5.377024,2.314916,-2.3574932,0.06854518,12.369581,60.09133,1,0,0,2.9908056333333355,3.1853714714285712,3.7525424428571434,3.342179,44.95837642857142,0,0.0,1097,1.1679680751708696,0,0
2022-01-03,5677.25,560.111,84.01665,28.00555,28.235000000000003,Aswan,0.0,3.49307,165.09312,60.02736,14.278148,6.0932517,0.9549866,-3.326889,0.063874386,18.179699,56.33397,1,0,0,3.3895435666666685,3.1727116714285715,3.799284957142857,3.49307,47.806992428571434,0,0.0,1098,1.1678395668868398,0,0
2022-01-04,5748.83,572.08,85.812,28.604000000000003,28.307,Aswan,0.0,3.9461162,177.94763,58.833233,15.617259,6.5585837,0.18182373,-3.9187367,0.03383108,17.283222,40.710438,1,0,0,3.5908559666666684,3.288318985714286,3.8152984428571424,3.9461162,50.501087142857145,0,0.0,1099,1.1707791232440714,0,0
2022-01-05,5390.59,507.5220000000001,76.12830000000001,25.376100000000008,28.386000000000003,Aswan,0.0,3.8423598,193.6657,53.76881,15.152008,5.2227273,-0.8520711,-3.7165782,0.013867632,17.36702,30.625877,1,0,0,3.7605153333333354,3.398236157142857,3.7850216142857143,3.9461162,53.528655428571426,0,0.0,1100,0.7580502018251758,0,0
2022-01-06,4289.389999999999,341.47,51.2205,17.073500000000003,28.467,Aswan,0.0,2.9642012,197.78563,53.15965,16.078766,5.9934793,-0.9753418,-2.7507222,0.03612732,15.444338,30.27651,1,0,0,3.5842257333333354,3.316880585714286,3.648194985714286,3.9461162,54.10744428571429,0,0.0,1101,0.8467765660500312,0,0
2022-01-07,4982.01,451.413,67.71195,22.57065,28.558,Aswan,0.0,2.2459955,181.76472,45.445324,17.51358,4.8959045,-0.122039795,-2.0729015,0.042660017,17.817083,37.73216,1,0,0,3.017518833333335,3.309614771428571,3.4848835714285715,3.8423598,53.57254857142858,0,0.0,1102,1.1709676619107747,0,0
2022-01-08,2840.04,144.754,21.713099999999997,7.2377,28.653,Aswan,0.0,1.8483018,140.43312,39.010944,18.975983,4.5174866,-0.53637695,-0.21013387,0.021979079,21.106525,35.00438,1,0,0,2.352832833333335,3.096203742857143,3.2893692714285714,2.9642012,52.37215342857143,0,0.0,1103,1.7290102223845105,0,0
2022-01-09,1846.14,90.637,13.59555,4.53185,28.751,Aswan,0.0,2.185589,171.72697,34.839336,20.557526,4.2439675,-1.059372,-1.2657725,0.049772635,11.212051,21.223946,1,0,0,2.093295433333335,2.932233357142857,3.0588024142857146,2.2459955,49.29780814285714,0,0.0,1104,2.2476217658911173,0,0
2022-01-10,4715.87,414.877,62.23155,20.743850000000002,28.857,Aswan,0.0,5.196338,176.19997,42.497204,16.799795,3.202057,0.29582214,-5.163198,0.076534815,14.994846,33.041473,1,0,0,3.0767429333333354,3.175557357142857,3.174134514285714,5.196338,46.79350014285715,0,0.0,1105,1.9420639259632897,0,0
2022-01-11,6030.17,616.35,92.4525,30.817500000000003,28.969,Aswan,0.0,3.0389893,193.35872,34.10174,14.816071,-1.972341,-0.6963043,-2.9353282,0.031494983,14.912175,31.514389,1,0,0,3.4736387666666686,3.0459677999999997,3.167143392857143,5.196338,43.260429714285706,0,0.0,1106,2.0729822135624385,0,0
2022-01-12,5407.9,564.191,84.62865000000001,28.209550000000004,29.086,Aswan,0.0,3.0216062,201.41084,35.47269,15.615468,0.113576256,-1.1406097,-2.623291,0.027079118,13.150679,23.938507,1,0,0,3.752311166666668,2.9287172857142854,3.163476721428571,5.196338,40.64669828571429,0,0.0,1107,2.005673449170898,0,0
2022-01-13,3042.48,166.928,25.039199999999997,8.346400000000001,29.203000000000003,Aswan,0.0,4.5051875,183.45679,23.640146,18.385569,-3.1369731,-0.21887207,-4.467397,0.05733992,18.43969,28.732246,1,0,0,3.5219276666666683,3.148858185714286,3.232869385714286,4.5051875,36.429626285714285,0,0.0,1108,1.981278576843476,0,0
2022-01-14,5964.84,532.3000000000001,79.84500000000001,26.615000000000006,26.822727272727278,Aswan,0.0,5.1453147,167.9588,36.99025,16.128897,1.1336975,1.1018829,-5.0096383,0.053076446,13.186263,46.695282,1,0,0,4.224036133333335,3.563046642857143,3.4363307071428575,5.1453147,35.22175857142857,0,0.0,1109,2.050345508401426,0,0
2022-01-15,5990.99,537.2072727272727,80.58109090909089,26.860363636363633,26.956363636363637,Aswan,0.0,3.935304,161.21985,49.076122,14.040273,2.9361064,1.3731791,-3.5825043,0.041819885,12.438717,45.578262,1,0,0,4.528602066666668,3.8611898142857144,3.4786967785714284,5.1453147,36.65964114285715,0,0.0,1110,2.229091265264406,0,0
2022-01-16,6055.3,540.6118181818182,81.09177272727273,27.03059090909091,27.09272727272727,Aswan,0.0,3.283397,149.1622,41.178738,12.266022,-1.3108826,1.7833201,-2.5619507,0.06555961,11.801966,50.16828,1,0,0,4.121338566666669,4.018019528571428,3.4751264428571425,5.1453147,37.565270000000005,0,0.0,1111,1.9770911059005798,0,0
2022-01-17,4499.58,306.2772727272728,45.94159090909092,15.313863636363642,27.23818181818182,Aswan,0.0,4.188329,112.05215,42.303314,11.303375,-1.3246359,3.8529713,-1.4917755,0.110002235,10.58066,54.358658,1,0,0,3.802343333333335,3.874018242857143,3.5247878,4.188329,37.53757142857143,0,0.0,1112,2.39291776343138,0,0
2022-01-18,6021.34,537.5336363636363,80.63004545454545,26.87668181818182,27.384545454545457,Aswan,0.0,2.8075168,137.64934,51.35739,11.460358,0.580719,1.8458608,-1.9975128,0.045329407,12.116389,46.627346,1,0,0,3.4264142666666686,3.8409507428571428,3.443459271428572,4.188329,40.00266428571428,0,0.0,1113,2.673927292387546,0,0
2022-01-19,6199.22,542.9318181818181,81.43977272727271,27.146590909090907,27.53727272727273,Aswan,0.0,4.0878196,157.62762,39.003094,10.669993,-3.323578,1.5734965,-3.7632039,0.03693151,11.222658,36.332935,1,0,0,3.6945551333333353,3.9932669428571432,3.460992114285714,4.188329,40.50700771428571,0,0.0,1114,2.8746046122504216,0,0
2022-01-20,6166.68,540.7418181818182,81.11127272727272,27.03709090909091,27.69454545454545,Aswan,0.0,4.5385194,178.73671,51.045185,11.820465,1.0609436,0.072647095,-4.5165405,0.03659999,10.260628,33.483154,1,0,0,3.8112852666666686,3.998028642857143,3.5734434142857148,4.5385194,44.422013285714286,0,0.0,1115,1.9111260497296783,0,0
2022-01-21,5988.36,525.34,78.801,26.267000000000003,27.85272727272727,Aswan,0.0,3.8376892,195.36815,50.99353,12.007558,1.797699,-0.9871165,-3.6353607,0.015617639,11.359362,22.792591,1,0,0,4.154676066666668,3.8112250000000003,3.687135821428572,4.5385194,46.42248185714285,0,0.0,1116,1.0633700294029553,0,0
2022-01-22,6019.8,536.9336363636364,80.54004545454546,26.84668181818182,28.01636363636364,Aswan,0.0,4.151142,174.99536,38.97627,14.112457,-0.121673584,0.41730753,-4.021464,0.018299827,15.913683,26.934872,1,0,0,4.175783533333335,3.842059,3.8516244071428574,4.5385194,44.97964585714285,0,0.0,1117,1.0872334829013388,0,0
2022-01-23,6083.77,536.2672727272728,80.44009090909093,26.813363636363643,28.187272727272727,Aswan,0.0,3.9560184,178.13904,40.87254,12.2447,-1.3288676,0.22366841,-3.9074504,0.037734956,18.675966,49.936943,1,0,0,3.981616533333335,3.9381477714285715,3.97808365,4.151142,44.93590328571428,0,0.0,1118,1.0862253898808367,0,0
2022-01-24,5909.9,512.1754545454546,76.8263181818182,25.608772727272733,28.36,Aswan,0.0,4.0522885,179.18648,39.9056,12.860829,-0.9903259,0.15319824,-3.9531047,0.05380226,13.158768,47.330887,1,0,0,4.053149633333335,3.9187134142857145,3.896365828571429,4.151142,44.59337271428571,0,0.0,1119,1.0922539618742841,0,0
2022-01-25,6078.21,528.0527272727272,79.20790909090908,26.40263636363636,28.536363636363635,Aswan,0.0,4.814256,175.71861,37.674088,12.971588,-1.7951761,0.3488922,-4.7376504,0.033758324,12.68685,28.450596,1,0,0,4.274187633333335,4.205390442857143,4.023170592857142,4.814256,42.63861528571427,0,0.0,1120,1.0783238452540178,0,0
2022-01-26,6147.62,530.9409090909091,79.64113636363636,26.547045454545458,28.71818181818181,Aswan,0.0,4.557565,159.49438,34.565266,12.20287,-3.6837666,1.7021484,-4.1903434,0.054074295,11.864938,40.300903,1,0,0,4.474703166666669,4.272496928571429,4.132881935714286,4.814256,42.004639857142855,0,0.0,1121,0.789112202598766,0,0
2022-01-27,5064.43,351.5354545454545,52.73031818181818,17.576772727272726,28.901818181818182,Aswan,0.0,5.9225006,170.18681,38.10344,11.163239,-3.3485615,0.9821065,-5.8198547,0.12746789,20.164576,98.75235,1,0,0,5.098107200000001,4.470208528571429,4.234118585714286,5.9225006,40.15581914285714,0,0.0,1122,0.9251065218777502,0,0
2022-01-28,4873.28,320.6836363636364,48.102545454545464,16.03418181818182,29.09181818181818,Aswan,0.0,5.0242267,178.91888,43.87824,10.152333,-2.3966572,0.12298584,-4.996933,0.038929895,13.076334,35.34813,1,0,0,5.168097433333334,4.639713885714286,4.225469442857142,5.9225006,39.13934914285714,0,0.0,1123,1.2874911791743238,0,0
2022-01-29,6222.72,548.2354545454546,82.23531818181819,27.41177272727273,29.283636363636365,Aswan,0.0,4.4362564,174.0959,42.665413,11.489818,-1.5456644,0.48062134,-4.3774467,0.03007033,13.150711,37.495907,1,0,0,5.127661233333335,4.680444514285715,4.261251757142857,5.9225006,39.66636957142857,0,0.0,1124,1.0033998114627052,0,0
2022-01-30,6029.54,519.9145454545455,77.98718181818182,25.99572727272728,29.479090909090907,Aswan,0.0,3.802223,174.0558,44.690174,12.539134,0.057362873,0.50773114,-3.7084095,0.039333962,12.959874,37.734272,1,0,0,4.420902033333335,4.658473742857143,4.298310757142858,5.0242267,40.21174585714285,0,0.0,1125,1.0276357762813602,0,0
2022-01-31,6242.38,554.4427272727272,83.16640909090908,27.722136363636363,29.678181818181816,Aswan,0.0,4.7319303,134.98174,36.4834,13.823232,-1.2956644,3.387263,-3.1769917,0.053635977,9.166852,34.889793,1,0,0,4.323469900000001,4.755565428571429,4.337139421428572,4.7319303,39.722860142857144,0,0.0,1126,1.2218549969414068,0,0
2022-02-01,5965.77,522.2245454545455,78.33368181818182,26.111227272727277,29.88181818181818,Aswan,0.0,2.7608948,194.4143,46.798145,13.1127825,1.1979879,-0.7619629,-2.2750347,0.15965918,14.088797,76.85388,2,0,0,3.765016033333334,4.462228114285714,4.333809278571429,4.7319303,41.02629685714286,0,0.0,1127,1.240646747687407,0,0
2022-02-02,5050.780000000001,511.7720000000001,76.76580000000001,25.588600000000007,28.499,Aswan,0.0,1.768714,271.06537,51.80508,14.271393,3.2315166,-1.656011,-0.35538736,0.04005059,10.501288,26.332945,2,0,0,3.0871797000000014,4.063820828571428,4.168158878571429,4.7319303,43.48912742857142,0,0.0,1128,1.497572652415296,0,0
2022-02-03,5978.21,533.4427272727272,80.01640909090908,26.672136363636362,30.29636363636364,Aswan,0.0,3.515837,79.74793,36.519367,16.64509,0.26740518,3.4044952,0.2703959,0.07911807,9.689629,31.891367,2,0,0,2.6818152666666677,3.720011742857143,4.095110135714285,3.515837,43.26283128571429,0,0.0,1129,2.0833920358467837,0,0
2022-02-04,6152.59,528.1472727272727,79.22209090909091,26.407363636363637,30.50818181818181,Aswan,0.0,5.0808997,115.32944,32.245613,14.692128,-2.0837505,4.5393066,-2.2510936,0.10298452,13.147265,71.13534,2,0,0,3.4551502333333346,3.728107885714286,4.183910885714285,5.0808997,41.601027428571435,0,0.0,1130,1.658918958370451,0,0
2022-02-05,6142.400000000001,530.3981818181818,79.55972727272727,26.519909090909092,30.722727272727276,Aswan,0.0,4.496369,152.13582,44.07515,13.555491,0.8959859,1.8132273,-3.9669545,0.18188514,18.390266,92.55168,2,0,0,4.364368566666667,3.7366954,4.208569957142857,5.0808997,41.802418428571436,0,0.0,1131,1.3317243622191255,0,0
2022-02-06,6238.68,552.2990909090909,82.84486363636363,27.614954545454545,30.94090909090909,Aswan,0.0,4.820336,184.51263,44.901096,13.5218,1.013092,-0.35666403,-4.772522,0.041833043,15.292371,39.54812,2,0,0,4.799201566666667,3.882140114285714,4.270306928571428,5.0808997,41.832550142857144,0,0.0,1132,1.1844872216848739,0,0
2022-02-07,6172.42,553.2527272727273,82.98790909090908,27.662636363636366,31.16,Aswan,0.0,4.7009015,191.22401,34.80122,15.953522,-0.54070026,-0.8907318,-4.5804443,0.025987938,16.159275,34.023453,2,0,0,4.672535500000001,3.8777074285714286,4.316636428571429,4.820336,41.59223871428571,0,0.0,1133,1.3271253175388602,0,0
2022-02-08,6076.86,558.0181818181818,83.70272727272727,27.900909090909092,31.384545454545457,Aswan,0.0,3.316108,209.60596,34.34227,17.174713,0.32233682,-1.5912933,-2.8885396,0.015726764,13.816849,22.92809,2,0,0,4.279115166666668,3.9570236,4.209625857142858,4.820336,39.812828,0,0.0,1134,1.4802898549763142,0,0
2022-02-09,6023.74,553.1690909090909,82.97536363636362,27.658454545454546,31.60909090909091,Aswan,0.0,3.3189614,175.94658,25.267647,18.689932,-1.9990336,0.23599751,-2.9367573,0.022247326,16.887234,27.68562,2,0,0,3.778656966666668,4.178487514285714,4.1211541714285715,4.7009015,36.021766142857146,0,0.0,1135,1.9328480667407328,0,0
2022-02-10,6360.84,552.9881818181818,82.94822727272727,27.649409090909092,31.83818181818182,Aswan,0.0,6.153691,165.592,36.092,15.190013,-0.4313253,1.5587616,-5.9348702,0.07183841,17.023134,66.387245,2,0,0,4.262920133333335,4.5553238,4.137667771428571,6.153691,35.96071371428572,0,0.0,1136,1.8981632726389053,0,0
2022-02-11,6411.88,567.0609090909091,85.05913636363637,28.35304545454546,32.07,Aswan,0.0,5.1584544,177.56526,42.18259,13.170074,-0.011484782,0.24636841,-5.122294,0.05475738,14.831508,43.513733,2,0,0,4.877035600000002,4.566403042857143,4.147255464285714,6.153691,37.380281857142855,0,0.0,1137,2.089011380103151,0,0
2022-02-12,6178.51,558.0481818181818,83.70722727272727,27.90240909090909,32.300000000000004,Aswan,0.0,4.414063,215.6585,45.863445,15.744374,2.6061096,-2.5924022,-3.5361583,0.04049956,12.542591,38.29318,2,0,0,5.242069466666668,4.5546450428571434,4.1456702214285714,6.153691,37.63575257142857,0,0.0,1138,1.9389100199279008,0,0
2022-02-13,6175.53,563.3490909090909,84.50236363636364,28.167454545454547,32.53727272727273,Aswan,0.0,4.276757,204.85329,46.924335,17.407785,4.9194236,-1.6383667,-3.8345337,0.04374837,9.851688,33.28475,2,0,0,4.616424800000001,4.4769909,4.179565507142857,5.1584544,37.92478671428571,0,0.0,1139,1.7831036332221204,0,0
2022-02-14,6200.13,573.579090909091,86.03686363636363,28.67895454545455,32.77363636363636,Aswan,0.0,3.8632457,193.45409,30.10575,18.134104,-0.11483765,-0.7924347,-3.7157745,0.03164621,13.217693,25.20116,2,0,0,4.184688566666668,4.357325785714286,4.117516607142856,4.414063,37.254005285714285,0,0.0,1140,1.9201057164279194,0,0
2022-02-15,6230.87,569.1445454545454,85.37168181818181,28.457227272727273,33.013636363636365,Aswan,0.0,4.6175504,176.21265,34.243694,17.705557,1.0414124,0.32810465,-4.583252,0.03843245,20.491287,49.166965,2,0,0,4.252517700000001,4.543246128571428,4.250134864285714,4.6175504,37.239923,0,0.0,1141,1.9611663933325214,0,0
2022-02-16,6334.13,576.9390909090909,86.54086363636362,28.846954545454544,33.25272727272727,Aswan,0.0,5.436395,176.04535,39.93326,16.795645,1.8705953,0.34354147,-5.3923593,0.05837906,20.734648,63.298294,2,0,0,4.639063700000001,4.845736642857142,4.512112078571429,5.436395,39.33501057142856,0,0.0,1142,1.7392184387108307,0,0
2022-02-17,6096.44,570.85,85.6275,28.542500000000004,33.49818181818182,Aswan,0.0,3.0656922,169.99385,32.739838,17.589834,0.2694397,0.37428284,-2.5719097,0.048085682,18.461626,47.41555,2,0,0,4.3732125333333345,4.404593957142857,4.479958878571429,5.436395,38.856130285714286,0,0.0,1143,1.7187954219138026,0,0
2022-02-18,6118.76,565.1381818181818,84.77072727272727,28.25690909090909,33.74,Aswan,0.0,3.106599,152.3496,31.474604,17.378082,-0.4492289,1.8179373,-1.8621674,0.066126786,18.669918,53.10263,2,0,0,3.8695620666666684,4.111471757142857,4.3389374,5.436395,37.326418,0,0.0,1144,0.7766707042480746,0,0
2022-02-19,6390.52,566.7663636363636,85.01495454545454,28.33831818181818,33.98636363636364,Aswan,0.0,5.528607,118.92975,41.020695,15.7430725,2.3312886,4.7223306,-2.7220001,0.1709818,21.224092,125.37861,2,0,0,3.9002994000000015,4.270692328571428,4.412668685714285,5.528607,36.634596571428574,0,0.0,1145,0.777091467630066,0,0
2022-02-20,6221.18,546.8854545454545,82.03281818181817,27.344272727272728,34.23454545454546,Aswan,0.0,4.1585755,160.02165,43.290806,15.330068,2.4288635,1.0383301,-3.6072845,0.13252993,16.17263,77.21162,2,0,0,4.264593833333334,4.253809257142857,4.365400078571429,5.528607,36.115521,0,0.0,1146,1.054371081671906,0,0
2022-02-21,6197.41,566.6663636363636,84.99995454545454,28.333318181818182,34.482727272727274,Aswan,0.0,4.227291,207.97888,38.646698,17.562408,2.55484,-1.8795929,-3.6834157,0.055715114,15.559611,46.248962,2,0,0,4.638157833333334,4.305815728571429,4.331570757142857,5.528607,37.33565642857143,0,0.0,1147,0.9661561930696992,0,0
2022-02-22,6186.64,575.9572727272727,86.39359090909089,28.797863636363633,34.731818181818184,Aswan,0.0,3.1186352,188.0539,38.85095,18.093985,2.7030334,-0.33270773,-3.0088959,0.05234363,17.614273,40.446175,2,0,0,3.834833900000001,4.091684985714286,4.3174655571428575,4.227291,37.993835857142855,0,0.0,1148,1.0309824665408482,0,0
2022-02-23,5946.12,568.9645454545454,85.3446818181818,28.44822727272727,34.983636363636364,Aswan,0.0,2.5305426,150.07202,28.029074,19.62963,-0.056325275,0.04163106,-0.12445068,0.032660123,20.86803,40.343323,2,0,0,3.2921562666666677,3.6765632142857143,4.261149928571428,4.227291,36.293237857142856,0,0.0,1149,1.4441742452576491,0,0
2022-02-24,6233.43,550.6554545454545,82.59831818181817,27.53277272727273,35.235454545454544,Aswan,0.0,4.81712,115.12092,31.09535,18.488596,0.042877197,3.4225361,-2.309489,0.111523926,14.910835,68.95284,2,0,0,3.4887659333333345,3.9267671857142856,4.165680571428572,4.81712,36.058310999999996,0,0.0,1150,1.5093533105097983,0,0
2022-02-25,6097.9,526.8990909090909,79.03486363636362,26.344954545454545,35.48909090909091,Aswan,0.0,3.4613476,132.179,37.102932,17.097647,1.9810282,2.4316304,-2.4083812,0.14010711,13.726957,72.850845,2,0,0,3.603003400000001,3.977445557142857,4.044458657142857,4.81712,36.86235785714286,0,0.0,1151,1.5156245606211967,0,0
2022-02-26,6391.71,585.9109090909091,87.88663636363636,29.295545454545454,35.74272727272727,Aswan,0.0,3.942714,178.16325,37.828842,16.624582,1.5240784,0.1222229,-3.9402363,0.10212562,14.241298,53.524635,2,0,0,4.073727200000001,3.7508894142857145,4.010790871428571,4.81712,36.40637885714286,0,0.0,1152,1.3838918971707574,0,0
2022-02-27,6311.59,579.5381818181818,86.93072727272727,28.97690909090909,35.99636363636363,Aswan,0.0,4.0372853,188.0581,34.83154,17.058828,0.77782184,-0.49645996,-3.9679058,0.043394618,15.78138,36.406185,2,0,0,3.8137823000000015,3.733562242857143,3.9936857499999996,4.0372853,35.19791228571429,0,0.0,1153,1.0318712784837318,0,0
2022-02-28,6279.97,583.4363636363637,87.51545454545455,29.171818181818185,36.25181818181818,Aswan,0.0,4.132168,196.16844,26.23179,18.869944,-1.702179,-1.0176239,-3.9681447,0.021687856,13.329577,24.76445,2,0,0,4.037389100000001,3.719973242857143,4.012894485714286,4.132168,33.424354,0,0.0,1154,1.0991817473730792,0,0
2022-03-01,6099.4800000000005,567.7781818181819,85.16672727272729,28.388909090909095,36.50636363636364,Aswan,0.0,3.8223755,205.84233,16.381046,21.199453,-6.198069,-1.5260874,-3.40242,0.029993035,14.06662,24.065876,3,1,1,3.997276266666668,3.8205075714285712,3.956096278571429,4.132168,30.214367714285718,0,0.0,1155,1.6442087098522962,0,0
2022-03-02,5850.14,556.440909090909,83.46613636363635,27.822045454545453,36.76363636363636,Aswan,0.0,2.0288098,166.86678,31.37176,22.597647,3.9573467,-1.564794,-0.20402019,0.03088898,8.195783,18.169907,3,1,1,3.327784433333335,3.748831457142857,3.7126973357142856,4.132168,30.691894285714287,0,0.0,1156,2.270363268058288,0,0
2022-03-03,6020.59,511.6436363636364,76.74654545454545,25.582181818181823,37.018181818181816,Aswan,0.0,5.9092946,163.1938,20.202438,22.717926,-1.3068949,1.5226339,-5.681208,0.072057515,18.135376,54.382088,3,1,1,3.9201599666666684,3.9048564,3.9158117928571423,5.9092946,29.135764,0,0.0,1157,2.6838495701259037,0,0
2022-03-04,5955.94,509.0663636363636,76.35995454545453,25.45331818181818,37.275454545454544,Aswan,0.0,5.1512914,190.68414,27.618246,18.29548,-1.6367289,-0.875768,-5.0263367,0.09198952,17.016323,48.83007,3,1,1,4.363131933333335,4.146276942857143,4.061861250000001,5.9092946,27.78080885714286,0,0.0,1158,2.543199620249658,0,0
2022-03-05,5726.02,545.6736363636363,81.85104545454544,27.28368181818182,37.53181818181818,Aswan,0.0,3.2087638,226.6794,24.63986,22.469065,-0.20777385,-1.9657236,-2.1939697,0.117241755,9.396694,16.3461,3,1,1,4.756449933333335,4.041426914285714,3.8961581642857146,5.9092946,25.89666857142857,0,0.0,1159,2.346354402983769,0,0
2022-03-06,5646.08,530.1572727272728,79.52359090909091,26.50786363636364,37.78818181818182,Aswan,0.0,2.675787,190.80815,22.496489,24.92691,1.5108134,-1.5371399,0.87751263,0.09565055,9.083419,23.53088,3,1,1,3.6786140666666682,3.8469271571428574,3.7902446999999997,5.1512914,24.13451842857143,0,0.0,1160,2.330950333843489,0,0
2022-03-07,5644.82,479.6272727272727,71.9440909090909,23.98136363636364,38.04272727272728,Aswan,0.0,5.416308,176.92818,15.829942,25.407705,-2.5015564,0.277771,-5.3655243,0.19014369,22.046215,80.93512,3,1,1,3.7669529333333354,4.030375728571428,3.8751744857142856,5.416308,22.648540142857144,0,0.0,1161,2.372416927326517,0,0
2022-03-08,5695.12,525.6763636363636,78.85145454545453,26.28381818181818,38.30181818181818,Aswan,0.0,3.9139693,199.17279,23.01008,23.82779,0.7199605,-0.99217224,-3.6443126,0.08495547,20.956966,56.18683,3,1,1,4.0020214333333355,4.043460557142857,3.931984064285714,5.416308,23.595544999999998,0,0.0,1162,2.3369905340805652,0,0
2022-03-09,5422.15,472.6972727272727,70.9045909090909,23.634863636363637,38.55636363636364,Aswan,0.0,4.4568286,140.65295,26.265306,27.274323,5.0007224,0.97095746,1.1850382,0.121032625,13.465355,36.733337,3,1,1,4.5957019666666685,4.390320385714285,4.069575921428571,5.416308,22.866051571428567,0,0.0,1163,2.850870103494804,0,0
2022-03-10,5640.45,444.6827272727273,66.70240909090909,22.234136363636367,38.81181818181818,Aswan,0.0,7.102867,163.33267,33.033318,22.625153,5.0669656,2.0789642,-6.6727295,0.27901447,23.669323,83.5941,3,1,1,5.1578883000000015,4.560830728571429,4.232843564285714,7.102867,24.699034428571427,0,0.0,1164,2.855648250838344,0,0
2022-03-11,6136.02,505.27181818181816,75.79077272727272,25.263590909090908,39.06545454545455,Aswan,0.0,6.411309,167.0575,27.032145,16.860178,-2.641042,1.4201202,-6.2315164,0.17540605,23.449617,122.81412,3,1,1,5.990334866666668,4.740833242857143,4.443555092857143,7.102867,24.615305714285714,0,0.0,1165,3.3107937957850315,0,0
2022-03-12,5967.38,463.9918181818182,69.59877272727273,23.19959090909091,39.32090909090909,Aswan,0.0,6.3945293,179.56435,33.18091,16.028067,-0.6932068,0.053934734,-6.356089,0.07429543,15.638588,44.989082,3,1,1,6.636235100000001,5.1959426,4.618684757142857,7.102867,25.83545571428571,0,0.0,1166,4.331431723290399,0,0
2022-03-13,6326.42,550.1518181818182,82.52277272727272,27.507590909090908,39.57545454545455,Aswan,0.0,5.5528026,173.91756,30.612183,15.779205,-2.574229,0.59925336,-5.4622397,0.03743332,13.01181,29.571247,3,1,1,6.119546966666668,5.606944828571429,4.726935992857143,6.411309,26.994840571428572,0,0.0,1167,4.803739387756313,0,0
2022-03-14,6525.4,576.9081818181818,86.53622727272726,28.84540909090909,39.82818181818182,Aswan,0.0,6.8992653,167.80493,32.891167,15.948558,-0.8986104,1.428772,-6.7227426,0.034777623,14.589561,45.259438,3,1,1,6.282199066666668,5.818795871428572,4.9245858,6.8992653,29.43215842857143,0,0.0,1168,4.724600520373464,0,0
2022-03-15,6590.27,516.3625000000001,77.45437500000001,25.818125000000006,36.8675,Aswan,0.0,8.174905,169.00926,29.22096,14.189606,-3.9849548,1.5125479,-8.006093,0.054644275,20.045446,65.45109,3,1,1,6.8756576333333355,6.427500971428572,5.2354807642857155,8.174905,30.319427,0,0.0,1169,4.7470501302129,0,0
2022-03-16,6556.87,516.9075,77.536125,25.845375000000004,37.1175,Aswan,0.0,7.340712,185.95744,33.765594,14.165761,-2.2406514,-0.75996906,-7.277649,0.027062427,7.8311596,25.543346,3,1,1,7.471627433333335,6.8394843142857145,5.61490235,8.174905,31.39089671428572,0,0.0,1170,2.87166743036722,0,0
2022-03-17,6416.06,530.4758333333333,79.57137499999999,26.523791666666668,37.365833333333335,Aswan,0.0,4.883766,201.2235,33.339516,16.173248,-0.9981181,-1.623291,-4.5222015,0.023634916,7.6322575,23.229664,3,1,1,6.7997943333333355,6.522469885714286,5.541650307142858,8.174905,31.43463928571429,0,0.0,1171,1.0246401796061235,0,0
2022-03-18,6255.86,528.6283333333333,79.29424999999999,26.431416666666667,37.61416666666667,Aswan,0.0,3.4308052,199.10466,25.101046,18.191153,-3.0930989,-0.99330646,-3.191747,0.014595712,12.097183,20.686544,3,1,1,5.2184277333333355,6.096683628571428,5.4187584357142855,7.340712,31.158768000000002,0,0.0,1172,1.3658537204712589,0,0
2022-03-19,6285.72,553.0658333333333,82.959875,27.653291666666668,37.86,Aswan,0.0,4.0525694,185.33794,22.069794,19.601877,-3.1146748,-0.34432983,-3.929723,0.025695201,18.64474,39.439972,3,1,1,4.122380200000002,5.762117928571429,5.479030264285714,4.883766,29.57146571428572,0,0.0,1173,1.9957467135438085,0,0
2022-03-20,5662.84,464.61,69.6915,23.230500000000003,38.105,Aswan,0.0,3.085432,171.27332,23.026094,19.983877,-2.4220479,0.18001811,-2.958379,0.043477666,14.95323,38.276066,3,1,1,3.5229355333333356,5.409636414285714,5.508290621428571,4.0525694,28.487738714285715,0,0.0,1174,2.4059966888899313,0,0
2022-03-21,5983.32,510.5075,76.57612499999999,25.525375,38.34916666666667,Aswan,0.0,3.9668624,184.05731,21.221529,22.4134,-2.1852314,0.6820628,0.28770447,0.19874623,10.651857,19.288624,3,1,1,3.701621266666669,4.990721714285714,5.404758792857143,4.0525694,26.82064757142857,0,0.0,1175,3.1182120776887228,0,0
2022-03-22,6083.1,488.77,73.3155,24.4385,38.59083333333333,Aswan,0.0,5.94384,166.42351,30.094765,20.598623,1.8386129,1.3726349,-5.721415,0.318859,29.761368,96.33797,3,1,1,4.332044800000002,4.671998142857142,5.5497495571428574,5.94384,26.94547685714286,0,0.0,1176,2.80033132164433,0,0
2022-03-23,6280.12,501.11083333333335,75.166625,25.05554166666667,38.8325,Aswan,0.0,6.04941,165.42328,29.126608,16.679108,-1.8011984,1.4748739,-5.797526,0.19022101,21.273388,66.17522,3,1,1,5.320037466666669,4.487526428571429,5.663505371428571,6.04941,26.282764571428572,0,0.0,1177,2.2177208747086787,0,0
2022-03-24,6381.66,516.4125,77.461875,25.820625000000003,39.0725,Aswan,0.0,5.0073185,161.14365,24.683372,15.829987,-5.0614524,1.6709341,-4.665858,0.102807686,13.627369,60.26459,3,1,1,5.666856166666669,4.505176785714286,5.513823335714285,6.04941,25.046172571428574,0,0.0,1178,2.29543866836161,0,0
2022-03-25,6387.47,512.7516666666667,76.91275,25.637583333333335,39.31083333333333,Aswan,0.0,5.6227818,165.37456,25.651495,16.008127,-4.0300393,1.4210815,-5.4299827,0.12124747,18.217178,76.659134,3,1,1,5.5598367666666695,4.8183163,5.457499964285715,6.04941,25.12480814285714,0,0.0,1179,2.5630836559488617,0,0
2022-03-26,6409.33,530.2308333333334,79.534625,26.511541666666673,39.5475,Aswan,0.0,5.804893,185.95454,32.86363,16.855947,-0.33887735,-0.67847186,-5.7114105,0.071912296,15.795544,47.98977,3,1,1,5.478331100000002,5.068648242857143,5.415383085714287,5.804893,26.66678471428571,0,0.0,1180,2.6170929300942496,0,0
2022-03-27,6365.56,527.8100000000001,79.17150000000001,26.390500000000003,39.781666666666666,Aswan,0.0,7.072643,200.86247,23.956123,18.501373,-2.8323872,-2.432439,-6.6194305,0.060912147,11.013499,46.31505,3,1,1,6.166772600000002,5.6382498142857145,5.523943114285714,7.072643,26.799646,0,0.0,1181,2.51992585853238,0,0
2022-03-28,6276.09,535.5649999999999,80.33474999999999,26.77825,40.01416666666667,Aswan,0.0,6.8221374,192.2198,13.0989275,21.416086,-8.162852,-1.4816284,-6.6471763,0.12395914,14.301176,56.965042,3,1,1,6.566557800000003,6.046146242857143,5.518433978571429,7.072643,25.639274357142856,0,0.0,1182,2.2510084836156383,0,0
2022-03-29,5840.94,493.9341666666666,74.09012499999999,24.696708333333333,40.24666666666666,Aswan,0.0,4.5280786,186.98604,16.947912,23.45043,-3.6571553,-0.46242777,-4.3641458,0.3124124,19.822279,77.542465,3,1,1,6.140953000000003,5.843894614285714,5.25794637857143,7.072643,23.7611525,0,0.0,1183,2.951976465910018,0,0
2022-03-30,5872.75,510.28,76.54199999999999,25.514,40.473333333333336,Aswan,0.0,5.2801695,181.05635,16.14035,26.180246,-1.5712179,-0.0872345,-5.2561035,0.21538156,27.875826,88.160225,3,1,1,5.543461833333335,5.734003114285715,5.110764771428571,6.8221374,21.905972785714283,0,0.0,1184,4.023261680210626,0,0
2022-03-31,5831.76,511.1308333333333,76.669625,25.556541666666668,40.700833333333335,Aswan,0.0,3.74915,217.77138,18.549456,27.077707,-0.6829529,-2.2552898,-2.883433,0.111778654,17.766127,44.001038,3,1,1,4.519132700000003,5.554264757142858,5.029720771428572,5.2801695,21.029699071428574,0,0.0,1185,4.423434659671456,0,0
2022-04-01,5562.38,483.3616666666667,72.50425,24.168083333333335,40.925,Aswan,0.0,2.998511,244.06972,24.6835,27.858307,4.6899314,-2.6552784,-1.3362274,0.13595507,23.367558,64.77852,4,1,1,4.0092768333333355,5.179368928571429,4.998842614285714,5.2801695,20.891414071428574,0,0.0,1186,4.301685429148835,0,0
2022-04-02,5595.6900000000005,496.9925,74.548875,24.849625000000003,41.14833333333333,Aswan,0.0,2.9766762,263.6328,20.250532,30.29003,3.6026714,-2.6408844,-0.110183716,0.14631397,20.6923,53.219986,4,1,1,3.241445733333336,4.775337957142858,4.9219931,3.74915,19.08954292857143,0,0.0,1187,4.068879000355932,0,0
2022-04-03,5472.78,470.0233333333333,70.50349999999999,23.501166666666666,41.369166666666665,Aswan,0.0,3.0795681,260.36978,17.133036,30.62971,2.4113667,-2.8191528,-0.45204672,0.12446701,16.595798,46.56475,4,1,1,3.018251766666669,4.204898685714285,4.92157425,3.0795681,18.114816214285714,0,0.0,1188,3.3804553300207547,0,0
2022-04-04,5577.83,507.0033333333333,76.05049999999999,25.350166666666667,41.5875,Aswan,0.0,3.754042,250.29456,15.939374,32.021637,2.201894,-3.37383,-1.0597382,0.12039937,17.299232,49.783863,4,1,1,3.2700954333333354,3.7665993428571434,4.906372792857143,3.754042,18.520594285714285,0,0.0,1189,2.9689805820771222,0,0
2022-04-05,5599.47,493.8425,74.076375,24.692125,41.80166666666667,Aswan,0.0,4.093806,211.66475,13.317115,31.703684,-0.8644307,-2.0373943,-3.3501587,0.07804319,15.182804,37.024773,4,1,1,3.6424720333333354,3.7045603999999996,4.774227507142858,4.093806,18.001909,0,0.0,1190,2.331692689788162,0,0
2022-04-06,5802.2,521.98,78.297,26.099000000000004,42.01583333333333,Aswan,0.0,4.5308642,209.19043,12.104077,31.161936,-2.2429302,-1.9032593,-4.0161996,0.091897815,13.047865,36.40485,4,1,1,4.126237400000002,3.597516785714286,4.66575995,4.5308642,17.42529857142857,0,0.0,1191,1.9091045671906672,0,0
2022-04-07,5590.06,475.5158333333334,71.327375,23.77579166666667,42.22666666666667,Aswan,0.0,7.295189,225.71729,12.921958,34.23583,0.97280884,-5.237127,-4.7814384,0.253291,18.721523,63.863705,4,1,1,5.306619733333336,4.104093785714285,4.829179271428572,7.295189,16.621370285714285,0,0.0,1192,1.9335258514975497,0,0
2022-04-08,5490.360000000001,492.5308333333333,73.87962499999999,24.626541666666668,42.43333333333333,Aswan,0.0,3.5896313,180.20085,13.960376,32.85554,0.8880107,-2.19516,0.57396954,0.15553361,17.558846,54.78592,4,1,1,5.1385615000000024,4.188539542857143,4.683954235714286,7.295189,15.089495428571427,0,0.0,1193,1.3631965138872024,0,0
2022-04-09,5439.82,460.26666666666665,69.03999999999999,23.013333333333335,42.638333333333335,Aswan,0.0,4.238397,206.07959,13.267093,32.674225,0.41885376,-1.6497498,-3.6911113,0.18894279,21.114946,63.44437,4,1,1,5.041072433333336,4.368785371428571,4.572061664285714,7.295189,14.091861285714286,0,0.0,1194,1.198525905324638,0,0
2022-04-10,5472.9,484.8133333333333,72.722,24.240666666666666,42.8425,Aswan,0.0,2.8844614,215.5193,21.833292,30.742096,5.2635803,-1.6157938,-2.3664093,0.15357666,24.279762,54.30146,4,1,1,3.570829900000002,4.340912985714286,4.272905835714286,4.238397,14.763326428571428,0,0.0,1195,1.1747642357774057,0,0
2022-04-11,5410.03,502.9258333333333,75.438875,25.146291666666666,43.04083333333333,Aswan,0.0,2.3690298,213.9244,18.870829,31.813711,4.33609,-1.2295126,-1.5954691,0.10420349,17.184752,39.759335,4,1,1,3.163962733333335,4.1430541,3.9548267214285717,4.238397,15.182105714285713,0,0.0,1196,1.1826069781698614,0,0
2022-04-12,5625.01,475.1725,71.275875,23.758625000000002,43.23916666666667,Aswan,0.0,6.2595196,180.24156,19.28238,29.666819,3.6699932,-0.05284627,-6.18395,0.17627344,26.143967,69.93926,4,1,1,3.837670266666669,4.452441757142857,4.078501078571429,6.2595196,16.034286428571427,0,0.0,1197,1.5190676187529937,0,0
2022-04-13,5548.96,442.34083333333336,66.351125,22.11704166666667,43.43333333333334,Aswan,0.0,4.828609,166.79222,22.755545,25.363596,1.8046774,0.7873993,-4.606064,0.19279699,24.185984,79.94555,4,1,1,4.485719466666669,4.494976728571428,4.046246757142858,6.2595196,17.555924714285716,0,0.0,1198,2.9147336457558137,0,0
2022-04-14,5806.78,503.47583333333336,75.521375,25.17379166666667,43.625,Aswan,0.0,4.7265763,174.65776,22.708221,25.60961,1.5604553,0.4144745,-4.6814117,0.10380323,18.834293,57.50453,4,1,1,5.271568300000003,4.128032057142858,4.116062921428571,6.2595196,18.953962285714287,0,0.0,1199,3.156913138226576,0,0
2022-04-15,5736.16,510.57166666666666,76.58574999999999,25.528583333333334,43.810833333333335,Aswan,0.0,3.870455,183.61287,16.17327,26.943756,-1.9749451,-0.17703755,-3.741328,0.070413746,11.031465,33.852264,4,1,1,4.4752134333333355,4.168149728571429,4.178344635714286,4.828609,19.270090000000003,0,0.0,1200,2.995491349694244,0,0
2022-04-16,5367.95,454.94,68.241,22.747,43.99666666666667,Aswan,0.0,2.7875721,202.33067,11.559098,29.210032,-4.423696,-0.85849,-2.5060222,0.18513821,9.898372,22.927597,4,1,1,3.7948678000000022,3.9608890285714287,4.1648372,4.7265763,19.026090714285715,0,0.0,1201,2.5325657702326345,0,0
2022-04-17,5067.25,394.7991666666667,59.219875,19.739958333333334,44.178333333333335,Aswan,0.0,2.9295998,261.64694,14.378479,31.882233,0.9811096,-2.7737224,-0.4742991,0.2545579,9.843813,36.22071,4,1,1,3.1958756333333356,3.9673373714285716,4.154125178571428,3.870455,17.96111742857143,0,0.0,1202,2.7312734181632248,0,0
2022-04-18,5299.15,462.3783333333333,69.35674999999999,23.118916666666664,44.35666666666666,Aswan,0.0,3.8883865,217.64824,16.67945,33.15323,3.0848694,-1.3377889,2.3665516,0.17459664,10.74293,42.30577,4,1,1,3.201852800000003,4.184388328571429,4.163721214285714,3.8883865,17.648063285714287,0,0.0,1203,3.0220265294786537,0,0
2022-04-19,4200.43,186.185,27.92775,9.30925,44.5325,Aswan,0.0,6.3762126,203.9954,19.89462,29.899973,4.1178284,-0.25406393,-4.995102,0.19790877,20.225544,54.968735,4,1,1,4.398066300000003,4.2010587571428575,4.326750257142857,6.3762126,17.735526142857143,0,0.0,1204,3.0340125341805217,0,0
2022-04-20,5671.26,466.3866666666667,69.958,23.319333333333336,44.705000000000005,Aswan,0.0,7.4744077,171.52293,20.736536,27.126291,2.2259827,1.0494791,-7.375509,0.20675787,21.072578,61.798096,4,1,1,5.913002266666669,4.57903,4.537003364285714,7.4744077,17.447096285714284,0,0.0,1205,2.75520897234951,0,0
2022-04-21,5800.82,512.305,76.84575,25.61525,44.875,Aswan,0.0,4.9294224,177.9944,21.1306,25.603018,0.5462138,0.13180034,-4.8929086,0.056202106,21.12747,63.016315,4,1,1,6.260014233333336,4.608008014285715,4.368020035714285,7.4744077,17.221721857142857,0,0.0,1206,2.756608698513897,0,0
2022-04-22,5375.35,466.1266666666667,69.91900000000001,23.30633333333334,45.04,Aswan,0.0,3.0602913,182.24658,17.05904,28.092926,0.2538147,-0.010391235,-2.5721436,0.046266243,17.191374,41.59025,4,1,1,5.154707133333336,4.492270342857142,4.330210035714286,7.4744077,17.34826042857143,0,0.0,1207,2.637251869871023,0,0
2022-04-23,5617.83,503.4583333333333,75.51875,25.172916666666666,45.20416666666667,Aswan,0.0,4.457517,146.4922,15.86271,28.34382,-1.0523376,1.9802347,-2.8336437,0.07375458,16.442528,49.536736,4,1,1,4.1490769000000025,4.7308339,4.345861464285714,4.9294224,17.963062142857144,0,0.0,1208,2.66135427299606,0,0
2022-04-24,4990.61,361.6625,54.249375,18.083125000000003,45.36166666666667,Aswan,0.0,2.9960048,168.33067,15.073105,27.937815,-1.7869568,1.1136729,-1.8006998,0.2348086,12.086355,43.821144,4,1,1,3.504604366666669,4.740320328571428,4.35382885,4.457517,18.062294428571427,0,0.0,1209,2.3922280590828917,0,0
2022-04-25,5275.81,462.4875,69.373125,23.124375,45.517500000000005,Aswan,0.0,3.3701637,179.98198,14.134938,29.68757,-1.413503,-0.24766032,-3.233012,0.2873652,15.550725,57.81862,4,1,1,3.6078951666666694,4.6662885,4.425338414285714,4.457517,17.698792714285712,0,0.0,1210,1.4736067603528955,0,0
2022-04-26,5224.71,459.2691666666667,68.890375,22.963458333333335,45.67,Aswan,0.0,2.5444517,201.56519,20.227037,30.807932,4.123281,-1.6668447,-0.5031738,0.14812663,13.101286,33.943867,4,1,1,2.970206733333336,4.118894085714286,4.1599764214285715,3.3701637,17.746280857142857,0,0.0,1211,1.6835751591131192,0,0
2022-04-27,4555.13,418.2563636363636,62.73845454545453,20.91281818181818,42.85,Aswan,0.0,3.1332493,215.01805,17.424007,31.268625,2.759837,-1.4399363,-1.885315,0.11176816,14.968752,42.25483,4,1,1,3.0159549000000028,3.4987286,4.0388793,3.3701637,17.27306242857143,0,0.0,1212,1.9400568236009996,0,0
2022-04-28,5078.04,429.8175,64.472625,21.490875000000003,45.96416666666667,Aswan,0.0,2.0638592,200.8321,16.338675,31.27839,2.2161357,-0.4308014,-0.8441264,0.21168901,20.11326,54.526215,4,1,1,2.580520066666669,3.089362428571429,3.8486852214285716,3.1332493,16.588501714285712,0,0.0,1213,1.509605797081285,0,0
2022-04-29,5099.67,429.76,64.464,21.488,46.10583333333333,Aswan,0.0,3.0757399,178.23424,17.872145,33.105457,4.201406,-1.4505717,0.4945933,0.23299307,18.112152,49.895485,4,1,1,2.757616133333336,3.0915693714285717,3.7919198571428576,3.1332493,16.70465957142857,0,0.0,1214,1.8161393875814318,0,0
2022-04-30,5120.05,428.42083333333335,64.263125,21.421041666666667,46.244166666666665,Aswan,0.0,5.572005,133.9305,20.260757,35.387115,8.009105,0.8012848,3.6314495,0.28603774,13.574459,45.384483,4,1,1,3.570534700000002,3.2507819428571425,3.9908079214285714,5.572005,17.332952,0,0.0,1215,2.3836987868530546,0,0
2022-05-01,5325.25,432.5333333333333,64.88,21.626666666666665,46.37916666666666,Aswan,0.0,6.096994,177.38014,16.486513,31.681467,1.9884338,0.2675527,-6.0842795,0.26838383,17.925306,59.160378,5,1,1,4.914912966666669,3.6937804,4.217050364285714,6.096994,17.534867428571427,0,0.0,1216,1.8498807158957693,0,0
2022-05-02,5078.27,423.99916666666667,63.599875,21.199958333333335,46.51,Aswan,0.0,3.3424988,262.62296,12.515447,32.18277,-1.765391,-2.6376698,-1.059316,0.23807096,12.142847,32.188183,5,1,1,5.003832600000002,3.6898282714285715,4.1780583857142854,6.096994,17.30351157142857,0,0.0,1217,1.5751995060445734,0,0
2022-05-03,4942.86,393.6875,59.053124999999994,19.684375000000003,46.63916666666666,Aswan,0.0,3.6768029,236.58057,16.631609,34.528473,4.334788,-0.288798,2.3302867,0.2769816,12.167221,38.8437,5,1,1,4.372098566666669,3.8515927285714286,3.9852434071428573,6.096994,16.789879000000003,0,0.0,1218,1.6361827773267799,0,0
2022-05-04,4876.36,334.8208333333333,50.223124999999996,16.741041666666668,46.76333333333333,Aswan,0.0,5.97745,171.15321,18.3604,32.420155,5.128652,0.98434955,-5.748759,0.40174365,33.48551,105.88791,5,1,1,4.332250566666669,4.257907114285714,3.878317857142857,5.97745,16.923649428571427,0,0.0,1219,1.5125850622169124,0,0
2022-05-05,5391.7,425.4025,63.81037499999999,21.270125,46.884166666666665,Aswan,0.0,6.621378,169.94519,24.341188,28.23233,4.948395,1.1298981,-6.485499,0.22803159,24.183739,71.78052,5,1,1,5.425210300000003,4.908981228571428,3.9991718285714284,6.621378,18.066865571428572,0,0.0,1220,2.302409019120706,0,0
2022-05-06,5544.31,455.97,68.3955,22.798500000000004,47.00083333333333,Aswan,0.0,6.5960927,168.51343,22.531733,26.441153,1.4848531,1.2187601,-6.4300027,0.08010654,16.773277,52.72099,5,1,1,6.398306900000002,5.411888771428571,4.251729071428572,6.621378,18.732521,0,0.0,1221,3.2113542667038253,0,0
2022-05-07,5364.17,433.50916666666666,65.026375,21.675458333333335,47.115833333333335,Aswan,0.0,4.65192,188.91719,21.026426,26.236725,1.4382223,-0.7083435,-4.523188,0.116371594,19.58807,56.319958,5,1,1,5.956463566666669,5.2804480571428565,4.2656149999999995,6.621378,18.841902285714287,0,0.0,1222,3.252798331801125,0,0
2022-05-08,5135.43,382.12307692307695,57.31846153846154,19.10615384615385,43.72307692307693,Aswan,0.0,3.6594594,218.12108,15.211823,29.713776,-0.58425903,-2.0925243,-2.7853596,0.21731257,14.153248,50.047943,5,1,1,4.969157366666669,4.932228828571428,4.313004614285714,6.5960927,18.659803714285715,0,0.0,1223,3.1925529656249827,0,0
2022-05-09,4906.6,359.8738461538461,53.98107692307691,17.993692307692307,43.82846153846154,Aswan,0.0,3.392521,222.80803,12.266601,32.0786,-1.4393005,-1.7842865,-2.198705,0.34666047,15.253841,53.622917,5,1,1,3.901300133333335,4.939374857142857,4.314601564285715,4.65192,18.624254285714283,0,0.0,1224,3.180713467866981,0,0
2022-05-10,5131.14,379.2484615384616,56.887269230769235,18.96242307692308,43.93153846153847,Aswan,0.0,5.288611,183.7642,12.037444,32.99348,-0.4472758,-0.4054362,-5.221878,0.361422,18.349108,65.116455,5,1,1,4.11353046666667,5.169633157142857,4.510612942857143,5.288611,17.967945,0,0.0,1225,2.847979269921194,0,0
2022-05-11,5083.33,369.6815384615384,55.45223076923076,18.484076923076923,44.03153846153846,Aswan,0.0,5.478752,193.1823,14.035823,32.043365,0.47899374,-1.2234293,-5.3338776,0.4078076,17.07903,54.989674,5,1,1,4.719961333333337,5.098390585714285,4.67814885,5.478752,17.350148285714287,0,0.0,1226,2.7916848915858092,0,0
2022-05-12,5054.11,380.1207692307692,57.01811538461538,19.006038461538463,44.12769230769231,Aswan,0.0,4.781477,205.59541,15.299954,32.805004,2.2684631,-2.0291138,-4.2314553,0.39893797,17.315836,67.06953,5,1,1,5.182946666666669,4.835547585714286,4.872264407142857,5.478752,16.05854342857143,0,0.0,1227,2.928900666776343,0,0
2022-05-13,4839.360000000001,349.9646153846154,52.49469230769231,17.49823076923077,44.22153846153846,Aswan,0.0,4.274615,250.78917,11.468349,35.345856,-0.2404887,-3.8861847,-1.5450846,0.28718954,16.15522,64.76337,5,1,1,4.844948000000002,4.503907914285714,4.957898342857143,5.478752,14.47806,0,0.0,1228,2.8917528756039195,0,0
2022-05-14,4863.22,375.61538461538464,56.34230769230769,18.780769230769234,44.31153846153846,Aswan,0.0,4.285692,188.5893,11.140243,37.477203,1.530426,-3.0715687,1.513326,0.23460972,16.648552,59.557804,5,1,1,4.447261333333335,4.451589628571428,4.866018842857143,4.781477,13.065748142857144,0,0.0,1229,2.511522357331268,0,0
2022-05-15,4851.46,332.9184615384615,49.93776923076922,16.645923076923076,44.39692307692307,Aswan,0.0,5.825686,175.20087,20.858122,34.70352,8.438141,0.47725424,-5.8046722,0.3793148,36.990482,100.262344,5,1,1,4.795331000000002,4.761050571428571,4.846639699999999,5.825686,13.872362285714287,0,0.0,1230,2.0130749002410666,0,0
2022-05-16,4516.6,253.26076923076923,37.98911538461538,12.663038461538463,44.48230769230769,Aswan,0.0,6.58769,185.7624,16.199827,33.130524,3.6651917,-0.68333435,-6.5382333,0.38192034,21.28498,59.759502,5,1,1,5.5663560000000025,5.217503285714286,5.078439071428571,6.58769,14.434251714285713,0,0.0,1231,1.8879950444074451,0,0
2022-05-17,4639.93,324.97769230769234,48.74665384615385,16.24888461538462,44.56153846153846,Aswan,0.0,5.8171067,177.99121,14.815175,32.346912,2.0863342,0.20317586,-5.769358,0.3523409,20.522816,66.30249,5,1,1,6.076827566666669,5.293002671428572,5.231317914285714,6.58769,14.831070428571428,0,0.0,1232,1.9638067179887937,0,0
2022-05-18,4991.76,373.61846153846153,56.04276923076923,18.680923076923076,44.64,Aswan,0.0,5.0406227,178.96509,16.61646,32.909985,3.7345276,0.023935953,-5.0144706,0.29817304,20.577374,70.2963,5,1,1,5.815139800000002,5.230412771428571,5.164401678571429,6.58769,15.199732857142857,0,0.0,1233,1.8451826316009314,0,0
2022-05-19,4919.95,377.52461538461534,56.6286923076923,18.87623076923077,44.71384615384615,Aswan,0.0,3.8291233,186.12915,12.698012,33.886547,0.67332965,-0.3855947,-3.7422283,0.17502776,12.3737755,31.397669,5,1,1,4.89561756666667,5.094362242857143,4.964954914285714,5.8171067,14.828026857142858,0,0.0,1234,1.761806066712113,0,0
2022-05-20,4984.07,379.99923076923073,56.99988461538461,18.999961538461537,44.78615384615385,Aswan,0.0,4.7848,179.47815,9.106547,33.672516,-3.8630474,0.014521281,-4.7513733,0.17155194,13.755888,41.43288,5,1,1,4.551515333333335,5.167245814285715,4.835576864285714,5.0406227,14.490626571428573,0,0.0,1235,1.7019845248761443,0,0
2022-05-21,4988.92,364.4715384615384,54.67073076923076,18.22357692307692,44.85307692307693,Aswan,0.0,6.4150424,170.70665,18.962341,31.779123,5.0047097,1.0038401,-6.269892,0.1982369,23.05152,65.894196,5,1,1,5.009655233333335,5.471438728571429,4.961514178571429,6.4150424,15.608069142857143,0,0.0,1236,0.9823997443421537,0,0
2022-05-22,5080.2300000000005,349.01076923076926,52.351615384615386,17.450538461538464,44.91923076923077,Aswan,0.0,7.196256,160.08488,20.079512,28.49055,2.544749,2.4232635,-6.7650757,0.31890985,23.413784,97.490974,5,1,1,6.132032800000002,5.6672344428571435,5.214142507142857,7.196256,15.496839142857143,0,0.0,1237,1.8369485005929294,0,0
2022-05-23,5292.01,403.1507692307693,60.472615384615395,20.157538461538465,44.98230769230769,Aswan,0.0,6.673121,164.18103,20.080742,28.268545,2.6379292,1.7891998,-6.4032235,0.13634236,16.94085,57.173912,5,1,1,6.761473133333335,5.679438871428572,5.448471078571429,7.196256,16.051255571428573,0,0.0,1238,2.3307194497826296,0,0
2022-05-24,5156.94,393.8369230769231,59.07553846153846,19.691846153846157,45.04230769230769,Aswan,0.0,5.364721,169.99466,18.192417,29.052317,1.3753153,0.9496765,-5.134298,0.10300102,18.45029,56.881386,5,1,1,6.411366000000002,5.614812342857142,5.453907507142857,7.196256,16.533718714285715,0,0.0,1239,2.4873291389130086,0,0
2022-05-25,5098.76,399.82384615384615,59.97357692307692,19.99119230769231,45.098461538461535,Aswan,0.0,4.3482018,161.91002,17.526697,30.152658,1.8455302,1.3129526,-4.015442,0.110386744,14.860975,44.712452,5,1,1,5.4620146000000025,5.515895071428572,5.373153921428572,6.673121,16.66375257142857,0,0.0,1240,2.3783540932430243,0,0
2022-05-26,5007.25,384.1815384615384,57.62723076923076,19.20907692307692,45.15307692307693,Aswan,0.0,4.5803914,152.4935,15.317479,31.36319,1.5060934,1.889679,-3.9603832,0.107985586,17.13787,63.002758,5,1,1,4.76443806666667,5.623219085714285,5.358790664285714,5.364721,17.037962142857143,0,0.0,1241,1.9834960650752425,0,0
2022-05-27,4978.59,379.3638461538461,56.90457692307692,18.968192307692306,45.20538461538461,Aswan,0.0,3.9747598,141.37737,19.281284,31.105783,4.4461975,2.4561207,-3.0078022,0.12612769,15.9024315,64.694115,5,1,1,4.301117666666669,5.507499057142858,5.337372435714286,4.5803914,18.491496,0,0.0,1242,1.4397727998473504,0,0
2022-05-28,4879.81,377.86,56.679,18.893,45.25615384615385,Aswan,0.0,3.472704,146.52257,20.926344,32.41023,6.657705,1.8085684,-2.9043732,0.20673135,17.288671,78.021225,5,1,1,4.00928506666667,5.087165,5.279301864285714,4.5803914,18.772067857142854,0,0.0,1243,1.580424408964973,0,0
2022-05-29,4817.16,375.1261538461539,56.26892307692308,18.756307692307697,45.302307692307686,Aswan,0.0,3.578368,160.14314,15.639675,33.264557,2.9339092,0.78611755,-3.2491608,0.14198114,16.470259,61.53374,5,1,1,3.675277266666669,4.570323857142857,5.11877915,3.9747598,18.13780542857143,0,0.0,1244,1.7776031321187327,0,0
2022-05-30,4776.62,376.1115384615384,56.41673076923075,18.80557692307692,45.34692307692308,Aswan,0.0,2.9453926,180.308,16.348408,34.232006,4.4870505,-0.17508952,-2.746226,0.12768742,15.13514,45.418633,5,1,1,3.3321548666666687,4.037791228571429,4.85861505,3.578368,17.604614857142856,0,0.0,1245,1.789775874913685,0,0
2022-05-31,4846.66,376.00307692307695,56.40046153846154,18.800153846153847,45.39076923076924,Aswan,0.0,4.0605235,175.0732,11.245786,34.61156,-0.8479106,0.42934164,-3.9156086,0.10077403,12.906365,37.77839,5,1,1,3.5280947000000022,3.8514773,4.733144821428572,4.0605235,16.612239,0,0.0,1246,1.6722645838045327,0,0
2022-06-01,4863.54,379.7784615384616,56.96676923076924,18.988923076923083,45.43,Aswan,0.0,5.424413,163.20224,17.718267,34.41438,5.919749,1.2971243,-5.0797677,0.20218083,21.437506,75.98805,6,2,0,4.1434430333333365,4.005221757142857,4.760558414285714,5.424413,16.63960614285714,0,0.0,1247,1.4593038723035467,0,0
2022-06-02,4787.45,340.9692307692307,51.14538461538461,17.048461538461535,45.46615384615385,Aswan,0.0,5.1431546,157.52095,20.622572,31.634918,5.8168845,1.9089457,-4.7140756,0.16454974,21.89779,73.11272,6,2,0,4.87603036666667,4.0856165,4.854417792857143,5.424413,17.397476571428573,0,0.0,1248,1.4094900702761215,0,0
2022-06-03,4766.150000000001,345.73923076923074,51.86088461538461,17.286961538461536,45.50230769230769,Aswan,0.0,5.124684,168.54295,18.367704,32.198475,4.1195374,1.0230814,-4.9631295,0.13589361,13.658946,45.690727,6,2,0,5.230750533333336,4.249891385714286,4.878695221428572,5.424413,17.266965142857142,0,0.0,1249,1.1967696313999157,0,0
2022-06-04,4638.81,327.5546153846154,49.133192307692305,16.37773076923077,45.535384615384615,Aswan,0.0,5.138135,174.86491,16.848782,34.191723,4.731191,0.43256125,-5.1062217,0.17530765,13.774981,39.22162,6,2,0,5.135324533333336,4.4878101,4.787487550000001,5.1431546,16.684456285714287,0,0.0,1250,1.177113529707354,0,0
2022-06-05,4731.91,355.16153846153844,53.27423076923076,17.758076923076924,45.56692307692308,Aswan,0.0,5.1672006,173.74345,15.819965,35.179108,4.7490945,0.6216685,-4.9932656,0.18510874,15.301432,45.10984,6,2,0,5.143339866666669,4.714786185714287,4.642555021428572,5.1672006,16.710212000000002,0,0.0,1251,1.3246292503997303,0,0
2022-06-06,4787.16,365.19,54.7785,18.2595,45.59769230769231,Aswan,0.0,5.1359215,162.60999,15.887275,34.805164,4.534658,1.5432383,-4.845978,0.18235373,16.582214,50.019875,6,2,0,5.1470857000000025,5.027718885714286,4.532755057142857,5.1672006,16.644335857142856,0,0.0,1252,1.3739979583746822,0,0
2022-06-07,4820.71,369.6046153846154,55.44069230769231,18.48023076923077,45.62307692307692,Aswan,0.0,5.3859563,168.02557,21.021849,34.14387,8.190501,1.0067037,-5.085215,0.19670448,17.364244,59.66266,6,2,0,5.229692800000002,5.217066428571428,4.5342718642857145,5.3859563,18.040916285714285,0,0.0,1253,1.3424953501346024,0,0
2022-06-08,4712.28,359.6707692307692,53.95061538461538,17.983538461538462,45.650000000000006,Aswan,0.0,4.794083,166.13118,20.967827,33.94644,7.7038474,1.0085754,-4.6149545,0.16948166,19.963976,59.677536,6,2,0,5.105320266666669,5.127019285714286,4.566120521428571,5.3859563,18.505139142857143,0,0.0,1254,1.317961598615245,0,0
2022-06-09,4677.06,357.1338461538461,53.57007692307691,17.856692307692306,45.67230769230769,Aswan,0.0,4.2998314,175.61281,17.052118,35.28319,6.189443,0.28624472,-4.278875,0.143399,17.938622,42.74003,6,2,0,4.82662356666667,5.006544542857142,4.546080521428571,5.3859563,17.995074285714285,0,0.0,1255,1.0451868265867985,0,0
2022-06-10,4694.49,365.01307692307694,54.751961538461536,18.25065384615385,45.69615384615384,Aswan,0.0,5.016266,177.11377,14.202945,36.41853,4.0626526,0.185908,-4.9599204,0.13195698,11.161935,31.977089,6,2,0,4.703393466666669,4.991056257142858,4.620473821428571,5.016266,17.400108714285714,0,0.0,1256,0.8666587875690307,0,0
2022-06-11,4689.42,362.8192307692307,54.42288461538461,18.140961538461536,45.71615384615384,Aswan,0.0,4.590952,173.72893,13.177999,36.635082,3.4053447,0.4387156,-4.438619,0.15066117,13.186916,45.24658,6,2,0,4.635683133333336,4.912887257142858,4.700348678571429,5.016266,16.875711142857142,0,0.0,1257,1.0323382006523896,0,0
2022-06-12,4708.62,374.11615384615385,56.117423076923075,18.705807692307694,45.73461538461538,Aswan,0.0,4.5318313,173.29254,13.194397,36.931713,3.7676494,0.5610504,-4.4714355,0.098820984,10.970962,37.084618,6,2,0,4.713016433333336,4.822120214285714,4.768453200000001,5.016266,16.50063,0,0.0,1258,1.221216774333537,0,0
2022-06-13,4717.47,359.1215384615385,53.86823076923077,17.956076923076925,45.75153846153846,Aswan,0.0,5.6009927,172.29437,20.323837,35.69148,8.596751,0.5946248,-5.297155,0.18575886,15.077491,68.18787,6,2,0,4.907925333333336,4.888558957142857,4.958138921428572,5.6009927,17.13442457142857,0,0.0,1259,1.1884834041351449,0,0
2022-06-14,4777.49,365.8123076923076,54.87184615384614,18.290615384615382,45.76692307692308,Aswan,0.0,5.4224668,176.96529,23.470757,33.756256,9.660472,0.3433787,-5.146993,0.13464746,11.138221,45.78815,6,2,0,5.185096933333336,4.8937747428571425,5.055420585714286,5.6009927,17.484268571428572,0,0.0,1260,1.2725297904267747,0,0
2022-06-15,4866.67,377.2807692307692,56.592115384615376,18.86403846153846,45.78153846153846,Aswan,0.0,5.2988133,161.98006,22.816757,32.94701,8.504059,1.6457266,-4.968872,0.07895909,15.544232,50.909508,6,2,0,5.440757600000002,4.965879071428572,5.046449178571429,5.6009927,17.74840142857143,0,0.0,1261,1.5123912625915066,0,0
2022-06-16,4827.3,371.6853846153846,55.752807692307684,18.58426923076923,45.79153846153846,Aswan,0.0,5.086789,150.29634,25.527498,32.74519,9.93871,2.3796437,-4.303131,0.11452246,17.90852,65.9441,6,2,0,5.26935636666667,5.078301585714286,5.042423064285714,5.4224668,18.95917,0,0.0,1262,1.813788574233573,0,0
2022-06-17,4769.78,368.9853846153847,55.347807692307704,18.449269230769236,45.802307692307686,Aswan,0.0,4.371983,142.93048,28.217148,32.858063,11.555898,2.339391,-3.5391235,0.16256285,24.525526,97.365326,6,2,0,4.919195100000002,4.986261157142857,4.988658707142856,5.2988133,20.961198999999997,0,0.0,1263,1.8543227166736256,0,0
2022-06-18,4683.73,359.79538461538465,53.969307692307694,17.989769230769234,45.81307692307693,Aswan,0.0,4.1136975,133.64635,26.413214,32.90331,10.442454,2.226003,-2.9267323,0.17287803,25.003948,98.40823,6,2,0,4.524156500000003,4.9180819428571425,4.9154846,5.086789,22.851944,0,0.0,1264,1.6684103658558542,0,0
2022-06-19,4711.6,353.1461538461539,52.97192307692308,17.657307692307693,45.81769230769231,Aswan,0.0,5.23377,164.18213,24.718414,33.94164,10.363434,1.3731893,-5.041331,0.19969621,23.335163,88.144104,6,2,0,4.573150166666669,5.0183589,4.920239557142857,5.23377,24.498232142857145,0,0.0,1265,1.055947738561819,0,0
2022-06-20,4715.34,344.7069230769231,51.70603846153846,17.235346153846155,45.82538461538461,Aswan,0.0,6.131024,165.11633,19.833002,33.89574,7.218577,1.5606995,-5.9177246,0.2084885,19.511032,65.23362,6,2,0,5.159497166666669,5.094077657142857,4.991318307142857,6.131024,24.428112857142857,0,0.0,1266,0.5415205123719039,0,0
2022-06-21,4557.3,279.86384615384617,41.97957692307693,13.99319230769231,45.83076923076923,Aswan,0.0,6.5763817,158.5649,20.315207,33.142895,6.487539,2.3522594,-6.135859,0.2609325,23.756567,88.699615,6,2,0,5.980391900000002,5.258922642857143,5.076348692857143,6.5763817,23.97732,0,0.0,1267,0.5021592199221888,0,0
2022-06-22,4872.85,360.43,54.0645,18.0215,45.832307692307694,Aswan,0.0,6.875612,156.27574,22.69705,32.58072,7.812246,2.7583008,-6.240753,0.20063019,22.22098,92.76526,6,2,0,6.527672566666669,5.484179599999999,5.225029335714285,6.875612,23.960219,0,0.0,1268,0.550282124660141,0,0
2022-06-23,4829.78,370.7092307692308,55.60638461538462,18.535461538461544,45.83307692307692,Aswan,0.0,4.431227,156.38225,27.242056,31.85904,10.071361,1.6515299,-4.0088043,0.10414938,24.678066,71.203186,6,2,0,5.961073566666669,5.3905278857142855,5.234414735714284,6.875612,24.20515585714286,0,0.0,1269,0.7316458911519458,0,0
2022-06-24,4735.7,371.89,55.7835,18.5945,45.83384615384615,Aswan,0.0,3.4672673,163.79468,20.277365,33.08316,6.231272,0.8304545,-3.2820435,0.07757401,18.657051,53.605835,6,2,0,4.924702100000003,5.261282785714286,5.123771971428572,6.875612,23.070901142857142,0,0.0,1270,0.7279764629325016,0,0
2022-06-25,4682.08,358.6869230769231,53.80303846153846,17.934346153846157,45.83307692307692,Aswan,0.0,3.9812305,154.80214,17.22768,34.97859,5.7408752,1.5106455,-3.522817,0.1014631,8.112335,25.569809,6,2,0,3.959908266666669,5.242358928571429,5.080220435714287,4.431227,21.758682,0,0.0,1271,1.0188948756153136,0,0
2022-06-26,4740.7,362.18461538461537,54.3276923076923,18.10923076923077,45.83,Aswan,0.0,5.578962,158.86694,21.806818,34.78604,9.517894,1.7441458,-4.9905343,0.16180137,17.05291,55.359993,6,2,0,4.342486600000002,5.291672071428572,5.155015485714285,5.578962,21.342739714285717,0,0.0,1272,1.1424773136573934,0,0
2022-06-27,4758.96,371.4307692307693,55.71461538461539,18.571538461538463,45.82615384615384,Aswan,0.0,4.113934,167.95479,19.09685,33.85277,6.654531,0.8753459,-3.9551036,0.10506695,15.064373,54.664288,6,2,0,4.558042166666669,5.003516357142857,5.048797007142857,5.578962,21.237575142857143,0,0.0,1273,1.139953600856257,0,0
2022-06-28,3337.72,331.544,49.73159999999999,16.5772,43.692,Aswan,0.0,5.9490223,159.799,21.058783,34.02351,8.228668,1.8540344,-5.4096017,0.16125825,16.098007,70.47899,6,2,0,5.213972766666669,4.913893585714286,5.086408114285715,5.9490223,21.343800285714284,0,0.0,1274,1.1465357090493895,0,0
2022-06-29,3776.74,374.145,56.12175,18.70725,47.748000000000005,Aswan,0.0,4.7829,156.4753,21.780268,33.25707,8.195058,2.1486664,-3.7522023,0.17133525,14.339642,60.12823,6,2,0,4.9486187666666686,4.614934728571428,5.049557164285715,5.9490223,21.21283142857143,0,0.0,1275,1.0729689145994936,0,0
2022-06-30,4729.61,356.2569230769231,53.438538461538464,17.812846153846156,45.801538461538456,Aswan,0.0,4.1942797,146.53654,23.154753,32.935535,8.802643,2.3800507,-2.949992,0.15188903,12.264418,57.368958,6,2,0,4.975400666666669,4.581085114285714,4.985806500000001,5.9490223,20.628930999999998,0,0.0,1276,0.8119623163085516,0,0
2022-07-01,4702.64,361.0546153846154,54.1581923076923,18.05273076923077,45.78769230769231,Aswan,0.0,3.4435818,154.41356,27.378592,33.427563,11.611888,1.8103638,-2.180542,0.16544303,10.295624,51.96227,7,2,0,4.140253833333335,4.577701471428571,4.919492128571429,4.7829,21.643392,0,0.0,1277,0.767294020716406,0,0
2022-07-02,4765.69,363.18,54.477,18.159000000000002,45.77769230769231,Aswan,0.0,4.033937,142.72578,22.876162,33.475574,9.077382,2.4144084,-2.750824,0.15176079,11.362343,54.678288,7,2,0,3.890599500000002,4.5852309714285715,4.913794950000001,4.1942797,22.450318000000003,0,0.0,1278,0.6068751776697733,0,0
2022-07-03,4747.7,367.7476923076923,55.16215384615385,18.387384615384615,45.76153846153846,Aswan,0.0,3.7092588,138.95058,20.541355,33.94107,7.848297,2.5090282,-2.0438182,0.12966344,9.351348,45.558067,7,2,0,3.728925866666669,4.3181305142857145,4.804901292857143,4.033937,22.26953757142857,0,0.0,1279,0.3983620108791994,0,0
2022-07-04,4689.14,358.47538461538466,53.771307692307694,17.923769230769235,45.74461538461538,Aswan,0.0,3.1846173,132.63286,19.5037,34.06607,7.403066,2.441513,-1.8417257,0.13384786,9.569477,41.51255,7,2,0,3.642604366666669,4.185370985714286,4.5944436714285715,4.033937,22.327659,0,0.0,1280,0.43136754626288576,0,0
2022-07-05,4678.2300000000005,361.2753846153846,54.19130769230769,18.063769230769232,45.72461538461538,Aswan,0.0,3.6759927,135.23482,17.685051,35.30362,6.7109275,2.5431366,-1.5817922,0.1092436,8.988591,32.249146,7,2,0,3.5232896000000022,3.8606524714285717,4.387273028571429,3.7092588,21.845697285714284,0,0.0,1281,0.7780587575812398,0,0
2022-07-06,4650.1900000000005,360.7107692307692,54.106615384615374,18.03553846153846,45.70461538461538,Aswan,0.0,3.5233676,169.10075,19.681267,35.370514,8.505035,0.8322754,-2.473714,0.123726875,10.8448715,40.155846,7,2,0,3.461325866666668,3.6807192714285715,4.147827,3.6759927,21.545840000000002,0,0.0,1282,0.938326849067658,0,0
2022-07-07,4739.1,369.55384615384617,55.433076923076925,18.47769230769231,45.68076923076923,Aswan,0.0,4.0742674,169.95738,19.662268,34.56493,7.600657,0.5667267,-3.8540394,0.13014716,13.304138,47.99057,7,2,0,3.757875900000002,3.663574657142857,4.122329885714286,4.0742674,21.046913571428572,0,0.0,1283,0.8007779531117273,0,0
2022-07-08,4839.69,374.05384615384617,56.10807692307692,18.70269230769231,45.65384615384615,Aswan,0.0,5.3963704,154.53735,15.489362,34.166737,3.8684795,2.1580303,-4.433853,0.12093903,17.288185,56.263176,7,2,0,4.331335133333336,3.9425444571428576,4.260122964285714,5.3963704,19.348452142857145,0,0.0,1284,0.7089440748718487,0,0
2022-07-09,4769.91,361.4084615384616,54.21126923076924,18.07042307692308,45.62692307692308,Aswan,0.0,3.8858862,135.06688,22.014204,32.888256,8.201243,2.7468567,-2.569753,0.1298467,11.443334,49.284042,7,2,0,4.452174666666669,3.9213943428571425,4.253312657142858,5.3963704,19.225315285714288,0,0.0,1285,0.8575150612486006,0,0
2022-07-10,4713.95,365.14,54.770999999999994,18.257,45.59692307692308,Aswan,0.0,3.2375097,130.33293,23.147964,33.27823,9.064606,2.3790283,-2.072815,0.1696431,14.162721,58.554646,7,2,0,4.173255433333336,3.8540016142857145,4.086066064285714,5.3963704,19.597688,0,0.0,1286,0.9400809952519555,0,0
2022-07-11,4664.37,348.91076923076923,52.336615384615385,17.44553846153846,45.56384615384616,Aswan,0.0,4.3751316,169.7491,19.623943,35.307037,8.6493225,0.5683136,-4.0417275,0.1540902,15.372568,59.516647,7,2,0,3.8328425000000017,4.024075085714285,4.104723035714286,4.3751316,19.61486557142857,0,0.0,1287,1.0169886212827415,0,0
2022-07-12,4702.65,348.40384615384613,52.26057692307692,17.420192307692307,45.52923076923077,Aswan,0.0,5.788716,159.87361,26.522238,34.604156,12.454417,1.757665,-4.985031,0.20548865,15.082412,73.17471,7,2,0,4.4671191000000015,4.3258927,4.093272585714286,5.788716,20.877320857142855,0,0.0,1288,0.9466348745161421,0,0
2022-07-13,4707.98,360.6584615384616,54.09876923076924,18.03292307692308,45.49076923076923,Aswan,0.0,3.6304216,135.4553,26.641134,32.975574,11.038564,2.4041493,-2.4399567,0.13656236,18.29808,72.899574,7,2,0,4.598089733333335,4.341186128571429,4.0109527,5.788716,21.87158757142857,0,0.0,1289,0.9327436340412534,0,0
2022-07-14,4817.16,358.4269230769231,53.76403846153847,17.921346153846155,45.44923076923077,Aswan,0.0,5.319538,150.93718,26.355253,32.545483,10.610423,2.5067596,-4.6121063,0.18288389,20.724136,92.00748,7,2,0,4.912891866666668,4.5190819285714285,4.091328292857143,5.788716,22.827728285714283,0,0.0,1290,1.0254953962988138,0,0
2022-07-15,4862.18,363.7469230769231,54.562038461538464,18.187346153846157,45.4076923076923,Aswan,0.0,4.880099,142.05171,25.871447,31.669992,9.163646,2.8885396,-3.7949982,0.10747506,14.120102,53.280468,7,2,0,4.610019533333335,4.445328871428572,4.193936664285714,5.319538,24.310883285714286,0,0.0,1291,1.2400560900800375,0,0
2022-07-16,4806.93,351.3292307692308,52.699384615384616,17.56646153846154,45.36076923076924,Aswan,0.0,4.5755954,141.8755,23.07473,32.587555,8.474599,2.85555,-3.545227,0.11486693,12.027517,55.94063,7,2,0,4.925077466666669,4.543858757142857,4.23262655,5.319538,24.462387,0,0.0,1292,1.2626729776412797,0,0
2022-07-17,4815.82,361.1238461538461,54.16857692307691,18.056192307692307,45.31230769230769,Aswan,0.0,4.418667,140.38614,22.46652,32.877106,8.386871,2.782964,-3.3571575,0.12700573,14.302307,63.361855,7,2,0,4.624787133333335,4.712595514285715,4.283298564285714,4.880099,24.365037857142855,0,0.0,1293,1.2718957571206446,0,0
2022-07-18,4792.35,364.16615384615386,54.624923076923075,18.208307692307695,45.25923076923077,Aswan,0.0,3.5290213,125.837135,21.994482,32.47118,7.686432,2.6926575,-1.9991964,0.13362251,20.088276,80.95763,7,2,0,4.174427900000002,4.591722614285715,4.30789885,4.5755954,24.703686285714287,0,0.0,1294,0.8929585280954605,0,0
2022-07-19,4756.39,368.3992307692307,55.25988461538461,18.419961538461536,45.20538461538461,Aswan,0.0,3.2582977,130.78319,19.543882,34.33487,7.4646707,2.261851,-1.6255646,0.15209112,12.817845,58.89211,7,2,0,3.735328666666669,4.230234285714286,4.278063492857143,4.418667,23.706778285714286,0,0.0,1295,0.804655194569421,0,0
2022-07-20,4809.07,366.3415384615385,54.951230769230776,18.317076923076925,45.14615384615384,Aswan,0.0,4.683258,156.49666,17.903742,34.949535,6.5694885,1.9646097,-4.0748086,0.14396913,13.456308,64.58647,7,2,0,3.8235256666666686,4.380639485714286,4.360912807142857,4.683258,22.458579428571426,0,0.0,1296,1.154398414400938,0,0
2022-07-21,4865.13,360.0607692307692,54.00911538461538,18.003038461538463,45.08692307692308,Aswan,0.0,5.964498,151.9535,23.50878,34.32193,10.184072,2.809021,-5.236374,0.16017619,16.126236,64.9511,7,2,0,4.635351233333335,4.472776628571428,4.495929278571429,5.964498,22.05194042857143,0,0.0,1297,1.2155075115445606,0,0
2022-07-22,4837.57,349.57076923076926,52.43561538461539,17.478538461538463,45.02307692307692,Aswan,0.0,5.3337607,152.54431,23.62419,33.143463,9.446686,2.4248402,-4.7323,0.21711074,19.432217,71.285164,7,2,0,5.327172233333335,4.537585442857143,4.491457157142857,5.964498,21.730903714285713,0,0.0,1298,0.9895240839501521,0,0
2022-07-23,4801.14,343.3223076923077,51.49834615384615,17.166115384615384,44.95692307692308,Aswan,0.0,5.2672505,152.49702,24.900782,33.27831,9.933014,2.406377,-4.668915,0.28429234,19.556133,87.23524,7,2,0,5.5218364000000015,4.636393314285714,4.5901260357142855,5.964498,21.99176828571429,0,0.0,1299,0.9116594207391193,0,0
2022-07-24,4883.7300000000005,350.4884615384616,52.573269230769235,17.52442307692308,44.88692307692308,Aswan,0.0,5.321711,155.98622,20.399174,33.97818,7.684397,2.0698497,-4.86321,0.18190166,20.606415,71.544304,7,2,0,5.307574066666668,4.7653996,4.7389975571428575,5.3337607,21.696433142857142,0,0.0,1300,0.8542535417112377,0,0
2022-07-25,4223.45,341.5625,51.234375,17.078125,42.5225,Aswan,0.0,3.4332535,150.34944,20.351723,33.836334,7.6516013,1.481542,-2.9309032,0.1352118,17.320202,71.697876,7,2,0,4.674071666666669,4.751718485714285,4.671720550000001,5.321711,21.461753285714284,0,0.0,1301,0.6318768414194238,0,0
2022-07-26,4872.599999999999,380.4215384615385,57.06323076923077,19.021076923076926,44.74,Aswan,0.0,3.626337,142.28459,18.303276,34.102528,6.258209,1.7467142,-2.3264873,0.09800361,14.810175,51.726204,7,2,0,4.127100500000002,4.804295528571428,4.517264907142857,5.321711,21.284523857142858,0,0.0,1302,0.6158767476417722,0,0
2022-07-27,4841.47,354.5276923076923,53.179153846153845,17.726384615384614,44.66,Aswan,0.0,4.0555887,144.64949,16.567635,34.442455,5.171621,1.8119711,-3.020528,0.09385842,14.480737,53.850662,7,2,0,3.7050597333333353,4.714628485714286,4.547633985714286,4.0555887,21.09365142857143,0,0.0,1303,0.4961147736352382,0,0
2022-07-28,4844.77,375.7692307692308,56.36538461538461,18.78846153846154,44.57615384615384,Aswan,0.0,3.3964214,131.46086,16.954035,34.369373,5.4070535,2.1957958,-1.816625,0.107325725,12.480671,45.720688,7,2,0,3.6927823666666684,4.3477604,4.410268514285714,4.0555887,20.157259285714286,0,0.0,1304,0.5035559227032058,0,0
2022-07-29,4439.24,278.73,41.8095,13.936500000000002,44.49076923076923,Aswan,0.0,3.3749247,142.71375,18.572466,35.139637,7.538157,2.1531017,-2.3882854,0.14749026,12.484663,39.227745,7,2,0,3.6089782666666683,4.067926685714285,4.302756064285714,4.0555887,19.435584428571428,0,0.0,1305,0.5775959191403319,0,0
2022-07-30,4813.81,349.54846153846154,52.43226923076923,17.477423076923078,44.40384615384615,Aswan,0.0,4.3470497,157.63548,19.428211,34.844227,7.7561746,1.9409739,-3.6691387,0.19709289,11.45311,53.594154,7,2,0,3.706131933333335,3.9364694285714283,4.286431371428572,4.3470497,18.65378857142857,0,0.0,1306,0.4708492530132949,0,0
2022-07-31,4938.17,364.40230769230766,54.66034615384615,18.220115384615383,44.31,Aswan,0.0,4.6738153,148.7149,18.431253,34.54825,6.847158,2.5693512,-3.784373,0.112219766,14.713707,62.516487,7,2,0,4.131929900000002,3.8439129000000003,4.30465625,4.6738153,18.372657,0,0.0,1307,0.4362774374969338,0,0
2022-08-01,4927.6,363.24615384615385,54.48692307692308,18.162307692307692,44.21692307692308,Aswan,0.0,3.7622044,134.9601,20.808565,33.634674,8.123932,2.673167,-2.6046906,0.12104924,13.35751,61.909645,8,2,0,4.261023133333335,3.8909058857142855,4.3213121857142855,4.6738153,18.437920142857145,0,0.0,1308,0.4885421837908971,0,0
2022-08-02,4882.47,365.62,54.842999999999996,18.281000000000002,44.11846153846154,Aswan,0.0,3.756255,142.75551,21.863966,35.111156,9.541738,2.0759633,-2.981547,0.11697777,15.039495,46.869495,8,2,0,4.064091566666669,3.9094656,4.3568805642857145,4.6738153,18.94659014285714,0,0.0,1309,0.5200867267427934,0,0
2022-08-03,4818.32,361.5407692307692,54.23111538461537,18.07703846153846,44.01615384615385,Aswan,0.0,3.7547348,161.99568,20.047005,35.02815,8.575429,0.9962209,-3.485667,0.14111836,14.12088,51.012466,8,2,0,3.757731400000002,3.866486471428572,4.290557478571428,3.7622044,19.443643,0,0.0,1310,0.5401964777535718,0,0
2022-08-04,4772.5,359.65,53.9475,17.982499999999998,43.91,Aswan,0.0,4.355624,171.57788,20.85815,35.367096,9.502838,0.5408376,-4.2838235,0.17978856,11.672825,55.138206,8,2,0,3.955537933333335,4.003515414285714,4.175637907142857,4.355624,20.001373714285712,0,0.0,1311,0.5785578574361652,0,0
2022-08-05,4488.76,306.9307692307692,46.03961538461538,15.346538461538461,43.80076923076923,Aswan,0.0,4.2257605,176.06331,20.609186,36.057446,9.935863,0.24558003,-4.181376,0.17945996,14.498312,58.572395,8,2,0,4.112039766666668,4.125063385714285,4.096495035714286,4.355624,20.292333714285714,0,0.0,1312,0.7455043671580959,0,0
2022-08-06,4590.46,325.92846153846153,48.88926923076923,16.296423076923077,43.690769230769234,Aswan,0.0,3.984171,164.03798,23.820833,36.585766,12.641835,0.6207886,-3.6109772,0.17785072,15.685913,65.601944,8,2,0,4.188518500000002,4.073223571428572,4.0048465,4.355624,20.919851142857144,0,0.0,1313,0.9656846612898589,0,0
2022-08-07,4703.43,344.34769230769234,51.65215384615385,17.217384615384617,43.57692307692308,Aswan,0.0,4.152587,156.64178,22.22468,36.96052,11.78653,1.3858591,-3.7322338,0.20486738,14.553806,66.40417,8,2,0,4.1208395000000015,3.9987623857142855,3.921337642857143,4.2257605,21.461769285714286,0,0.0,1314,1.1169256609956257,0,0
2022-08-08,4467.7300000000005,266.4676923076923,39.97015384615384,13.323384615384615,43.45769230769231,Aswan,0.0,5.327434,167.09007,22.360512,36.26399,11.252513,1.0517731,-5.043091,0.28015018,12.541809,55.025658,8,2,0,4.488064000000001,4.222366614285714,4.0566362499999995,5.327434,21.683475999999995,0,0.0,1315,0.7547466111890629,0,0
2022-08-09,4779.71,337.93,50.6895,16.8965,43.33538461538462,Aswan,0.0,5.232081,161.28728,20.699366,36.858387,10.461334,1.7999725,-4.828634,0.2633453,12.834169,46.47454,8,2,0,4.904034000000002,4.4331989,4.17133225,5.327434,21.517104571428572,0,0.0,1316,0.7349564063463374,0,0
2022-08-10,4002.77,193.6092307692308,29.04138461538462,9.680461538461541,43.21076923076923,Aswan,0.0,5.2457166,166.06197,23.153282,35.87914,11.452952,1.230011,-5.0669503,0.392912,13.059874,51.480835,8,2,0,5.268410533333335,4.6461963,4.256341385714285,5.327434,21.96085842857143,0,0.0,1317,0.5678877711128522,0,0
2022-08-11,4790.92,341.87538461538463,51.28130769230769,17.093769230769233,43.08384615384615,Aswan,0.0,5.531256,161.51884,24.456903,35.960033,12.123688,1.6959127,-5.1819863,0.44911313,14.540076,55.751892,8,2,0,5.336351200000002,4.814143728571429,4.408829571428571,5.531256,22.474966,0,0.0,1318,0.4381111007971765,0,0
2022-08-12,4854.01,341.36307692307696,51.204461538461544,17.068153846153848,42.95153846153846,Aswan,0.0,5.842794,163.8419,22.801842,35.431873,10.732493,1.5536448,-5.5913086,0.36812145,14.297079,60.524517,8,2,0,5.539922200000002,5.045148514285714,4.58510595,5.842794,22.788202571428574,0,0.0,1319,0.5588256093572247,0,0
2022-08-13,4941.59,346.02076923076925,51.90311538461538,17.301038461538464,42.818461538461534,Aswan,0.0,6.115219,159.13014,23.584969,34.385895,10.133616,2.1919758,-5.689804,0.3381701,14.62134,64.99746,8,2,0,5.829756333333335,5.3495839428571434,4.711403757142857,6.115219,22.75450771428572,0,0.0,1320,0.8816420467163734,0,0
2022-08-14,5011.639999999999,356.0723076923077,53.41084615384615,17.803615384615384,42.67923076923077,Aswan,0.0,4.985496,155.54942,25.595802,33.658356,10.976552,1.8862559,-4.5493064,0.27371958,18.177338,68.530464,8,2,0,5.647836333333335,5.468570942857143,4.733666664285714,6.115219,23.236096571428572,0,0.0,1321,1.1121482508761182,0,0
2022-08-15,4980.62,355.0592307692308,53.258884615384616,17.75296153846154,42.53846153846154,Aswan,0.0,4.6825767,158.82994,24.925072,33.40608,10.446849,1.5753835,-4.369522,0.2325582,16.901367,71.0497,8,2,0,5.261097233333335,5.376448471428572,4.799407542857142,6.115219,23.60246228571429,0,0.0,1322,1.2912760825707201,0,0
2022-08-16,4929.8,353.9553846153846,53.09330769230769,17.697769230769232,42.39538461538461,Aswan,0.0,3.96735,152.9032,25.905869,33.51488,10.731598,1.7149506,-3.526952,0.22338,18.737488,73.338684,8,2,0,4.5451409000000025,5.195772614285715,4.814485757142857,4.985496,24.346248428571432,0,0.0,1323,1.1338120470097817,0,0
2022-08-17,4981.85,359.9761538461538,53.99642307692307,17.99880769230769,42.24615384615385,Aswan,0.0,4.5603695,154.88281,26.265818,34.18977,11.667958,1.9520823,-4.11706,0.26664072,19.021112,94.82823,8,2,0,4.403432066666668,5.097865885714286,4.872031092857143,4.6825767,24.790896428571426,0,0.0,1324,0.987847689315963,0,0
2022-08-18,4936.34,366.1953846153846,54.929307692307695,18.30976923076923,42.09384615384616,Aswan,0.0,3.7904584,150.4793,27.863546,33.71459,12.114736,1.7026571,-3.1480458,0.2645685,19.257896,83.66286,8,2,0,4.106059300000002,4.849180514285714,4.831662121428572,4.5603695,25.27755971428572,0,0.0,1325,0.7081041062274431,0,0
2022-08-19,5010.37,365.8484615384615,54.87726923076922,18.292423076923075,41.941538461538464,Aswan,0.0,4.4207788,149.7682,21.676653,34.515453,9.052643,2.251648,-3.7438252,0.24758399,16.767498,67.2432,8,2,0,4.257202233333335,4.646035485714286,4.845592000000001,4.5603695,25.116818428571428,0,0.0,1326,0.44400700913812324,0,0
2022-08-20,5064.69,376.61769230769227,56.492653846153836,18.830884615384615,41.78384615384616,Aswan,0.0,4.0562954,151.55946,22.124239,34.48982,9.451243,2.0200093,-3.3900502,0.21302542,10.557588,58.87778,8,2,0,4.089177533333335,4.351903542857143,4.8507437428571425,4.4207788,24.90814271428571,0,0.0,1327,0.4637850626067159,0,0
2022-08-21,5061.4,416.16,62.424,20.808000000000003,45.00083333333333,Aswan,0.0,3.1724641,145.29955,20.301908,34.92227,8.47639,2.0429127,-2.2678173,0.1378746,11.885982,44.142086,8,2,0,3.8831794333333343,4.092898985714286,4.780734964285714,4.4207788,24.151872142857144,0,0.0,1328,0.5745693269011909,0,0
2022-08-22,4901.69,393.01,58.951499999999996,19.6505,44.840833333333336,Aswan,0.0,2.8850152,172.89009,18.7938,35.13728,7.53067,0.052419025,-2.2631328,0.16140392,10.571766,35.71637,8,2,0,3.3712582333333345,3.836104485714286,4.606276478571429,4.0562954,23.27597614285714,0,0.0,1329,0.594545520950548,0,0
2022-08-23,5000.98,398.9041666666667,59.835625,19.945208333333337,44.67583333333334,Aswan,0.0,3.2615764,185.39319,20.366447,34.96573,8.377513,0.14658101,-3.0842998,0.09649269,10.908101,30.640648,8,2,0,3.1063519000000017,3.735279685714286,4.4655261500000005,3.2615764,22.484630142857146,0,0.0,1330,0.49795829841079164,0,0
2022-08-24,4924.18,407.7583333333334,61.16375000000001,20.38791666666667,44.509166666666665,Aswan,0.0,2.6861808,230.68787,19.315577,35.833893,8.508779,-1.0266062,-1.2415365,0.102212496,11.504404,32.803265,8,2,0,2.9442574666666683,3.467538442857143,4.282702164285714,3.2615764,21.491738571428574,0,0.0,1331,0.6557870120679683,0,0
2022-08-25,5112.35,415.245,62.28675,20.76225,44.340833333333336,Aswan,0.0,4.487084,150.03383,19.35742,36.270336,9.086904,1.8993124,-3.626826,0.16802698,10.922658,43.682327,8,2,0,3.4782804000000014,3.5670563857142854,4.20811845,4.487084,20.276577714285715,0,0.0,1332,0.6641161099289274,0,0
2022-08-26,5147.53,414.74916666666667,62.212374999999994,20.737458333333336,44.16583333333333,Aswan,0.0,4.300964,144.79903,27.661951,33.88313,12.129954,2.403188,-3.4701843,0.12539357,16.3297,69.71651,8,2,0,3.824742933333335,3.549939985714286,4.097987735714286,4.487084,21.131620285714288,0,0.0,1333,0.7965351076814101,0,0
2022-08-27,5058.11,402.9183333333333,60.437749999999994,20.145916666666665,43.990833333333335,Aswan,0.0,4.021144,165.54521,24.761633,34.065174,10.982819,0.8370056,-3.8915508,0.10681837,16.039097,67.48158,8,2,0,4.269730666666669,3.544918357142857,3.94841095,4.487084,21.50839085714286,0,0.0,1334,0.8617449873470124,0,0
2022-08-28,4962.47,414.1225,62.118375,20.706125,43.8125,Aswan,0.0,3.960967,123.43298,24.350233,35.827057,12.175934,0.44952902,-2.5274403,0.11207007,10.830711,37.15445,8,2,0,4.094358333333335,3.6575616285714285,3.875230307142857,4.300964,22.086723000000003,0,0.0,1335,0.9125553757046823,0,0
2022-08-29,4653.76,348.2308333333333,52.234624999999994,17.411541666666665,43.6325,Aswan,0.0,3.2068737,143.21884,25.882238,36.842518,13.7674055,1.5447489,-2.6169841,0.1381327,9.953878,34.917473,8,2,0,3.729661566666669,3.703541414285714,3.7698229499999996,4.021144,23.099357,0,0.0,1336,1.116425250688869,0,0
2022-08-30,4895.6,380.07666666666665,57.0115,19.003833333333333,43.445,Aswan,0.0,4.9731336,175.31328,27.659567,37.263744,15.011871,0.34757996,-4.922796,0.1542936,12.831615,41.054375,8,2,0,4.046991433333335,3.9480495857142857,3.8416646357142854,4.9731336,24.141231285714287,0,0.0,1337,1.2963163423494222,0,0
2022-08-31,4992.59,393.32666666666665,58.998999999999995,19.666333333333334,43.26,Aswan,0.0,5.45163,172.36006,29.144331,36.15746,15.004791,0.71498615,-5.3620453,0.25862518,19.156195,73.684296,8,2,0,4.543879100000002,4.343113757142857,3.9053261,5.45163,25.545338999999995,0,0.0,1338,1.3071001834119365,0,0
2022-09-01,5049.95,418.3033333333333,62.74549999999999,20.915166666666664,43.07,Aswan,0.0,4.508997,165.98222,32.91383,35.187653,15.899078,0.87301636,-4.3793845,0.28361467,25.330654,92.38663,9,3,0,4.9779202000000025,4.346244185714285,3.956650285714286,5.45163,27.481969,0,0.0,1339,1.3004789495964617,0,0
2022-09-02,5046.39,412.5491666666667,61.882374999999996,20.627458333333337,42.8775,Aswan,0.0,3.9811954,161.09694,29.316498,35.0725,14.301015,1.1559042,-3.7695057,0.24946216,24.941969,85.80321,9,3,0,4.647274133333335,4.300562957142857,3.925251471428571,5.45163,27.718332857142858,0,0.0,1340,1.1005237661329814,0,0
2022-09-03,5120.59,422.8141666666667,63.42212500000001,21.140708333333336,42.681666666666665,Aswan,0.0,4.9585423,169.48647,27.823046,35.066395,13.495677,0.8524068,-4.8218536,0.19707385,20.071728,67.25026,9,3,0,4.482911566666669,4.434477,3.9896976785714284,4.9585423,28.155677571428573,0,0.0,1341,0.8855195732172743,0,0
2022-09-04,5135.38,418.41083333333336,62.761625,20.92054166666667,42.48333333333333,Aswan,0.0,4.802709,167.56512,31.429504,34.856678,15.020416,1.0062917,-4.6873016,0.18933016,23.39292,79.25124,9,3,0,4.580815566666669,4.554725857142857,4.106143742857143,4.9585423,29.167002,0,0.0,1342,0.9734885124472982,0,0
2022-09-05,5177.68,422.7225,63.408375,21.136125000000003,42.285,Aswan,0.0,4.8732605,163.05898,29.292978,34.464508,13.500641,1.4027659,-4.5992227,0.19055021,25.22694,86.962326,9,3,0,4.878170600000002,4.792781114285715,4.248161264285715,4.9585423,29.65425057142857,0,0.0,1343,0.9548942960878622,0,0
2022-09-06,4700.68,409.6336363636364,61.44504545454546,20.481681818181823,41.51272727272727,Aswan,0.0,5.2853303,148.35478,29.380209,33.691803,12.996735,2.862671,-4.3450217,0.17998332,18.554573,87.41557,9,3,0,4.987099933333335,4.837380642857142,4.392715114285714,5.2853303,29.90005657142857,0,0.0,1344,0.7491238816776843,0,0
2022-09-07,5372.26,434.4525,65.167875,21.722625,41.87583333333333,Aswan,0.0,4.7665324,155.825,29.860598,32.337963,11.702138,1.9634298,-4.3112283,0.10403022,12.639963,57.43994,9,3,0,4.975041066666669,4.739509557142857,4.541311657142857,5.2853303,30.00238042857143,0,0.0,1345,1.0392984574838064,0,0
2022-09-08,5408.41,444.9625,66.74437499999999,22.248125,41.66916666666667,Aswan,0.0,4.508613,158.4242,30.016174,32.73469,12.626536,1.6551565,-4.16659,0.105109,13.664689,50.570625,9,3,0,4.853491900000002,4.7394547000000005,4.542849442857142,5.2853303,29.588429571428573,0,0.0,1346,1.1319804761909362,0,0
2022-09-09,5309.02,437.15833333333336,65.57375,21.857916666666668,41.45666666666667,Aswan,0.0,4.4006343,153.99518,31.895905,32.18513,12.834462,1.8196818,-3.9239502,0.13130969,17.685516,57.152695,9,3,0,4.558593233333336,4.7993745428571435,4.54996875,4.7665324,29.95691628571429,0,0.0,1347,1.2128495262813088,0,0
2022-09-10,5179.37,421.8966666666667,63.2845,21.094833333333337,41.24666666666666,Aswan,0.0,3.7309818,168.128,28.843168,32.851795,12.117828,0.85413617,-3.1803334,0.15970066,17.944183,62.366104,9,3,0,4.213409700000002,4.624008757142858,4.529242878571429,4.508613,30.102648,0,0.0,1348,1.05052967117991,0,0
2022-09-11,5285.43,437.1933333333333,65.579,21.85966666666667,41.03083333333333,Aswan,0.0,4.2940974,165.60756,28.748789,33.28108,12.033356,1.0473989,-4.133596,0.16887605,24.592644,77.925186,9,3,0,4.141904500000002,4.5513499571428575,4.5530379071428575,4.4006343,29.719688714285716,0,0.0,1349,0.8014884034864012,0,0
2022-09-12,5335.46,436.5866666666666,65.48799999999999,21.82933333333333,40.814166666666665,Aswan,0.0,4.4778857,162.88568,23.630571,33.167713,8.717682,1.3104655,-4.2427726,0.13715869,22.748205,71.43242,9,3,0,4.167654966666668,4.4948678428571425,4.643824478571429,4.4778857,28.910773428571428,0,0.0,1350,0.532300881474844,0,0
2022-09-13,5287.22,429.33833333333337,64.40075,21.46691666666667,40.59666666666666,Aswan,0.0,4.1075664,162.59703,23.988302,33.258778,9.441234,1.191864,-3.793935,0.11620583,17.867617,56.3562,9,3,0,4.293183166666668,4.326615857142857,4.58199825,4.4778857,28.140501,0,0.0,1351,0.44137724856121474,0,0
2022-09-14,5362.11,435.6425,65.346375,21.782125,40.37583333333333,Aswan,0.0,5.205828,173.41997,23.865068,33.456615,9.353099,0.64605206,-5.0906577,0.10295251,10.681522,35.838562,9,3,0,4.597093366666669,4.389372371428571,4.564440964285715,5.205828,27.283996714285713,0,0.0,1352,0.4355791883497947,0,0
2022-09-15,5366.1,427.2633333333333,64.0895,21.363166666666668,40.15333333333333,Aswan,0.0,5.8573723,169.79414,24.837313,32.56721,9.485097,1.023468,-5.713745,0.12222779,14.741732,47.95862,9,3,0,5.056922233333335,4.582052271428572,4.660753485714286,5.8573723,26.54415942857143,0,0.0,1353,0.4561092835877108,0,0
2022-09-16,5483.22,437.735,65.66025,21.886750000000003,39.9275,Aswan,0.0,5.3240347,163.69524,25.049864,30.911123,7.693105,1.440272,-5.0793457,0.12585776,17.23842,67.21097,9,3,0,5.462411666666668,4.713966614285715,4.756670578571429,5.8573723,25.56615357142857,0,0.0,1354,0.8785789575894128,0,0
2022-09-17,5549.599999999999,447.13916666666665,67.070875,22.356958333333335,39.70166666666667,Aswan,0.0,5.5827613,152.54945,27.42417,30.157217,8.603261,2.648229,-4.8593345,0.1453917,16.742863,66.72868,9,3,0,5.588056100000002,4.978506542857143,4.801257649999999,5.8573723,25.363439571428568,0,0.0,1355,1.3225234470920155,0,0
2022-09-18,5479.58,441.99916666666667,66.299875,22.099958333333333,39.473333333333336,Aswan,0.0,4.104617,168.25227,27.759146,30.19278,8.913808,0.9338735,-3.9807484,0.07664566,16.593262,55.886524,9,3,0,5.003804333333335,4.951437914285714,4.751393935714285,5.5827613,25.222062,0,0.0,1356,1.4847660300062553,0,0
2022-09-19,5580.97,453.76666666666665,68.065,22.688333333333333,39.24166666666667,Aswan,0.0,4.8278594,181.09041,25.15911,30.751211,8.271474,0.33068338,-4.397425,0.06889333,12.900241,44.14822,9,3,0,4.838412566666668,5.0014341571428576,4.748151,5.5827613,25.440424714285715,0,0.0,1357,1.436990872265695,0,0
2022-09-20,5521.33,444.895,66.73424999999999,22.24475,39.01166666666666,Aswan,0.0,4.2325525,160.80852,26.583794,30.10383,8.364247,1.4775034,-3.9277954,0.066974014,14.61848,46.750904,9,3,0,4.388342966666669,5.0192893142857145,4.6729525857142855,4.8278594,25.811209285714284,0,0.0,1358,1.3254090519212338,0,0
2022-09-21,5505.26,442.7475,66.412125,22.137375000000002,38.7775,Aswan,0.0,3.8914745,149.80292,26.191858,30.807037,8.341461,2.0018055,-3.254486,0.104994416,12.881932,51.181637,9,3,0,4.3172954666666685,4.831524528571428,4.61044845,4.8278594,26.143607857142854,0,0.0,1359,0.8566049654659639,0,0
2022-09-22,5454.27,440.58833333333337,66.08825,22.02941666666667,38.54333333333333,Aswan,0.0,4.5089965,180.29303,26.267769,30.80004,8.810292,0.05173238,-4.4385223,0.08534123,13.991217,40.2797,9,3,0,4.211007833333335,4.6388994142857145,4.610475842857142,4.5089965,26.347958714285713,0,0.0,1360,0.36012508846893654,0,0
2022-09-23,5350.31,436.42,65.463,21.821,38.3075,Aswan,0.0,2.8508852,223.1198,22.840117,31.888092,7.4701233,-1.7755432,-2.1012928,0.03791392,6.9178295,16.261255,9,3,0,3.750452066666669,4.285592342857143,4.499779478571429,4.5089965,26.032280571428572,0,0.0,1361,0.6241329728896633,0,0
2022-09-24,5324.28,433.91083333333336,65.086625,21.69554166666667,38.07083333333333,Aswan,0.0,2.8568604,213.17786,25.47953,32.60375,9.211253,-1.5786438,-2.308426,0.06435355,6.686019,19.405602,9,3,0,3.4055807000000016,3.896177928571429,4.4373422357142855,4.5089965,25.75447485714286,0,0.0,1362,0.9084313272620433,0,0
2022-09-25,5297.84,439.4625,65.91937499999999,21.973125,37.8325,Aswan,0.0,3.2490127,202.2253,20.900091,33.15616,7.2955627,-0.99877423,-2.7415416,0.08016593,6.6629057,19.66828,9,3,0,2.985586100000002,3.7739487428571428,4.362693328571429,3.2490127,24.774609857142856,0,0.0,1363,1.123250310698554,0,0
2022-09-26,5167.719999999999,421.3875,63.208124999999995,21.069375,37.59166666666667,Aswan,0.0,3.5800602,212.05359,21.696983,34.70165,8.903229,-1.90595,-2.9932911,0.2586823,12.067156,48.999733,9,3,0,3.228644433333335,3.595691714285714,4.298562935714285,3.5800602,24.280020285714283,0,0.0,1364,1.6057530739879686,0,0
2022-09-27,4987.83,398.77,59.81549999999999,19.9385,37.35333333333333,Aswan,0.0,2.8094537,263.77438,19.205368,36.03067,8.138092,-2.4148152,-0.32641092,0.29396772,8.534788,40.50534,9,3,0,3.212842200000002,3.392391885714286,4.2058406,3.5800602,23.22595942857143,0,0.0,1365,1.9579216612167545,0,0
2022-09-28,5106.8,421.0416666666667,63.15625,21.052083333333336,37.11083333333333,Aswan,0.0,2.839914,232.12415,19.596731,36.057037,8.595612,-2.1848958,-1.4019928,0.157945,11.258774,42.07939,9,3,0,3.076475966666669,3.2421689571428574,4.036846742857143,3.5800602,22.28379842857143,0,0.0,1366,2.0460748352545033,0,0
2022-09-29,5243.7,422.6816666666667,63.402249999999995,21.134083333333336,36.8675,Aswan,0.0,3.363188,214.02124,19.914942,34.474274,7.4505105,-1.9395243,-2.654948,0.10238045,8.506113,27.419798,9,3,0,3.004185233333335,3.078482028571429,3.858690721428571,3.363188,21.37625171428571,0,0.0,1367,1.636830314228403,0,0
2022-09-30,5272.52,423.595,63.53925,21.179750000000002,36.623333333333335,Aswan,0.0,3.0529873,238.75793,23.310686,33.103424,9.075836,-2.1363983,-1.6337891,0.08686819,8.245417,28.366734,9,3,0,3.0853631000000017,3.107353757142857,3.6964730500000003,3.363188,21.443475857142857,0,0.0,1368,1.4078006533062906,0,0
2022-10-01,5240.62,425.325,63.79875,21.26625,36.38,Aswan,0.0,3.5901067,207.54504,22.656586,33.893055,9.177318,-1.6724548,-3.1718647,0.115190625,8.644157,34.61499,10,3,0,3.3354273333333353,3.2121032285714284,3.554140578571429,3.5901067,21.040198142857143,0,0.0,1369,1.220133229736308,0,0
2022-10-02,5263.92,431.2616666666667,64.68925,21.56308333333334,36.13666666666666,Aswan,0.0,3.2748091,189.4593,21.085924,33.095043,7.6758523,-0.18754578,-2.6725261,0.099693686,10.470844,40.230827,10,3,0,3.305967700000002,3.215788428571429,3.494868585714286,3.5901067,21.066745714285712,0,0.0,1370,1.2314187691644223,0,0
2022-10-03,5222.42,441.7891666666667,66.268375,22.089458333333337,35.89083333333333,Aswan,0.0,2.9314747,151.51402,22.518808,32.829254,8.481842,0.70199585,-2.2183685,0.12187615,11.286322,42.32218,10,3,0,3.2654635000000023,3.1231333571428572,3.3594125357142857,3.5901067,21.184149285714284,0,0.0,1371,1.3705689592159995,0,0
2022-10-04,5244.1900000000005,433.6983333333333,65.05475,21.684916666666666,35.645833333333336,Aswan,0.0,3.9002388,166.23683,31.562775,32.57323,12.587148,0.16894023,-3.6767375,0.10506185,11.013528,34.28647,10,3,0,3.3688408666666683,3.2789598,3.335675842857143,3.9002388,22.949493142857143,0,0.0,1372,1.2206443329841972,0,0
2022-10-05,5048.79,422.89166666666665,63.433749999999996,21.144583333333333,35.4,Aswan,0.0,2.8302286,141.7306,25.33947,32.895008,10.058421,-0.20826213,-2.0024364,0.15672937,11.326012,40.455627,10,3,0,3.220647366666668,3.2775761714285716,3.2598725642857143,3.9002388,23.76988442857143,0,0.0,1373,0.6729404941774731,0,0
2022-10-06,3142.1,114.65833333333336,17.198750000000004,5.732916666666668,35.1525,Aswan,0.0,2.0172071,218.87292,24.346441,34.256744,10.615631,-1.2787374,-1.4774576,0.09872181,7.2754264,20.989138,10,3,0,2.915891500000002,3.0852931857142853,3.081887607142857,3.9002388,24.402955714285717,0,0.0,1374,0.6099263914050556,0,0
2022-10-07,5363.1,438.1725,65.725875,21.908625,34.906666666666666,Aswan,0.0,5.658058,176.83992,33.652992,32.142487,13.776683,0.26060486,-5.6375327,0.10699807,17.971165,50.74808,10,3,0,3.5018312333333346,3.457446142857143,3.2823999499999994,5.658058,25.880428,0,0.0,1375,0.7389888887855077,0,0
2022-10-08,5503.83,445.23583333333335,66.785375,22.261791666666667,34.660833333333336,Aswan,0.0,5.7629476,174.18835,27.659288,29.755686,8.714833,0.511851,-5.6916757,0.13041797,18.828245,61.707306,10,3,0,4.479404233333335,3.767851985714286,3.4899776071428574,5.7629476,26.595099714285713,0,0.0,1376,1.37651619486234,0,0
2022-10-09,5498.01,445.08166666666665,66.76225,22.254083333333334,34.4125,Aswan,0.0,5.4976134,174.41417,29.841887,28.76586,8.808014,0.503184,-5.4609933,0.11004282,16.62273,51.530327,10,3,0,5.639539666666668,4.085395457142857,3.650591942857143,5.7629476,27.845951571428568,0,0.0,1377,1.9295852994408662,0,0
2022-10-10,5466.62,442.3158333333333,66.34737499999999,22.115791666666667,34.16916666666667,Aswan,0.0,5.371015,175.28407,29.373383,28.534658,8.326976,0.3471222,-5.3117065,0.08897617,15.214054,48.8497,10,3,0,5.543858666666669,4.433901214285714,3.778517285714286,5.7629476,28.825176571428575,0,0.0,1378,2.2385534996688023,0,0
2022-10-11,4799.08,426.3127272727272,63.94690909090908,21.31563636363636,32.333636363636366,Aswan,0.0,4.5387673,176.6253,32.540485,28.54068,10.130035,0.24971008,-4.528376,0.07721593,14.871912,44.210457,10,3,0,5.135798566666669,4.525119571428571,3.9020396857142856,5.4976134,28.964849428571426,0,0.0,1379,2.3640798350532997,0,0
2022-10-12,4753.07,421.83818181818185,63.27572727272727,21.091909090909095,32.096363636363634,Aswan,0.0,4.112844,169.01317,31.094625,28.981842,9.536937,0.6770986,-3.989329,0.06773631,12.656734,36.4768,10,3,0,4.674208766666669,4.708350342857143,3.992963257142857,5.371015,29.78701442857143,0,0.0,1380,2.2162193819270186,0,0
2022-10-13,5476.24,442.7733333333333,66.416,22.138666666666666,33.42916666666667,Aswan,0.0,4.5334363,169.55652,35.282883,28.618317,11.180409,0.7287445,-4.4144287,0.075057365,14.424361,40.08448,10,3,0,4.395015866666669,5.067811657142856,4.0765524214285715,4.5387673,31.349363285714283,0,0.0,1381,1.3097533295610009,0,0
2022-10-14,5568.43,454.4783333333333,68.17174999999999,22.723916666666668,33.18416666666666,Aswan,0.0,4.9060445,167.42528,33.46866,27.880198,9.775136,0.9146118,-4.713028,0.08686698,14.624629,50.88478,10,3,0,4.5174416000000015,4.960381157142857,4.2089136499999995,4.9060445,31.323030142857142,0,0.0,1382,0.5664547476462599,0,0
2022-10-15,5469.89,461.50666666666666,69.226,23.075333333333333,32.939166666666665,Aswan,0.0,3.287814,177.73529,29.423819,27.480215,7.5055237,-0.119644165,-3.2582245,0.08269372,13.412376,41.43885,10,3,0,4.242431600000002,4.606790642857143,4.187321314285714,4.9060445,31.575105999999998,0,0.0,1383,0.5282325438507077,0,0
2022-10-16,5462.54,453.53833333333336,68.03075,22.67691666666667,32.69583333333333,Aswan,0.0,4.0517135,182.44145,22.618906,29.210276,5.4435935,-0.13163757,-3.9875233,0.072317764,12.259951,29.928171,10,3,0,4.0818573333333354,4.4002335142857145,4.242814485714286,4.9060445,30.543251571428573,0,0.0,1384,0.601169907811141,0,0
2022-10-17,5542.46,449.21583333333336,67.382375,22.46079166666667,32.4525,Aswan,0.0,5.879454,182.7199,31.93307,28.499258,9.875804,-0.22086589,-5.8408456,0.10448116,13.941836,48.30817,10,3,0,4.406327166666668,4.472867657142857,4.453384435714286,5.879454,30.908921142857142,0,0.0,1385,0.6006225592075979,0,0
2022-10-18,5461.52,441.4008333333333,66.21012499999999,22.07004166666667,32.21083333333333,Aswan,0.0,5.069677,182.39104,32.970623,28.308502,10.18985,-0.18577576,-5.027247,0.07764144,11.954823,37.583748,10,3,0,5.000281500000002,4.5487119,4.5369157357142855,5.879454,30.970369428571427,0,0.0,1386,0.6017495273462752,0,0
2022-10-19,4869.07,356.53416666666664,53.480124999999994,17.826708333333332,31.968333333333334,Aswan,0.0,4.3836765,192.3402,30.374245,28.11441,8.946605,-0.7674815,-4.2835236,0.098901,12.570111,38.5111,10,3,0,5.110935833333335,4.587402257142857,4.6478763,5.879454,30.867458,0,0.0,1387,0.5556394384683894,0,0
2022-10-20,5196.96,489.73545454545456,73.46031818181818,24.48677272727273,34.50363636363637,Aswan,0.0,3.2762673,159.10907,32.189396,29.086172,10.770497,0.19443767,-2.6947377,0.1072674,17.469154,50.16442,10,3,0,4.243206933333336,4.407806685714286,4.737809171428571,5.069677,30.42553128571429,0,0.0,1388,0.6240176452423818,0,0
2022-10-21,5399.32,470.9218181818182,70.63827272727272,23.54609090909091,34.25818181818182,Aswan,0.0,5.155785,152.43889,36.969692,28.106924,11.697825,2.3179321,-4.4734397,0.076111466,14.674024,35.529854,10,3,0,4.271909600000002,4.4434838999999995,4.701932528571429,5.155785,30.925678714285713,0,0.0,1389,0.5998691726419456,0,0
2022-10-22,5627.22,493.3654545454545,74.00481818181817,24.668272727272726,34.015454545454546,Aswan,0.0,5.245132,158.20135,34.520504,26.145578,8.4711,1.9704489,-4.7935386,0.09475715,18.067848,62.376755,10,3,0,4.559061433333335,4.723100757142857,4.6649457,5.245132,31.653776571428573,0,0.0,1390,1.0118631667290043,0,0
2022-10-23,5672.79,494.6281818181818,74.19422727272728,24.731409090909093,33.775454545454544,Aswan,0.0,4.7710724,158.66364,37.538887,25.431793,9.330231,1.7552643,-4.4086204,0.092214756,15.828476,49.684036,10,3,0,5.0573298000000015,4.825866314285714,4.613049914285715,5.245132,33.78520242857143,0,0.0,1391,1.3430519730309876,0,0
2022-10-24,5567.53,481.5181818181818,72.22772727272726,24.075909090909093,33.53363636363636,Aswan,0.0,4.3486753,147.20801,31.699793,24.192291,6.0098367,2.102473,-3.5274048,0.10389611,15.707863,49.07807,10,3,0,4.788293233333335,4.607183642857143,4.54002565,5.245132,33.75187714285714,0,0.0,1392,1.8065977554950543,0,0
2022-10-25,5664.68,514.59,77.1885,25.7295,33.29181818181818,Aswan,0.0,2.6585205,118.58276,38.176895,23.514395,7.6896873,2.0165813,-0.9644928,0.15016834,13.1429205,40.0713,10,3,0,3.926089400000002,4.262732714285714,4.405722307142857,4.7710724,34.495630285714284,0,0.0,1393,2.1317033575724,0,0
2022-10-26,5622.45,490.419090909091,73.56286363636364,24.52095454545455,33.054545454545455,Aswan,0.0,3.6939116,158.1911,37.955917,23.868317,8.247223,1.3828837,-3.2645519,0.09240311,10.160723,37.102997,10,3,0,3.5670358000000015,4.164194871428571,4.375798564285715,4.3486753,35.57872628571429,0,0.0,1394,2.156644302579164,0,0
2022-10-27,5538.63,481.4154545454545,72.21231818181818,24.070772727272725,32.81818181818182,Aswan,0.0,3.7824109,176.23299,40.41715,24.53124,9.566966,0.27648926,-3.734914,0.058844563,14.345154,37.44643,10,3,0,3.3782810000000016,4.2365011,4.322153892857143,3.7824109,36.754119714285714,0,0.0,1395,1.6032441416817629,0,0
2022-10-28,5487.54,498.8372727272727,74.8255909090909,24.941863636363635,32.58363636363636,Aswan,0.0,3.19543,174.77238,38.51738,25.567698,9.96109,0.19125874,-3.0307617,0.047930382,13.813946,29.02843,10,3,0,3.557250833333335,3.956450385714285,4.199967142857143,3.7824109,36.975218,0,0.0,1396,0.9784417302557424,0,0
2022-10-29,5346.39,462.7672727272728,69.41509090909092,23.138363636363643,32.35090909090909,Aswan,0.0,3.3145454,165.37007,33.58807,26.429758,8.557689,0.6547699,-2.9084117,0.07395962,14.968805,35.169903,10,3,0,3.4307954333333353,3.6806522999999998,4.201876528571429,3.7824109,36.84201314285714,0,0.0,1397,1.0493168316064105,0,0
2022-10-30,4728.55,350.1718181818182,52.52577272727273,17.50859090909091,32.11727272727273,Aswan,0.0,3.5978777,153.5288,39.3583,24.90152,9.78954,1.4500631,-3.1403809,0.11442159,18.395704,54.941685,10,3,0,3.3692843666666685,3.5130530571428573,4.169459685714286,3.5978777,37.101929285714284,0,0.0,1398,1.0138701006638555,0,0
2022-10-31,5434.47,475.86727272727273,71.38009090909091,23.793363636363637,31.88909090909091,Aswan,0.0,4.504627,162.94647,41.249836,24.918854,10.529613,1.2417654,-4.276937,0.09210819,20.581009,57.99089,10,3,0,3.8056833666666683,3.5353318714285713,4.071257757142857,4.504627,38.466221142857144,0,0.0,1399,0.9883039663716305,0,0
2022-11-01,5822.79,525.5309090909091,78.82963636363635,26.276545454545456,31.663636363636364,Aswan,0.0,5.353279,162.40971,33.736675,24.362131,6.912262,1.6392416,-5.075872,0.066250294,18.741886,53.218307,11,3,0,4.485261233333335,3.9202973714285716,4.091515042857143,5.353279,37.831904,0,0.0,1400,0.8430928457722623,0,0
2022-11-02,5921.85,543.7345454545455,81.56018181818182,27.186727272727275,31.434545454545454,Aswan,0.0,4.278906,156.35796,36.523785,22.531076,6.477936,1.714976,-3.9022572,0.048428006,14.802206,42.849968,11,3,0,4.712270666666669,4.003868,4.0840314357142855,5.353279,37.62731371428572,0,0.0,1401,1.2016378015965554,0,0
2022-11-03,5726.34,522.3818181818182,78.35727272727273,26.11909090909091,31.21454545454545,Aswan,0.0,4.2025266,174.7397,41.16753,23.133535,8.665517,0.36751303,-4.114273,0.04768411,15.075935,42.36106,11,3,0,4.611570533333335,4.063884528571428,4.150192814285714,5.353279,37.73451085714286,0,0.0,1402,1.3507119547130886,0,0
2022-11-04,5603.16,517.4263636363636,77.61395454545453,25.871318181818182,30.99272727272728,Aswan,0.0,3.0019934,163.24422,34.909115,23.000803,6.3717346,0.5881602,-2.7419891,0.049094312,11.208511,31.606976,11,3,0,3.827808666666668,4.036250728571429,3.9963505571428573,4.278906,37.21904442857143,0,0.0,1403,1.3763223570312806,0,0
2022-11-05,5629.86,517.9472727272728,77.69209090909091,25.89736363636364,30.773636363636363,Aswan,0.0,2.833974,174.36841,35.39615,23.221506,6.778961,0.25145975,-2.5125072,0.038089786,12.804806,29.044933,11,3,0,3.3461646666666685,3.9675976714285714,3.8241249857142856,4.2025266,37.47734157142857,0,0.0,1404,0.9805331051391667,0,0
2022-11-06,5685.9,522.3372727272728,78.35059090909091,26.11686363636364,30.55909090909091,Aswan,0.0,3.109586,164.96454,33.44218,22.83487,5.2231345,0.6970317,-2.8451538,0.027254887,13.563089,28.972462,11,3,0,2.981851133333335,3.8978417142857142,3.705447385714286,3.109586,36.632181571428575,0,0.0,1405,0.8721011371968552,0,0
2022-11-07,5792.64,532.6181818181818,79.89272727272727,26.630909090909093,30.344545454545457,Aswan,0.0,4.201571,164.87363,33.818348,22.329172,5.15152,1.102117,-3.9135742,0.03485339,15.162699,34.58349,11,3,0,3.3817103333333356,3.8545480000000003,3.694939935714286,4.201571,35.57054042857143,0,0.0,1406,0.6576584568584806,0,0
2022-11-08,5787.27,578.9480000000001,86.8422,28.947400000000005,33.018,Aswan,0.0,3.8302004,168.80037,30.465643,22.117014,3.4506733,0.80286664,-3.6914825,0.05268967,13.163908,43.87296,11,3,0,3.7137858000000024,3.6369653428571427,3.778631357142857,4.201571,35.10325014285714,0,0.0,1407,0.4211603280895271,0,0
2022-11-09,5699.41,578.512,86.7768,28.9256,32.805,Aswan,0.0,3.2965238,171.45927,40.164608,21.842112,7.2706604,0.45743307,-3.199712,0.037832864,10.45343,30.930243,11,3,0,3.776098400000002,3.4966250285714287,3.750246514285714,4.201571,35.62336771428571,0,0.0,1408,0.5410841999871343,0,0
2022-11-10,5675.41,582.085,87.31275000000001,29.104250000000004,32.595,Aswan,0.0,3.4063509,173.69061,42.931538,22.671946,9.178864,0.35342407,-3.385152,0.032164246,10.4158535,25.279186,11,3,0,3.511025033333335,3.382885642857143,3.7233850857142854,3.8302004,35.87536885714286,0,0.0,1409,0.49724379457049134,0,0
2022-11-11,5516.89,549.909,82.48635,27.49545,32.387,Aswan,0.0,3.8830798,183.32133,37.60004,23.579092,8.26358,-0.2225291,-3.86734,0.036766455,9.61429,20.160755,11,3,0,3.528651500000002,3.508755128571429,3.772502928571428,3.8830798,36.25978671428572,0,0.0,1410,0.6142581957435698,0,0
2022-11-12,5119.85,491.984,73.79759999999999,24.5992,32.184,Aswan,0.0,3.777007,181.25867,34.525448,24.28775,7.6498923,-0.1305542,-3.7533162,0.032230094,9.467051,19.389046,11,3,0,3.6888125666666682,3.643474128571429,3.8055358999999997,3.8830798,36.135400714285716,0,0.0,1411,0.8605374376330459,0,0
2022-11-13,5484.89,559.562,83.9343,27.9781,31.985000000000003,Aswan,0.0,4.2956986,179.53203,35.660168,24.924387,8.617584,0.036671955,-4.2904716,0.045979537,9.781351,21.27747,11,3,0,3.9852618000000017,3.8129187857142854,3.85538025,4.2956986,36.452256142857145,0,0.0,1412,1.1757436204594693,0,0
2022-11-14,5429.5,548.937,82.34055,27.44685,31.789,Aswan,0.0,4.1087604,175.5144,33.495148,25.322174,8.003245,0.25034586,-4.038254,0.050008126,16.154911,38.792316,11,3,0,4.060488666666668,3.799660128571429,3.827104064285714,4.2956986,36.40608471428571,0,0.0,1413,1.3732188495950794,0,0
2022-11-15,5633.43,567.23,85.0845,28.361500000000003,31.596,Aswan,0.0,4.9638634,167.6334,39.750988,24.264801,9.306224,1.0629272,-4.783956,0.051256478,18.049162,44.67188,11,3,0,4.456107466666668,3.9616119857142857,3.799288664285714,4.9638634,37.73256257142857,0,0.0,1414,1.236771940480461,0,0
2022-11-16,5787.16,563.3190000000001,84.49785000000001,28.165950000000006,31.408,Aswan,0.0,5.330041,163.69409,37.60538,20.825918,5.3368225,1.4650778,-5.072418,0.06417125,18.310743,56.496048,11,3,0,4.800888266666669,4.252114442857143,3.8743697357142857,5.330041,37.366958571428576,0,0.0,1415,1.5344272296294712,0,0
2022-11-17,5685.58,559.354,83.90310000000001,27.967700000000004,31.223000000000003,Aswan,0.0,3.6893823,167.56642,36.49073,20.42341,4.683258,0.79895526,-3.5960796,0.033731453,14.003847,34.767914,11,3,0,4.661095566666669,4.2925474999999995,3.8377165714285715,5.330041,36.44684314285714,0,0.0,1416,1.960794917186344,0,0
2022-11-18,5686.13,567.8779999999999,85.18169999999999,28.3939,31.041000000000004,Aswan,0.0,3.7916787,183.49834,37.695847,20.726309,5.4547424,-0.18039958,-3.7131855,0.022496313,13.903341,24.771816,11,3,0,4.270367333333335,4.2794902,3.894122664285714,5.330041,36.46052985714285,0,0.0,1417,2.193993698368677,0,0
2022-11-19,5668.05,555.4559999999999,83.31839999999998,27.772799999999997,30.863,Aswan,0.0,4.0849338,193.33327,30.739584,21.272696,2.7377014,-0.91050214,-3.967158,0.021835525,8.462839,15.172453,11,3,0,3.8553316000000017,4.323479742857144,3.9834769357142856,4.0849338,35.91969214285714,0,0.0,1418,2.187625726877306,0,0
2022-11-20,5593.2,564.96,84.744,28.248000000000005,30.693,Aswan,0.0,3.135925,205.77794,46.65645,22.16633,9.935781,-1.3755087,-2.782369,0.03653819,11.596697,31.80046,11,3,0,3.670845833333335,4.1577978,3.9853582928571427,4.0849338,37.49058957142857,0,0.0,1419,1.9177186203645813,0,0
2022-11-21,5050.63,498.259,74.73885,24.912950000000002,30.524,Aswan,0.0,2.0666535,169.52112,55.976887,24.787506,14.165924,-1.1862589,-1.3277893,0.085746,21.023903,63.45281,11,3,0,3.095837433333335,3.8660682428571427,3.8328641857142856,4.0849338,40.702266571428574,0,0.0,1420,1.7753587342922812,0,0
2022-11-22,4931.18,488.753,73.31295,24.43765,30.360000000000003,Aswan,0.0,2.7613666,180.93703,46.977676,26.007395,13.269765,-0.090901695,-2.7368877,0.12086412,19.798893,58.532528,11,3,0,2.6546483666666685,3.5514258428571432,3.7565189142857145,3.135925,41.73465057142857,0,0.0,1421,2.205106996722357,0,0
2022-11-23,4562.34,429.807,64.47105,21.490350000000003,30.199,Aswan,0.0,4.02856,173.55623,34.347168,26.718903,9.703033,0.3347931,-3.9678142,0.11875044,20.613615,52.455322,11,3,0,2.9521933666666684,3.365499985714286,3.8088072142857143,4.02856,41.26919171428572,0,0.0,1422,2.626253805106982,0,0
2022-11-24,5638.02,546.8109999999999,82.02164999999998,27.340549999999997,30.046000000000003,Aswan,0.0,5.226696,162.56166,35.170586,22.282785,5.4292703,1.5388031,-4.972239,0.06384689,17.654598,59.7452,11,3,0,4.005540866666668,3.5851162285714286,3.938831864285714,5.226696,41.08059971428572,0,0.0,1423,2.3867415018714473,0,0
2022-11-25,5590.02,544.5640000000001,81.6846,27.228200000000005,29.895,Aswan,0.0,3.5806758,165.37642,31.82315,20.570059,2.5631409,1.0086416,-3.404607,0.048453033,11.883859,47.743725,11,3,0,4.278643933333335,3.554972957142857,3.9172315785714287,5.226696,40.241643,0,0.0,1424,2.416708971146476,0,0
2022-11-26,5617.7,547.653,82.14795,27.38265,29.75,Aswan,0.0,4.0595355,188.19995,42.59392,20.838694,7.0613503,-0.5932515,-3.9997203,0.031594053,10.505323,27.923615,11,3,0,4.288969100000002,3.5513446285714285,3.937412185714286,5.226696,41.93511957142857,0,0.0,1425,2.485006873088445,0,0
2022-11-27,5183.24,498.545,74.78175,24.92725,29.610000000000003,Aswan,0.0,2.8306987,203.25966,41.73216,20.25235,6.525869,-1.17423,-2.5441334,0.023866275,8.549204,20.081562,11,3,0,3.490303333333335,3.5077408714285716,3.832769335714286,4.0595355,41.23164957142858,0,0.0,1426,2.728850511419754,0,0
2022-11-28,2764.58,124.906,18.7359,6.2453,29.472,Aswan,0.0,2.0999808,178.65266,40.22778,21.961008,7.6988015,-0.035532635,-0.9517822,0.035864286,9.324163,19.558182,11,3,0,2.9967383333333353,3.512501914285714,3.689285078571429,4.0595355,38.98177714285714,0,0.0,1427,2.639204342617431,0,0
2022-11-29,5484.62,549.274,82.3911,27.463700000000003,29.343,Aswan,0.0,2.4827404,167.46733,34.342876,21.958567,4.392324,0.7827199,-2.2636414,0.035494275,8.805042,22.77837,11,3,0,2.4711399666666685,3.472698171428571,3.5120620071428568,2.8306987,37.17680571428571,0,0.0,1428,2.189004466960884,0,0
2022-11-30,4422.85,365.968,54.8952,18.2984,29.218,Aswan,0.0,1.8796061,222.88898,42.725708,21.159494,6.878408,-1.102951,-1.0051829,0.024116457,9.342434,19.766098,11,3,0,2.1541091000000017,3.165704757142857,3.2656023714285713,2.4827404,38.37374,0,0.0,1429,0.7851316266690742,0,0
2022-12-01,5464.91,557.361,83.60414999999999,27.86805,29.096,Aswan,0.0,2.6976137,198.24702,46.339855,21.585196,8.8579,-0.9246063,-2.4077709,0.02586392,7.094268,14.490271,12,0,0,2.3533200666666683,2.804407285714286,3.194761757142857,2.6976137,39.96934985714285,0,0.0,1430,0.6744363412720684,0,0
2022-12-02,5626.2,562.92,84.43799999999999,28.146,28.981,Aswan,0.0,3.9541342,189.07854,34.250195,21.337717,4.597483,-0.64856464,-3.8413136,0.029928297,10.755638,20.44531,12,0,0,2.8437846666666684,2.8577584857142857,3.2063657214285715,3.9541342,40.31607057142857,0,0.0,1431,0.6169157338652144,0,0
2022-12-03,4201.02,345.293,51.79395,17.26465,28.87,Aswan,0.0,3.1807718,186.93138,33.82917,20.34089,3.4732158,-0.36668906,-3.0664215,0.028589094,10.857114,19.89684,12,0,0,3.2775065666666685,2.7322208142857143,3.1417827214285716,3.9541342,39.06396342857143,0,0.0,1432,0.7016891206503247,0,0
2022-12-04,5387.66,524.114,78.61710000000001,26.205700000000004,28.763,Aswan,0.0,3.3090296,175.94225,36.287933,19.977365,4.158274,0.31288147,-3.2429402,0.021243628,13.015555,27.153458,12,0,0,3.4813118666666685,2.8005538,3.1541473357142857,3.9541342,38.286216714285715,0,0.0,1433,0.7697983713103846,0,0
2022-12-05,5623.98,555.1279999999999,83.26919999999998,27.7564,28.664,Aswan,0.0,4.3119082,162.91573,45.281204,20.11856,7.4780173,1.248642,-4.083069,0.037164472,15.01553,51.58293,12,0,0,3.600569866666669,3.1165434285714286,3.314522671428571,4.3119082,39.00813442857143,0,0.0,1434,0.7766362520239649,0,0
2022-12-06,5701.57,559.551,83.93265000000001,27.977550000000004,28.569,Aswan,0.0,4.9421062,170.36566,48.815624,19.512686,7.97582,0.8538971,-4.850759,0.03625804,14.117118,46.993393,12,0,0,4.187681333333335,3.4678814,3.470289785714286,4.9421062,41.07566985714285,0,0.0,1435,0.7845044288022547,0,0
2022-12-07,5703.0,567.716,85.1574,28.385800000000003,28.479000000000003,Aswan,0.0,3.6921892,176.6114,47.71892,18.577545,6.364492,0.21089172,-3.6390889,0.04561685,13.2399645,46.94799,12,0,0,4.315401200000002,3.726821842857143,3.4462632999999996,4.9421062,41.788985857142855,0,0.0,1436,1.0322807227749966,0,0
2022-12-08,5512.37,545.991,81.89864999999999,27.29955,28.396000000000004,Aswan,0.0,3.0506275,192.36664,41.898926,17.501862,3.7534077,-0.5315755,-2.9659882,0.024640286,12.333408,23.807602,12,0,0,3.8949743000000017,3.7772523857142852,3.2908298357142862,4.9421062,41.15456742857143,0,0.0,1437,1.2537372092799777,0,0
2022-12-09,5618.03,558.701,83.80515,27.935050000000004,28.319,Aswan,0.0,4.09998,185.75862,32.85474,19.784739,2.3889873,-0.3253479,-4.0582123,0.03222869,12.535007,26.366007,12,0,0,3.6142655666666688,3.7980875000000003,3.3279229928571428,4.09998,40.95521671428571,0,0.0,1438,1.0144792202503745,0,0
2022-12-10,5583.71,563.479,84.52185,28.173950000000005,28.244,Aswan,0.0,3.9936855,194.40074,30.735758,21.083405,2.6825256,-0.8639221,-3.8208973,0.03494688,12.451059,30.543308,12,0,0,3.7147643333333353,3.914218028571429,3.3232194214285715,4.09998,40.51330071428571,0,0.0,1439,1.1577226597863006,0,0
2022-12-11,5549.85,565.033,84.75495,28.25165,28.178,Aswan,0.0,2.8941305,190.25458,30.294947,20.463531,1.8583883,-0.546992,-2.8030446,0.03156878,11.990328,27.223751,12,0,0,3.662598666666669,3.8549467285714285,3.327750264285714,4.09998,39.65715985714286,0,0.0,1440,1.20422026557678,0,0
2022-12-12,5409.39,563.014,84.4521,28.1507,28.114,Aswan,0.0,1.8126701,188.42175,33.775898,19.488028,2.478424,0.04046631,-1.4075521,0.012496853,15.462322,27.715796,12,0,0,2.9001620333333356,3.497912714285714,3.307228071428572,3.9936855,38.013544714285715,0,0.0,1441,1.180346786384045,0,0
2022-12-13,5430.84,560.924,84.1386,28.0462,28.06,Aswan,0.0,2.0178413,191.30797,27.01467,21.11799,1.2761942,0.13174947,-1.777471,0.039000653,12.496056,35.820473,12,0,0,2.241547300000002,3.0801605857142857,3.274020992857143,2.8941305,34.89912271428572,0,0.0,1442,1.332250878986066,0,0
2022-12-14,5554.96,562.7529999999999,84.41294999999998,28.137649999999997,28.009000000000004,Aswan,0.0,3.3519363,186.07422,35.882618,20.097483,4.182363,-0.25016275,-3.2702534,0.049162436,13.571153,36.72664,12,0,0,2.3941492333333354,3.031553028571429,3.379187435714286,3.3519363,33.20822242857143,0,0.0,1443,1.2360258179023405,0,0
2022-12-15,5573.32,560.732,84.10979999999999,28.0366,27.965000000000003,Aswan,0.0,3.872967,187.3,44.414654,20.005362,7.079824,-0.503362,-3.8298085,0.018351909,12.141275,24.818882,12,0,0,3.0809148666666686,3.1490301000000005,3.463141242857143,3.872967,33.567612142857136,0,0.0,1444,0.6273868332385975,0,0
2022-12-16,5569.23,558.24,83.736,27.912000000000003,27.925,Aswan,0.0,3.839565,208.00606,45.528625,20.529694,7.9917703,-1.7977651,-3.3894298,0.0201004,13.1043215,25.203377,12,0,0,3.688156100000002,3.1118279571428573,3.454957728571429,3.872967,35.378167142857144,0,0.0,1445,0.5891133600769528,0,0
2022-12-17,5540.13,559.759,83.96385,27.98795,27.891,Aswan,0.0,3.629629,207.3274,56.816013,21.140696,10.882965,-1.6622314,-3.2234395,0.029795565,13.31216,32.699303,12,0,0,3.780720333333335,3.0598198857142855,3.4870189571428574,3.872967,39.103917857142854,0,0.0,1446,0.6005114549880556,0,0
2022-12-18,5466.56,559.717,83.95755,27.98585,27.863,Aswan,0.0,3.5843189,205.07628,53.905415,21.711985,10.801666,-1.497467,-3.1935322,0.08746599,17.352627,50.694904,12,0,0,3.6845043000000017,3.1584182285714286,3.5066824785714283,3.839565,42.47684185714286,0,0.0,1447,0.7792120926184516,0,0
2022-12-19,5386.82,553.6229999999999,83.04344999999999,27.68115,27.843,Aswan,0.0,3.104634,204.58742,53.773876,22.058828,11.108958,-1.2886454,-2.7667491,0.08476061,17.11296,45.68113,12,0,0,3.4395273000000017,3.3429845,3.4204486071428577,3.629629,45.33369585714286,0,0.0,1448,0.7821411739985211,0,0
2022-12-20,5260.23,551.856,82.77839999999999,27.5928,27.826,Aswan,0.0,2.1688187,191.90843,43.92978,22.426584,8.918447,-0.87803143,-1.8514608,0.056999408,12.626091,28.904018,12,0,0,2.9525905333333355,3.3645527000000004,3.2223566428571426,3.5843189,47.75014014285715,0,0.0,1449,0.9637960166444909,0,0
2022-12-21,5270.26,508.369,76.25535,25.418450000000004,27.817,Aswan,0.0,4.9113603,178.98836,45.17447,20.456858,7.7421775,0.0700531,-4.88471,0.05355482,18.628214,50.522606,12,0,0,3.3949376666666686,3.587327557142857,3.309440292857143,4.9113603,49.077547571428575,0,0.0,1450,0.9069885798736482,0,0
2022-12-22,5045.33,495.186,74.27789999999999,24.7593,27.812,Aswan,0.0,3.8782177,154.94846,47.14951,19.240793,7.254954,1.3753,-3.17512,0.06508896,17.68892,52.633316,12,0,0,3.652798900000002,3.588077657142857,3.3685538785714284,4.9113603,49.468241285714285,0,0.0,1451,1.099113474380614,0,0
2022-12-23,5824.73,560.72,84.108,28.036,27.814,Aswan,0.0,4.608637,126.58874,44.11983,15.922028,3.3107808,3.6781769,-2.765218,0.075784296,10.827887,62.45066,12,0,0,4.466071666666669,3.6979450857142857,3.4048865214285717,4.9113603,49.26698485714286,0,0.0,1452,2.255525037935294,0,0
2022-12-24,5555.04,544.882,81.7323,27.2441,27.825,Aswan,0.0,2.5763218,123.12277,50.99524,14.898427,4.589264,2.1513722,-1.3909912,0.10931206,10.576086,64.653915,12,0,0,3.687725500000002,3.547472628571428,3.3036462571428573,4.608637,48.43544585714286,0,0.0,1453,3.0264902936365066,0,0
2022-12-25,5729.01,560.162,84.0243,28.008100000000002,27.836,Aswan,0.0,3.591349,143.17116,41.58848,15.66332,2.09846,2.1440582,-2.8805134,0.042913202,6.1523104,24.895988,12,0,0,3.592102600000002,3.5484769285714286,3.353447578571429,4.608637,46.67588371428571,0,0.0,1454,3.1604563413486617,0,0
2022-12-26,5741.59,563.6890000000001,84.55335000000001,28.184450000000005,27.856,Aswan,0.0,4.1563087,140.73398,49.70793,16.686188,5.68277,2.4771068,-3.2672424,0.085924864,8.497662,42.461006,12,0,0,3.441326500000002,3.698716171428572,3.5208503357142855,4.1563087,46.09503428571429,0,0.0,1455,2.834992572062747,0,0
2022-12-27,5883.0,578.115,86.71724999999999,28.90575,27.881,Aswan,0.0,4.6346807,170.76106,50.105377,16.171457,5.144114,0.60736084,-4.5004525,0.044708714,14.240803,50.21335,12,0,0,4.127446133333335,4.050982171428571,3.7077674357142856,4.6346807,46.97726242857142,0,0.0,1456,2.0461797748955837,0,0
2022-12-28,5737.71,563.1510000000001,84.47265,28.157550000000004,27.911,Aswan,0.0,4.036413,203.05641,53.020233,16.108469,5.876129,-1.5715891,-3.6997783,0.015113659,9.504385,22.388575,12,0,0,4.275800800000002,3.9259896999999997,3.7566586285714285,4.6346807,48.098085714285716,0,0.0,1457,1.3731593493919718,0,0
2022-12-29,5737.79,566.729,85.00935,28.336450000000003,27.948,Aswan,0.0,3.9508498,195.8125,62.24469,16.477936,8.532216,-1.0049235,-3.7855682,0.015670668,7.7796497,19.922136,12,0,0,4.207314500000002,3.936365714285714,3.762221685714285,4.6346807,50.254540000000006,0,0.0,1458,0.5877346016652997,0,0
2022-12-30,5867.25,589.354,88.40310000000001,29.467700000000004,27.99,Aswan,0.0,3.7527664,184.30798,37.241306,16.647776,1.5248922,-0.2164917,-3.7154744,0.012590517,10.756094,23.560165,12,0,0,3.9133430666666684,3.8140984857142857,3.7560217857142857,4.036413,49.27189371428572,0,0.0,1459,0.6358521234535475,0,0
2022-12-31,4813.15,416.509,62.47635,20.825450000000004,28.038,Aswan,0.0,3.01204,183.46558,40.032776,16.166412,2.0731506,-0.20039876,-2.995641,0.021956237,11.364004,32.15751,12,0,0,3.5718854000000015,3.876343942857143,3.7119082857142858,3.9508498,47.705827428571425,0,0.0,1460,0.35907667428606616,0,0
2019-01-01,3806.78,309.035,46.355250000000005,15.451750000000002,23.497,Cairo,0.0,2.630526,204.29059,56.132214,13.9479065,4.4916077,1.649498,0.86383057,0.012626481,122.8321,170.28802,1,0,0,2.630526,2.630526,2.630526,2.630526,56.132214,0,0.0,1,0.0,0,1
2019-01-02,3383.33,239.024,35.8536,11.9512,23.56,Cairo,8.106232e-06,5.751455,27.905182,43.090168,14.077423,1.2015686,3.2481613,4.2751465,0.16894476,61.106182,95.178696,1,0,0,4.1909905,4.1909905,4.1909905,5.751455,49.611191,0,8.106232e-06,2,0.09158199542554767,0,1
2019-01-03,5232.78,500.89400000000006,75.1341,25.044700000000006,23.63,Cairo,0.0,5.5051613,53.316986,48.569355,15.663116,4.4356995,4.400223,3.305191,0.14659417,110.1178,153.00876,1,0,0,4.629047433333334,4.629047433333334,4.629047433333334,5.751455,49.26391233333334,0,8.106232e-06,3,0.9550864221726663,0,1
2019-01-04,5171.13,508.879,76.33185,25.44395,23.704,Cairo,0.0,2.7856636,208.0847,47.618477,14.165192,2.5086975,1.0307922,2.1939468,0.118616,75.14566,106.49657,1,0,0,4.680759966666667,4.168201475,4.168201475,5.751455,48.8525535,0,8.106232e-06,4,0.8047687627800693,0,1
2019-01-05,5120.06,493.354,74.00309999999999,24.6677,23.785000000000004,Cairo,0.0,3.2537303,68.46187,36.812305,15.243683,0.20401001,2.923523,0.6436081,0.11274104,114.97319,168.34108,1,0,0,3.8481850666666664,3.98530724,3.98530724,5.5051613,46.4445038,0,8.106232e-06,5,0.779426043402484,0,1
2019-01-06,4754.39,382.071,57.31065,19.103550000000002,23.874,Cairo,0.0,6.7653365,65.45273,41.270664,13.304962,-0.3864441,6.210594,2.3952484,0.24292712,111.2894,181.58981,1,0,0,4.268243466666667,4.44864545,4.44864545,6.7653365,45.58219716666667,0,8.106232e-06,6,0.879766973422305,0,1
2019-01-07,4291.33,362.08,54.312,18.104,23.966,Cairo,9.536743e-07,5.956347,49.065765,46.078648,12.236603,0.91238403,4.643837,3.1974945,0.1837404,120.62615,169.35068,1,0,0,5.325137933333333,4.664031385714286,4.664031385714286,6.7653365,45.65311871428571,0,9.059906299999999e-06,7,1.1462282216513693,0,1
2019-01-08,4683.99,419.374,62.9061,20.968700000000002,24.064,Cairo,0.0,6.348428,52.32434,48.941612,12.615753,1.3876038,5.09391,2.8108215,0.26727763,116.77753,168.4053,1,0,0,6.356703833333333,5.195160242857143,4.8745809625,6.7653365,44.62588985714286,0,9.059906299999999e-06,8,1.277113374994525,0,1
2019-01-09,4695.2,398.073,59.71095,19.90365,24.168,Cairo,0.0,2.5413415,74.52324,54.221825,11.635651,2.2044983,2.4228287,0.67396545,0.042584628,62.118877,83.367905,1,0,0,4.9487055,4.736572600000001,4.615332133333333,6.348428,46.216126571428575,0,9.536743e-07,9,1.52942556814723,0,1
2019-01-10,5353.67,540.267,81.04005000000001,27.013350000000003,24.279,Cairo,0.0,1.7673142,265.72177,47.374554,12.379303,-0.10714722,-1.3152771,-0.45037842,0.0148114655,106.59332,148.33981,1,0,0,3.552361233333334,4.2025944428571425,4.33053034,6.348428,46.04544071428571,0,9.536743e-07,10,1.2525756074277508,0,1
2019-01-11,5222.94,525.9390000000001,78.89085000000001,26.296950000000006,24.395,Cairo,0.0,1.9136459,224.18893,47.735733,12.456451,0.6091614,-1.1977005,-1.2346878,0.0063482826,87.755646,121.95801,1,0,0,2.074100533333333,4.078020485714285,4.110813572727273,2.5413415,46.06219157142857,0,9.536743e-07,11,1.17033158543187,0,1
2019-01-12,5311.23,549.5980000000001,82.4397,27.479900000000004,24.516,Cairo,0.0,2.2983398,145.94647,42.724102,14.080475,0.24450684,-0.2197876,1.1849823,0.019979754,111.21601,153.95172,1,0,0,1.9930999666666664,3.9415361285714283,3.9597740916666666,2.2983398,46.90673400000001,0,9.536743e-07,12,0.7940744388712037,0,1
2019-01-13,3402.39,232.318,34.8477,11.615900000000002,24.644,Cairo,0.0,7.3769326,53.70479,37.45722,13.769562,-0.6453552,6.007736,4.197693,0.41384745,157.1728,239.44049,1,0,0,3.8629727666666667,4.028907,4.222632438461539,7.3769326,46.36195628571429,0,9.536743e-07,13,0.8713782735917074,0,1
2019-01-14,3066.17,210.87600000000003,31.631400000000003,10.543800000000003,24.777,Cairo,0.0,5.5592794,55.756165,45.523018,14.722809,2.9393616,4.594368,3.129959,0.24760251,183.51694,252.71362,1,0,0,5.0781839333333325,3.9721830571428574,4.318107221428571,7.3769326,46.282580571428575,0,0.0,14,1.1071959819180923,0,1
2019-01-15,5516.8,521.673,78.25095,26.083650000000002,24.915,Cairo,0.0,6.706064,26.128708,38.657555,13.291534,-1.4388123,3.2973557,5.559387,0.15724823,83.55576,118.31372,1,0,0,6.547425333333333,4.023273914285714,4.609217078571428,7.3769326,44.81342957142857,0,0.0,15,1.0878089764313474,0,1
2019-01-16,2496.42,193.64666666666665,29.046999999999997,9.682333333333332,25.19333333333333,Cairo,1.4305115e-06,9.598027,60.19197,33.1688,12.93277,-2.907074,7.7475357,2.966774,0.6754658,182.93903,304.8493,1,0,0,7.287790133333332,5.031371842857142,4.8839722214285715,9.598027,41.805854571428576,0,1.4305115e-06,16,0.8667595832054428,0,1
2019-01-17,3548.35,264.54200000000003,39.6813,13.227100000000002,25.209,Cairo,0.0,3.2654085,88.416504,56.996284,11.812286,3.1319885,2.624588,-0.014549255,0.03682216,67.14247,91.98894,1,0,0,6.523166499999999,5.2453853142857145,4.7239898785714285,9.598027,43.18038742857143,0,1.4305115e-06,17,0.9927777791637132,0,1
2019-01-18,5150.72,498.296,74.7444,24.9148,25.362,Cairo,0.0,2.2649858,174.85745,56.587097,13.941071,4.605438,0.18637848,-2.2526398,0.0024600783,84.69322,117.137535,1,0,0,5.042807099999999,5.295576728571429,4.6867986071428565,9.598027,44.444868,0,1.4305115e-06,18,0.9409784308905467,0,1
2019-01-19,5193.75,487.472,73.12079999999999,24.3736,25.52,Cairo,0.0,3.1927476,229.4674,62.481903,13.918488,5.9167786,-2.402031,-2.1008835,0.0067749326,39.00872,55.003452,1,0,0,2.907713966666666,5.423349271428571,4.6824427,3.2654085,47.267410999999996,0,1.4305115e-06,19,0.9264099568345728,0,1
2019-01-20,3041.53,163.483,24.52245,8.174150000000001,25.685,Cairo,0.0,2.1967318,242.95178,61.73429,13.484772,5.3498535,-1.9858704,-0.9245682,0.029833324,38.251347,53.71374,1,0,0,2.5514883999999998,4.683320585714285,4.356113792857143,3.1927476,50.73556385714286,0,1.4305115e-06,20,0.9179981139052866,0,1
2019-01-21,5192.33,490.1863636363637,73.52795454545455,24.509318181818188,23.655454545454543,Cairo,0.0,2.089818,139.5497,48.768414,17.627228,4.996002,-0.025802612,0.56757355,0.057033695,82.20293,113.585945,1,0,0,2.4930991333333328,4.187683242857143,4.0799331500000005,3.1927476,51.199191857142864,0,1.4305115e-06,21,1.8128622781512287,0,1
2019-01-22,4906.44,420.8645454545455,63.12968181818182,21.04322727272728,23.83090909090909,Cairo,0.0,2.4326334,178.57437,70.17996,13.210236,7.129303,0.14716482,-2.2344437,0.061824713,101.81894,140.5904,1,0,0,2.2397277333333325,3.5771931571428572,3.8002335357142862,2.4326334,55.70239257142857,0,1.4305115e-06,22,1.817353296683668,0,1
2019-01-23,2425.85,95.70181818181818,14.355272727272727,4.7850909090909095,24.007272727272724,Cairo,0.0,2.2342973,300.7324,59.621216,16.273834,6.764435,-1.2465057,0.6337738,0.02594607,70.82808,96.942215,1,0,0,2.252249566666666,2.5252317714285715,3.7783018071428573,2.4326334,59.481309142857135,0,0.0,23,1.9696752502704955,0,1
2019-01-24,5080.68,423.1636363636364,63.474545454545456,21.15818181818182,24.19454545454545,Cairo,0.0,5.6692224,216.59753,27.410515,17.13382,-2.006073,2.7759018,3.4748688,0.28706777,120.32962,170.92581,1,0,0,3.445384366666666,2.8686337571428573,4.057009535714285,5.6692224,55.25477071428571,0,0.0,24,1.862735532528347,0,1
2019-01-25,5386.5,494.5154545454545,74.17731818181817,24.725772727272727,24.38181818181818,Cairo,0.0,2.3746667,174.32173,38.14216,15.494659,-0.57406616,0.24555969,2.0303192,0.16614267,157.72507,210.91289,1,0,0,3.426062133333333,2.8843024571428573,4.089939592857143,5.6692224,52.61977971428571,0,0.0,25,1.7951605229254963,0,1
2019-01-26,5353.25,473.8109090909091,71.07163636363636,23.690545454545457,24.572727272727278,Cairo,0.0,4.034604,187.84071,29.63929,17.810822,-1.873169,1.1948166,3.215889,0.16248612,107.03128,139.85815,1,0,0,4.026164366666666,3.0045676571428572,4.213958464285715,5.6692224,47.927977857142864,0,0.0,26,1.8938089860149072,0,1
2019-01-27,5238.67,430.1627272727273,64.52440909090909,21.508136363636368,24.770000000000003,Cairo,0.0,4.1674485,55.99283,29.443111,15.092438,-2.8486023,3.606514,1.8426743,0.37702563,146.96881,199.01025,1,0,0,3.5255730666666665,3.2860986142857143,3.9847095999999995,4.1674485,43.314952285714284,0,0.0,27,1.6375912532824812,0,1
2019-01-28,5460.33,474.2827272727272,71.14240909090907,23.71413636363636,24.97,Cairo,0.0,4.367471,67.66365,42.17463,14.879303,1.7628479,3.80056,1.388382,0.2006754,101.54843,134.99088,1,0,0,4.189841166666667,3.611477614285714,3.899580428571429,4.367471,42.372983142857144,0,0.0,28,1.5342998515093367,0,1
2019-01-29,5278.96,468.15636363636366,70.22345454545454,23.407818181818186,25.17727272727273,Cairo,0.0,2.6040292,178.98312,38.611565,14.955719,-0.040527344,-0.027282715,2.5779877,0.09394236,75.195656,102.417786,1,0,0,3.7129828999999996,3.635962728571428,3.6065779428571427,4.367471,37.86321242857143,0,0.0,29,1.1580643990617654,0,1
2019-01-30,5540.01,476.4936363636364,71.47404545454546,23.824681818181823,25.383636363636366,Cairo,0.0,4.1453056,50.156525,38.551292,14.73111,-0.4234314,3.386917,1.2526398,0.20113939,106.409485,156.15997,1,0,0,3.7056019333333325,3.9089639142857147,3.217097842857143,4.367471,34.853223285714286,0,0.0,30,1.230403602277686,0,1
2019-01-31,5083.49,422.6054545454545,63.390818181818176,21.130272727272725,25.59636363636364,Cairo,0.0,3.3251474,40.107803,36.03428,14.832428,-1.2037048,2.3257065,1.9762268,0.23151845,119.621735,169.36435,1,0,0,3.358160733333333,3.574096057142857,3.2213649071428567,4.1453056,36.08518971428571,0,0.0,31,1.0919156282118754,0,1
2019-02-01,5168.34,454.83181818181816,68.22477272727272,22.74159090909091,25.813636363636363,Cairo,0.0,1.7091069,234.4533,37.73312,15.773468,0.37954712,0.12687683,0.07910156,0.19105396,151.16772,221.41483,2,0,0,3.0598533,3.4790160857142856,3.1816592714285714,4.1453056,36.02675542857143,0,0.0,32,1.101012565380679,0,1
2019-02-02,5342.72,469.40363636363634,70.41054545454544,23.470181818181818,26.033636363636365,Cairo,0.0,3.1396556,221.30658,46.36184,16.136505,3.8999329,-1.7486115,-2.4509125,0.12687042,98.011,136.19357,2,0,0,2.724636633333333,3.3511663142857144,3.177866985714286,3.3251474,38.41569114285715,0,0.0,33,0.5377365202487531,0,1
2019-02-03,5425.47,456.8990909090909,68.53486363636362,22.844954545454545,26.256363636363638,Cairo,0.0,4.494708,233.5138,57.965904,16.5961,6.0587463,-3.642624,-2.593895,0.024208639,34.036045,51.4794,2,0,0,3.1144901666666662,3.397917671428572,3.342008142857143,4.494708,42.49037585714286,0,0.0,34,0.747113550368094,0,1
2019-02-04,5391.26,512.3927272727273,76.85890909090908,25.619636363636364,26.483636363636364,Cairo,0.0,2.8964992,137.51276,45.465626,18.651031,4.7016907,-0.5744629,0.8846283,0.043487743,49.526688,67.66709,2,0,0,3.5102875999999994,3.187778842857143,3.3996282285714288,4.494708,42.96051814285715,0,0.0,35,1.3845647196558957,0,1
2019-02-05,3949.49,325.5109090909091,48.82663636363636,16.275545454545455,26.713636363636365,Cairo,4.2915344e-05,4.8033934,334.0384,40.48832,20.73819,5.901886,-1.0036392,4.3213196,0.15132946,114.41921,160.3916,2,0,0,4.064866866666667,3.501973728571429,3.5689682285714284,4.8033934,43.228626000000006,0,4.2915344e-05,36,2.1840338635769383,0,1
2019-02-06,1676.14,94.81363636363636,14.222045454545453,4.740681818181819,26.94818181818182,Cairo,0.00093460083,2.3184927,128.69525,54.463585,14.063873,4.652069,1.500145,-0.87177277,0.3681057,144.51678,197.21355,2,0,0,3.339461766666666,3.241000457142857,3.5749821857142856,4.8033934,45.50181071428572,0,0.000977516174,0,2.299840419831113,0,1
2019-02-07,5498.06,463.86909090909097,69.58036363636364,23.19345454545455,27.184545454545457,Cairo,0.0,4.0338984,191.28181,65.344215,13.782135,5.587677,1.4226379,3.3108215,0.3275641,118.57183,171.85464,2,0,0,3.718594833333333,3.3422506,3.458173328571429,4.8033934,49.68894428571429,0,0.000977516174,1,2.468858988678219,0,1
2019-02-08,5200.78,416.04,62.406,20.802000000000003,27.425454545454546,Cairo,0.0,4.8667216,45.673447,51.43592,15.2500305,4.1959534,3.359146,2.2700958,0.20766988,112.543945,147.42459,2,0,0,3.739704233333333,3.7933384142857145,3.6361772500000002,4.8667216,51.64648714285715,0,0.000977516174,2,2.503434635385627,0,1
2019-02-09,4223.32,287.3736363636364,43.10604545454546,14.368681818181821,27.66818181818182,Cairo,4.7683716e-07,2.298515,96.12744,59.310696,15.248322,6.460846,2.2420807,-0.39694977,0.060577966,48.4325,62.939823,2,0,0,3.7330449999999993,3.6731754714285714,3.512170892857143,4.8667216,53.496323714285715,0,0.00097799301116,3,2.54471304559998,0,1
2019-02-10,3321.37,168.10818181818183,25.216227272727274,8.405409090909092,27.912727272727277,Cairo,1.8119812e-05,3.0926445,179.39131,61.636627,14.57193,6.619049,1.478096,-1.7586823,0.020412827,59.84384,83.96341,2,0,0,3.4192936999999994,3.4728806857142858,3.435399178571429,4.8667216,54.020712714285715,0,0.00099611282316,4,2.623593173882831,0,1
2019-02-11,4107.400000000001,252.85454545454547,37.92818181818182,12.642727272727274,28.16090909090909,Cairo,0.0,2.2175045,152.36319,60.956085,14.7048645,5.9689026,1.0147781,-1.9639969,0.0041962154,33.232933,46.06746,2,0,0,2.5362213333333328,3.375881442857143,3.281830142857143,3.0926445,56.233635428571425,0,0.00099611282316,5,2.382880263044399,0,1
2019-02-12,5480.42,471.7654545454545,70.76481818181817,23.588272727272724,28.41454545454545,Cairo,0.0,2.2276506,233.30325,53.979706,15.204987,4.282379,-1.7635574,-1.2335281,0.006097755,45.28401,63.222122,2,0,0,2.512599866666666,3.007918185714286,3.2549459571428576,3.0926445,58.16097628571429,0,0.00095319747916,6,0.5945562010284704,0,1
2019-02-13,4640.42,426.007,63.90105,21.30035,28.672,Cairo,0.0,3.5885234,148.35701,56.89387,15.705353,5.0760803,0.6028137,0.99388885,0.017402343,62.980106,87.81612,2,0,0,2.6778928333333325,3.189351142857143,3.2151758000000004,3.5885234,58.50815985714286,0,1.859664916e-05,7,0.6293880839706627,0,1
2019-02-14,4910.32,358.1972727272727,53.72959090909091,17.909863636363635,28.92090909090909,Cairo,0.0,5.3062983,33.741272,44.99212,13.8159485,1.4512024,3.7314377,2.9057007,0.258511,116.657845,174.72862,2,0,0,3.707490766666666,3.371122557142857,3.3566865785714293,5.3062983,55.600717714285715,0,1.859664916e-05,8,0.6192117200709133,0,1
2019-02-15,1758.1,47.44818181818182,7.117227272727273,2.372409090909091,29.179090909090903,Cairo,7.6293945e-06,5.905858,50.945663,56.46134,12.987335,4.497101,4.511612,3.7021484,0.39384812,194.50848,267.36066,2,0,0,4.9335599,3.5195706142857146,3.656454514285714,5.905858,56.31863485714286,0,2.622604366e-05,9,0.934088788371768,0,1
2019-02-16,4362.2,326.6,48.99,16.330000000000002,29.44272727272727,Cairo,3.33786e-06,4.2978272,58.81482,55.9108,14.661774,4.2114563,3.6302109,1.8130112,0.06810905,57.522827,83.45369,2,0,0,5.1699945,3.8051866428571435,3.739181057142857,5.905858,55.83293542857143,0,2.90870665e-05,10,0.8921854891231074,0,1
2019-02-17,4250.85,298.1818181818182,44.72727272727273,14.90909090909091,29.703636363636363,Cairo,1.1444092e-05,3.5969706,211.06934,46.68605,14.615265,2.2691956,2.3437576,2.14888,0.13388678,69.80071,100.28314,2,0,0,4.6002186,3.8772332285714284,3.6750569571428575,5.905858,53.69713871428571,0,2.2411346499999997e-05,11,0.892741951177692,0,1
2019-02-18,4887.04,379.77,56.9655,18.9885,29.969090909090905,Cairo,0.00011062622,3.0651026,78.682526,44.34807,14.174713,2.0271301,1.658783,-0.70871735,0.1640157,88.94046,134.86505,2,0,0,3.653300133333333,3.9983186714285712,3.687100057142857,4.2978272,51.32456514285714,0,0.00013303756649999998,0,0.8977041679602852,0,1
2019-02-19,4149.65,278.0963636363636,41.71445454545454,13.90481818181818,30.235454545454544,Cairo,0.0,2.1775858,153.02286,56.24301,14.65152,4.639435,1.0220108,-1.902832,0.004021331,32.78587,45.27717,2,0,0,2.9465529999999993,3.9911665571428574,3.499542371428572,3.5969706,51.64789428571429,0,0.00013303756649999998,1,0.8430611032270087,0,1
2019-02-20,4076.12,254.7927272727273,38.218909090909094,12.739636363636365,30.505454545454544,Cairo,0.0,2.3758616,171.19385,56.398144,15.788605,5.93277,0.5501785,-1.4152908,0.01824644,50.905678,70.940094,2,0,0,2.5395166666666658,3.817929157142857,3.50364015,3.0651026,51.577076285714284,0,0.00013303756649999998,2,0.8652815923436262,0,1
2019-02-21,5612.92,485.9990909090909,72.89986363636363,24.299954545454547,30.775454545454547,Cairo,0.0,2.9708326,192.44328,51.351162,15.510773,4.381378,0.5157318,-1.7029953,0.02105683,37.048447,52.33893,2,0,0,2.5080933333333326,3.4842912000000004,3.4277068785714286,2.9708326,52.485510857142856,0,0.00013303756649999998,3,0.9151861165217996,0,1
2019-02-22,5202.39,425.2890909090909,63.79336363636363,21.264454545454544,31.045454545454547,Cairo,1.9073486e-06,2.4846117,158.69025,56.83047,15.255646,5.744293,0.9474716,-1.4596558,0.010810334,46.811848,64.73781,2,0,0,2.6104352999999993,2.9955417285714283,3.2575561714285715,2.9708326,52.53824371428571,0,0.0001273155206,4,0.5768327803611308,0,1
2019-02-23,4635.66,326.14,48.921,16.307,31.320909090909087,Cairo,0.0,1.8752624,186.28964,51.057545,15.9079895,4.056061,0.75940704,0.9061432,0.03813898,62.899147,87.016396,2,0,0,2.4435688999999994,2.649461042857143,3.227323842857143,2.9708326,51.84492157142857,0,0.0001239776606,5,0.659073514184654,0,1
2019-02-24,5598.88,508.39090909090913,76.25863636363637,25.419545454545457,31.594545454545457,Cairo,0.0,2.0156984,259.80255,46.065056,16.864899,3.4896545,-1.9837646,-0.32736206,0.29062906,129.18774,180.35913,2,0,0,2.1251908333333325,2.4235650142857144,3.1503991214285714,2.4846117,51.75620814285714,0,0.0001125335686,6,0.8786105063229045,0,1
2019-02-25,5675.28,520.6372727272727,78.0955909090909,26.03186363636364,31.87,Cairo,0.0,4.920991,153.87349,28.585743,21.95279,-0.96676636,0.24363708,2.0067825,0.2589844,80.9881,107.87503,2,0,0,2.937317266666666,2.688691928571429,3.3435053000000003,4.920991,49.504447142857146,0,1.9073486e-06,7,2.4711605420100056,0,1
2019-02-26,5059.34,352.1963636363637,52.82945454545455,17.609818181818184,32.14818181818182,Cairo,0.0,5.3113866,86.37344,29.327528,18.110382,-0.059173584,5.1952133,0.62687683,0.27317065,130.46698,191.54529,2,0,0,4.082691999999999,3.136377757142857,3.563772157142857,5.3113866,45.65937828571428,0,1.9073486e-06,8,2.3692478546109235,0,1
2019-02-27,4205.26,235.3,35.295,11.765,32.42636363636364,Cairo,1.9073486e-06,4.653862,89.431946,58.864708,16.00467,6.882599,4.6474533,0.14474487,0.12701197,55.530994,91.623856,2,0,0,4.962079866666666,3.461806385714286,3.639867771428571,5.3113866,46.011744571428565,0,3.8146972e-06,9,2.3513260238954246,0,1
2019-02-28,4635.5,282.4654545454545,42.369818181818175,14.123272727272727,32.70545454545454,Cairo,2.4795532e-05,6.211678,96.806076,57.039143,14.489899,5.8960266,5.8205185,-1.5033646,0.18955806,70.56172,113.965866,2,0,0,5.392308866666666,3.9247843,3.70453775,6.211678,46.82431328571429,0,2.8610229200000002e-05,10,2.492770324116202,0,1
2019-03-01,3859.89,251.10818181818183,37.666227272727276,12.555409090909093,32.98545454545455,Cairo,0.0,4.134676,102.21747,50.71984,14.379059,3.9964905,3.9704819,-0.990921,0.029700786,26.505836,41.267067,3,1,1,5.000072,4.160507771428572,3.5780247500000004,6.211678,45.95136614285714,0,2.6702880600000003e-05,11,2.6107659588591625,0,1
2019-03-02,5726.29,472.3772727272728,70.85659090909091,23.618863636363642,33.267272727272726,Cairo,0.0,3.2387938,48.07469,46.4345,15.771881,2.6407776,2.6625519,1.4324417,0.070438325,63.39108,93.2222,3,1,1,4.5283826,4.355297971428572,3.5023795071428574,6.211678,45.29093114285714,0,2.6702880600000003e-05,12,2.6191461196459724,0,1
2019-03-03,5961.4,507.0581818181818,76.05872727272727,25.352909090909094,33.550909090909094,Cairo,0.0,5.05348,212.46562,39.47515,16.08316,1.0785217,3.4524765,2.7457428,0.17161462,67.46331,105.920746,3,1,1,4.1423166,4.789266771428571,3.6064158928571426,5.05348,44.349515999999994,0,2.6702880600000003e-05,13,2.632362779036967,0,1
2019-03-04,4303.05,255.47272727272727,38.32090909090909,12.773636363636363,33.83272727272727,Cairo,0.0,2.5639744,86.51732,56.983036,16.349396,6.6527405,2.5509033,0.12473297,0.047112897,56.918087,79.563034,3,1,1,3.6187494,4.452550114285714,3.5706210214285714,5.05348,48.40627214285714,0,2.6702880600000003e-05,14,1.2548925488223341,0,1
2019-03-05,3417.73,187.64,28.145999999999997,9.382,34.11545454545455,Cairo,0.00015687943,2.6587675,188.99672,64.792786,15.685699,8.819366,0.5434265,-1.9692612,0.01327003,41.398907,59.11712,3,1,1,3.4254073,4.073604528571429,3.6049911428571426,5.05348,53.472737571428574,0,0.00018358231060000002,0,0.7843806828232694,0,1
2019-03-06,5068.42,362.2972727272728,54.34459090909092,18.11486363636364,34.39636363636364,Cairo,0.0,2.5679865,199.94833,65.31264,15.099884,7.4183655,-1.050705,-2.1310577,0.0020934762,55.770065,76.98333,3,1,1,2.5969094666666663,3.7756223142857146,3.61871435,2.6587675,54.39387071428572,0,0.00018167496200000003,1,0.7689990031842054,0,1
2019-03-07,5399.14,428.5972727272727,64.2895909090909,21.429863636363635,34.68181818181818,Cairo,0.0,3.4711542,200.00287,62.236732,16.391266,7.5503235,-1.0250778,-3.2428818,0.003036959,39.45151,55.599686,3,1,1,2.8993027333333328,3.384118914285714,3.654451607142857,3.4711542,55.136383428571435,0,0.00015687943,2,0.7250270054588182,0,1
2019-03-08,5891.51,506.1463636363637,75.92195454545455,25.307318181818186,34.96363636363637,Cairo,0.0,3.7553148,211.54376,56.911873,17.199371,6.7174377,-2.1310654,-3.0364761,0.011332809,40.79546,60.751945,3,1,1,3.2648185,3.3299244571428575,3.7452161142857143,3.7553148,56.02095957142858,0,0.00015687943,3,0.6625002088331752,0,1
2019-03-09,6148.61,539.079090909091,80.86186363636364,26.95395454545455,35.24818181818182,Cairo,0.0,4.6316023,233.85947,49.160072,17.83609,4.8763733,-3.700325,-2.7774124,0.014666752,31.462578,48.274956,3,1,1,3.952690433333333,3.5288971000000005,3.9420975357142853,4.6316023,56.410327,0,0.00015687943,4,0.9130044331091689,0,1
2019-03-10,6092.29,550.2845454545454,82.5426818181818,27.514227272727272,35.53090909090909,Cairo,0.0,3.4776835,202.0405,56.12427,17.280914,6.526291,-1.0349655,-3.015068,0.0041408986,49.013756,68.84676,3,1,1,3.954866866666666,3.3037833142857145,4.046525042857143,4.6316023,58.78877271428572,0,0.00015687943,5,0.9596204769019693,0,1
2019-03-11,5880.28,537.6636363636363,80.64954545454545,26.883181818181818,35.81636363636363,Cairo,0.0,2.755518,200.38702,56.651314,18.084259,7.487335,-0.9136658,-2.5975952,0.038559154,58.20289,82.810745,3,1,1,3.621601266666666,3.331146685714286,3.8918483999999998,4.6316023,58.74138385714286,0,0.00015687943,6,1.1115028356745469,0,1
2019-03-12,4452.54,300.6372727272727,45.09559090909091,15.031863636363637,36.09818181818181,Cairo,0.0,1.996618,229.35217,43.8751,19.351105,3.5083923,-1.3937836,-1.2907867,0.055633686,84.50815,117.315094,3,1,1,2.743273166666666,3.2365539,3.6550792142857143,3.4776835,55.753143,0,0.0,7,1.3406073252524593,0,1
2019-03-13,5783.46,472.4054545454546,70.86081818181819,23.62027272727273,36.38181818181818,Cairo,0.0,4.8109803,209.8682,49.84195,17.598297,5.946808,3.9614258,1.2101135,0.4188077,206.20477,308.95374,3,1,1,3.1877054333333326,3.5569815857142855,3.6663019500000003,4.8109803,53.54304442857143,0,0.0,8,0.916343819860457,0,1
2019-03-14,4692.51,285.06454545454545,42.75968181818182,14.253227272727273,36.664545454545454,Cairo,4.7683716e-07,6.107197,94.972046,49.48963,17.087189,5.9569397,5.9780655,-0.47190094,0.19104692,122.998505,182.08563,3,1,1,4.304931766666666,3.9335591285714284,3.6588390214285718,6.107197,51.72202985714285,0,4.7683716e-07,9,0.7813702047347744,0,1
2019-03-15,5844.82,488.3836363636364,73.25754545454546,24.419181818181823,36.94636363636364,Cairo,0.0,3.2870486,177.95152,47.979294,18.625153,4.865753,2.6160126,1.0134964,0.12410433,96.77871,142.52625,3,1,1,4.735075299999999,3.8666639571428574,3.5982942071428567,6.107197,50.44594714285715,0,4.7683716e-07,10,0.7915448973599638,0,1
2019-03-16,4470.4,304.03818181818184,45.60572727272727,15.201909090909092,37.22818181818182,Cairo,6.055832e-05,4.959518,60.58043,53.785923,16.214752,6.244171,3.7960281,-0.8031006,0.29296213,111.23226,165.27034,3,1,1,4.784587866666666,3.913509057142857,3.7212030785714285,6.107197,51.106783,0,6.103515716e-05,11,1.03927133746556,0,1
2019-03-17,5779.46,477.0054545454546,71.55081818181819,23.85027272727273,37.50909090909091,Cairo,0.0,2.8013363,106.94801,54.228878,16.743195,6.3386536,2.5789413,-0.9278717,0.007638265,30.345955,44.322296,3,1,1,3.682634299999999,3.816888028571428,3.5603356714285717,4.959518,50.83601271428571,0,6.103515716e-05,12,1.097841687480237,0,1
2019-03-18,5934.63,547.0609090909091,82.05913636363637,27.35304545454546,37.78909090909091,Cairo,0.0,2.4844718,226.96088,51.251827,18.273956,6.478302,-1.7872162,-1.7141953,0.006045877,66.28561,93.25719,3,1,1,3.4151086999999993,3.778167142857143,3.5546569142857143,4.959518,50.06465742857143,0,6.103515716e-05,13,1.1119647603849367,0,1
2019-03-19,5652.9800000000005,504.7581818181818,75.71372727272727,25.237909090909092,38.06818181818182,Cairo,0.0,3.4761314,214.3363,56.66439,19.298859,9.190216,-1.9857025,-2.848198,0.010095805,42.317024,60.350136,3,1,1,2.9206464999999997,3.9895262,3.6130400499999995,3.4761314,51.891698857142856,0,6.103515716e-05,14,1.0991293044734158,0,1
2019-03-20,5719.04,484.89272727272726,72.73390909090908,24.244636363636364,38.346363636363634,Cairo,0.0,3.7125068,213.46933,60.85533,19.476105,9.944366,-2.0559769,-3.0904617,0.046982504,22.932259,33.01561,3,1,1,3.224369999999999,3.8326014142857145,3.6947915,3.7125068,53.46503885714286,0,6.103515716e-05,15,1.2858472316024327,0,1
2019-03-21,5851.31,525.4963636363636,78.82445454545454,26.274818181818183,38.623636363636365,Cairo,0.0,3.5346437,216.9339,61.598747,20.027985,10.631012,-2.1445541,-2.8034668,0.06784955,34.629784,50.13793,3,1,1,3.5744272999999995,3.4650937999999996,3.6993264642857144,3.7125068,55.194912714285714,0,6.055832e-05,16,1.4259720325682663,0,1
2019-03-22,5964.66,497.17083333333335,74.575625,24.858541666666667,35.80416666666667,Cairo,0.0,3.8531752,225.43166,52.55049,20.838165,8.022247,-2.76445,-2.6808014,0.073491246,43.245934,61.64732,3,1,1,3.700108566666666,3.5459690285714283,3.7063164928571433,3.8531752,55.84794071428571,0,6.055832e-05,17,1.707006039242646,0,1
2019-03-23,4931.29,366.44666666666666,54.967,18.322333333333333,36.0775,Cairo,7.05719e-05,4.94705,239.16632,44.84344,21.579254,7.8059387,-4.288849,-2.4554062,0.46866816,53.33493,78.55327,3,1,1,4.111622966666666,3.544187885714286,3.7288484714285715,4.94705,54.570443142857144,0,7.05719e-05,18,1.608679322186427,0,1
2019-03-24,4940.04,300.42583333333334,45.063875,15.021291666666668,36.35166666666667,Cairo,0.0,6.1705017,154.29166,56.537064,19.265533,9.376495,2.268196,-4.728142,0.2538258,34.149178,52.65246,3,1,1,4.990242299999999,4.025497228571429,3.9211926285714287,6.1705017,54.900184,0,7.05719e-05,19,1.1001797922961691,0,1
2019-03-25,2854.26,119.35666666666668,17.9035,5.967833333333335,36.6225,Cairo,2.0503998e-05,5.0507417,120.15164,50.191055,17.346588,5.4496155,4.3429794,-2.5703278,0.023224045,37.779778,57.47477,3,1,1,5.389431133333332,4.392107214285714,4.085137178571428,6.1705017,54.74864514285714,0,9.1075898e-05,20,1.346123502734633,0,1
2019-03-26,5849.69,452.45166666666665,67.86775,22.622583333333335,36.891666666666666,Cairo,0.0,3.225295,89.59549,50.25276,17.09903,4.9888,3.1926804,0.22277832,0.01744216,33.828712,49.508896,3,1,1,4.8155128,4.356273442857143,4.1728998214285715,6.1705017,53.832698,0,9.1075898e-05,21,1.6704624344521641,0,1
2019-03-27,5778.24,461.5058333333333,69.225875,23.07529166666667,37.16333333333333,Cairo,0.0,3.0945263,148.54266,47.381805,18.098785,4.7638245,1.9333191,-2.1200867,0.058879193,78.634865,115.28956,3,1,1,3.7901876666666663,4.267990514285715,4.050295964285715,5.0507417,51.90790871428572,0,9.1075898e-05,22,1.7365283304481927,0,1
2019-03-28,5391.4,445.1575,66.773625,22.257875000000002,37.4275,Cairo,0.0,2.35756,152.75981,45.241585,19.92398,5.080719,0.39626312,0.34563446,0.05225165,58.11259,80.81122,3,1,1,2.892460433333333,4.0998357,3.78246475,3.225295,49.571171285714286,0,9.1075898e-05,23,1.728483331720298,0,1
2019-03-29,3956.11,226.94916666666663,34.04237499999999,11.347458333333332,37.69416666666667,Cairo,0.0,4.3883195,191.28735,27.08774,23.261993,2.080841,1.1132507,3.2143326,0.26287913,68.36775,103.969666,3,1,1,3.2801352666666665,4.176284885714286,3.8611269571428575,4.3883195,45.93363557142857,0,9.1075898e-05,24,2.2757804131711743,0,1
2019-03-30,2135.9,27.63666666666667,4.1455,1.3818333333333337,37.95916666666667,Cairo,2.2888184e-05,7.4744134,77.26782,45.9003,18.314728,6.438507,7.0137024,0.9907379,0.5742171,183.78474,274.00305,3,1,1,4.740097633333333,4.5373368,4.040762342857143,7.4744134,46.08461557142857,0,4.3392182e-05,25,2.1096717939842033,0,1
2019-03-31,3278.44,120.31083333333332,18.046625,6.015541666666667,38.220000000000006,Cairo,3.0517578e-05,4.842377,88.038376,53.524635,15.712921,5.50296,4.836334,0.1960144,0.17701474,52.58403,85.69838,3,1,1,5.568369966666666,4.3476047,4.186550964285714,7.4744134,45.654268571428574,0,7.390976e-05,26,2.4478211437841084,0,1
2019-04-01,4128.48,189.91166666666663,28.486749999999994,9.495583333333332,38.48,Cairo,9.536743e-07,4.5160637,52.32248,48.08589,16.401398,4.317047,3.8557816,1.8069077,0.17630322,84.32111,121.16177,4,1,1,5.610951366666666,4.271222128571429,4.331664671428571,7.4744134,45.35353071428572,0,5.43594363e-05,27,2.5484242084182647,0,1
2019-04-02,5752.12,428.6975,64.304625,21.434875,38.73916666666667,Cairo,0.0,2.8954659,213.01723,45.706234,17.785187,4.3819885,1.8209152,0.85344696,0.12246178,101.05259,147.41348,4,1,1,4.0846355333333335,4.224103685714286,4.290188564285715,4.842377,44.704026999999996,0,5.43594363e-05,28,2.502748247730876,0,1
2019-04-03,5086.72,385.8275,57.87412499999999,19.291375000000002,38.995,Cairo,0.0,2.3165586,198.9538,51.492897,20.024078,7.0660706,-0.8313141,-0.65280914,0.17437407,50.15612,75.66295,4,1,1,3.242696066666666,4.112965442857143,4.190477978571429,4.5160637,45.29132585714286,0,5.43594363e-05,29,2.556539045438143,0,1
2019-04-04,5453.44,402.7383333333333,60.41074999999999,20.136916666666664,39.25,Cairo,0.0,3.6405134,172.62323,59.67726,19.39212,9.7117,0.33249664,-3.4095306,0.0801795,32.702095,47.412964,4,1,1,2.9508459666666664,4.2962445,4.1980401,3.6405134,47.35356514285714,0,5.43594363e-05,30,2.5243980808930355,0,1
2019-04-05,5539.51,418.5750000000001,62.78625000000001,20.928750000000008,39.50083333333333,Cairo,0.0,2.0325696,212.07834,56.630733,19.064117,8.466827,-1.1105728,-1.6607132,0.040206756,55.641792,77.57473,4,1,1,2.6632138666666667,3.9597088,4.067996842857142,3.6405134,51.57399271428572,0,5.43594363e-05,31,1.582707481659162,0,1
2019-04-06,1634.85,11.903333333333334,1.7855,0.5951666666666667,39.75,Cairo,0.0,4.6891365,124.76003,40.89132,22.307037,6.1478577,-1.5419159,2.3980026,0.1313804,39.045403,55.320007,4,1,1,3.454073166666666,3.5618121,4.04957445,4.6891365,50.85842414285714,0,3.14712523e-05,32,2.2513742008991837,0,1
2019-04-07,5583.32,459.4491666666667,68.917375,22.972458333333336,39.998333333333335,Cairo,0.0,3.4128222,48.5746,36.00255,26.483795,8.975006,2.3198624,1.1452789,0.38332963,112.7751,151.78543,4,1,1,3.3781760999999997,3.3575899857142857,3.8525973428571425,4.6891365,48.355269142857146,0,9.536743e-07,33,3.320636389669736,0,1
2019-04-08,5260.82,394.3866666666667,59.158,19.71933333333334,40.245,Cairo,0.0,2.920258,142.23376,44.819496,23.555817,8.458405,2.0253983,-1.0972214,0.25341234,117.506744,158.10828,4,1,1,3.6740722333333333,3.129617742857143,3.7004199357142857,4.6891365,47.888641428571425,0,0.0,34,3.0430694809970156,0,1
2019-04-09,4847.24,335.34666666666664,50.30199999999999,16.767333333333333,40.485,Cairo,0.0,3.985231,210.53831,46.263885,21.958527,8.595612,1.3260498,0.42197418,0.19526473,74.18652,109.030304,4,1,1,3.4394370666666667,3.2852984714285713,3.7547010785714283,3.985231,47.96830585714286,0,0.0,35,2.6373904978776705,0,1
2019-04-10,5847.61,491.8283333333333,73.77425,24.591416666666667,40.7275,Cairo,0.0,2.5859125,193.25044,43.52855,20.14566,5.990631,0.5834274,-1.1748505,0.11473251,62.40189,93.83242,4,1,1,3.1638004999999993,3.3237775999999997,3.7183715214285717,3.985231,46.830541999999994,0,0.0,36,2.6239079773478733,0,1
2019-04-11,5976.82,502.7408333333333,75.41112499999998,25.137041666666665,40.96416666666666,Cairo,0.0,3.9346006,219.7669,41.697342,20.766876,5.9010315,-2.3833694,-3.0117874,0.05087467,30.172176,44.365997,4,1,1,3.5019147,3.3657900571428567,3.8310172785714287,3.985231,44.26198228571428,0,0.0,37,2.4558844196264786,0,1
2019-04-12,6109.6900000000005,502.9925,75.448875,25.149625,41.19833333333333,Cairo,0.0,5.0599976,235.07587,49.385685,20.346222,7.2479553,-4.1712265,-2.7765732,0.038209587,32.201477,53.005035,4,1,1,3.8601702333333328,3.798279771428571,3.8789942857142856,5.0599976,43.226975428571436,0,0.0,38,2.234789937298578,0,1
2019-04-13,5550.87,404.0492307692308,60.60738461538462,20.20246153846154,38.37307692307692,Cairo,0.0,4.50882,138.34479,47.77383,23.670319,5.0552063,-0.20310211,1.7147293,0.17672534,28.120575,40.67833,4,1,1,4.5011394,3.7725202714285717,3.667166185714286,5.0599976,44.21019114285714,0,0.0,39,2.3016927912598883,0,1
2019-04-14,5250.39,336.4561538461539,50.46842307692308,16.822807692307695,38.59384615384616,Cairo,0.0,4.4201083,94.627625,25.963064,25.15628,3.9787903,4.268059,-0.2792282,0.605708,274.87857,371.39255,4,1,1,4.662975299999999,3.9164182857142857,3.6370041357142853,5.0599976,42.77597885714285,0,0.0,40,1.9366178096046063,0,1
2019-04-15,1027.08,1.2038461538461538,0.18057692307692305,0.06019230769230769,38.81230769230769,Cairo,0.0,4.060321,214.98898,60.508644,19.286163,11.306915,-2.2969818,-3.291092,0.41247338,67.610245,98.12822,4,1,1,4.329749766666667,4.0792844285714285,3.6044510857142855,4.50882,45.01728571428571,0,0.0,41,2.1132311416790968,0,1
2019-04-16,5382.110000000001,344.7092307692308,51.70638461538462,17.235461538461543,39.02769230769231,Cairo,0.0,4.2113457,123.50078,60.05588,19.980255,9.315338,3.4581146,-0.75250244,0.48736638,117.36279,164.17737,4,1,1,4.230591666666666,4.111586528571428,3.6984425,4.4201083,46.98757071428571,0,0.0,42,2.191039807518419,0,1
2019-04-17,5069.3,270.41846153846154,40.56276923076923,13.520923076923077,39.2423076923077,Cairo,0.0,3.3459263,135.54141,57.588898,18.449005,8.382233,2.4891663,-2.2068253,0.020082489,26.385376,38.745728,4,1,1,3.872531,4.220159928571428,3.771968764285714,4.2113457,48.996191857142854,0,0.0,43,2.425916333591805,0,1
2019-04-18,5869.97,449.07,67.3605,22.453500000000002,39.45307692307692,Cairo,0.0,2.5781598,150.09615,49.808784,18.159698,5.7185364,1.512825,-1.8987808,0.010803672,32.32259,45.587326,4,1,1,3.3784772666666663,4.026382671428571,3.6960863642857142,4.2113457,50.15496928571429,0,0.0,44,2.672088423296814,0,1
2019-04-19,5530.5,367.8176923076923,55.17265384615384,18.390884615384618,39.66,Cairo,0.0,3.5071006,172.87427,42.680275,19.969269,5.396881,1.7465591,-1.8226395,0.038183812,62.025402,87.41992,4,1,1,3.1437288999999993,3.8045402428571427,3.8014100071428567,3.5071006,49.197053571428576,0,0.0,45,2.6846720026905917,0,1
2019-04-20,5791.6,397.44076923076926,59.616115384615384,19.872038461538466,39.86538461538461,Cairo,0.0,3.9851375,139.30933,51.969334,18.4628,6.99234,2.774887,-2.6146698,0.018609207,26.532063,41.124245,4,1,1,3.356799299999999,3.729728457142857,3.7511243642857144,3.9851375,49.796411285714285,0,0.0,46,2.4225426810834683,0,1
2019-04-21,5880.0,395.41,59.3115,19.770500000000002,40.068461538461534,Cairo,0.0,4.707349,135.31177,47.902214,17.952057,5.075836,3.153885,-3.4505692,0.018813364,24.393488,39.30945,4,1,1,4.066529033333333,3.7707628428571422,3.8435905642857144,4.707349,52.93057557142858,0,0.0,47,0.846596615503193,0,1
2019-04-22,5882.88,427.4053846153847,64.1108076923077,21.37026923076924,40.26615384615385,Cairo,0.0,2.818874,138.02032,47.898945,17.601105,5.3076477,1.8960419,-2.085579,0.008180136,34.046585,49.25054,4,1,1,3.8371201666666663,3.593413271428571,3.8363488500000003,4.707349,51.12919,0,0.0,48,0.9498341527227874,0,1
2019-04-23,5636.05,391.3515384615384,58.702730769230755,19.56757692307692,40.46307692307692,Cairo,0.0,3.4838755,217.4003,41.969227,19.45633,4.6419983,-2.1993408,-2.6857758,0.15382423,45.952602,67.68036,4,1,1,3.6700328333333325,3.489488957142857,3.8005377428571427,4.707349,48.54538242857143,0,0.0,49,0.8424276640933686,0,1
2019-04-24,5455.74,352.32076923076926,52.84811538461539,17.616038461538462,40.65538461538461,Cairo,0.0,6.026339,227.5034,45.203556,21.52298,6.091095,-4.43042,-4.0820312,0.23512629,32.139748,54.353592,4,1,1,4.109696166666667,3.8724050571428568,4.046282492857142,6.026339,46.77604785714285,0,0.0,50,1.3880877457928453,0,1
2019-04-25,5473.73,360.4946153846154,54.07419230769231,18.024730769230768,40.84615384615385,Cairo,0.0,6.7320824,223.8476,43.398617,23.765045,7.1200256,-4.66877,-4.8499527,0.3940501,57.128365,90.892456,4,1,1,5.414098966666667,4.465822571428572,4.246102621428571,6.7320824,45.86030971428571,0,0.0,51,2.193655262148204,0,1
2019-04-26,5696.1,421.6992307692308,63.25488461538461,21.084961538461542,41.03384615384615,Cairo,0.0,5.3848476,218.358,39.26847,24.666656,7.539459,-3.309143,-4.2421875,0.54970324,73.60975,110.365486,4,1,1,6.047756333333333,4.734072142857143,4.269306192857143,6.7320824,45.372909,0,0.0,52,2.8636312602176135,0,1
2019-04-27,5648.85,445.6261538461539,66.84392307692308,22.281307692307696,41.21846153846154,Cairo,0.0,3.7511473,196.47794,33.89653,25.47464,6.4619446,-0.6472168,-3.3640747,0.3955147,69.805084,101.869415,4,1,1,5.2893590999999995,4.700644971428572,4.215186714285714,6.7320824,42.791079857142854,0,0.0,53,3.2383577182981473,0,1
2019-04-28,5376.650000000001,435.1492307692307,65.27238461538461,21.757461538461538,41.399230769230776,Cairo,0.0,2.0512202,210.8774,37.179054,26.191315,6.9032288,-0.3291397,-0.9087982,0.30983287,106.315895,148.20818,4,1,1,3.7290717,4.321198,4.045980421428571,5.3848476,41.25919985714285,0,0.0,54,3.2349247681821387,0,1
2019-04-29,5466.58,400.7023076923077,60.105346153846156,20.035115384615388,41.57692307692308,Cairo,0.0,3.3998995,98.48387,28.425985,28.080597,7.9413147,3.346634,-0.5546341,0.32414955,117.16408,164.63867,4,1,1,3.067422333333333,4.404201642857143,3.998807457142857,3.7511473,38.477348428571425,0,0.0,55,2.907360599423158,0,1
2019-04-30,4638.48,307.7346153846154,46.160192307692306,15.38673076923077,41.75153846153846,Cairo,0.0,3.1372342,195.37743,43.5342,27.405182,11.906158,-1.0611572,-2.82592,0.4184519,90.574326,120.338715,4,1,1,2.8627846333333338,4.354681457142857,3.9220852071428567,3.3998995,38.70091600000001,0,0.0,56,2.2364979381549333,0,1
2019-05-01,5065.639999999999,341.3292307692308,51.199384615384616,17.06646153846154,41.92230769230769,Cairo,0.0,4.4747076,172.32379,29.2306,29.89505,8.615143,0.3772049,0.10907745,0.45336485,86.87114,115.67145,5,1,1,3.670613766666667,4.133019828571428,4.002712442857143,4.4747076,36.41906514285714,0,0.0,57,2.1146992826927447,0,1
2019-05-02,2520.87,117.79307692307692,17.668961538461538,5.889653846153847,42.09076923076923,Cairo,2.861023e-06,4.337534,149.42824,35.475945,28.569733,10.623932,1.9367447,-3.7621613,0.77966833,121.16781,166.36797,5,1,1,3.9831586,3.7909414857142854,4.128382028571429,4.4747076,35.287254857142855,0,2.861023e-06,58,1.8424263129507177,0,1
2019-05-03,5608.4400000000005,409.2823076923077,61.392346153846155,20.464115384615386,42.25538461538462,Cairo,0.0,4.689408,163.23895,45.422203,24.5159,10.723419,1.5421143,-4.295395,0.18530782,42.876152,57.985588,5,1,1,4.500549866666667,3.691592971428572,4.212832557142858,4.689408,36.16635957142857,0,2.861023e-06,59,1.877298166078057,0,1
2019-05-04,5546.93,393.69307692307694,59.053961538461536,19.68465384615385,42.41615384615385,Cairo,0.0,2.9995565,212.41269,44.93967,22.644928,8.266876,-1.6123734,-2.4672012,0.04501968,27.22221,41.481365,5,1,1,4.008832833333334,3.5842228571428576,4.142433914285714,4.689408,37.743951,0,2.861023e-06,60,2.5019016286525244,0,1
2019-05-05,5260.16,362.4061538461538,54.36092307692307,18.12030769230769,42.574615384615385,Cairo,0.0,3.4401293,254.1997,40.492813,26.304962,7.0416565,-3.12352,-0.9610443,0.21145546,43.365234,63.824852,5,1,1,3.709697933333333,3.782638442857143,4.051918221428571,4.689408,38.21734514285714,0,2.861023e-06,61,2.4979806509779454,0,1
2019-05-06,4532.83,228.83615384615385,34.32542307692307,11.441807692307693,42.72923076923077,Cairo,0.0,3.683682,233.58313,26.387918,28.313751,6.9931946,1.5165634,0.18789673,0.41460472,94.58937,134.84467,5,1,1,3.3744559333333335,3.8231788000000004,4.1136902214285715,3.683682,37.92619271428571,0,2.861023e-06,62,2.5197693470158105,0,1
2019-05-07,5516.75,394.6584615384615,59.19876923076922,19.732923076923075,42.879230769230766,Cairo,0.0,4.2999725,159.43806,50.974525,22.975616,10.402863,1.4660721,-3.8669968,0.10907679,22.953434,36.9178,5,1,1,3.807927933333333,3.9892842714285712,4.171982864285715,4.2999725,38.98909628571429,0,2.861023e-06,63,2.875608328748735,0,1
2019-05-08,5239.23,333.8369230769231,50.075538461538464,16.691846153846154,43.02769230769231,Cairo,0.0,2.759035,181.90146,47.331608,22.252838,9.315216,0.47246552,-1.9236069,0.081881315,41.875923,65.288086,5,1,1,3.5808965,3.7441881857142856,3.938604007142857,4.2999725,41.57495457142857,0,2.861023e-06,64,2.6709839134106175,0,1
2019-05-09,4830.8,228.88615384615383,34.33292307692307,11.444307692307692,43.17307692307692,Cairo,0.0,2.7255569,157.61127,47.025375,21.202667,8.434723,1.1665573,-2.362114,0.018765451,23.8406,34.60855,5,1,1,3.2615214666666668,3.513905742857143,3.652423614285714,4.2999725,43.22487314285714,0,0.0,65,2.5147677232238297,0,1
2019-05-10,5480.610000000001,427.8015384615385,64.17023076923077,21.390076923076926,43.31461538461539,Cairo,0.0,2.076502,202.29428,43.517746,21.487823,6.917267,-0.65447235,-1.7015915,0.0066146497,29.44128,41.256416,5,1,1,2.520364633333333,3.140633457142857,3.4161132142857142,2.759035,42.95280785714285,0,0.0,66,2.672750927930294,0,1
2019-05-11,5344.22,427.9638461538461,64.19457692307691,21.398192307692305,43.45307692307692,Cairo,0.0,2.4859095,220.19513,38.34957,25.170319,7.7462463,-1.5597458,-1.8488312,0.03775962,31.29085,44.442295,5,1,1,2.4293228,3.067255314285714,3.3257390857142854,2.7255569,42.011365000000005,0,0.0,67,2.693102434161697,0,1
2019-05-12,5210.36,433.6069230769231,65.04103846153846,21.68034615384616,43.58846153846154,Cairo,0.0,2.2074947,257.47086,24.758854,28.33731,5.4263,-2.1629944,-0.33338928,0.09366268,48.438053,71.055305,5,1,1,2.2566354,2.891164657142857,3.3369015500000003,2.4859095,39.76365657142857,0,0.0,68,3.0712570645362196,0,1
2019-05-13,5309.04,419.6692307692308,62.95038461538462,20.98346153846154,43.71846153846154,Cairo,0.0,3.6511939,249.0709,20.691158,30.382965,4.178009,-3.3553085,-1.3257751,0.11126006,45.45259,68.17751,5,1,1,2.7815327,2.8865235,3.3548511499999996,3.6511939,38.94983371428572,0,0.0,69,3.584433100995695,0,1
2019-05-14,5396.76,424.20692307692303,63.63103846153845,21.210346153846153,43.84461538461539,Cairo,0.0,5.2181263,249.28113,20.224323,31.259674,5.0204163,-4.842308,-1.7757187,0.100383215,37.17151,56.978096,5,1,1,3.6922716333333336,3.0176883285714284,3.5034863,5.2181263,34.55694771428572,0,0.0,70,4.280228051171641,0,1
2019-05-15,5232.76,430.3161538461538,64.54742307692307,21.51580769230769,43.96923076923077,Cairo,0.0,2.186975,236.41586,26.49486,29.849152,6.884552,-1.8739624,-1.1252747,0.10345278,31.503357,48.253956,5,1,1,3.6854317333333335,2.9359654714285712,3.3400768285714286,5.2181263,31.580269428571427,0,0.0,71,4.214875380857517,0,1
2019-05-16,5125.29,408.2407692307692,61.23611538461538,20.41203846153846,44.09,Cairo,0.0,2.9046297,169.88522,24.979586,31.454254,6.782257,-0.30329132,-1.4503098,0.15868361,34.032116,47.68221,5,1,1,3.4365769999999998,2.9615473,3.237726521428571,5.2181263,28.430871,0,0.0,72,3.6888585687533975,0,1
2019-05-17,5406.54,405.6276923076923,60.844153846153844,20.281384615384617,44.20846153846154,Cairo,0.0,4.696891,120.335846,37.704094,27.626251,10.891754,4.05777,-2.3282166,0.100958034,38.379154,59.646683,5,1,1,3.2628319,3.3358885857142857,3.238261021428571,4.696891,27.600349285714287,0,0.0,73,2.2579244184502856,0,1
2019-05-18,5315.599999999999,412.5276923076923,61.87915384615384,20.626384615384616,44.32076923076923,Cairo,0.0,3.759253,210.62671,25.877796,28.222565,5.3335266,1.2696991,0.08660126,0.18270808,52.233055,80.60217,5,1,1,3.7869245666666664,3.5177948,3.292525057142857,4.696891,25.818667285714287,0,0.0,74,1.5413537161708983,0,1
2019-05-19,5489.93,430.58,64.58699999999999,21.529,44.43153846153847,Cairo,0.0,3.7164793,198.73914,44.72742,25.884674,11.143951,-1.2814255,-3.467865,0.034432456,41.01883,60.53537,5,1,1,4.057541100000001,3.7333640285714287,3.312264342857143,4.696891,28.67131957142857,0,0.0,75,2.063856073095942,0,1
2019-05-20,5409.68,417.02153846153846,62.553230769230765,20.851076923076924,44.53846153846154,Cairo,0.0,4.334366,229.79901,40.96537,27.311554,10.626251,-3.224472,-2.8757477,0.08056979,34.504044,50.94864,5,1,1,3.936699433333333,3.830960042857143,3.3587417714285714,4.334366,31.567635571428575,0,0.0,76,2.1063984289472315,0,1
2019-05-21,4712.25,391.1541666666667,58.673125,19.557708333333338,44.01583333333334,Cairo,0.0,4.885847,237.26358,38.387283,30.484283,11.566193,-4.114647,-2.6341171,0.19033304,61.227432,87.92703,5,1,1,4.312230766666667,3.7834915714285713,3.40058995,4.885847,34.162344142857144,0,0.0,77,1.9716409708701297,0,1
2019-05-22,4499.03,355.655,53.34824999999999,17.78275,44.11833333333333,Cairo,0.0,3.3984227,254.27025,22.062136,33.809357,5.2191467,-3.1536026,-0.9354477,0.26293737,42.70968,63.174038,5,1,1,4.2062119,3.9565555285714287,3.4462605,4.885847,33.52909785714285,0,0.0,78,2.7672139589539118,0,1
2019-05-23,4823.75,311.17214285714283,46.675821428571425,15.558607142857142,41.745,Cairo,0.0,4.46869,159.17337,17.25779,36.669586,5.8021545,0.050735474,2.2049408,0.2660326,80.60634,109.65468,5,1,1,4.250986566666667,4.1799927142857145,3.570770007142857,4.885847,32.42598414285714,0,0.0,79,3.919751435442766,0,1
2019-05-24,4793.87,363.5576923076923,54.53365384615385,18.177884615384617,42.606153846153845,Cairo,0.0,3.4620137,226.97379,20.322645,34.300323,8.264191,1.2216492,-0.714447,0.19655642,94.83562,135.18878,5,1,1,3.7763754666666665,4.003581671428571,3.669735128571429,4.46869,29.942919999999997,0,0.0,80,4.055155402373524,0,1
2019-05-25,4979.9800000000005,299.6435714285714,44.94653571428571,14.982178571428571,41.92642857142857,Cairo,0.0,3.6119695,189.12555,46.501984,27.894196,14.095123,-0.5653229,-3.5611954,0.30054182,37.28354,53.830162,5,1,1,3.8475577333333333,3.9825411714285717,3.7501679857142856,4.46869,32.88923257142857,0,0.0,81,4.093742766017128,0,1
2019-05-26,5404.62,384.3057142857143,57.645857142857146,19.215285714285717,42.012142857142855,Cairo,0.0,3.8922966,215.87225,45.67028,26.798615,11.671417,-2.2839355,-3.1473007,0.07571739,29.88964,46.016663,5,1,1,3.6554265999999997,4.007657928571429,3.8705109785714282,3.8922966,33.023926857142854,0,0.0,82,3.917627309258189,0,1
2019-05-27,5286.9,366.8957142857143,55.03435714285714,18.344785714285717,42.09428571428572,Cairo,0.0,3.9755728,218.54669,45.682037,27.135406,11.606476,-2.4171524,-3.1129684,0.18097301,23.258612,35.111862,5,1,1,3.826612966666667,3.9564017571428574,3.8936809,3.9755728,33.697736428571424,0,0.0,83,3.9460175342344286,0,1
2019-05-28,5365.92,387.3971428571428,58.109571428571414,19.369857142857143,42.17285714285714,Cairo,0.0,4.292918,219.7633,49.498363,28.147003,14.380646,-2.7085876,-3.3272858,0.09345396,36.88563,55.218983,5,1,1,4.0535958,3.8716976142857145,3.827594592857143,4.292918,35.28503357142857,0,0.0,84,4.094321755740895,0,1
2019-05-29,5357.06,395.2514285714286,59.28771428571429,19.762571428571434,42.24714285714286,Cairo,0.0,5.076694,220.21161,44.698887,30.365875,14.038727,-3.0985336,-3.9824524,0.11514312,32.408237,47.48165,5,1,1,4.448394933333334,4.111450657142857,4.034003092857143,5.076694,38.51885514285714,0,0.0,85,3.8554563031526166,0,1
2019-05-30,5261.34,375.0514285714286,56.257714285714286,18.75257142857143,42.31857142857143,Cairo,0.0,5.280336,203.6089,36.45388,30.310211,12.01297,-2.1858215,-4.80204,0.19553977,62.26893,89.59285,5,1,1,4.883316,4.227400085714286,4.2036964,5.280336,41.26115371428572,0,0.0,86,2.626936812634228,0,1
2019-05-31,4668.02,260.65500000000003,39.09825,13.032750000000002,42.38857142857143,Cairo,0.0,4.4265947,190.27863,41.083664,30.1586,13.659821,-0.7841339,-4.356552,0.24549207,33.717415,49.95665,5,1,1,4.9278749,4.365197371428572,4.184389521428572,5.280336,44.22701357142857,0,0.0,87,1.5552394483576262,0,1
2019-06-01,5101.240000000001,349.1021428571429,52.365321428571434,17.455107142857145,42.45285714285715,Cairo,0.0,4.2337737,192.82626,43.843693,29.7388,13.928009,-0.97080994,-4.119751,0.16786432,30.187197,43.78102,6,2,0,4.646901466666667,4.454026542857143,4.218283857142857,5.280336,43.84725771428571,0,0.0,88,1.5547671561729104,0,1
2019-06-02,5151.2,370.3107142857143,55.54660714285715,18.515535714285715,42.51428571428572,Cairo,0.0,4.3454924,210.63876,39.54683,30.504913,13.616486,-2.2520294,-3.7122192,0.23032701,42.543747,61.97149,6,2,0,4.335286933333333,4.5187688,4.263213364285714,4.4265947,42.972479142857146,0,0.0,89,1.3118656442442342,0,1
2019-06-03,5055.97,338.31857142857143,50.74778571428571,16.915928571428573,42.57285714285714,Cairo,0.0,5.524656,230.51529,42.491814,31.014557,15.249664,-4.317322,-3.414566,0.33789864,39.696053,59.890488,6,2,0,4.701307366666668,4.740066400000001,4.348234078571429,5.524656,42.516732999999995,0,0.0,90,0.9158884526084415,0,1
2019-06-04,4450.71,203.68785714285715,30.55317857142857,10.184392857142859,42.62714285714286,Cairo,0.0,6.481596,211.62776,41.604523,29.835358,14.930817,-2.958313,-5.5103073,0.4037111,79.62563,109.685776,6,2,0,5.450581466666667,5.052734685714285,4.462216150000001,6.481596,41.38904157142857,0,0.0,91,0.4288833452858836,0,1
2019-06-05,2921.11,95.24428571428572,14.286642857142859,4.762214285714286,42.68,Cairo,6.67572e-06,4.4704547,212.30531,42.980736,29.373932,15.3211975,-2.3887482,-3.778717,0.46431482,78.4628,102.624405,6,2,0,5.492235566666667,4.966129071428571,4.538789864285714,6.481596,41.143591428571426,0,6.67572e-06,92,0.5427838167004501,0,1
2019-06-06,5134.21,362.535,54.380250000000004,18.12675,42.72714285714286,Cairo,0.0,4.844289,211.25972,48.757866,29.903961,16.39151,-2.566475,-4.092636,0.26546195,50.23964,72.46488,6,2,0,5.265446566666667,4.903836642857144,4.565618364285714,6.481596,42.90130371428571,0,6.67572e-06,93,0.5424922681086128,0,1
2019-06-07,5217.14,379.2028571428572,56.88042857142858,18.960142857142863,42.775,Cairo,0.0,3.945137,192.82298,43.924683,29.226593,14.467194,-0.8667526,-3.8483124,0.08674629,30.427094,43.830914,6,2,0,4.419960233333334,4.835056971428571,4.600127171428572,4.844289,43.307163571428575,0,6.67572e-06,94,0.6266132906234305,0,1
2019-06-08,5244.12,376.1921428571428,56.42882142857142,18.809607142857143,42.81571428571429,Cairo,0.0,3.2674203,157.2232,52.09175,27.173859,15.032013,1.3041534,-2.6321182,0.015492771,22.578085,33.11065,6,2,0,4.018948766666666,4.697006485714285,4.575516514285715,4.844289,44.48545742857143,0,6.67572e-06,95,1.227487169592959,0,1
2019-06-09,5192.84,368.42285714285714,55.26342857142857,18.421142857142858,42.85357142857144,Cairo,0.0,2.544785,115.14284,53.684723,27.723663,15.309723,2.2962341,-0.7362442,0.025227105,25.796051,38.63392,6,2,0,3.2524474333333333,4.439762571428572,4.479265685714286,3.945137,46.505156428571425,0,6.67572e-06,96,1.323159312778154,0,1
2019-06-10,5146.82,372.1485714285714,55.82228571428571,18.60742857142857,42.89,Cairo,0.0,3.2127125,125.69942,43.31804,29.941803,13.506378,2.7148209,-0.88772583,0.0644051,38.236732,57.31941,6,2,0,3.0083059333333337,4.109484928571429,4.424775664285714,3.2674203,46.62318871428572,0,6.67572e-06,97,1.1219307801937002,0,1
2019-06-11,4847.84,326.0657142857143,48.90985714285714,16.303285714285717,42.92142857142857,Cairo,0.0,3.2974014,145.33391,40.11681,31.448273,13.6128235,1.5547104,0.55711365,0.116505966,49.31591,73.002815,6,2,0,3.0182996333333336,3.6545999857142855,4.353667335714285,3.2974014,46.41065828571429,0,6.67572e-06,98,1.4372648022992869,0,1
2019-06-12,4508.42,344.9653846153846,51.74480769230769,17.248269230769232,41.214615384615385,Cairo,0.0,3.124515,149.60245,48.12308,29.352448,15.496979,2.0123749,-2.2183685,0.061008446,30.304733,43.274597,6,2,0,3.2115429666666664,3.462322885714286,4.214225978571429,3.2974014,47.145278857142856,0,0.0,99,1.4369939404767456,0,1
2019-06-13,5078.25,350.0364285714286,52.50546428571429,17.50182142857143,42.97642857142857,Cairo,0.0,3.040377,181.34247,47.654507,28.912628,15.689362,1.0079117,-2.081398,0.053354755,47.42805,66.5672,6,2,0,3.1540978,3.2046211714285713,4.054228907142857,3.2974014,46.98765614285714,0,0.0,100,1.4107508344458146,0,1
2019-06-14,4640.33,240.3678571428572,36.05517857142858,12.01839285714286,42.99928571428571,Cairo,0.0,2.6356769,135.26602,54.588272,27.802887,17.03775,1.8876572,-1.8131561,0.056897514,30.242987,41.74598,6,2,0,2.9335229666666667,3.017555442857143,3.9263062071428574,3.124515,48.511026,0,0.0,101,1.4916693586443148,0,1
2019-06-15,5031.05,357.6064285714286,53.64096428571428,17.88032142857143,43.01857142857143,Cairo,0.0,2.6422167,141.22363,50.371826,29.542389,16.599884,1.687767,-1.3769302,0.06340288,47.26291,64.50281,6,2,0,2.7727568666666667,2.928240642857143,3.8126235642857145,3.040377,48.26532257142857,0,0.0,102,1.2874100056230389,0,1
2019-06-16,5160.88,380.6114285714286,57.09171428571428,19.03057142857143,43.035,Cairo,0.0,4.2654138,108.29874,50.313118,29.569122,15.600861,4.078865,-0.57357025,0.0920757,37.104214,60.957596,6,2,0,3.1811024666666667,3.1740447571428567,3.8069036642857137,4.2654138,47.78366471428571,0,0.0,103,1.098772892553912,0,1
2019-06-17,5116.38,371.9257142857143,55.78885714285715,18.596285714285717,43.04785714285714,Cairo,0.0,2.6059594,127.67941,49.838722,29.15384,16.437042,2.1883698,-1.2967148,0.08740417,32.323204,46.61537,6,2,0,3.171196633333333,3.0873657428571426,3.5984253357142855,4.2654138,48.71519071428571,0,0.0,104,1.0874594295961946,0,1
2019-06-18,5019.15,375.3128571428571,56.296928571428566,18.765642857142858,43.05785714285714,Cairo,0.0,2.8839488,164.66983,47.201157,30.61734,15.945221,1.4534531,-1.8964005,0.09707165,50.488544,71.068726,6,2,0,3.2517739999999997,3.028301085714286,3.341450535714286,4.2654138,49.72724028571429,0,0.0,105,0.8444816334112183,0,1
2019-06-19,4948.47,360.6957142857143,54.10435714285715,18.034785714285714,43.065,Cairo,0.0,3.1591473,184.25362,36.060524,32.69803,14.348907,0.6540375,-2.361557,0.28349987,46.8916,65.698975,6,2,0,2.8830185,3.033248557142857,3.2477857214285715,3.1591473,48.004017999999995,0,0.0,106,1.547391406317368,0,1
2019-06-20,4993.94,360.5378571428572,54.08067857142858,18.02689285714286,43.06928571428572,Cairo,0.0,3.7148094,219.34018,35.662743,32.080963,13.799103,-2.3595505,-2.8569489,0.19297835,35.946106,52.48149,6,2,0,3.2526351666666664,3.1295960428571425,3.167108607142857,3.7148094,46.29090885714287,0,0.0,107,1.7138073351392054,0,1
2019-06-21,5146.929999999999,371.3942857142857,55.70914285714285,18.569714285714284,43.07,Cairo,0.0,4.5236607,186.70656,46.91009,29.7294,15.381744,-0.433609,-4.219719,0.10727479,24.727173,36.33594,6,2,0,3.7992057999999997,3.3993080142857144,3.2084317285714286,4.5236607,45.194025714285715,0,0.0,108,1.3863848477814238,0,1
2019-06-22,5136.599999999999,380.3735714285714,57.056035714285706,19.01867857142857,43.067142857142855,Cairo,0.0,3.4463043,163.2055,54.504723,29.54422,18.160553,1.1387329,-3.2226334,0.025160287,27.465586,39.474976,6,2,0,3.8949248,3.514177671428572,3.2212091571428574,4.5236607,45.78443957142857,0,0.0,109,1.386177643601081,0,1
2019-06-23,5033.78,350.1021428571429,52.51532142857143,17.505107142857145,43.06214285714286,Cairo,0.0,3.0891151,172.18292,58.810066,29.659943,19.242828,0.47156525,-3.045189,0.024977686,31.152908,44.185635,6,2,0,3.686360033333333,3.346135,3.2600898785714287,4.5236607,46.998289285714286,0,0.0,110,1.3765714082986231,0,1
2019-06-24,5193.61,384.59928571428566,57.689892857142844,19.229964285714285,43.05285714285714,Cairo,0.0,4.17151,198.92284,52.771347,30.559967,18.231598,-1.4705734,-3.8627396,0.031462982,25.63987,37.72869,6,2,0,3.568976466666667,3.569785085714286,3.3285754142857145,4.17151,47.41723571428572,0,0.0,111,1.2440002851539442,0,1
2019-06-25,5107.1,388.405,58.260749999999994,19.42025,43.042142857142856,Cairo,0.0,3.2144141,202.1025,49.47928,31.614899,17.738312,-1.2441177,-2.9595032,0.031040587,38.456757,54.333008,6,2,0,3.491679733333333,3.616994414285714,3.3226477500000002,4.17151,47.74268185714285,0,0.0,112,1.2894544331979496,0,1
2019-06-26,5014.41,391.055,58.658249999999995,19.552750000000003,43.026428571428575,Cairo,0.0,2.7744474,187.46538,40.328865,33.13614,15.660797,-0.2215805,-2.7043457,0.05166258,45.236443,64.347496,6,2,0,3.3867904999999996,3.5620372857142857,3.2976429214285714,4.17151,48.35244485714286,0,0.0,113,1.4004636573743063,0,1
2019-06-27,4984.37,389.0957142857143,58.36435714285714,19.454785714285716,43.00857142857143,Cairo,0.0,2.8114305,194.72787,42.293797,33.019684,16.499908,-0.018417358,-2.2561264,0.13689926,55.63639,81.81085,6,2,0,2.9334306666666663,3.432983157142857,3.2812896,3.2144141,49.299738285714284,0,0.0,114,1.5670271348634037,0,1
2019-06-28,5033.71,366.9571428571429,55.04357142857143,18.347857142857148,42.989285714285714,Cairo,0.0,4.000014,153.95007,46.65437,31.69461,17.965973,1.7167358,-2.7257004,0.11451295,36.35536,53.399445,6,2,0,3.1952973,3.3581764857142855,3.3787422499999997,4.000014,49.263206857142855,0,0.0,115,1.4663677587435129,0,1
2019-06-29,5055.16,356.25642857142856,53.43846428571428,17.81282142857143,42.96428571428572,Cairo,0.0,2.645126,135.56195,52.513557,30.618439,17.94522,2.0568848,-1.5253143,0.051989786,33.62909,49.355423,6,2,0,3.1521901666666667,3.2437224428571425,3.3789500571428577,4.000014,48.97875457142857,0,0.0,116,1.2960571084617283,0,1
2019-06-30,5064.63,368.51142857142855,55.276714285714284,18.425571428571427,42.93714285714286,Cairo,0.0,2.2710538,134.29736,51.424644,30.39029,17.585602,1.6816254,-1.4215622,0.029018588,34.443497,49.31228,6,2,0,2.9720645999999995,3.1268565428571433,3.236495771428572,4.000014,47.923694285714284,0,0.0,117,1.1466614959337498,0,1
2019-07-01,4861.09,328.3357142857143,49.25035714285714,16.416785714285716,42.90642857142858,Cairo,0.0,2.6440873,147.24208,53.64092,31.003815,18.560455,1.4576416,-2.1651611,0.030786602,32.10095,45.909927,7,2,0,2.520089033333333,2.9086533,3.239219192857143,2.645126,48.04791899999999,0,0.0,118,1.0920674447214556,0,1
2019-07-02,4510.94,376.9438461538462,56.54157692307693,18.84719230769231,42.19769230769232,Cairo,0.0,2.5947096,195.72275,45.98849,32.027985,16.793732,-0.4572754,-2.136238,0.024701484,46.243862,64.280594,7,2,0,2.5032835666666666,2.820124085714286,3.2185592499999998,2.6440873,47.54923471428571,0,0.0,119,1.10162331281729,0,1
2019-07-03,4603.25,419.7425,62.961375,20.987125000000002,45.564166666666665,Cairo,0.0,3.0301454,187.66049,42.05175,31.73941,15.425446,-0.13947296,-2.8294296,0.016171237,42.166084,58.668514,7,2,0,2.7563140999999995,2.8566523714285714,3.2093448285714286,3.0301454,47.795361142857146,0,0.0,120,0.9072117268622379,0,1
2019-07-04,5215.14,431.7684615384615,64.76526923076922,21.58842307692308,45.99076923076923,Cairo,0.0,3.4309855,191.74695,42.564896,31.015778,15.168732,-0.4491806,-3.3436966,0.017915057,34.46806,49.592014,7,2,0,3.0186134999999994,2.9451602285714285,3.189071692857143,3.4309855,47.83408957142857,0,0.0,121,0.6172878277927154,0,1
2019-07-05,5186.74,404.44307692307694,60.66646153846154,20.222153846153848,45.95076923076923,Cairo,0.0,3.0354218,173.57605,48.144684,29.313995,16.13211,0.40117645,-2.9952087,0.015679654,26.099415,37.667007,7,2,0,3.1655175666666664,2.807361342857143,3.0827689142857144,3.4309855,48.04699157142857,0,0.0,122,0.8991163587733955,0,1
2019-07-06,5091.67,401.6169230769231,60.242538461538466,20.080846153846156,45.9076923076923,Cairo,0.0,2.6898549,149.35616,54.432014,31.060333,18.703644,1.4849014,-2.219101,0.030788764,35.062664,50.06965,7,2,0,3.0520873999999996,2.8137511857142856,3.0287368142857143,3.4309855,48.321056857142864,0,0.0,123,0.8937766843258423,0,1
2019-07-07,5209.31,427.0792307692308,64.06188461538461,21.35396153846154,45.862307692307695,Cairo,0.0,4.0230556,140.84828,52.33961,31.062653,17.757477,2.6750107,-2.9688568,0.03349515,26.059055,39.457863,7,2,0,3.2494440999999994,3.064037157142857,3.0954468499999996,4.0230556,48.45176628571429,0,0.0,124,0.8608867638483033,0,1
2019-07-08,5164.05,417.0515384615385,62.55773076923077,20.852576923076924,45.81153846153847,Cairo,0.0,3.2737308,129.4913,50.68477,30.290314,17.30252,2.5427399,-2.061386,0.028612614,23.23416,35.589184,7,2,0,3.328880433333333,3.1539862285714286,3.0313197642857146,4.0230556,48.02945914285715,0,0.0,125,0.905844660177672,0,1
2019-07-09,5152.13,423.9607692307692,63.59411538461538,21.19803846153846,45.75769230769231,Cairo,0.0,2.5973616,157.77362,49.29438,30.539093,16.381012,1.0879135,-2.341362,0.035044596,33.63336,51.684296,7,2,0,3.298049333333333,3.1543650857142853,2.987244585714286,4.0230556,48.501729142857144,0,0.0,126,0.7696403891839834,0,1
2019-07-10,5087.93,402.4184615384616,60.36276923076924,20.12092307692308,45.70230769230769,Cairo,0.0,2.921454,162.6106,51.02073,31.490387,19.164948,0.91539764,-2.772499,0.08139376,26.758247,47.963287,7,2,0,2.9308487999999997,3.1388377428571426,2.997745057142857,3.2737308,49.78301199999999,0,0.0,127,0.7185874540259618,0,1
2019-07-11,5066.72,410.6438461538461,61.59657692307691,20.532192307692306,45.643076923076926,Cairo,0.0,2.7529674,166.12607,52.906204,31.539093,18.866608,0.6473923,-2.6751404,0.12575524,21.99458,51.343315,7,2,0,2.7572609999999997,3.0419780142857147,2.9935691214285716,2.921454,51.26034171428571,0,0.0,128,0.7834221860567199,0,1
2019-07-12,4983.9,394.1646153846154,59.12469230769231,19.70823076923077,45.58153846153846,Cairo,0.0,2.9845448,182.22928,44.968918,32.921173,17.457062,1.3435745,-1.637886,0.24383175,14.223412,33.065414,7,2,0,2.8863220666666667,3.0347098714285714,2.9210356071428576,2.9845448,50.80666085714286,0,0.0,129,0.8590976045507341,0,1
2019-07-13,5160.55,416.04,62.406,20.802000000000003,45.51538461538462,Cairo,0.0,3.2299466,172.18913,47.957443,31.183868,16.865143,0.70762634,-2.7797394,0.07141635,20.274809,36.673874,7,2,0,2.989152933333333,3.1118658285714287,2.962808507142857,3.2299466,49.88172214285714,0,0.0,130,0.8552884542152174,0,1
2019-07-14,5158.83,425.34769230769234,63.80215384615385,21.267384615384618,45.44538461538461,Cairo,0.0,2.4935496,188.34975,44.267715,29.907135,15.141998,-0.16080475,-2.4114609,0.010518954,18.032125,29.53119,7,2,0,2.902680333333333,2.8933649714285714,2.9787010642857146,3.2299466,48.72859428571428,0,0.0,131,1.004810449368039,0,1
2019-07-15,5121.42,419.17615384615385,62.876423076923075,20.958807692307694,45.37384615384615,Cairo,0.0,2.9797165,171.12744,49.403282,31.000519,17.879547,0.85230255,-2.7050476,0.07814324,23.438866,45.249542,7,2,0,2.9010709,2.851362928571429,3.0026745785714284,3.2299466,48.54552457142858,0,0.0,132,0.9403369996491646,0,1
2019-07-16,4882.21,380.4638461538461,57.06957692307691,19.023192307692305,45.29692307692308,Cairo,0.0,2.1173608,191.87143,45.275246,32.791656,16.892487,0.06503296,-1.0094986,0.3142647,15.187561,24.955624,7,2,0,2.5302089666666667,2.7827913857142863,2.968578235714286,2.9797165,47.97136257142857,0,0.0,133,1.0456614941117564,0,1
2019-07-17,4752.97,337.7123076923077,50.65684615384615,16.885615384615388,45.21923076923077,Cairo,0.0,5.330453,231.49585,26.024797,36.479645,13.911285,2.3414536,1.8964691,0.43554395,19.103016,79.32893,7,2,0,3.4758434333333335,3.1269341,3.132885921428571,5.330453,44.400515,0,0.0,134,2.1340588668392932,0,1
2019-07-18,5062.65,398.7853846153846,59.81780769230769,19.93926923076923,45.13384615384616,Cairo,0.0,3.5776186,157.44415,44.17955,32.3284,17.527374,1.5086136,-2.1148376,0.18407083,12.969425,50.041397,7,2,0,3.6751441333333332,3.244741414285714,3.1433597142857144,5.330453,43.153850142857145,0,0.0,135,2.110312683343896,0,1
2019-07-19,5126.01,406.1876923076924,60.928153846153855,20.30938461538462,45.04692307692308,Cairo,0.0,2.9653025,202.77618,49.80879,30.569366,17.761261,-1.025322,-2.6844482,0.07119635,20.48154,37.160343,7,2,0,3.9577913666666666,3.2419925142857147,3.138351192857143,5.330453,43.84526042857143,0,0.0,136,2.194079739610631,0,1
2019-07-20,5135.13,388.4438461538461,58.26657692307691,19.422192307692306,44.95923076923077,Cairo,0.0,3.5488074,182.55861,50.32831,29.697662,17.18692,0.03793335,-3.3600845,0.067187905,20.681978,38.331524,7,2,0,3.3639094999999997,3.2875440571428567,3.1997049428571427,3.5776186,44.183955714285716,0,0.0,137,2.3563288603870665,0,1
2019-07-21,5062.24,360.43,54.0645,18.0215,44.86538461538461,Cairo,0.0,3.281157,162.86331,50.371735,29.173004,17.073639,1.0141068,-3.1158447,0.023773504,15.78294,29.793558,7,2,0,3.265088966666666,3.4000594,3.1467121857142857,3.5488074,45.055958571428576,0,0.0,138,2.4695299411312157,0,1
2019-07-22,5128.21,393.4569230769231,59.01853846153846,19.672846153846155,44.76923076923077,Cairo,0.0,2.35538,159.32828,57.198605,29.920197,18.899445,0.8068924,-2.2008514,0.0381032,27.07298,49.36228,7,2,0,3.061781466666666,3.310868471428571,3.0811157000000002,3.5488074,46.16957614285714,0,0.0,139,2.554292352989792,0,1
2019-07-23,5148.139999999999,406.28615384615387,60.94292307692308,20.314307692307693,44.67,Cairo,0.0,2.5424426,146.52963,54.87922,30.753693,18.316925,1.4441605,-2.0380173,0.03888625,19.07268,35.762226,7,2,0,2.7263265333333333,3.3715944428571425,3.077192914285714,3.281157,47.54157242857143,0,0.0,140,2.5069747263431172,0,1
2019-07-24,5177.26,417.1046153846154,62.5656923076923,20.855230769230772,44.566153846153846,Cairo,0.0,2.3199043,161.86554,50.89559,30.808746,16.919098,0.7876358,-2.1694107,0.047611892,26.389729,46.406902,7,2,0,2.4059089666666664,2.941516057142857,3.0342250785714286,2.5424426,51.09454285714286,0,0.0,141,1.0197651815594029,0,1
2019-07-25,5207.24,425.6769230769231,63.85153846153847,21.283846153846156,44.45769230769231,Cairo,0.0,2.1013408,160.02597,47.69428,30.67154,16.225616,0.8346329,-1.7533722,0.033835337,27.057024,44.20249,7,2,0,2.3212292333333333,2.7306192285714284,2.987680321428571,2.5424426,51.596647142857144,0,0.0,142,0.6345463874078295,0,1
2019-07-26,5211.88,413.20153846153846,61.980230769230765,20.660076923076925,44.349230769230765,Cairo,0.0,3.0500073,157.70459,55.738754,30.57901,18.505157,1.2136383,-2.7815247,0.026944965,19.386753,36.90582,7,2,0,2.4904174666666665,2.7427199142857144,2.992356214285714,3.0500073,52.44378485714286,0,0.0,143,0.6354215965049494,0,1
2019-07-27,5179.62,393.20307692307694,58.98046153846154,19.660153846153847,44.23307692307692,Cairo,0.0,2.8990605,144.15625,55.314556,30.033722,18.530426,1.8353424,-2.198578,0.04760518,20.389795,41.335754,7,2,0,2.683469533333333,2.6498989285714285,2.9687214928571426,3.0500073,53.156105714285715,0,0.0,144,0.6003001321213376,0,1
2019-07-28,5232.85,406.9723076923077,61.045846153846156,20.348615384615385,44.11769230769231,Cairo,0.0,2.3679597,141.01878,51.663734,29.710846,17.16922,1.6090393,-1.592392,0.041256864,17.574615,32.340897,7,2,0,2.7723425,2.5194421714285715,2.9597507857142853,3.0500073,53.34067699999999,0,0.0,145,0.451371921594739,0,1
2019-07-29,5228.95,431.24,64.68599999999999,21.562,43.99615384615385,Cairo,0.0,2.146502,169.93765,47.963577,30.303741,16.791534,0.4816208,-2.0718002,0.038735867,25.264648,42.988182,7,2,0,2.4711740666666664,2.4896024571428574,2.900235464285714,2.8990605,52.02138728571429,0,0.0,146,0.4114552241157275,0,1
2019-07-30,5165.68,424.8538461538461,63.72807692307691,21.24269230769231,43.871538461538464,Cairo,0.0,2.7209375,182.2168,48.172546,31.168488,15.929718,0.19031525,-2.5324326,0.025093447,19.67443,32.548386,7,2,0,2.4117997333333334,2.515101728571428,2.943348085714286,2.7209375,51.063291,0,0.0,147,0.4914949313406482,0,1
2019-07-31,5193.3,422.7792307692308,63.41688461538462,21.138961538461544,43.74384615384615,Cairo,0.0,3.0401726,165.9797,52.805187,31.957672,19.064972,1.0037918,-1.9635391,0.089737356,28.698586,61.8519,7,2,0,2.6358707,2.6179972,2.779756628571428,3.0401726,51.336090571428564,0,0.0,148,0.7487558633234548,0,1
2019-08-01,5210.05,422.1323076923077,63.31984615384615,21.106615384615385,43.61461538461538,Cairo,0.0,3.0141864,170.36403,53.982925,31.176178,19.06778,0.51397705,-2.483429,0.038181525,27.344059,47.9868,8,2,0,2.925098833333333,2.7484037142857143,2.7395114714285715,3.0401726,52.234468428571425,0,0.0,149,0.7769439586560924,0,1
2019-08-02,5281.75,429.39153846153846,64.40873076923077,21.469576923076925,43.47846153846154,Cairo,0.0,2.8231347,147.39568,50.292664,31.375153,18.013214,1.9058533,-1.7643127,0.03976532,22.671429,39.493725,8,2,0,2.9591645666666664,2.715993342857143,2.7293566285714284,3.0401726,51.45645557142857,0,0.0,150,0.812993370737983,0,1
2019-08-03,5299.8,434.17615384615385,65.12642307692307,21.708807692307694,43.34076923076923,Cairo,0.0,2.9394581,156.10608,45.44177,32.181305,17.892975,1.7769775,-1.810669,0.06688203,26.880991,51.86653,8,2,0,2.9255930666666665,2.7217644285714284,2.6858316785714287,3.0141864,50.04605757142857,0,0.0,151,0.8708719133825621,0,1
2019-08-04,5281.31,433.2230769230769,64.98346153846154,21.661153846153848,43.19923076923077,Cairo,0.0,3.1038668,145.67021,55.172974,31.882355,20.269073,1.7638016,-2.5535889,0.089323744,14.530376,30.051975,8,2,0,2.955486533333333,2.826894014285714,2.673168092857143,3.1038668,50.54737757142857,0,0.0,152,0.6392221483022984,0,1
2019-08-05,5229.23,406.4669230769231,60.97003846153846,20.323346153846156,43.05538461538462,Cairo,0.0,2.9315958,145.16855,56.103127,31.373932,19.248566,1.7610016,-2.3273544,0.16421886,19.576363,46.526573,8,2,0,2.991640233333333,2.9390502714285716,2.7143263642857143,3.1038668,51.71017042857143,0,0.0,153,0.4106964792405422,0,1
2019-08-06,5431.5,441.0161538461538,66.15242307692307,22.050807692307693,42.90538461538461,Cairo,0.0,3.194365,135.99667,56.199615,29.894562,17.793732,2.4117508,-1.8412704,0.07945332,15.31204,42.34702,8,2,0,3.0766092,3.0066827714285713,2.7608922500000004,3.194365,52.856894571428576,0,0.0,154,0.7606572483351974,0,1
2019-08-07,5338.57,430.36769230769227,64.55515384615384,21.518384615384615,42.75461538461538,Cairo,0.0,2.2103329,117.23303,54.026108,29.386139,17.799713,1.9844131,-0.96170807,0.05190091,24.563942,49.726204,8,2,0,2.7787645666666663,2.888134242857143,2.753065721428571,3.194365,53.03131185714286,0,0.0,155,1.0248406908499734,0,1
2019-08-08,5108.63,382.1823076923077,57.32734615384615,19.109115384615386,42.599230769230765,Cairo,0.0,2.3644993,187.3712,54.66803,30.59256,19.045685,-0.17163086,-2.2972107,0.08495878,29.822836,57.29256,8,2,0,2.5897323999999995,2.7953218000000004,2.771862757142858,3.194365,53.129184,0,0.0,156,1.035459641195408,0,1
2019-08-09,5345.43,432.0346153846154,64.80519230769231,21.60173076923077,42.440000000000005,Cairo,0.0,2.7339325,166.2262,51.37941,31.121124,18.536407,0.7130661,-2.6347427,0.05585238,24.602076,45.08533,8,2,0,2.4362549,2.7825786285714287,2.7492859857142853,2.7339325,53.28443342857143,0,0.0,157,1.0226585443756042,0,1
2019-08-10,5377.76,449.2969230769231,67.39453846153846,22.464846153846157,42.27846153846154,Cairo,0.0,2.5432658,194.28064,35.518143,31.284943,13.402985,0.57738495,-1.067215,0.05628131,24.719366,42.087105,8,2,0,2.5472325333333328,2.7259797285714287,2.7238720785714285,2.7339325,51.86677242857143,0,0.0,158,0.8851026938537152,0,1
2019-08-11,5272.21,446.18384615384616,66.92757692307693,22.30919230769231,42.112307692307695,Cairo,0.0,2.5695357,176.1122,40.199066,31.706085,13.867218,0.6035538,-0.7665634,0.04051972,22.708431,37.594624,8,2,0,2.6155779999999997,2.6496467142857143,2.7382703642857145,2.7339325,49.72764271428572,0,0.0,159,0.8507111740803696,0,1
2019-08-12,5266.62,449.17384615384617,67.37607692307692,22.45869230769231,41.94461538461538,Cairo,0.0,2.457223,158.43457,43.60378,31.903107,15.661652,0.9625168,-0.37445068,0.048383772,30.814528,52.247635,8,2,0,2.5233414999999995,2.581879171428571,2.760464721428572,2.5695357,47.942021714285715,0,0.0,160,0.9332814598682256,0,1
2019-08-13,5243.67,431.6884615384615,64.75326923076922,21.584423076923077,41.77384615384615,Cairo,0.0,2.1842551,148.94415,44.7541,31.398834,16.061554,1.09021,-1.3271332,0.042354867,30.282328,47.671406,8,2,0,2.403671266666666,2.437577757142857,2.722130264285714,2.5695357,46.306948142857145,0,0.0,161,0.8482928213145223,0,1
2019-08-14,5273.71,446.02230769230766,66.90334615384614,22.301115384615386,41.599230769230765,Cairo,0.0,2.835211,178.02615,47.056583,31.89029,15.471466,0.74931335,-2.1838684,0.04212989,24.716648,44.10092,8,2,0,2.4922296999999998,2.5268460571428575,2.7074901500000004,2.835211,45.31130171428571,0,0.0,162,0.4706054701027019,0,1
2019-08-15,5273.51,442.3007692307692,66.34511538461538,22.11503846153846,41.41923076923077,Cairo,0.0,3.8801808,169.2545,29.644909,35.032135,12.813385,-0.1693039,2.087654,0.084885344,20.591745,38.74701,8,2,0,2.9665489666666667,2.743371985714286,2.769346892857143,3.8801808,41.73657014285715,0,0.0,163,1.3497287105713272,0,1
2019-08-16,5150.62,412.1623076923077,61.82434615384615,20.608115384615388,41.23846153846154,Cairo,0.0,3.2121463,167.3753,51.24437,32.889923,20.077911,0.7041397,-2.9372482,0.12742588,28.10659,52.47812,8,2,0,3.3091793666666667,2.8116882428571435,2.797133435714286,3.8801808,41.71727871428572,0,0.0,164,1.3123216706208656,0,1
2019-08-17,5308.04,422.9246153846153,63.43869230769229,21.14623076923077,41.05461538461539,Cairo,0.0,3.4328122,168.62863,53.378742,31.439484,18.93631,0.96247864,-3.0889435,0.059112787,17.957514,37.120537,8,2,0,3.5083797666666663,2.9387663,2.8323730142857144,3.8801808,44.268792857142856,0,0.0,165,1.2935499900420013,0,1
2019-08-18,5231.99,383.2953846153847,57.49430769230771,19.164769230769235,40.86538461538461,Cairo,0.0,3.0968218,144.33084,56.821396,30.018463,18.859406,1.8793106,-2.4297638,0.038652167,23.62193,47.609154,8,2,0,3.2472600999999996,3.014092885714286,2.8318698,3.4328122,46.64341142857143,0,0.0,166,1.5579109207178279,0,1
2019-08-19,5475.97,436.42923076923074,65.4643846153846,21.821461538461538,40.675384615384615,Cairo,0.0,3.208552,120.95404,53.534737,28.48941,16.011993,2.9071274,-0.9959488,0.033552274,16.314804,41.015335,8,2,0,3.246062,3.1214256,2.8516523857142855,3.4328122,48.062119571428575,0,0.0,167,2.0724678240778327,0,1
2019-08-20,5181.43,398.9592307692308,59.843884615384624,19.94796153846154,40.48076923076923,Cairo,0.0,2.2846677,155.58916,55.107616,29.411774,18.118439,0.83483124,-2.0979996,0.026395004,28.158047,50.91417,8,2,0,2.8633471666666668,3.1357702571428576,2.786674007142857,3.208552,49.54119328571429,0,0.0,168,2.233495229438939,0,1
2019-08-21,5352.08,434.0284615384616,65.10426923076923,21.70142307692308,40.28384615384616,Cairo,0.0,2.6328235,182.0068,52.980568,30.381989,18.092316,-0.085861206,-2.626152,0.03172269,25.080723,44.111954,8,2,0,2.708681066666666,3.1068577571428575,2.8168519071428575,3.208552,50.387476857142865,0,0.0,169,2.240949015849873,0,1
2019-08-22,5440.0,431.0138461538462,64.65207692307693,21.550692307692312,40.08538461538462,Cairo,0.0,3.8245564,197.67642,48.712467,30.376373,17.222809,-1.1237259,-3.644928,0.022182917,22.605541,43.15983,8,2,0,2.9140158666666665,3.098911414285714,2.9211417,3.8245564,53.11141371428572,0,0.0,170,1.417009498151586,0,1
2019-08-23,5406.88,431.0023076923077,64.65034615384614,21.550115384615385,39.88153846153846,Cairo,0.0,2.9117303,182.22614,50.788986,29.777985,17.008698,-0.10694885,-2.9095993,0.027949596,35.342697,58.45614,8,2,0,3.123036733333333,3.055994842857143,2.933841542857143,3.8245564,53.046358857142856,0,0.0,171,0.9161194647926323,0,1
2019-08-24,5274.64,419.8184615384616,62.97276923076923,20.99092307692308,39.67692307692308,Cairo,0.0,2.0183492,170.05011,51.135513,30.537994,18.024933,0.44833374,-1.8437042,0.031041475,25.780075,41.92321,8,2,0,2.918211966666666,2.8539287000000004,2.8963475,3.8245564,52.72589757142857,0,0.0,172,0.7199482935670072,0,1
2019-08-25,5282.33,424.6815384615385,63.702230769230766,21.234076923076927,39.46615384615385,Cairo,0.0,2.2116961,169.75894,51.978638,31.521027,18.509674,0.60959625,-1.4770966,0.07664841,31.087242,59.869892,8,2,0,2.3805918666666663,2.7274821714285715,2.870787528571429,2.9117303,52.034074999999994,0,0.0,173,0.9602510203709026,0,1
2019-08-26,5188.22,403.94999999999993,60.59249999999999,20.197499999999998,39.25615384615384,Cairo,0.0,2.4361207,170.99644,53.99155,31.279572,18.766022,0.54958344,-2.3119888,0.09693198,30.505568,57.7155,8,2,0,2.222055333333333,2.617134842857143,2.8692802214285713,2.4361207,52.099334,0,0.0,174,0.7505470447117952,0,1
2019-08-27,5203.71,400.7653846153846,60.11480769230769,20.03826923076923,39.042307692307695,Cairo,0.0,2.4783452,182.29218,54.183037,31.160675,19.211945,0.3008728,-2.243599,0.082033835,35.5866,64.73031,8,2,0,2.3753873333333333,2.6448030571428567,2.8902866571428567,2.4783452,51.96725128571428,0,0.0,175,0.6193822436045349,0,1
2019-08-28,5264.78,403.2038461538461,60.48057692307691,20.160192307692306,38.824615384615385,Cairo,0.0,3.2484612,169.22583,51.451103,31.4971,18.270538,0.5353241,-3.198555,0.07979194,30.230675,55.634132,8,2,0,2.7209757,2.7327513,2.9198045285714285,3.2484612,51.748756285714286,0,0.0,176,0.6602016480084675,0,1
2019-08-29,5303.68,413.84230769230766,62.076346153846146,20.692115384615384,38.60307692307693,Cairo,0.0,2.9581316,166.59622,55.507576,31.146515,19.047882,0.705925,-2.872116,0.07773278,25.419434,47.40232,8,2,0,2.894979333333333,2.608976328571429,2.8539438714285716,3.2484612,52.719486142857136,0,0.0,177,0.6258190366329783,0,1
2019-08-30,5324.06,409.2784615384616,61.39176923076924,20.46392307692308,38.38153846153846,Cairo,0.0,2.834678,178.83133,54.74618,30.589508,18.351349,-0.020843506,-2.8257217,0.060942315,25.72076,46.558464,8,2,0,3.013756933333333,2.597968857142857,2.8269818499999997,3.2484612,53.28479957142857,0,0.0,178,0.3977742853359238,0,1
2019-08-31,5345.95,428.9576923076923,64.34365384615384,21.447884615384616,38.15692307692307,Cairo,0.0,1.4383271,167.50806,50.16192,30.230988,17.313995,0.30014038,-1.3213272,0.05098786,20.127686,34.612793,8,2,0,2.4103789,2.5151085571428573,2.6845186285714284,2.9581316,53.14571485714286,0,0.0,179,0.47924488249103153,0,1
2019-09-01,5468.41,486.8025,73.020375,24.340125,41.0,Cairo,0.0,2.682238,181.24942,55.54941,30.466217,18.64566,-0.093696594,-2.676262,0.052618265,32.98618,58.20392,9,3,0,2.318414366666666,2.5823288285714283,2.6549054999999995,2.834678,53.65582514285715,0,0.0,180,0.47622874337419113,0,1
2019-09-02,5602.04,511.0058333333333,76.650875,25.550291666666666,40.77,Cairo,0.0,2.8255198,185.0685,55.498184,30.016266,18.539703,-0.13505554,-2.7224808,0.057542585,26.562025,46.94249,9,3,0,2.315361633333333,2.6379572714285713,2.6275460571428573,2.8255198,53.87105857142858,0,0.0,181,0.5469850268241134,0,1
2019-09-03,5527.33,487.1125,73.066875,24.355625000000003,40.54333333333333,Cairo,0.0,2.7097707,176.39442,51.882202,29.09256,17.283112,0.3147354,-2.623932,0.03873434,28.39843,48.034924,9,3,0,2.7391761666666663,2.671018057142857,2.657910557142857,2.8255198,53.54236785714285,0,0.0,182,0.7829704718387968,0,1
2019-09-04,5568.63,496.9075,74.536125,24.845375000000004,40.30833333333333,Cairo,0.0,2.9504237,157.4456,53.49701,29.461945,17.942902,1.2211761,-2.66671,0.03306002,22.87918,39.5694,9,3,0,2.8285713999999995,2.628441271428571,2.680596285714286,2.9504237,53.834640285714286,0,0.0,183,0.6954546708259536,0,1
2019-09-05,5544.34,509.4166666666667,76.4125,25.470833333333335,40.075833333333335,Cairo,0.0,2.8130028,169.36389,50.134937,29.911896,16.642365,1.2388763,-2.1052551,0.03741225,27.00465,44.872383,9,3,0,2.824399066666666,2.6077085857142857,2.6083424571428573,2.9504237,53.067120428571435,0,0.0,184,0.5372170453459841,0,1
2019-09-06,5256.68,492.5783333333333,73.88674999999999,24.62891666666667,39.8375,Cairo,0.0,2.2111905,212.63455,46.368458,31.862091,17.451447,-1.0916977,-1.0098419,0.11058016,25.21867,46.9151,9,3,0,2.658205666666666,2.518638942857143,2.5583039,2.9504237,51.870303,0,0.0,185,0.8854354810000697,0,1
2019-09-07,5457.07,477.95416666666665,71.693125,23.897708333333334,39.5975,Cairo,0.0,3.5502946,166.59052,52.572853,30.292755,17.901886,0.9900894,-3.0092316,0.06159979,23.235191,43.224266,9,3,0,2.8581626333333325,2.820348585714286,2.667728571428572,3.5502946,52.214721999999995,0,0.0,186,0.8866973075651311,0,1
2019-09-08,4736.98,297.9175,44.687625000000004,14.895875000000002,39.3575,Cairo,0.0,3.0002894,158.39594,54.028137,29.355255,18.016632,1.1584244,-2.7639084,0.054195218,24.54304,43.974827,9,3,0,2.9205915,2.8657845,2.7240566642857145,3.5502946,51.997397285714285,0,0.0,187,0.921027909442762,0,1
2019-09-09,5362.900000000001,440.3758333333333,66.05637499999999,22.018791666666665,39.11333333333334,Cairo,0.0,3.0955944,158.48962,53.83716,29.021759,17.553375,1.2161942,-2.8320694,0.0354413,19.090551,35.99642,9,3,0,3.2153928,2.904366585714286,2.7711619285714284,3.5502946,51.760108142857135,0,0.0,188,0.9918919943582528,0,1
2019-09-10,5469.28,461.5391666666667,69.230875,23.076958333333337,38.8675,Cairo,2.3841858e-06,3.2192245,155.39252,54.809902,28.888458,17.668732,1.3707047,-2.9092407,0.029942317,23.833607,40.95827,9,3,0,3.1050360999999995,2.9771457000000003,2.824081878571429,3.2192245,52.178351,0,2.3841858e-06,189,1.020686801360588,0,1
2019-09-11,5545.37,483.6025,72.540375,24.180125000000004,38.62083333333333,Cairo,0.0,2.8618295,173.73792,55.456123,28.261261,17.32425,0.36125183,-2.833809,0.036695812,26.243664,43.37301,9,3,0,3.0588827999999997,2.9644893857142853,2.7964653285714287,3.2192245,52.45822428571428,0,2.3841858e-06,190,1.1807415525356484,0,1
2019-09-12,5571.06,481.1183333333333,72.16774999999998,24.055916666666665,38.37,Cairo,0.0,3.4556313,177.30191,54.552284,28.790558,17.667755,0.4647522,-3.3622513,0.059680484,23.559994,42.893005,9,3,0,3.1788950999999996,3.056293457142857,2.8320010214285714,3.4556313,53.08927385714286,0,2.3841858e-06,191,1.2158162500953917,0,1
2019-09-13,4996.12,365.0875,54.763124999999995,18.254375,38.119166666666665,Cairo,0.0,3.1357982,160.63345,59.577232,28.509918,18.788239,1.2653961,-2.7982712,0.094041936,23.882524,46.88051,9,3,0,3.151086333333333,3.188380271428571,2.853509607142857,3.4556313,54.97624157142857,0,2.3841858e-06,192,0.6630814927724514,0,1
2019-09-14,4968.49,335.6816666666667,50.35225,16.784083333333335,37.8675,Cairo,0.0,2.7727103,122.46831,54.657227,27.755768,16.536652,2.4424362,-1.0844193,0.059978463,17.249554,37.531643,9,3,0,3.121379933333333,3.0772968,2.9488226928571426,3.4556313,55.274009285714286,0,2.3841858e-06,193,0.5295351153374671,0,1
2019-09-15,4946.63,343.88916666666665,51.583375,17.194458333333333,37.611666666666665,Cairo,0.0,3.1332126,137.72403,51.479885,28.460846,16.403961,2.1112976,-2.315033,0.07411461,25.892498,51.741886,9,3,0,3.0139070333333327,3.0962858285714283,2.9810351642857142,3.1357982,54.90997328571429,0,2.3841858e-06,194,0.43108106486875364,0,1
2019-09-16,5166.31,423.2375,63.485625,21.161875000000002,37.35666666666666,Cairo,0.0,1.9443707,138.3997,59.08921,28.448517,18.319122,1.2366409,-1.4780045,0.05294692,28.269958,50.06108,9,3,0,2.616764533333333,2.9318253,2.9180959428571427,3.1332126,55.66026614285715,0,2.3841858e-06,195,0.3717848606422341,0,1
2019-09-17,5385.7,446.35,66.9525,22.317500000000003,37.098333333333336,Cairo,0.0,3.7465744,198.4909,54.904713,29.414337,18.096588,-1.2780762,-3.5003052,0.054563917,23.817244,48.712475,9,3,0,2.9413858999999998,3.007161,2.9921533499999997,3.7465744,55.673810571428575,0,0.0,196,0.505428395055736,0,1
2019-09-18,4981.93,468.61909090909086,70.29286363636362,23.430954545454544,35.34,Cairo,0.0,3.8549397,196.13345,53.205425,28.42398,16.29129,-1.0603638,-3.7058487,0.051961347,18.697906,39.788887,9,3,0,3.1819615999999997,3.1490338857142857,3.0567616357142855,3.8549397,55.35228228571429,0,0.0,197,0.4951738124952127,0,1
2019-09-19,5261.61,420.9016666666666,63.135249999999985,21.04508333333333,36.579166666666666,Cairo,0.0,3.602976,196.85153,62.29055,27.810944,18.588531,-1.0945587,-3.4215622,0.0691748,27.175034,57.72741,9,3,0,3.734830033333333,3.1700831285714286,3.1131882928571426,3.8549397,56.45774885714286,0,0.0,198,0.5491706030457434,0,1
2019-09-20,5323.64,437.4325,65.614875,21.871625,36.3175,Cairo,0.0,3.7936366,175.57318,56.993732,28.069733,17.410065,0.30623627,-3.775528,0.06762564,26.442566,51.282246,9,3,0,3.7505174333333327,3.264060042857143,3.226220157142857,3.8549397,56.08867742857143,0,0.0,199,0.5600448533252124,0,1
2019-09-21,5466.11,446.1591666666666,66.92387499999998,22.307958333333332,36.053333333333335,Cairo,0.0,3.7666173,183.71706,56.07242,27.747467,17.180206,-0.33644104,-3.7430878,0.03758964,22.296392,42.809784,9,3,0,3.721076633333333,3.406046757142857,3.2416717785714284,3.7936366,56.29084785714286,0,0.0,200,0.5614964666262586,0,1
2019-09-22,5029.84,372.4091666666666,55.86137499999999,18.62045833333333,35.79,Cairo,4.7683716e-07,3.639499,170.61884,61.06804,27.661163,18.19107,0.57756805,-3.5928955,0.07473263,18.148766,36.542442,9,3,0,3.7332509666666667,3.478373385714286,3.287329607142857,3.7936366,57.660584285714286,0,4.7683716e-07,201,0.6117700200177324,0,1
2019-09-23,5096.84,375.6566666666667,56.3485,18.782833333333336,35.524166666666666,Cairo,0.0,3.7128916,182.27657,54.91119,28.116974,17.330963,-0.3793106,-3.587906,0.056310087,22.167143,47.423996,9,3,0,3.706335966666666,3.7310192285714288,3.331422264285714,3.7666173,57.06372428571429,0,4.7683716e-07,202,0.6043853942814459,0,1
2019-09-24,5507.36,447.0233333333333,67.0535,22.351166666666668,35.2575,Cairo,0.0,3.4494443,190.05649,56.92734,27.39151,16.916046,-0.54642487,-3.390808,0.046819806,29.253834,53.18299,9,3,0,3.600611633333333,3.6885720714285712,3.3478665357142856,3.7128916,57.352671,0,4.7683716e-07,203,0.34067831221423744,0,1
2019-09-25,5495.92,475.38416666666666,71.307625,23.769208333333335,34.99,Cairo,0.0,2.2626796,176.59961,52.69418,27.338776,14.745514,0.23639679,-2.1783524,0.048287638,26.763577,41.00872,9,3,0,3.141671833333333,3.4611063428571427,3.3050701142857144,3.7128916,57.279635999999996,0,4.7683716e-07,204,0.3011903652389505,0,1
2019-09-26,5324.1900000000005,469.75833333333327,70.46374999999999,23.487916666666663,34.722500000000004,Cairo,0.0,2.1547766,203.45294,38.265167,29.536652,13.190582,0.068862915,-0.91708374,0.17178473,36.703423,73.35414,9,3,0,2.622300166666666,3.2542207142857142,3.212151921428571,3.4494443,53.84743842857143,0,4.7683716e-07,205,0.7486872872596291,0,1
2019-09-27,5029.73,405.69166666666666,60.85375,20.284583333333334,34.4525,Cairo,0.0,2.4690237,183.09094,59.072464,28.898468,18.951447,-0.16526031,-2.300476,0.05061198,26.354412,49.962463,9,3,0,2.2954933,3.0649903000000003,3.1645251714285716,2.4690237,54.144400142857144,0,4.7683716e-07,206,0.8266472619368824,0,1
2019-09-28,4904.18,363.2033333333333,54.4805,18.160166666666665,34.185,Cairo,0.0,3.016744,189.89981,58.845955,28.31961,18.199371,-0.5001831,-2.9726715,0.023361787,28.84267,49.6659,9,3,0,2.5468480999999996,2.9578655428571428,3.1819561500000004,3.016744,54.540619428571425,0,4.7683716e-07,207,0.8143227099400576,0,1
2019-09-29,5298.39,424.2308333333333,63.63462499999999,21.211541666666665,33.913333333333334,Cairo,0.0,3.4082515,179.2785,54.042053,27.647125,16.23758,0.31793976,-3.3320541,0.01780433,27.211868,47.698933,9,3,0,2.9646730666666663,2.9248301857142853,3.2016017857142858,3.4082515,53.53690699999999,0,0.0,208,0.8158305872572443,0,1
2019-09-30,5160.69,393.3883333333333,59.00825,19.669416666666667,33.6425,Cairo,0.0,3.0446339,169.65341,54.647175,27.025665,16.111847,0.6333771,-2.9641724,0.02023577,27.791742,47.418667,9,3,0,3.156543133333333,2.8293648,3.2801920142857144,3.4082515,53.49919057142857,0,0.0,209,0.9263246237123083,0,1
2019-10-01,5428.83,460.7933333333333,69.11899999999999,23.039666666666665,33.369166666666665,Cairo,0.0,2.3721743,152.07959,54.939075,26.584991,15.547394,1.1974258,-1.8945389,0.020003607,28.089672,43.775154,10,3,0,2.9416865666666663,2.675469085714286,3.1820205785714286,3.4082515,53.21515271428571,0,0.0,210,1.058607057185412,0,1
2019-10-02,5487.3,483.19,72.4785,24.1595,33.09916666666667,Cairo,0.0,2.8973842,159.46725,53.937485,27.1409,15.188019,1.4650345,-1.6097946,0.03598637,30.734682,48.20627,10,3,0,2.7713974666666665,2.7661411714285715,3.113623757142857,3.0446339,53.39276771428571,0,0.0,211,1.0787693485344432,0,1
2019-10-03,5454.59,500.5325,75.079875,25.026625000000003,32.82833333333333,Cairo,0.0,2.2760801,218.22581,43.77234,28.091705,12.862579,-0.76299286,-1.0827103,0.04872038,33.488422,56.3888,10,3,0,2.5152128666666664,2.7834702428571427,3.0188454785714285,2.8973842,54.179506714285715,0,0.0,212,0.8146364609771903,0,1
2019-10-04,5458.29,485.0741666666667,72.761125,24.253708333333336,32.55583333333333,Cairo,0.0,3.1931968,245.78796,35.181778,29.802643,11.404694,-2.7478943,-1.2891235,0.06123001,20.15836,44.211163,10,3,0,2.788887033333333,2.8869235428571427,2.9759569214285717,3.1931968,50.76655157142857,0,0.0,213,1.0723236188984557,0,1
2019-10-05,5488.95,490.925,73.63875,24.54625,32.28416666666667,Cairo,0.0,3.2781496,212.3211,32.73988,28.969025,8.859528,-1.4435196,-2.6547852,0.04842745,22.48987,40.661896,10,3,0,2.915808833333333,2.9242671999999996,2.9410663714285716,3.2781496,47.03711228571429,0,0.0,214,1.149876723913045,0,1
2019-10-06,5419.13,471.025,70.65374999999999,23.55125,32.01,Cairo,0.0,2.4906168,195.09816,51.37561,27.612457,15.555939,-0.017723083,-2.0788193,0.13820624,28.755512,55.39502,10,3,0,2.9873210666666665,2.7931765285714287,2.859003357142857,3.2781496,46.65619185714286,0,0.0,215,1.15119405662909,0,1
2019-10-07,5421.67,469.7483333333333,70.46224999999998,23.487416666666665,31.7375,Cairo,0.0,2.4874978,160.16333,52.160526,26.661163,14.543732,1.0785446,-1.9016876,0.060605414,23.474873,40.39128,10,3,0,2.752088066666666,2.713585657142857,2.7714752285714286,3.2781496,46.300956285714285,0,0.0,216,1.2038271914696348,0,1
2019-10-08,5298.79,465.1366666666667,69.7705,23.256833333333336,31.46666666666667,Cairo,0.0,2.705058,207.06952,53.563797,27.66861,15.484894,-0.66503143,-2.0791626,0.027121907,23.599848,40.847553,10,3,0,2.561057533333333,2.7611404714285714,2.7183047785714285,2.705058,46.104488,0,0.0,217,1.0791260682926718,0,1
2019-10-09,5553.59,478.1433333333334,71.7215,23.90716666666667,31.194166666666664,Cairo,0.0,4.218143,222.9807,53.949085,28.515045,16.352325,-2.5906906,-2.965393,0.02794412,16.848068,39.433346,10,3,0,3.1368996,2.9498203,2.8579807357142855,4.218143,46.106145142857144,0,0.0,218,1.0218893516722671,0,1
2019-10-10,5080.51,377.9491666666667,56.692375000000006,18.897458333333336,30.92333333333333,Cairo,0.0,4.3033514,210.50473,59.873615,27.098541,17.387115,-2.1199265,-3.7345734,0.046696365,17.637352,45.24885,10,3,0,3.7421841333333337,3.239430485714286,3.0114503642857144,4.3033514,48.40632728571428,0,0.0,219,1.1032983514574815,0,1
2019-10-11,5507.67,470.73083333333335,70.609625,23.53654166666667,30.65416666666667,Cairo,0.0,3.6612387,202.91989,57.29384,27.3992,16.430328,-1.4046173,-3.3793564,0.06202423,18.021967,40.75638,10,3,0,4.060911033333333,3.3062936142857144,3.0966085785714283,4.3033514,51.56519328571428,0,0.0,220,0.7973607742367878,0,1
2019-10-12,5425.51,463.3933333333334,69.509,23.16966666666667,30.383333333333336,Cairo,0.0,3.905818,211.01288,58.8295,27.477448,16.658478,-1.9189453,-3.389946,0.0754741,26.666117,54.40821,10,3,0,3.9568027000000003,3.3959605285714285,3.1601138642857145,4.3033514,55.29228185714286,0,0.0,221,0.5695358852605819,0,1
2019-10-13,5169.83,428.8425,64.326375,21.442125,30.114166666666662,Cairo,0.0,3.6252513,196.76062,58.34266,27.929108,17.575592,-0.99279785,-3.4833832,0.10945817,28.029814,58.26466,10,3,0,3.7307693333333334,3.558051171428571,3.17561385,3.905818,56.28757471428572,0,0.0,222,0.5929446242705644,0,1
2019-10-14,5001.1,418.45666666666665,62.768499999999996,20.922833333333333,29.843333333333334,Cairo,0.0,2.582342,166.68845,59.848106,27.703766,17.690826,0.58345795,-2.5152206,0.094244204,31.913246,57.31519,10,3,0,3.3711371,3.571600342857143,3.142593,3.905818,57.38580042857143,0,0.0,223,0.45053233423327355,0,1
2019-10-15,4829.9800000000005,388.0825,58.212374999999994,19.404125,29.5775,Cairo,0.0,2.6256495,123.71716,63.15825,27.469025,18.657745,2.2532501,-1.1359406,0.10946595,26.189394,53.10247,10,3,0,2.944414266666667,3.5602562714285715,3.160698371428572,3.6252513,58.75643657142857,0,0.0,224,0.4579619933148111,0,1
2019-10-16,5168.32,433.1841666666666,64.97762499999999,21.659208333333332,29.31,Cairo,0.0,2.911264,144.2601,64.51027,27.62027,18.497833,1.5002975,-2.4277115,0.10449813,26.500263,51.566414,10,3,0,2.7064185,3.3735592714285714,3.161689785714286,2.911264,60.265177285714294,0,0.0,225,0.26056119942517453,0,1
2019-10-17,5064.06,420.4791666666667,63.071875,21.023958333333336,29.043333333333333,Cairo,0.0,2.6010163,185.87958,57.778435,26.57901,16.309967,-0.09883118,-2.522606,0.08936724,39.072975,71.39824,10,3,0,2.712643266666667,3.1303685428571426,3.1848995142857146,2.911264,59.965865857142866,0,0.0,226,0.42527294656310227,0,1
2019-10-18,5125.76,420.50833333333327,63.07624999999999,21.025416666666665,28.779166666666665,Cairo,0.0,3.9654167,212.88623,61.234276,26.438385,16.862701,-2.0277863,-3.380104,0.091775805,28.920774,57.99114,10,3,0,3.1592323333333336,3.1738225428571427,3.240058078571429,3.9654167,60.528785285714285,0,0.0,227,0.5747006453188505,0,1
2019-10-19,5309.86,485.54,72.831,24.277,30.982727272727274,Cairo,0.0,4.6805153,235.64279,56.171093,27.313019,15.977814,-3.7639313,-2.6949463,0.1592066,21.478008,58.686108,10,3,0,3.7489827666666664,3.284493585714286,3.340227057142857,4.6805153,60.14901285714286,0,0.0,228,0.5703802048698582,0,1
2019-10-20,5153.01,483.0090909090909,72.45136363636364,24.150454545454547,30.70909090909091,Cairo,0.0,2.9768739,237.31436,44.340576,28.746246,12.738922,-2.484665,-1.5824203,0.14728677,34.651344,70.90979,10,3,0,3.874268633333333,3.191868242857143,3.374959707142857,4.6805153,58.14871514285714,0,0.0,229,0.7706636372158124,0,1
2019-10-21,4520.6,441.688,66.25319999999999,22.084400000000002,33.376999999999995,Cairo,0.0,2.1238267,260.7156,39.41834,28.733673,12.861969,-2.0180054,0.08983612,0.17730798,39.940624,82.397545,10,3,0,3.2604053,3.126366057142857,3.3489832,4.6805153,55.230177142857144,0,0.0,230,0.9199545932012747,0,1
2019-10-22,1460.22,29.546,4.4319,1.4773,33.103,Cairo,2.002716e-05,4.412246,209.05577,60.0098,26.091583,16.94693,-1.9534302,-3.723465,0.18383126,30.004208,71.00801,10,3,0,3.1709821999999996,3.3815941285714284,3.4709252,4.412246,54.78039857142858,0,2.002716e-05,231,1.07601144373258,0,1
2019-10-23,3993.35,332.832,49.9248,16.6416,32.831,Cairo,0.0004940033,2.3239036,136.33313,67.41673,23.709625,16.369904,1.5969696,-1.6878815,0.055263113,23.383633,40.33826,10,3,0,2.953325433333333,3.2976855,3.3356223857142853,4.412246,55.19560714285715,0,0.0005140304600000001,0,1.7331093687758183,0,1
2019-10-24,3661.65,264.165,39.62475,13.208250000000001,32.558,Cairo,4.2915344e-06,3.236843,74.6286,62.508495,22.697418,14.387604,3.0798645,0.35746765,0.05385615,37.831123,75.80186,10,3,0,3.3243308666666658,3.3885178857142852,3.259443214285714,4.412246,55.87133,0,0.0005183219943999999,1,2.3332651115482514,0,1
2019-10-25,2120.63,81.023,12.15345,4.05115,32.287,Cairo,0.0005841255,5.2799664,51.321304,67.1346,22.273224,15.645538,4.220604,2.5647888,0.1202598,25.745726,92.70884,10,3,0,3.613571,3.5763107,3.3750666214285716,5.2799664,56.71423342857143,0,0.0011024474944,0,2.767122052618084,0,1
2019-10-26,3698.5,232.233,34.83495,11.611650000000001,32.024,Cairo,0.00029563904,6.2802663,128.03076,66.46646,23.769562,16.627472,4.123329,-3.7469788,0.036071636,14.96433,51.65934,10,3,0,4.932358566666667,3.804846557142857,3.544670071428571,6.2802663,58.18500014285714,0,0.0013980865344,0,2.7365868774431448,0,1
2019-10-27,4739.22,411.708,61.7562,20.585400000000003,31.757,Cairo,0.0,2.7399313,132.32802,65.88457,23.41629,15.682159,1.9797821,-1.8900452,0.049623024,31.055843,54.537495,10,3,0,4.766721333333333,3.7709976142857142,3.481432928571429,6.2802663,61.26271357142857,0,0.0013980865344,1,2.2695155792611197,0,1
2019-10-28,4779.06,399.567,59.93505,19.978350000000002,31.493,Cairo,0.0,2.2872686,134.56651,61.21415,23.402618,14.450592,1.8437347,-1.2876816,0.037496917,30.633362,62.473766,10,3,0,3.7691554000000003,3.7943464571428573,3.4603562571428568,6.2802663,64.37640071428572,0,0.0013980865344,2,1.2174276714466412,0,1
2019-10-29,4491.32,389.553,58.43295,19.47765,31.232,Cairo,0.0,2.6625504,134.68495,56.998672,22.860992,12.840363,1.7060928,-1.9295502,0.022267556,29.889746,51.46221,10,3,0,2.5632501,3.5443899428571433,3.4629920357142856,2.7399313,63.94623957142857,0,0.0013780593744,3,0.5609437841020187,0,1
2019-10-30,4335.69,336.339,50.450849999999996,16.816950000000002,30.974,Cairo,0.0,2.5590858,195.62979,58.679974,23.388458,13.946564,-0.69470215,-2.4629364,0.039034467,35.07904,57.32779,10,3,0,2.5029682666666666,3.5779874,3.43783645,2.6625504,62.698131571428576,0,0.0008840560743999999,4,0.520290028100702,0,1
2019-10-31,4475.32,354.13,53.119499999999995,17.706500000000002,30.719,Cairo,0.0,2.9105563,179.78235,60.64923,23.079498,13.704132,0.035957336,-2.8938904,0.049863465,33.24096,54.24787,10,3,0,2.710730833333333,3.531375014285714,3.45994645,2.9105563,62.43252228571429,0,0.0008797645399999999,5,0.4881687001769509,0,1
2019-11-01,5404.68,564.373,84.65595,28.218650000000004,30.466,Cairo,0.0,2.406225,211.71033,56.550213,22.50113,12.485382,-0.8643646,-1.9310837,0.076451145,33.883736,57.301476,11,3,0,2.625289033333333,3.1208405285714282,3.348575614285714,2.9105563,60.920466999999995,0,0.0002956390399999999,6,0.4214202165888397,0,1
2019-11-02,5357.94,557.4010000000001,83.61015,27.870050000000006,30.216,Cairo,0.0,2.6776972,258.81683,46.79578,24.484894,10.214264,-2.6242294,-0.49777222,0.12044886,44.734905,80.1892,11,3,0,2.6648261666666664,2.6061878000000003,3.2055171785714287,2.9105563,58.110369857142864,0,0.0,7,0.6211858123502219,0,1
2019-11-03,5310.16,580.605,87.09075,29.030250000000002,29.969,Cairo,0.0,2.4705431,288.65765,39.735336,25.986359,9.77713,-2.3923492,0.4388275,0.10680767,17.338505,36.755688,11,3,0,2.5181551,2.5677037714285715,3.169350692857143,2.6776972,54.374765000000004,0,0.0,8,1.1937159151434433,0,1
2019-11-04,5332.34,553.463,83.01944999999999,27.67315,29.725,Cairo,0.0,2.9915776,243.90297,51.410828,25.359161,11.802643,-2.6835709,-1.3209915,0.071685985,20.808643,46.758972,11,3,0,2.713272633333333,2.668319342857143,3.2313328999999995,2.9915776,52.97429042857142,0,0.0,9,1.3402023738201996,0,1
2019-11-05,5082.01,510.67300000000006,76.60095000000001,25.533650000000005,29.483,Cairo,0.0,3.1681352,205.836,61.18408,23.691315,14.236725,-1.0289383,-2.8344574,0.04174526,30.735592,55.553787,11,3,0,2.876751966666666,2.740545742857143,3.142467842857143,3.1681352,53.57220585714286,0,0.0,10,1.2620653676309448,0,1
2019-11-06,4772.68,442.235,66.33525,22.11175,29.246,Cairo,0.0,3.4275148,188.31488,64.83682,24.078156,15.872467,-0.66521454,-3.3124847,0.06558588,23.376991,47.46801,11,3,0,3.1957425333333327,2.8646070285714287,3.221297214285714,3.4275148,54.451755285714285,0,0.0,11,1.226397543818633,0,1
2019-11-07,4498.82,424.832,63.724799999999995,21.241600000000002,29.009000000000004,Cairo,9.536743e-07,2.0521464,189.26839,64.61346,25.602692,17.544464,-0.29882812,-1.9860687,0.2062297,34.37867,81.03511,11,3,0,2.8825988,2.7419770428571426,3.136676028571429,3.4275148,55.01807385714286,0,9.536742999998916e-07,12,1.2237276063973992,0,1
2019-11-08,3864.65,355.944,53.391600000000004,17.7972,28.778,Cairo,0.0,2.192134,183.5681,60.895103,24.17044,15.586578,0.3484726,-1.6071243,0.2518853,53.711147,128.9531,11,3,0,2.5572650666666665,2.711392614285714,2.9161165714285713,3.4275148,55.63877242857143,0,9.536742999998916e-07,13,0.8758749662363707,0,1
2019-11-09,4898.95,480.725,72.10875,24.036250000000003,28.551,Cairo,0.0,3.300499,193.18771,66.2838,24.524323,15.9409485,-0.8078842,-3.1971436,0.09745744,29.44587,61.52105,11,3,0,2.5149264666666666,2.8003642999999996,2.70327605,3.300499,58.42277528571429,0,9.536742999998916e-07,14,0.8738785884828087,0,1
2019-11-10,4593.88,435.771,65.36565,21.78855,28.325,Cairo,0.0,2.7977896,186.54138,66.98639,24.022736,15.936676,-0.57538605,-2.6528397,0.07467715,27.195423,51.84387,11,3,0,2.7634741999999997,2.8471138000000002,2.7074087857142857,3.300499,62.315783,0,9.536742999998916e-07,15,0.7214128768052612,0,1
2019-11-11,4341.08,459.09888888888895,68.86483333333334,22.95494444444445,30.162222222222223,Cairo,0.0,3.2792203,194.68256,68.23372,24.76297,17.438507,-0.96946716,-3.1014862,0.12868708,35.43824,71.18416,11,3,0,3.1258362999999996,2.888205614285714,2.7782624785714285,3.300499,64.7190532857143,0,9.536742999998916e-07,16,0.6316802530367658,0,1
2019-11-12,4600.07,523.55,78.53249999999998,26.1775,27.634444444444444,Cairo,0.0,3.9912868,233.12442,43.964912,26.863922,11.80545,-3.2669525,-2.1810684,0.13562956,25.095486,61.062332,11,3,0,3.3560988999999997,3.0057987,2.8731722214285713,3.9912868,62.259172142857146,0,9.536742999998916e-07,17,1.0390034309207223,0,1
2019-11-13,5135.66,563.114,84.4671,28.155700000000003,27.673,Cairo,0.0,2.3861818,151.28381,46.311035,26.355743,12.276886,0.49861145,0.13991547,0.065726385,31.484425,57.423912,11,3,0,3.2188962999999995,2.8570368428571427,2.8608219357142857,3.9912868,59.612631428571426,0,9.536742999998916e-07,18,1.1074497076656447,0,1
2019-11-14,5062.59,513.999,77.09985,25.69995,27.464,Cairo,0.0,4.1569796,182.24785,35.85745,25.697906,9.046783,1.4433594,2.091484,0.09414026,49.294365,89.198044,11,3,0,3.5114827333333327,3.1577273000000003,2.9498521714285713,4.1569796,55.50463,0,0.0,19,1.1139843721743679,0,1
2019-11-15,4840.63,451.484,67.7226,22.5742,27.259000000000004,Cairo,0.0,3.3685913,127.49124,60.782295,22.492218,13.1409,2.494629,-2.1440659,0.07271121,21.315125,44.86091,11,3,0,3.3039175666666663,3.3257926285714285,3.018592621428571,4.1569796,55.488514571428574,0,0.0,20,1.4896627044784567,0,1
2019-11-16,4428.82,386.21,57.93149999999999,19.3105,27.058,Cairo,0.0,3.3979392,163.26212,55.74182,22.549347,12.266998,0.7237396,-3.282814,0.021109004,16.0894,29.577747,11,3,0,3.641170033333333,3.3397126571428575,3.070038478571429,4.1569796,53.982517428571434,0,0.0,21,1.7501753235000128,0,1
2019-11-17,4325.31,377.864,56.67959999999999,18.8932,26.859,Cairo,0.0,3.5481572,197.09045,61.436363,22.26065,13.442169,-1.648529,-2.6913223,0.0606527,30.63776,59.85156,11,3,0,3.438229233333333,3.4469080285714284,3.1470109142857146,3.5481572,53.189656428571425,0,0.0,22,1.9726777581354002,0,1
2019-11-18,5100.17,528.2819999999999,79.24229999999999,26.414099999999998,26.665,Cairo,0.0,2.6554534,238.3145,38.526485,23.419708,7.9400024,-2.261589,-1.3846436,0.17300166,35.40139,82.02608,11,3,0,3.200516599999999,3.357798471428571,3.123002042857143,3.5481572,48.94576571428571,0,0.0,23,1.9995976883614386,0,1
2019-11-19,5361.08,539.148,80.8722,26.957400000000003,26.478,Cairo,0.0,3.7061548,222.9397,22.224014,21.493805,-1.205246,-2.5211945,-2.7163162,0.10581103,36.207653,79.73964,11,3,0,3.3032551333333324,3.317065328571428,3.1614320142857144,3.7061548,45.83992314285714,0,0.0,24,1.8468477658026736,0,1
2019-11-20,5479.56,545.536,81.83039999999998,27.276799999999998,26.294,Cairo,0.0,3.6357512,224.2494,34.814034,19.772614,1.4617004,-2.5891724,-2.5386734,0.07073362,34.445564,74.01369,11,3,0,3.3324531333333325,3.495575242857143,3.176306042857143,3.7061548,44.19749442857143,0,0.0,25,1.8063940597972328,0,1
2019-11-21,3672.1,286.318,42.9477,14.3159,26.114,Cairo,0.0,2.3097901,229.00635,33.414722,19.0596,0.896698,-1.7407303,-1.517334,0.056421164,37.03409,71.219086,11,3,0,3.217232033333333,3.231691028571429,3.1947091642857144,3.7061548,43.84853328571428,0,0.0,26,1.5940542835775504,0,1
2019-11-22,5137.15,531.287,79.69305,26.564350000000005,25.940999999999995,Cairo,0.0,2.5573082,203.39674,27.349869,20.098541,0.67019653,-0.22568512,-1.5800095,0.05068759,49.904472,83.44949,11,3,0,2.834283166666666,3.115793442857143,3.220793035714286,3.6357512,39.07247242857143,0,0.0,27,1.6218230380750422,0,1
2019-11-23,5151.13,527.3489999999999,79.10234999999999,26.367449999999998,25.769,Cairo,0.0,2.2353764,228.59131,54.036217,20.143097,9.546783,-1.3571243,-1.4265671,0.023907516,38.672386,62.936615,11,3,0,2.3674915666666663,2.949713042857143,3.1447128500000003,2.5573082,38.82881485714285,0,0.0,28,1.550581889484605,0,1
2019-11-24,5033.08,516.972,77.5458,25.8486,25.604000000000003,Cairo,0.0,1.9163694,235.68417,51.233482,20.33255,8.678253,-1.3236542,-1.0615616,0.031693496,59.92775,93.16791,11,3,0,2.236351333333333,2.7166004999999998,3.081754264285714,2.5573082,37.371260428571425,0,0.0,29,1.4339187034877368,0,1
2019-11-25,4913.75,476.155,71.42325,23.80775,25.445,Cairo,0.0,4.7072,159.92467,44.345497,22.743927,7.618683,0.11115265,3.579567,0.07951121,20.36776,49.43809,11,3,0,2.952981933333333,3.009707157142857,3.183752814285714,4.7072,38.20254785714286,0,0.0,30,1.2206774139467285,0,1
2019-11-26,4957.81,485.822,72.8733,24.2911,25.288,Cairo,0.0,4.89559,41.154404,31.356966,24.284576,6.105011,2.8675537,3.062767,0.20249903,30.273338,95.59201,11,3,0,3.8397197999999997,3.179626471428572,3.2483459000000003,4.89559,39.50725528571429,0,0.0,31,1.872971396304948,0,1
2019-11-27,5187.85,500.932,75.1398,25.0466,25.139000000000003,Cairo,0.0,3.9226787,73.24988,31.465378,20.240387,2.0420227,3.7557373,1.1321793,0.15866566,20.389362,79.5332,11,3,0,4.5084895666666664,3.2206161142857144,3.3580956785714284,4.89559,39.02887585714286,0,0.0,32,1.833163588435532,0,1
2019-11-28,4682.05,449.999,67.49985,22.499950000000002,24.993,Cairo,0.0,2.1912122,76.20961,47.21998,19.932892,8.251251,1.2943497,0.008903503,0.07826301,35.632942,77.64737,11,3,0,3.669826966666666,3.203676414285714,3.2176837214285716,4.89559,41.00105557142857,0,0.0,33,1.7054732659671024,0,1
2019-11-29,4764.63,457.912,68.68679999999999,22.8956,24.853,Cairo,0.0,2.953259,186.72061,55.39492,21.354889,11.338287,-0.34939575,-2.9319687,0.009831342,28.319408,45.262436,11,3,0,3.0223832999999996,3.2602408142857144,3.1880171285714285,3.9226787,45.00749142857143,0,0.0,34,1.646264737882848,0,1
2019-11-30,4299.46,357.218,53.5827,17.8609,24.718,Cairo,0.0,3.1547155,199.73895,60.929768,19.75882,11.499908,-0.86133575,-2.9847336,0.0073331036,29.617281,48.216293,11,3,0,2.766395566666666,3.3915749714285717,3.170644007142857,3.1547155,45.99228442857143,0,0.0,35,1.6965361859124302,0,1
2019-12-01,4947.5,491.235,73.68525,24.561750000000004,24.589,Cairo,7.677078e-05,2.7985244,163.8229,64.26072,19.846954,12.700226,1.2472687,-2.2395859,0.015561804,28.461384,48.658318,12,0,0,2.968832966666666,3.517597114285714,3.117098807142857,3.1547155,47.85331842857143,0,7.677077999999989e-05,36,1.7487329498375774,0,1
2019-12-02,4840.53,459.237,68.88555,22.961850000000002,24.466,Cairo,0.0,2.7686472,138.93286,56.838062,20.285553,9.989899,1.6504898,-2.1263123,0.00713901,17.344479,31.306862,12,0,0,2.9072956999999993,3.240661,3.125184078571429,3.1547155,49.637970571428575,0,7.677077999999989e-05,37,1.6212482654096954,0,1
2019-12-03,4639.67,514.1122222222223,77.11683333333333,25.705611111111114,25.002222222222223,Cairo,0.0,2.6193633,175.7406,56.065323,18.031769,8.527618,0.19241333,-2.6122665,0.0051289927,18.84257,31.044144,12,0,0,2.728844966666666,2.915485757142857,3.0475561142857144,2.7985244,53.167735857142866,0,7.677077999999989e-05,38,0.9909643759200335,0,1
2019-12-04,5168.05,523.009,78.45135,26.150450000000003,24.234,Cairo,0.0,2.7324905,201.70822,51.941933,18.915192,8.343658,-0.9666443,-2.5528793,0.007980125,33.69574,54.276897,12,0,0,2.706833666666666,2.7454588714285713,2.983037492857143,2.7686472,56.092958,0,7.677077999999989e-05,39,1.0450232143353269,0,1
2019-12-05,5117.05,523.875,78.58125,26.19375,24.127,Cairo,0.0,2.6820173,201.7822,62.74212,18.168365,10.300568,-0.4632187,-2.1934433,0.023777353,51.962894,78.44272,12,0,0,2.6779570333333322,2.815573885714286,3.00962515,2.7324905,58.31040657142858,0,7.677077999999989e-05,40,1.1911680100092419,0,1
2019-12-06,2450.48,116.151,17.422649999999997,5.80755,24.024,Cairo,0.0,3.7216952,153.52054,63.5311,19.506134,11.524933,2.0074997,-2.9176102,0.06287894,17.357004,37.669598,12,0,0,3.0454009999999996,2.925350485714286,3.09279565,3.7216952,59.472718,0,7.677077999999989e-05,41,0.8671125820071537,0,1
2019-12-07,4889.67,467.669,70.15034999999999,23.38345,23.928,Cairo,9.536743e-07,2.71164,137.07832,53.18219,19.084015,8.657013,1.8080521,-2.0051727,0.008013893,19.784336,34.421688,12,0,0,3.0384508333333327,2.8620539857142857,3.1268144785714287,3.7216952,58.36592114285714,0,7.772445429999988e-05,42,0.8335838207999279,0,1
2019-12-08,4038.82,344.361,51.654149999999994,17.21805,23.84,Cairo,0.0,2.986474,60.198517,52.059624,19.136017,8.751129,2.7301788,0.27630615,0.049545042,24.783112,61.77842,12,0,0,3.1399364,2.888903928571429,3.2032505214285716,3.7216952,56.62290742857142,0,9.536742999998916e-07,43,0.7711843650868542,0,1
2019-12-09,4196.61,369.387,55.408049999999996,18.469350000000002,23.754,Cairo,9.346008e-05,3.2942398,75.80243,58.27768,19.497345,10.619171,3.211708,0.622818,0.050397165,17.95174,47.815033,12,0,0,2.997451266666666,2.963988585714286,3.1023247928571425,3.2942398,56.828567142857146,0,9.441375429999988e-05,44,0.5920184661706047,0,1
2019-12-10,4509.86,416.07700000000006,62.411550000000005,20.803850000000004,23.676,Cairo,0.0,3.1603374,169.91739,54.870174,19.141754,8.668121,0.37623596,2.8753204,0.05971583,43.81696,85.52702,12,0,0,3.1470170666666664,3.0412706000000003,2.9783781785714285,3.2942398,56.65783157142857,0,9.441375429999988e-05,45,0.4507787472021336,0,1
2019-12-11,1629.06,47.928,7.1892,2.3964,23.603,Cairo,0.0,3.6142907,27.536148,44.65693,18.06363,5.357086,1.6003494,3.0217514,0.17950419,29.186298,91.22996,12,0,0,3.3562893,3.1672420571428574,2.956350464285714,3.6142907,55.617116857142854,0,9.441375429999988e-05,46,0.5908202219384682,0,1
2019-12-12,3522.86,310.718,46.6077,15.535900000000002,23.535,Cairo,0.0,5.6063256,211.47021,52.348225,16.585114,6.677765,4.073799,2.0498886,0.22422707,40.36175,125.00385,12,0,0,4.126984566666667,3.5850003857142854,3.200287135714286,5.6063256,54.13227471428571,0,9.441375429999988e-05,47,1.0562661218750076,0,1
2019-12-13,3916.3,335.479,50.32185,16.77395,23.476,Cairo,0.0,5.634177,39.965942,52.242508,16.11905,5.945221,3.6198654,3.6776276,0.28193876,30.100777,118.39557,12,0,0,4.951597766666667,3.8582120714285715,3.3917812785714285,5.634177,52.51961871428572,0,9.441375429999988e-05,48,1.3648604959372412,0,1
2019-12-14,5223.21,497.603,74.64045,24.88015,23.421,Cairo,0.0,5.0303955,30.072662,43.349644,15.323517,1.6515198,2.8019638,4.096733,0.15235496,22.689236,71.8923,12,0,0,5.423632699999999,4.189462857142857,3.5257584214285713,5.634177,51.11496928571428,0,9.346007999999989e-05,49,1.6779630195871713,0,1
2019-12-15,3847.8,301.12800000000004,45.169200000000004,15.056400000000004,23.372,Cairo,0.000121593475,5.3747396,37.248413,46.90236,15.417511,3.973053,2.594864,4.183304,0.26547074,24.307898,119.05149,12,0,0,5.346437366666666,4.530643657142857,3.709773792857143,5.634177,50.37821728571429,0,0.00021505355499999989,0,1.7334923763632686,0,1
2019-12-16,4954.54,467.918,70.18769999999999,23.3959,23.329,Cairo,0.0,3.3715231,237.60925,61.320442,15.621613,6.976837,-2.4594727,-2.1766205,0.1092726,59.348198,150.53976,12,0,0,4.5922193999999985,4.541684128571428,3.752836357142857,5.3747396,50.812897571428564,0,0.00012159347499999989,1,1.4616455572722198,0,1
2019-12-17,4716.72,430.191,64.52865,21.50955,23.293,Cairo,0.0,3.0925188,204.46368,63.8302,16.583405,8.7586975,-1.5458145,-2.5660095,0.027629254,31.835045,57.43772,12,0,0,3.9462604999999993,4.531995757142857,3.7866331785714284,5.3747396,52.092901285714284,0,0.00012159347499999989,2,0.9553318865167475,0,1
2019-12-18,5231.48,512.839,76.92585000000001,25.641950000000005,23.262,Cairo,0.0,4.0673738,237.65837,62.94635,16.897125,8.797638,-3.4598007,-2.1324997,0.031848807,27.255627,62.281155,12,0,0,3.5104718999999993,4.596721914285714,3.8819819857142854,4.0673738,54.70567557142857,0,0.00012159347499999989,3,0.632327558406765,0,1
2019-12-19,5227.47,519.359,77.90385,25.967950000000002,23.238,Cairo,0.0,4.362252,231.50258,61.521053,17.605621,7.6509094,-3.4108124,-2.7192383,0.01812377,26.495993,49.806152,12,0,0,3.8407148666666657,4.418997114285714,4.00199875,4.362252,56.01607957142858,0,0.00012159347499999989,4,0.8491490391764942,0,1
2019-12-20,4638.48,452.06000000000006,67.80900000000001,22.603000000000005,23.222,Cairo,0.0,2.554009,219.02586,51.833042,16.686066,5.3302307,-1.6072464,-1.964325,0.023978565,40.805046,66.47851,12,0,0,3.6612115999999992,3.978973114285714,3.918592592857143,4.362252,55.95758442857142,0,0.00012159347499999989,5,0.8643794532252462,0,1
2019-12-21,5129.03,511.5100000000001,76.72650000000002,25.575500000000005,23.207,Cairo,0.0,2.6682477,199.19804,50.72075,15.634552,4.994293,-0.86538696,-2.5236053,0.017831383,45.180794,72.31796,12,0,0,3.194836233333332,3.641523428571429,3.9154931428571422,4.362252,57.01059957142858,0,0.00012159347499999989,6,0.8119210654991688,0,1
2019-12-22,5139.64,508.796,76.3194,25.4398,23.202,Cairo,0.0,2.719293,216.56189,63.234585,16.474274,8.149139,-1.6321106,-2.1738892,0.023003234,38.766254,65.70671,12,0,0,2.6471832333333327,3.2621739142857145,3.8964087857142857,2.719293,59.34377457142857,0,0.0,7,0.7003460803341023,0,1
2019-12-23,4917.2,453.4980000000001,68.02470000000001,22.674900000000008,23.203,Cairo,0.0,3.0503569,148.88826,60.144085,15.766266,7.0346527,1.533577,1.7221069,0.025361618,76.12685,124.73364,12,0,0,2.812632533333332,3.216293028571428,3.878988578571429,3.0503569,59.17572357142858,0,0.0,8,0.6716411083489425,0,1
2019-12-24,5079.28,477.018,71.55269999999999,23.8509,23.21,Cairo,0.0,6.6991663,38.002182,46.351334,16.109772,4.04657,4.333061,4.7690353,0.17691363,26.323675,107.20789,12,0,0,4.1562720666666655,3.7315283857142854,4.131762071428571,6.6991663,56.67874271428571,0,0.0,9,0.6879704064793023,0,1
2019-12-25,3971.75,291.512,43.7268,14.575600000000001,23.222,Cairo,0.0,7.0752006,62.26326,46.73124,16.460846,5.004303,6.3314743,2.7809296,0.42550576,32.702183,199.99808,12,0,0,5.608241266666666,4.161217928571428,4.378969921428571,7.0752006,54.36229842857143,0,0.0,10,0.6602747475760639,0,1
2019-12-26,4824.97,426.416,63.962399999999995,21.320800000000002,23.24,Cairo,0.0,7.6195993,56.427017,46.886925,16.69217,5.066925,6.071396,3.7057877,0.3229625,24.490086,150.36603,12,0,0,7.131322066666665,4.626553257142858,4.522775185714286,7.6195993,52.27170871428571,0,0.0,11,0.43051912444510454,0,1
2019-12-27,3894.04,312.406,46.8609,15.6203,23.264,Cairo,7.6293945e-06,4.6133757,94.20178,44.678383,16.07779,3.8329163,4.2710037,-0.6392975,0.111613385,18.958363,92.96776,12,0,0,6.436058533333333,4.9207485,4.449860807142858,7.6195993,51.24961457142857,0,7.629394499999892e-06,12,0.38978139935125744,0,1
2019-12-28,4047.41,341.79,51.2685,17.0895,23.296,Cairo,0.0,3.2954168,35.790848,54.909706,13.989166,4.410431,2.2233887,2.10466,0.032201543,21.63689,48.03144,12,0,0,5.1761306,5.010344085714285,4.325933757142857,7.6195993,51.84803685714286,0,7.629394499999892e-06,13,0.9134386405485044,0,1
2019-12-29,4748.9,435.302,65.2953,21.765100000000004,23.333,Cairo,0.0,4.5175304,20.254868,45.973366,14.434113,2.538971,1.901413,3.9723434,0.07073009,23.125298,54.77858,12,0,0,4.142107633333333,5.267235142857143,4.2647045285714285,4.6133757,49.38214842857143,0,7.629394499999892e-06,14,1.0318427071363199,0,1
2019-12-30,5210.26,492.1350000000001,73.82025000000002,24.606750000000005,23.377,Cairo,0.0,6.1248884,38.397842,36.37108,15.764191,0.46987915,3.7572708,4.2779846,0.17046927,16.683846,71.71088,12,0,0,4.645945199999999,5.706453928571428,4.461373478571429,6.1248884,45.98600485714286,0,7.629394499999892e-06,15,1.0318030848985302,0,1
2019-12-31,5088.73,500.631,75.09464999999999,25.03155,23.426,Cairo,0.0,2.2671723,72.06578,51.153862,13.685577,3.2965393,1.3742142,0.15866852,0.10368408,27.120434,70.4547,12,0,0,4.3031970333333325,5.073311928571428,4.402420157142857,6.1248884,46.67208028571429,0,7.629394499999892e-06,16,1.236967857818237,0,1
2020-01-01,3610.38,264.576,39.6864,13.228800000000001,23.497,Cairo,0.0,2.1968243,139.83217,64.69617,14.527985,7.226715,1.3963699,-1.5492477,0.036151357,22.405952,36.789917,1,0,0,3.5296283333333327,4.376401028571428,4.268809478571429,6.1248884,49.23849885714286,0,7.629394499999892e-06,17,1.1472722023780848,0,1
2020-01-02,4932.74,470.395,70.55924999999999,23.519750000000002,23.56,Cairo,0.0,3.810821,73.48035,42.005787,13.0961,0.276886,3.4900208,1.3811569,0.14278434,15.498686,39.31189,1,0,0,2.7582725333333324,3.8322898428571426,4.22942155,3.810821,48.54119342857143,0,7.629394499999892e-06,18,1.079127265679243,0,1
2020-01-03,4830.25,412.38,61.857,20.619,23.63,Cairo,0.0,6.134762,48.578262,49.82785,13.455597,2.2546692,4.7261734,3.7575836,0.1953074,19.324047,100.286804,1,0,0,4.047469099999999,4.0496307428571425,4.485189621428572,6.134762,49.276831571428566,0,0.0,19,0.881505418063548,0,1
2020-01-04,3027.77,201.9,30.285,10.095,23.704,Cairo,4.7683716e-07,6.131835,68.31116,55.63758,13.123932,4.377472,5.1142273,2.0380096,0.19763836,26.014044,142.92958,1,0,0,5.359139333333332,4.4548333428571425,4.732588714285714,6.134762,49.38081357142857,0,4.768371599998916e-07,20,0.9624850922167554,0,1
2020-01-05,5269.0,505.081,75.76215,25.254050000000003,23.785000000000004,Cairo,0.0,4.3093853,41.592087,50.952488,12.902496,2.591217,2.981575,2.9704056,0.079397224,15.972041,46.902893,1,0,0,5.525327433333332,4.425098328571429,4.846166735714285,6.134762,50.092116714285716,0,4.768371599998916e-07,21,1.022863054325009,0,1
2020-01-06,5011.02,456.239,68.43584999999999,22.81195,23.874,Cairo,0.0,6.5804043,25.026947,49.401237,13.448883,2.8044739,3.1398773,5.602295,0.08334323,15.077215,56.715996,1,0,0,5.673874866666665,4.490172028571428,5.098312978571428,6.5804043,51.95356771428571,0,4.768371599998916e-07,22,0.5397121287441939,0,1
2020-01-07,3816.77,281.967,42.295049999999996,14.09835,23.966,Cairo,0.0,6.8766036,50.42888,47.465828,13.273346,2.1944885,5.4629135,3.8958817,0.27829468,22.911678,131.93793,1,0,0,5.922131066666665,5.148662214285714,5.110987071428572,6.8766036,51.42670571428572,0,4.768371599998916e-07,23,0.5338283466723434,0,1
2020-01-08,5284.53,489.74300000000005,73.46145,24.487150000000003,24.064,Cairo,0.0,6.7764187,71.03583,48.77282,13.312164,2.5379944,6.310997,1.8274841,0.15573947,20.715155,120.466644,1,0,0,6.744475533333333,5.802889985714286,5.089645507142857,6.8766036,49.151941428571426,0,4.768371599998916e-07,24,0.20160653411755938,0,1
2020-01-09,2738.31,180.875,27.131249999999998,9.043750000000001,24.168,Cairo,3.4809113e-05,4.640568,74.29083,56.168,13.4930725,4.7848206,4.4345245,0.63435364,0.12528354,17.680666,94.772095,1,0,0,6.097863433333333,5.9214252714285704,4.8768575571428565,6.8766036,51.17511471428572,0,3.528595015999989e-05,25,0.21305361306493012,0,1
2020-01-10,2996.4100000000003,238.36,35.754,11.918000000000001,24.279,Cairo,1.001358e-05,4.6698833,117.02194,59.76979,13.550201,5.315216,2.8814926,-1.7965088,0.05967575,19.269913,68.558624,1,0,0,5.362289999999999,5.712156885714286,4.880893814285714,6.7764187,52.595391857142864,0,4.529953015999989e-05,26,0.22800184670747706,0,1
2020-01-11,4806.4400000000005,442.573,66.38595,22.12865,24.395,Cairo,0.0,1.5193446,100.38173,66.3082,13.271149,6.1738586,1.4948273,-0.24770355,0.0058545577,17.865147,28.557205,1,0,0,3.609931966666666,5.053229685714285,4.754031514285714,4.6698833,54.119766142857145,0,4.482269299999989e-05,27,0.21543488908218061,0,1
2020-01-12,3571.21,273.586,41.0379,13.679300000000001,24.516,Cairo,0.0,1.6750202,212.22221,54.931274,15.272003,5.847931,0.9610214,0.48120117,0.03115384,24.043766,47.278152,1,0,0,2.6214160333333325,4.676891814285715,4.550995071428572,4.6698833,54.68816414285714,0,4.482269299999989e-05,28,0.7193447103053738,0,1
2020-01-13,4713.86,439.251,65.88765,21.96255,24.644,Cairo,0.0,2.0263615,213.69783,55.7984,14.556305,4.6212463,-0.92113495,-1.5038986,0.05137846,21.864937,48.463192,1,0,0,1.740242099999999,4.026314271428571,4.25824315,2.0263615,55.60204457142857,0,4.482269299999989e-05,29,0.7840149360171499,0,1
2020-01-14,2482.45,161.85777777777778,24.278666666666666,8.09288888888889,24.9,Cairo,0.0,3.349879,228.00912,55.660538,15.864777,6.507721,-2.5699692,-2.1150436,0.03747481,27.783237,51.2781,1,0,0,2.3504202333333324,3.5224964714285716,4.335579342857143,3.349879,56.77271742857143,0,4.482269299999989e-05,30,1.0503734660283897,0,1
2020-01-15,3161.37,252.365,37.85475,12.618250000000002,24.915,Cairo,0.0,4.6271024,242.88315,58.111435,18.245392,8.549103,-4.133148,-2.0028534,0.06206881,17.76543,46.582985,1,0,0,3.334447633333332,3.2154512857142854,4.509170635714286,4.6271024,58.10680528571429,0,4.482269299999989e-05,31,1.7716844981939956,0,1
2020-01-16,5139.24,482.326,72.3489,24.116300000000003,25.058,Cairo,0.0,5.06606,180.05092,49.586815,16.875153,6.1141663,1.4356308,3.2246475,0.15125245,18.372864,58.74552,1,0,0,4.347680466666666,3.276235857142857,4.598830564285714,5.06606,57.166636,0,1.0013579999999892e-05,32,1.7872897006273822,0,1
2020-01-17,2232.04,97.106,14.5659,4.8553,25.209,Cairo,2.002716e-05,6.3046465,59.75061,60.7032,15.520294,7.938263,4.5521317,1.7080765,0.15472758,21.481642,104.256256,1,0,0,5.3326029666666654,3.509773457142857,4.610965171428572,6.3046465,57.29998028571429,0,2.0027159999999892e-05,33,1.5967446877796116,0,1
2020-01-18,1661.11,77.86800000000001,11.680200000000001,3.8934000000000006,25.362,Cairo,1.5735626e-05,3.9672554,77.55766,67.04574,14.95108,8.628204,3.703247,0.43070984,0.05448451,12.877024,50.60299,1,0,0,5.112653966666666,3.859475,4.4563523428571425,6.3046465,57.40534314285714,0,3.5762785999999896e-05,34,1.271319382830167,0,1
2020-01-19,2870.91,207.272,31.090799999999998,10.3636,25.52,Cairo,8.9645386e-05,3.7789855,71.23262,63.37922,14.65152,7.5085754,3.5527496,1.0531845,0.0712898,15.13138,61.39106,1,0,0,4.683629133333333,4.160041471428571,4.418466642857143,6.3046465,58.612192571428565,0,0.00012540817199999988,35,1.3419004890188455,0,1
2020-01-20,3232.25,229.351,34.40265,11.467550000000001,25.685,Cairo,3.194809e-05,3.7099342,93.92107,55.341297,15.03775,5.9895325,2.808426,-1.2847824,0.042096965,15.177443,44.205467,1,0,0,3.8187250333333327,4.400551857142857,4.213433064285715,3.9672554,58.54689214285714,0,0.0001573562619999999,36,1.2777872381827042,0,1
2020-01-21,3470.19,226.7363636363636,34.010454545454536,11.336818181818181,23.655454545454543,Cairo,0.0,5.109248,144.74052,44.038483,14.889069,2.205719,2.6629944,-4.2603226,0.015485513,13.048744,34.7902,1,0,0,4.199389233333332,4.651890285714286,4.0871933785714285,5.109248,56.88659857142857,0,0.0001573562619999999,37,1.3315555240327095,0,1
2020-01-22,4563.12,330.9836363636364,49.64754545454546,16.549181818181818,23.83090909090909,Cairo,9.536743e-06,3.571166,137.28604,56.15748,13.1250305,4.066681,2.368576,-2.6632767,0.013198254,12.858889,26.59635,1,0,0,4.130116066666665,4.501042228571429,3.8582467571428576,5.109248,56.60746214285714,0,0.0001668930049999999,38,1.1135245698549057,0,1
2020-01-23,3573.28,227.81272727272727,34.17190909090909,11.390636363636364,24.007272727272724,Cairo,0.0,3.0061066,57.923553,55.764015,12.875519,3.9177551,2.2902374,0.69355774,0.024720944,19.23848,42.139862,1,0,0,3.895506866666666,4.206763171428571,3.7414995142857146,5.109248,57.489919285714286,0,0.0001668930049999999,39,1.017232019298721,0,1
2020-01-24,3567.04,210.81545454545457,31.622318181818184,10.54077272727273,24.19454545454545,Cairo,0.0,4.660075,115.928055,45.951874,15.015045,3.0986633,2.2438126,-1.9356918,0.019361332,15.023182,40.08106,1,0,0,3.745782533333332,3.9718243857142856,3.7407989214285715,4.660075,55.382586999999994,0,0.0001468658449999999,40,0.9426422634640522,0,1
2020-01-25,5515.47,496.1627272727273,74.4244090909091,24.808136363636365,24.38181818181818,Cairo,0.0,2.8402927,190.3332,49.235935,12.035187,0.7036438,-0.6647339,-2.6782532,0.019667102,14.037178,30.476881,1,0,0,3.502158099999999,3.8108297142857137,3.8351523571428574,4.660075,52.83832914285714,0,0.00013113021899999988,41,1.237809385761501,0,1
2020-01-26,5571.860000000001,496.2790909090909,74.44186363636364,24.813954545454546,24.572727272727278,Cairo,0.0,2.9002662,241.47604,45.979755,13.28067,1.0074768,-2.2979736,-1.5609207,0.02633226,19.65943,42.792763,1,0,0,3.4668779666666656,3.685298385714286,3.922669928571428,4.660075,50.352691285714286,0,4.1484832999999895e-05,42,1.2160225805780542,0,1
2020-01-27,5068.5,425.5072727272727,63.82609090909091,21.275363636363636,24.770000000000003,Cairo,0.0,2.8267016,238.71213,47.25617,14.550812,1.8629456,-2.4102936,-1.4742508,0.02133901,19.304035,36.959984,1,0,0,2.8557534999999987,3.5591222999999994,3.9798370785714283,2.9002662,49.19767314285714,0,9.536742999999892e-06,43,1.1418218826934736,0,1
2020-01-28,4690.93,359.3954545454545,53.90931818181818,17.969772727272726,24.97,Cairo,0.0,2.8937697,178.5058,55.62617,14.571442,5.3102417,1.2269897,-1.5296249,0.034392435,27.85495,46.744392,1,0,0,2.8735791666666657,3.2426254,3.947257842857143,2.9002662,50.85305699999999,0,9.536742999999892e-06,44,1.091022477492572,0,1
2020-01-29,4556.63,350.6463636363637,52.59695454545455,17.532318181818184,25.17727272727273,Cairo,0.0,2.8527334,104.293045,57.537247,14.6315,5.8177795,2.7601547,-0.71299744,0.025206568,17.492752,35.01452,1,0,0,2.857734899999999,3.1399921714285712,3.8205172,2.8937697,51.050166571428576,0,0.0,45,1.1215294188352365,0,1
2020-01-30,5200.04,453.3390909090909,68.00086363636363,22.666954545454544,25.383636363636366,Cairo,0.0,2.9591875,175.34381,57.069794,15.556183,5.9394836,0.94812775,-0.44701385,0.055218376,24.688366,52.86354,1,0,0,2.901896866666666,3.133289442857143,3.6700263071428574,2.9591875,51.23670642857142,0,0.0,46,1.1884203746063664,0,1
2020-01-31,4454.05,316.4290909090909,47.464363636363636,15.821454545454547,25.59636363636364,Cairo,1.4305115e-06,3.7169213,105.11099,51.507385,15.042023,4.9569397,1.9464569,-1.2254486,0.06182322,21.12399,45.40419,1,0,0,3.1762807333333325,2.9985532,3.485188792857143,3.7169213,52.03035085714286,0,1.4305114999998915e-06,47,1.1914138618295222,0,1
2020-02-01,4380.58,316.8854545454546,47.532818181818186,15.844272727272731,25.813636363636363,Cairo,0.0,2.6901846,179.58968,55.38077,13.993561,4.71109,0.8233719,-1.6259003,0.006296658,16.212894,28.289492,2,0,0,3.122097799999999,2.9771091857142857,3.39396945,3.7169213,52.90818442857143,0,1.4305114999998915e-06,48,0.7274682993252215,0,1
2020-02-02,5118.35,452.1945454545454,67.82918181818181,22.60972727272727,26.033636363636365,Cairo,0.0,2.0182667,186.67378,58.527077,15.13797,5.980255,-0.25896454,-1.9277267,0.012688821,27.957182,46.66497,2,0,0,2.808457533333332,2.851109257142857,3.268203821428571,3.7169213,54.700658999999995,0,1.4305114999998915e-06,49,0.5059219175442771,0,1
2020-02-03,4331.41,307.9145454545455,46.18718181818182,15.395727272727274,26.256363636363638,Cairo,0.0,2.78442,184.92877,59.055187,14.691925,6.0870667,-0.05495453,-2.7023163,0.0060042758,25.609306,40.69673,2,0,0,2.4976237666666656,2.845069028571429,3.2020956642857143,2.78442,56.38623285714285,0,1.4305114999998915e-06,50,0.4978587783508591,0,1
2020-02-04,3939.51,253.91545454545457,38.08731818181818,12.695772727272729,26.483636363636364,Cairo,0.0,2.6506007,185.1211,65.48013,15.479889,8.281769,1.0032043,-1.2411957,0.013981009,21.0654,37.974785,2,0,0,2.4844291333333324,2.8103306000000003,3.026478,2.78442,57.79394142857143,0,1.4305114999998915e-06,51,0.5435849802691284,0,1
2020-02-05,5166.26,425.5709090909091,63.83563636363636,21.278545454545455,26.713636363636365,Cairo,0.0,3.71862,187.67284,56.45303,16.39859,6.3089905,1.3895187,3.0958328,0.053607207,25.106964,52.81491,2,0,0,3.0512135666666658,2.9340286857142854,3.0370104285714286,3.71862,57.63905328571429,0,1.4305114999998915e-06,52,0.750870311038099,0,1
2020-02-06,5121.23,419.0009090909091,62.85013636363636,20.950045454545457,26.94818181818182,Cairo,0.0,5.4959826,34.344864,41.49916,18.426056,4.5018616,2.7277222,3.954979,0.25769404,21.97995,105.62303,2,0,0,3.955067766666666,3.2964279857142853,3.2148587142857146,5.4959826,55.414677,0,1.4305114999998915e-06,53,1.447336244270729,0,1
2020-02-07,4645.64,368.5854545454545,55.287818181818174,18.42927272727273,27.184545454545457,Cairo,0.0,4.667614,72.654816,37.795006,15.871979,1.0775452,4.5284653,0.9498596,0.29880154,16.141743,84.82886,2,0,0,4.627405533333332,3.4322412285714288,3.2153972142857143,5.4959826,53.455765714285725,0,0.0,54,1.4282876813882428,0,1
2020-02-08,2471.94,92.83,13.9245,4.6415,27.425454545454546,Cairo,2.7179718e-05,5.143133,107.81293,56.793274,14.219757,5.506134,4.583107,-1.7590485,0.07936296,14.153664,63.017944,2,0,0,5.102243199999999,3.7826624285714283,3.379885807142857,5.4959826,53.657551999999995,0,2.717971799999989e-05,55,1.3847652897518736,0,1
2020-02-09,3395.02,154.54545454545453,23.18181818181818,7.727272727272727,27.66818181818182,Cairo,0.0,4.031272,116.23071,55.7359,12.4617,2.5394592,3.0717545,-2.2404175,0.041398026,13.245041,41.778008,2,0,0,4.614006333333332,4.070234614285715,3.4606719357142857,5.143133,53.25881242857143,0,2.717971799999989e-05,56,1.8664743040078593,0,1
2020-02-10,1618.88,26.99272727272728,4.048909090909092,1.349636363636364,27.912727272727277,Cairo,0.0,3.9044743,137.93655,49.034996,12.842804,2.0451965,2.5039062,-2.9755936,0.01775683,12.651602,28.883251,2,0,0,4.359626433333332,4.230242371428571,3.5376556999999997,5.143133,51.827356571428574,0,2.717971799999989e-05,57,2.094422754908157,0,1
2020-02-11,2002.28,68.13090909090909,10.219636363636363,3.4065454545454545,28.16090909090909,Cairo,0.0,2.9000018,86.16603,56.46716,13.990509,5.2845764,2.892189,0.21166229,0.036896735,12.122114,35.19108,2,0,0,3.611916033333333,4.2658711,3.5381008499999997,4.031272,50.53978942857143,0,2.717971799999989e-05,58,2.1248423949708988,0,1
2020-02-12,5122.66,425.96,63.89399999999999,21.298000000000002,28.41454545454545,Cairo,0.0,3.4095647,204.09055,50.026295,15.54361,4.507477,1.4762268,2.7040634,0.097490475,17.022255,51.698715,2,0,0,3.404680266666666,4.221720342857143,3.5778745142857145,3.9044743,49.62168442857143,0,2.717971799999989e-05,59,2.04662817736043,0,1
2020-02-13,5315.72,466.9627272727273,70.0444090909091,23.348136363636367,28.667272727272724,Cairo,0.0,2.1544986,217.78636,47.82734,17.459991,5.5794983,0.8977585,1.3613129,0.098285615,26.330645,68.327576,2,0,0,2.8213550333333326,3.744365485714286,3.5203967357142854,3.4095647,50.525710142857136,0,2.717971799999989e-05,60,1.7728898940625222,0,1
2020-02-14,2802.59,130.09636363636366,19.514454545454548,6.504818181818184,28.92090909090909,Cairo,0.0,3.443954,238.75323,65.601875,17.40384,9.921295,-2.9370728,-1.793541,0.050615013,38.21799,75.89795,2,0,0,3.0026724333333323,3.5695569142857146,3.5008990714285715,3.443954,54.49811999999999,0,2.717971799999989e-05,61,2.028294849126971,0,1
2020-02-15,3910.7,279.4463636363636,41.916954545454544,13.972318181818181,29.179090909090903,Cairo,0.0,2.2285604,147.64244,72.04597,16.33133,10.19339,0.960495,-0.7004242,0.031055732,53.431797,89.54973,2,0,0,2.6090043333333326,3.1531894,3.4679259142857144,3.443954,56.67707657142858,0,0.0,62,2.0760866493099743,0,1
2020-02-16,3936.09,219.9818181818182,32.99727272727273,10.99909090909091,29.44272727272727,Cairo,1.335144e-05,2.8170152,207.10927,67.93546,16.27298,9.631989,0.9886017,-0.969162,0.06684069,35.807068,59.660107,2,0,0,2.829843199999999,2.979724142857143,3.524979378571429,3.443954,58.41987085714286,0,1.3351439999999892e-05,63,1.7242137276090366,0,1
2020-02-17,4382.78,288.9472727272727,43.342090909090906,14.447363636363637,29.703636363636363,Cairo,1.1444092e-05,3.077835,183.56787,66.92668,16.522003,9.451202,-0.32352448,-2.97052,0.052359693,22.127882,48.343925,2,0,0,2.707803533333333,2.861632814285714,3.545937592857143,3.077835,60.97582571428571,0,2.479553199999989e-05,64,1.1883854635000424,0,1
2020-02-18,3782.71,259.92454545454547,38.98868181818182,12.996227272727275,29.969090909090905,Cairo,4.7683716e-07,2.7791986,164.35052,64.1946,15.854889,8.3697815,0.8673706,-2.224083,0.041798066,23.545862,46.299873,2,0,0,2.8913495999999994,2.8443752142857144,3.5551231571428574,3.077835,62.079745714285714,0,2.527236915999989e-05,65,0.7243456585485865,0,1
2020-02-19,3784.31,239.91181818181812,35.986772727272715,11.995590909090907,30.235454545454544,Cairo,2.5749207e-05,3.8273869,133.05753,62.95748,15.434113,7.419586,2.8571625,-2.5429382,0.04201255,17.876637,41.173676,2,0,0,3.228140166666666,2.9040641,3.5628922214285716,3.8273869,63.927057857142856,0,5.102157615999989e-05,66,0.7488097751520939,0,1
2020-02-20,5151.74,408.8009090909091,61.320136363636365,20.440045454545455,30.505454545454544,Cairo,0.0,3.2095733,92.14789,63.84839,15.724762,7.4598694,3.18647,-0.005088806,0.019605286,16.301493,35.545753,2,0,0,3.2720529333333324,3.0547890571428566,3.3995772714285715,3.8273869,66.21577928571428,0,5.102157615999989e-05,67,0.6460220727400512,0,1
2020-02-21,4467.5,307.8027272727273,46.17040909090909,15.390136363636366,30.775454545454547,Cairo,0.0,5.370862,44.143677,49.22106,16.292145,4.7795715,4.0387115,2.3684387,0.18984331,15.829086,76.52241,2,0,0,4.1359407333333325,3.3300616285714284,3.4498092714285713,5.370862,63.875662857142856,0,5.102157615999989e-05,68,0.394226406704423,0,1
2020-02-22,2205.68,121.7081818181818,18.25622727272727,6.08540909090909,31.045454545454547,Cairo,0.0,2.926221,91.311066,59.794746,14.683014,6.2190247,2.9106174,-0.13434601,0.016688664,13.069431,29.751183,2,0,0,3.8355520999999992,3.4297274285714288,3.291458414285714,5.370862,62.125488000000004,0,5.102157615999989e-05,69,0.6288319943077055,0,1
2020-02-23,1630.51,32.486363636363635,4.872954545454545,1.6243181818181818,31.320909090909087,Cairo,2.4318695e-05,1.6707842,117.29317,52.582916,15.75943,5.5160217,0.9049454,-0.009994507,0.028892308,19.47582,36.690823,2,0,0,3.322622399999999,3.2659801428571424,3.1228521428571425,5.370862,59.93226742857143,0,6.198883115999989e-05,70,0.5971909162373795,0,1
2020-02-24,2783.51,191.81181818181813,28.77177272727272,9.590590909090906,31.594545454545457,Cairo,0.0007534027,2.32627,192.03247,64.71153,12.557526,5.637726,-0.12587738,-1.998085,0.06074086,24.218994,44.74025,2,0,0,2.3077583999999995,3.1586137142857145,3.0101232642857143,2.926221,59.61581742857142,0,0.00080394743916,0,1.2591984294922038,0,1
2020-02-25,3698.4,182.6027272727273,27.390409090909092,9.130136363636366,31.87,Cairo,0.0,3.9300995,109.859406,72.42185,14.244904,8.650787,3.6294174,-1.4369812,0.029876878,15.609872,37.816,2,0,0,2.642384566666666,3.323028128571429,3.0837016714285714,3.9300995,60.791138857142855,0,0.000803470602,1,1.2638053990002103,0,1
2020-02-26,5592.82,484.6281818181818,72.69422727272728,24.231409090909093,32.14818181818182,Cairo,0.0,1.9130423,196.01712,66.36438,15.899567,8.747345,0.7367325,1.5251083,0.02949852,21.24019,51.731388,2,0,0,2.7231372666666664,3.0495503285714283,2.976807214285714,3.9300995,61.27783885714286,0,0.000777721395,2,1.3047019888879128,0,1
2020-02-27,4571.66,343.7236363636364,51.55854545454546,17.18618181818182,32.42636363636364,Cairo,0.0,2.235048,188.45357,54.896675,18.505646,8.005646,0.020805359,1.6751022,0.02313109,30.225344,51.7727,2,0,0,2.6927299333333323,2.9103324285714285,2.982560742857143,3.9300995,59.99902242857143,0,0.000777721395,3,1.8594264811643608,0,1
2020-02-28,5474.46,479.9927272727273,71.9989090909091,23.999636363636366,32.70545454545454,Cairo,0.0,2.429943,221.14682,49.159885,19.88028,6.742096,1.252327,0.56020355,0.02724939,39.86254,65.03673,2,0,0,2.192677766666666,2.490201142857143,2.9101313857142856,2.429943,59.990283142857145,0,0.000777721395,4,2.5178274008542316,0,1
2020-02-29,4366.75,254.57181818181817,38.18577272727273,12.72859090909091,32.70545454545454,Cairo,0.0,4.0444093,115.31947,63.969944,16.950958,8.656891,3.697136,-1.226654,0.09043077,10.497894,40.70111,2,0,0,2.9031334333333327,2.649942328571428,3.0398348785714284,4.0444093,60.58674,0,0.000777721395,5,2.4757529788580173,0,1
2020-03-01,5369.22,453.7827272727272,68.06740909090908,22.68913636363636,32.98545454545455,Cairo,0.0,2.8003318,131.68063,57.010437,16.81192,7.3367004,2.115631,-1.7920532,0.015319912,14.171593,32.833252,3,1,1,3.091561366666666,2.8113062714285713,3.038643207142857,4.0444093,61.219243000000006,0,0.0007534026999999999,6,2.4724628908536967,0,1
2020-03-02,5932.58,536.6545454545454,80.4981818181818,26.832727272727272,33.267272727272726,Cairo,0.0,2.3196676,205.469,58.168163,15.557404,6.483429,-0.9115524,-2.0790787,0.015944578,27.299772,44.49971,3,1,1,3.054802899999999,2.8103630714285712,2.9844883928571426,4.0444093,60.284476285714284,0,0.0,7,1.8839075702075319,0,1
2020-03-03,5601.69,465.80909090909086,69.87136363636363,23.290454545454544,33.550909090909094,Cairo,0.0,3.6743207,234.83795,52.270798,18.00943,6.3074646,-2.9710999,-2.1526642,0.01915723,15.011202,33.67994,3,1,1,2.931440033333333,2.773823242857143,3.0484256857142853,3.6743207,57.405754571428574,0,0.0,8,1.523958903398383,0,1
2020-03-04,5865.85,545.2327272727272,81.78490909090907,27.26163636363636,33.83272727272727,Cairo,0.0,2.484292,153.99866,56.794483,18.802277,7.4888,0.49043274,-0.059379578,0.03641521,31.47107,56.591805,3,1,1,2.8260934333333325,2.855430342857143,2.952490335714286,3.6743207,56.038626428571426,0,0.0,9,1.4491014414018366,0,1
2020-03-05,5753.2,508.71181818181816,76.30677272727272,25.43559090909091,34.11545454545455,Cairo,0.0,3.8364382,220.37927,31.067078,21.503448,3.0713196,1.671196,1.3740158,0.10552207,30.140217,68.83659,3,1,1,3.331683633333333,3.0842003714285715,2.9972664,3.8364382,52.63439828571428,0,0.0,10,2.0249871103452874,0,1
2020-03-06,4402.01,240.13,36.0195,12.0065,34.39636363636364,Cairo,0.00036382675,4.6573095,104.21858,50.936188,17.649567,7.020172,4.512192,-1.1152878,0.3734078,15.923106,95.628876,3,1,1,3.6593465666666662,3.4023955857142854,2.946298364285714,4.6573095,52.888155857142856,0,0.0003638267499999999,0,1.8905887788149904,0,1
2020-03-07,5363.030000000001,440.4627272727273,66.06940909090909,22.023136363636368,34.68181818181818,Cairo,0.0,2.0175104,194.59619,61.025436,17.785309,8.941315,-0.44501495,-1.704216,0.046377674,20.213846,39.78096,3,1,1,3.5037526999999997,3.1128386,2.8813904642857144,4.6573095,52.46751185714286,0,0.0003638267499999999,1,1.8467338252943077,0,1
2020-03-08,6008.400000000001,544.7900000000001,81.7185,27.239500000000007,34.96363636363637,Cairo,0.0,3.8528483,242.62572,50.57984,20.007477,7.6942444,-3.4302979,-1.7413864,0.058948837,11.67017,32.598095,3,1,1,3.5092227333333326,3.2631981000000003,3.037252185714286,4.6573095,51.548855142857136,0,0.0003638267499999999,2,1.8935510686626191,0,1
2020-03-09,5797.75,520.3336363636364,78.05004545454545,26.016681818181823,35.24818181818182,Cairo,0.0,4.4050756,159.78699,39.14886,21.92044,3.893097,0.94784546,3.067749,0.104404375,23.107466,53.36226,3,1,1,3.4251447666666657,3.5611135285714286,3.1857383,4.4050756,48.83181185714285,0,0.0003638267499999999,3,1.7844799387945285,0,1
2020-03-10,5328.8,439.990909090909,65.99863636363635,21.99954545454545,35.53090909090909,Cairo,0.0,2.8419824,182.22766,50.710552,18.09134,6.4792786,-0.40960693,-2.574356,0.057977237,13.503296,27.073061,3,1,1,3.6999687666666663,3.442208057142857,3.10801565,4.4050756,48.608919571428565,0,0.0003638267499999999,4,1.7742141868052674,0,1
2020-03-11,5178.78,377.9172727272728,56.68759090909092,18.89586363636364,35.81636363636363,Cairo,0.0,5.7988214,228.44075,61.095695,18.926544,10.572174,-4.3511047,-3.832016,0.20710218,14.093974,57.299118,3,1,1,4.348626466666666,3.9157122571428573,3.3855713,5.7988214,49.22337842857143,0,0.0003638267499999999,5,1.7679141607229119,0,1
2020-03-12,678.93,6.755454545454546,1.0133181818181818,0.33777272727272734,36.09818181818181,Cairo,0.0015559196,4.74559,207.25333,91.4557,16.493805,15.059723,-2.145218,-3.9844742,0.80500084,22.656197,70.74028,3,1,1,4.462131266666666,4.045591085714285,3.564895728571429,5.7988214,57.850324428571426,1,0.0019197463499999999,0,1.793961702750593,0,1
2020-03-13,1277.79,17.87090909090909,2.6806363636363635,0.8935454545454546,36.38181818181818,Cairo,0.00025463104,6.730337,56.83716,89.46057,15.573639,13.792755,4.962387,3.408348,0.24168941,29.609428,152.83296,3,1,1,5.758249466666666,4.341737871428571,3.8720667285714288,6.730337,63.35380757142857,1,0.0018105506399999998,0,2.135015233583085,0,1
2020-03-14,3518.73,181.24818181818185,27.187227272727277,9.062409090909092,36.664545454545454,Cairo,0.00011205673,4.264972,104.94606,79.319725,18.853302,14.824738,4.0691986,-0.7748947,0.11711685,28.982811,91.95249,3,1,1,5.246966333333332,4.662803814285715,3.8878212071428573,6.730337,65.96727742857142,0,0.0019226073699999998,0,2.121904610150673,0,1
2020-03-15,5409.51,446.9836363636363,67.04754545454544,22.34918181818182,36.94636363636364,Cairo,0.0,1.7236009,157.00446,72.70718,19.977692,14.148956,0.7516861,-0.066459656,0.060574546,32.352226,62.59958,3,1,1,4.239636633333333,4.358625614285714,3.8109118571428575,6.730337,69.128326,0,0.0019226073699999998,1,2.1185275691936796,0,1
2020-03-16,5766.51,534.3490909090909,80.15236363636363,26.717454545454547,37.22818181818182,Cairo,0.0,1.5691613,208.95464,61.427032,21.038239,12.476959,1.0278702,-0.3963623,0.033143498,33.129326,63.519806,3,1,1,2.5192447333333328,3.9534949999999998,3.757304264285714,4.264972,72.31092199999999,0,0.0019226073699999998,2,1.8993815880487763,0,1
2020-03-17,4082.78,220.9209090909091,33.13813636363636,11.046045454545457,37.50909090909091,Cairo,0.0,5.0537305,131.16692,66.76865,16.383453,9.37735,4.212715,-1.8236084,0.13249928,16.059258,73.48501,3,1,1,2.782164233333333,4.269459014285714,3.855833535714286,5.0537305,74.604936,0,0.0019226073699999998,3,2.052470756177574,0,1
2020-03-18,4957.75,287.19545454545454,43.07931818181818,14.359772727272727,37.78909090909091,Cairo,0.0,4.598894,113.94295,52.582474,15.311676,5.4079895,4.217743,-1.8292618,0.09229988,14.623098,62.01821,3,1,1,3.7405952666666664,4.0980408142857145,4.0068765357142855,5.0537305,73.38876157142856,0,0.0019226073699999998,4,2.275421409763454,0,1
2020-03-19,5348.17,365.2463636363637,54.786954545454556,18.262318181818184,38.06818181818182,Cairo,0.0,4.580371,86.90518,57.55561,15.823517,6.571167,4.3594513,-0.43857574,0.1301674,12.164183,49.735744,3,1,1,4.744331833333333,4.0744381,4.060014592857143,5.0537305,68.54589157142858,0,0.0003666877699999998,5,2.345776056581866,0,1
2020-03-20,3412.14,169.01363636363638,25.352045454545458,8.450681818181819,38.346363636363634,Cairo,0.00013065338,4.6673656,88.71622,57.4404,13.6562805,5.1125793,4.49749,-0.6477814,0.11441517,14.737484,65.46285,3,1,1,4.615543533333333,3.7797279,4.060732885714286,4.6673656,63.971581571428565,0,0.00024271010999999976,0,2.7020656140476076,0,1
2020-03-21,5028.53,323.1925,48.478874999999995,16.159625000000002,35.52916666666667,Cairo,0.0,3.560183,123.084595,54.62988,14.706329,4.5554504,2.1327438,-2.1400452,0.031594638,15.051882,36.2429,3,1,1,4.269306533333333,3.679043757142857,4.170923785714286,4.6673656,60.44446085714286,0,0.00013065337999999978,1,2.7567614384018455,0,1
2020-03-22,6183.12,536.3874999999999,80.45812499999998,26.819374999999997,35.80416666666667,Cairo,0.0,1.6484662,276.18283,56.05481,14.936188,4.369293,-1.6378326,0.18043518,0.03782065,26.220436,39.778408,3,1,1,3.2920049333333328,3.6683102285714284,4.013467921428572,4.6673656,58.06555085714286,0,0.00013065337999999978,2,2.3920406546813595,0,1
2020-03-23,5273.7,344.74916666666667,51.712375,17.237458333333333,36.0775,Cairo,0.0,5.484273,173.01477,40.11826,20.431793,4.526001,0.9483185,4.6396103,0.41584536,25.493874,96.228966,3,1,1,3.5643073999999992,4.2276119,4.09055345,5.484273,55.02144057142857,0,0.00013065337999999978,3,2.179852535735498,0,1
2020-03-24,5753.33,461.8875,69.283125,23.094375,36.35166666666667,Cairo,0.0,3.041606,103.086334,43.085262,20.987213,7.4725647,2.881897,-0.8251724,0.32298392,35.71476,118.00202,3,1,1,3.3914483999999994,3.940165542857143,4.104812278571428,5.484273,51.63809942857143,0,0.00013065337999999978,4,2.9210592590712294,0,1
2020-03-25,5472.35,400.0991666666666,60.01487499999998,20.00495833333333,36.6225,Cairo,0.0,2.7314847,207.72989,61.729767,18.747467,9.960602,-1.2848511,-2.4084854,0.18912119,30.374672,74.196304,3,1,1,3.752454566666666,3.6733927857142854,3.8857168,5.484273,52.94485557142857,0,0.00013065337999999978,5,2.9665248063014866,0,1
2020-03-26,2282.08,115.755,17.363249999999997,5.78775,36.891666666666666,Cairo,0.0,1.9442718,296.17236,55.556602,20.879913,10.702301,-1.3474121,0.079460144,0.3860938,18.668964,54.03493,3,1,1,2.5724541666666663,3.296807185714286,3.6856226428571426,3.041606,52.659283,0,0.00013065337999999978,6,3.2249437645459818,0,1
2020-03-27,5295.74,369.965,55.494749999999996,18.49825,37.16333333333333,Cairo,6.198883e-06,4.5747185,190.119,46.772865,23.336578,10.832794,-0.5450821,-3.808876,0.49410146,36.571896,120.60417,3,1,1,3.083491666666666,3.2835718857142857,3.5316498928571427,4.5747185,51.13534942857143,0,6.198882999999783e-06,7,3.245580320489551,0,1
2020-03-28,5360.389999999999,390.6116666666667,58.59175,19.530583333333336,37.4275,Cairo,0.0,3.1070778,134.02766,58.7276,19.275665,9.545319,2.2484512,-1.9807663,0.18884104,17.616173,43.6334,3,1,1,3.208689366666666,3.2188425714285716,3.4489431642857142,4.5747185,51.720738,0,6.198882999999783e-06,8,2.598770522827037,0,1
2020-03-29,6012.98,506.1041666666667,75.915625,25.305208333333336,37.69416666666667,Cairo,0.0,2.1313577,178.23189,47.255966,19.757965,5.7447815,1.3867111,0.4025879,0.13553402,16.635159,54.74601,3,1,1,3.271051333333333,3.287827071428571,3.47806865,4.5747185,50.46376028571428,0,6.198882999999783e-06,9,1.502915366601692,0,1
2020-03-30,5654.89,458.5108333333333,68.776625,22.925541666666668,37.95916666666667,Cairo,0.0,4.228515,188.24864,32.210857,22.84964,4.388092,0.93504333,3.9719467,0.28997058,19.547676,56.283386,3,1,1,3.1556501666666663,3.1084330714285713,3.668022485714286,4.228515,49.33413128571429,0,6.198882999999783e-06,10,1.7460030988261754,0,1
2020-03-31,5583.9400000000005,431.1025,64.665375,21.555125000000004,38.220000000000006,Cairo,0.0,7.002159,212.25233,22.777077,26.131989,3.2010803,3.487999,4.4472733,0.57729286,23.145159,142.51315,3,1,1,4.454010566666667,3.674226357142857,3.80719595,7.002159,46.432961999999996,0,6.198882999999783e-06,11,2.663342509031062,0,1
2020-04-01,5078.4800000000005,309.6275,46.444125,15.481375,38.48,Cairo,0.0,3.1333961,92.482574,49.364105,20.562164,8.805817,3.1245728,-0.14858246,0.11108138,15.001519,46.400677,4,1,1,4.788023366666666,3.731642271428572,3.7025175285714282,7.002159,44.66643885714286,0,6.198882999999783e-06,12,2.420211600738366,0,1
2020-04-02,5726.6,462.76416666666665,69.414625,23.138208333333335,38.73916666666667,Cairo,0.0,2.6703444,198.02196,50.370903,20.556427,8.304108,0.20526123,-1.336998,0.08017151,22.221737,41.70878,4,1,1,4.268633166666667,3.8353669285714287,3.5660870571428567,7.002159,43.92562471428572,0,6.198882999999783e-06,13,2.4442937720242366,0,1
2020-04-03,5696.89,462.925,69.43875,23.146250000000002,38.995,Cairo,0.0,2.4194098,256.7995,45.470333,21.983673,7.414337,-2.3440933,-0.55522156,0.11418107,28.741531,57.88598,4,1,1,2.7410500999999994,3.5274656857142856,3.405518785714286,3.1333961,43.73954871428572,0,0.0,14,2.3526060698709994,0,1
2020-04-04,5689.92,465.2341666666667,69.785125,23.261708333333335,39.25,Cairo,0.0,4.435174,309.70645,30.548862,26.473663,4.5309143,-2.392395,2.0240173,0.14790261,13.609451,55.537857,4,1,1,3.174976066666666,3.717193714285714,3.468018142857143,4.435174,39.71401471428572,0,0.0,15,2.7180450419865183,0,1
2020-04-05,3619.57,115.37166666666668,17.305750000000003,5.768583333333335,39.50083333333333,Cairo,0.0,5.2518144,229.22314,24.001179,26.672516,4.2831116,1.6470718,2.3410873,0.52629226,26.48877,120.92253,4,1,1,4.0354660666666655,4.162973242857143,3.725400157142857,5.2518144,36.39190228571429,0,0.0,16,2.762138965378898,0,1
2020-04-06,5278.76,369.52833333333336,55.42925,18.47641666666667,39.75,Cairo,0.0,3.0614629,185.6239,55.393486,21.11795,10.448273,-0.0870285,-2.8691864,0.2101658,15.112465,42.92897,4,1,1,4.249483766666666,3.996251514285714,3.5523422928571433,5.2518144,39.70370642857143,0,0.0,17,2.9143463487844063,0,1
2020-04-07,5891.02,472.8325,70.924875,23.641625,39.998333333333335,Cairo,0.0,3.4315362,172.00879,49.18342,20.074005,7.713043,0.5633087,-3.0222702,0.075873114,20.354374,40.21139,4,1,1,3.9149378333333327,3.486162542857143,3.58019445,5.2518144,43.47604114285714,0,0.0,18,2.8517296448826963,0,1
2020-04-08,5405.15,385.5075,57.826125,19.275375,40.245,Cairo,0.0,2.5195804,191.87146,53.151424,19.256989,8.128571,0.5818558,-1.2507172,0.04857116,18.229767,36.02751,4,1,1,3.0041931666666657,3.3984745857142857,3.5650584285714286,3.4315362,44.01708671428571,0,0.0,19,3.035635662060034,0,1
2020-04-09,4111.28,198.38333333333333,29.757499999999997,9.919166666666667,40.485,Cairo,0.0,3.8033676,164.61923,55.369663,19.127228,8.826691,2.1270676,-0.91461945,0.091192305,14.521374,41.828342,4,1,1,3.251494733333333,3.560335042857143,3.6978509857142856,3.8033676,44.731195285714286,0,0.0,20,3.215574605139309,0,1
2020-04-10,5095.31,279.30833333333334,41.89625,13.965416666666668,40.7275,Cairo,0.0,3.4529972,104.61722,52.732018,18.292755,7.0610657,3.358368,-0.38830566,0.109705955,14.562174,48.977768,4,1,1,3.2586484,3.7079903857142855,3.617728035714286,3.8033676,45.76857885714286,0,0.0,21,3.5256519554548866,0,1
2020-04-11,5626.83,414.7091666666667,62.206375,20.735458333333337,40.96416666666666,Cairo,0.0,2.1762803,124.527954,56.04919,18.324615,8.36673,1.7539597,-1.2547073,0.07182579,16.88208,30.754358,4,1,1,3.144215033333333,3.3852912857142856,3.5512425000000003,3.8033676,49.41148285714285,0,0.0,22,2.9337031669668208,0,1
2020-04-12,5603.67,400.2076923076923,60.03115384615384,20.010384615384616,38.14846153846154,Cairo,0.0,2.7153108,192.01353,56.07,19.79654,8.950592,-0.4280243,-2.59227,0.016911712,24.454353,40.703117,4,1,1,2.7815294333333327,3.0229336285714288,3.5929534357142856,3.4529972,53.992743000000004,0,0.0,23,1.0029139558667912,0,1
2020-04-13,5943.7,454.7653846153846,68.21480769230769,22.738269230769234,38.37307692307692,Cairo,0.0,3.0151215,202.19156,49.971012,19.753815,6.2219543,-1.0741882,-2.7623901,0.018683305,23.007113,39.728794,4,1,1,2.6355708666666664,3.016313428571429,3.506282471428571,3.0151215,53.21810385714286,0,0.0,24,0.7091189973788485,0,1
2020-04-14,5752.11,416.38,62.456999999999994,20.819000000000003,38.59384615384616,Cairo,0.0,3.6968026,193.82643,52.010895,20.984894,8.245636,-1.0530472,-3.5015793,0.027902119,16.222437,34.380943,4,1,1,3.142411633333333,3.0542086285714283,3.270185585714285,3.6968026,53.62202885714286,0,0.0,25,0.936458354869686,0,1
2020-04-15,5556.24,412.5338461538461,61.88007692307691,20.62669230769231,38.81230769230769,Cairo,0.0,2.2735705,208.90637,52.040977,22.161774,9.906189,-1.102684,-1.9852676,0.10778374,23.371635,57.047817,4,1,1,2.995164866666666,3.019064357142857,3.2087694714285715,3.6968026,53.463393571428576,0,0.0,26,1.407224359095715,0,1
2020-04-16,5615.06,391.5692307692308,58.73538461538462,19.57846153846154,39.02769230769231,Cairo,0.0,3.935948,125.32007,38.59297,23.707062,8.773773,3.445488,-1.7282257,0.20495495,30.585304,86.29251,4,1,1,3.3021070333333324,3.0380044142857145,3.2991697285714285,3.935948,51.06672314285714,0,0.0,27,1.9960387879890902,0,1
2020-04-17,4715.62,219.2723076923077,32.890846153846155,10.963615384615386,39.2423076923077,Cairo,0.0,4.57489,151.80916,53.331444,21.548126,10.250519,1.4604263,-3.9042053,0.048546158,15.35162,43.72471,4,1,1,3.5948028333333326,3.198274814285714,3.4531326,4.57489,51.152355428571425,0,0.0,28,1.7824533751218428,0,1
2020-04-18,5504.57,383.4815384615385,57.522230769230774,19.174076923076925,39.45307692307692,Cairo,0.0,3.5927415,198.11124,57.062897,21.981232,11.743195,-1.391182,-3.2135773,0.10235195,18.70477,42.78749,4,1,1,4.034526499999999,3.400626414285714,3.39295885,4.57489,51.297170714285706,0,0.0,29,1.3972225308115698,0,1
2020-04-19,5805.67,432.8723076923077,64.93084615384615,21.643615384615387,39.66,Cairo,0.0,4.76581,208.03888,56.4014,22.515656,11.65213,-2.3543167,-4.1088333,0.29663512,8.993275,32.71133,4,1,1,4.311147166666665,3.6935548714285713,3.35824425,4.76581,51.34451357142857,0,0.0,30,1.2401002089158624,0,1
2020-04-20,5651.66,411.1553846153847,61.6733076923077,20.55776923076924,39.86538461538461,Cairo,0.0,3.5315838,201.29147,50.015244,22.671906,10.396271,-1.3347168,-3.2466278,0.15038614,13.365065,33.325897,4,1,1,3.9633784333333324,3.7673352,3.391824314285714,4.76581,51.35083242857143,0,0.0,31,0.8698805109336137,0,1
2020-04-21,5434.94,433.4761538461538,65.02142307692307,21.67380769230769,40.068461538461534,Cairo,0.0,1.587694,292.73438,39.26168,25.450226,8.689117,-1.2411346,-0.54024506,0.12843135,20.137814,47.417694,4,1,1,3.2950292666666665,3.4660339714285717,3.2601213,4.76581,49.529516,0,0.0,32,1.3267420343129719,0,1
2020-04-22,5639.78,419.3315384615385,62.89973076923077,20.96657692307693,40.26615384615385,Cairo,0.0,4.923168,209.67064,26.651787,27.973785,6.171173,2.9306183,1.4654617,0.34987682,29.065224,117.51846,4,1,1,3.347481933333333,3.8445479,3.4318061285714285,4.923168,45.90248885714286,0,0.0,33,2.286648416798916,0,1
2020-04-23,5669.24,447.49615384615385,67.12442307692308,22.374807692307694,40.46307692307692,Cairo,0.0,2.6273494,114.777725,58.32033,23.19278,12.196075,2.3543854,-1.0205612,0.06247786,17.708376,41.53901,4,1,1,3.0460704666666665,3.657605242857143,3.347804828571429,4.923168,48.72068314285714,0,0.0,34,2.2943540357565415,0,1
2020-04-24,4895.22,262.2307692307692,39.33461538461538,13.111538461538462,40.65538461538461,Cairo,0.0,6.5951834,170.14618,43.293945,25.79837,8.109772,2.764534,-0.6298065,0.6005171,33.05726,188.17575,4,1,1,4.7152335999999995,3.9462185857142855,3.5722467,6.5951834,47.28675471428571,0,0.0,35,2.2160016650712513,0,1
2020-04-25,4263.88,160.95538461538462,24.14330769230769,8.047769230769232,40.84615384615385,Cairo,3.8146973e-06,4.85621,126.18225,53.10385,20.854767,10.011383,4.000618,-2.5306244,0.13100034,12.3934765,59.994034,4,1,1,4.692914266666666,4.126714085714286,3.76367025,6.5951834,46.72117657142858,0,3.814697299999783e-06,36,2.4361706044641536,0,1
2020-04-26,5622.9,404.8330769230769,60.72496153846153,20.241653846153845,41.03384615384615,Cairo,0.0,2.6560504,116.90785,55.251427,20.68106,9.473541,2.4187698,-0.9388809,0.06648669,13.520538,29.302046,4,1,1,4.702481266666666,3.825319857142857,3.759437364285714,6.5951834,46.55689471428571,0,3.814697299999783e-06,37,2.7135656495609197,0,1
2020-04-27,4167.71,245.5392307692308,36.83088461538462,12.276961538461542,41.21846153846154,Cairo,0.0,1.9707022,246.48166,46.037964,23.034576,9.12796,-1.6410828,0.08607483,0.29006258,16.90725,46.937332,4,1,1,3.160987533333333,3.6023367714285714,3.684835985714286,4.85621,45.98871185714285,0,3.814697299999783e-06,38,2.691738806819297,0,1
2020-04-28,5660.13,437.37461538461537,65.6061923076923,21.86873076923077,41.399230769230776,Cairo,0.0,4.409161,200.76926,42.289738,24.987213,10.123444,-1.3884964,-3.5463638,0.20792861,16.333519,39.619663,4,1,1,3.011971199999999,4.005403485714285,3.7357187285714284,4.409161,46.42129157142857,0,3.814697299999783e-06,39,2.6513944714607884,0,1
2020-04-29,5760.1,438.2161538461538,65.73242307692307,21.910807692307692,41.57692307692308,Cairo,0.0,3.247239,172.98117,51.77503,21.455597,9.508209,0.3684616,-3.1631775,0.026466843,14.528408,27.095488,4,1,1,3.209034066666666,3.765985057142857,3.8052664785714283,4.409161,50.01032628571428,0,3.814697299999783e-06,40,2.001721112606079,0,1
2020-04-30,5700.8,455.7992307692308,68.36988461538462,22.78996153846154,41.75153846153846,Cairo,0.0,2.315806,202.38223,47.07407,22.270416,8.657135,-0.8002548,-2.086296,0.040041067,26.14666,44.525787,4,1,1,3.324068666666666,3.721478857142857,3.68954205,4.409161,48.40371771428572,0,3.814697299999783e-06,41,2.0063455129246632,0,1
2020-05-01,5356.43,409.7207692307693,61.45811538461539,20.486038461538467,41.92230769230769,Cairo,0.0,2.4560208,192.13312,42.25791,25.05362,10.046173,0.35847473,-0.6597061,0.2026745,31.103685,73.055336,5,1,1,2.6730219333333327,3.130169914285714,3.5381942499999997,3.247239,48.255712714285714,0,3.814697299999783e-06,42,1.828098057989723,0,1
2020-05-02,5509.84,416.7269230769231,62.50903846153846,20.836346153846154,42.09076923076923,Cairo,0.0,3.19458,155.41367,41.25119,25.097565,9.375519,1.3454819,-2.1064682,0.14719552,17.22211,28.467344,5,1,1,2.655468933333333,2.8927942,3.509754142857143,3.19458,46.56247557142857,0,0.0,43,1.8486775189734264,0,1
2020-05-03,5266.3,363.6038461538462,54.54057692307693,18.18019230769231,42.25538461538462,Cairo,0.0,3.2598085,166.81319,47.03114,24.009064,8.648834,1.0279999,-2.1807327,0.16117717,14.839445,31.184559,5,1,1,2.9701364333333324,2.9790453571428577,3.402182607142857,3.2598085,45.38814885714286,0,0.0,44,1.475451793888292,0,1
2020-05-04,5406.42,431.21,64.6815,21.5605,42.41615384615385,Cairo,0.0,2.6945071,166.1704,47.06536,24.948639,11.148468,0.79048157,-0.33883667,0.074040696,12.373323,26.55198,5,1,1,3.0496318666666666,3.082446057142857,3.3423914142857143,3.2598085,45.53491971428572,0,0.0,45,1.5083257052671304,0,1
2020-05-05,5150.22,298.4607692307692,44.769115384615375,14.92303846153846,42.574615384615385,Cairo,0.0,4.77162,160.27051,49.150253,23.033112,10.760284,3.0631332,-2.6019974,0.2136068,15.255154,72.40155,5,1,1,3.5753118666666666,3.1342259142857145,3.5698147,4.77162,46.51499328571428,0,0.0,46,1.4700194794156036,0,1
2020-05-06,5596.400000000001,412.5576923076923,61.88365384615385,20.627884615384616,42.72923076923077,Cairo,0.0,2.600881,121.85152,54.004135,21.756989,10.935822,2.2317657,-1.329956,0.02398949,13.1901655,28.205864,5,1,1,3.355669366666666,3.0418890571428574,3.403937057142857,4.77162,46.833436857142864,0,0.0,47,1.3960341608446831,0,1
2020-05-07,5447.95,437.1807692307693,65.57711538461538,21.859038461538464,42.879230769230766,Cairo,0.0,2.1684039,207.95393,46.031254,23.73111,9.296417,-0.42962646,-1.4393845,0.055703364,29.677353,49.64294,5,1,1,3.180301633333333,3.0208316142857146,3.3711552357142858,4.77162,46.68446314285715,0,0.0,48,1.2405299973708892,0,1
2020-05-08,5292.92,425.8923076923077,63.88384615384616,21.294615384615387,43.02769230769231,Cairo,0.0,3.094689,158.59657,38.00764,27.473053,9.002594,1.4689484,-0.35798645,0.12985483,19.483171,39.01098,5,1,1,2.6213246333333324,3.112069928571429,3.121119921428572,3.094689,46.07728171428571,0,0.0,49,1.8076196918117393,0,1
2020-05-09,4945.73,265.0023076923077,39.75034615384615,13.250115384615384,43.17307692307692,Cairo,0.0,3.9848485,127.980804,58.576706,22.952179,13.038849,3.0133972,-2.4019623,0.06629953,21.129734,61.756844,5,1,1,3.082647133333333,3.2249654285714286,3.058879814285714,3.9848485,48.55235542857143,0,0.0,50,1.8301632035662745,0,1
2020-05-10,5589.89,436.66,65.499,21.833000000000002,43.31461538461539,Cairo,0.0,2.4495702,162.19626,53.968994,22.947052,10.863556,0.76929474,-2.323021,0.041857198,23.36415,39.482933,5,1,1,3.176369233333333,3.1092170999999995,3.044131228571428,3.9848485,49.54347742857142,0,0.0,51,1.871514184700714,0,1
2020-05-11,5638.06,428.1976923076923,64.22965384615384,21.409884615384616,43.45307692307692,Cairo,0.0,3.9185805,215.33939,49.22174,24.065704,10.304108,-2.222046,-3.2227707,0.08158907,14.123266,33.679527,5,1,1,3.4509997333333327,3.2840847285714285,3.1832653928571433,3.9848485,49.85153171428571,0,0.0,52,1.8127480902389703,0,1
2020-05-12,5521.48,412.6753846153846,61.90130769230768,20.633769230769232,43.58846153846154,Cairo,0.0,5.409251,226.14276,43.411587,26.662628,10.292389,-3.88385,-3.7633514,0.14972895,20.957819,64.632385,5,1,1,3.925800566666666,3.375174871428572,3.2547003928571425,5.409251,49.03172228571429,0,0.0,53,2.085883382732978,0,1
2020-05-13,4351.23,214.42538461538464,32.16380769230769,10.721269230769233,43.71846153846154,Cairo,0.0,5.759736,224.43575,39.20792,27.92276,10.645172,-3.958458,-4.154869,0.20635223,13.272599,57.875656,5,1,1,5.029189166666666,3.8264398714285717,3.4341644642857148,5.759736,46.91797728571429,0,0.0,54,2.1692043436782322,0,1
2020-05-14,4490.33,264.40384615384613,39.66057692307692,13.220192307692308,43.84461538461539,Cairo,0.0,4.1554413,206.3245,30.99572,28.01883,7.6943665,-1.7482452,-3.7279663,0.22870561,20.276955,56.31691,5,1,1,5.108142766666666,4.110302357142857,3.565566985714286,5.759736,44.77004385714286,0,0.0,55,2.3160772012480586,0,1
2020-05-15,4837.3,288.0884615384616,43.21326923076924,14.40442307692308,43.96923076923077,Cairo,0.0,5.4245977,213.75394,53.010212,27.120636,14.115387,-3.1651382,-4.37175,0.27020624,12.403042,40.539497,5,1,1,5.113258333333333,4.443146457142857,3.777608192857143,5.759736,46.91326842857143,0,0.0,56,2.275095147657868,0,1
2020-05-16,4702.75,296.36384615384617,44.45457692307692,14.818192307692309,44.09,Cairo,0.0,4.8759637,211.39964,38.22787,30.927032,12.16861,-2.5495834,-4.1466904,0.30701673,20.105307,44.083313,5,1,1,4.818667566666666,4.5704486285714285,3.897707028571429,5.4245977,44.006291857142855,0,0.0,57,2.652709124384435,0,1
2020-05-17,4832.99,328.36307692307696,49.25446153846154,16.41815384615385,44.20846153846154,Cairo,0.0,4.0838647,220.034,32.294815,33.239532,12.049835,-2.7164917,-3.024109,0.25885463,18.722921,44.20547,5,1,1,4.7948087,4.803919271428572,3.9565681857142856,5.4245977,40.90998057142857,0,0.0,58,2.986633358755057,0,1
2020-05-18,5150.05,401.18,60.177,20.059,44.32076923076923,Cairo,0.0,4.022521,222.19,33.262913,33.759552,13.873077,-2.697792,-2.9833221,0.26125878,21.851006,56.465363,5,1,1,4.327449799999999,4.818767914285715,4.051426321428571,4.8759637,38.63014814285714,0,0.0,59,2.9543374673520026,0,1
2020-05-19,5097.55,393.19,58.9785,19.6595,44.43153846153847,Cairo,0.0,3.7104192,230.00723,26.33427,35.099396,10.955353,-2.812729,-2.2878647,0.29822233,20.647097,50.58416,5,1,1,3.9389349666666664,4.576077657142856,3.9756262642857148,4.0838647,36.190531428571425,0,0.0,60,3.2333769625993716,0,1
2020-05-20,5106.76,405.8584615384616,60.87876923076924,20.29292307692308,44.53846153846154,Cairo,0.0,3.3964524,223.78665,20.500504,36.6398,8.927399,-2.0145493,-2.1994858,0.3085037,17.710287,60.794895,5,1,1,3.709797533333333,4.238465714285715,4.032452792857143,4.022521,33.51804342857143,0,0.0,61,3.5703199301070607,0,1
2020-05-21,4937.86,396.25307692307695,59.437961538461536,19.81265384615385,44.643076923076926,Cairo,0.0,2.8217785,211.79704,26.02945,34.82718,10.905792,-1.2140732,-1.507637,0.29114506,25.820923,67.29867,5,1,1,3.3095500333333328,4.047942457142857,4.079122407142857,3.7104192,32.80857628571429,0,0.0,62,3.1738226910178264,0,1
2020-05-22,5233.08,366.2964285714285,54.944464285714275,18.314821428571427,41.65,Cairo,0.0,5.059841,162.89456,49.48459,29.674103,15.386749,1.4908447,-4.8348007,0.25877213,13.391066,40.58143,5,1,1,3.759357299999999,3.9958343571428574,4.219490407142857,5.059841,32.304916,0,0.0,63,2.434296664972169,0,1
2020-05-23,5222.5,336.2314285714286,50.434714285714286,16.81157142857143,41.745,Cairo,0.0,4.4249396,161.07808,51.601498,25.855011,13.726593,1.7895126,-3.72126,0.17640528,15.614091,38.582184,5,1,1,4.102186366666666,3.931402342857143,4.250925485714285,5.059841,34.21543428571429,0,0.0,64,3.724295991798806,0,1
2020-05-24,5529.650000000001,369.82142857142856,55.473214285714285,18.491071428571427,41.83857142857143,Cairo,0.0,4.734889,144.61429,44.65387,23.709137,9.657013,2.4296188,-3.9008102,0.022114381,11.012868,33.589146,5,1,1,4.739889866666665,4.024405814285714,4.414162542857143,5.059841,35.98101357142857,0,0.0,65,5.021970659696621,0,1
2020-05-25,5392.26,394.57642857142855,59.18646428571428,19.72882142857143,41.92642857142857,Cairo,0.0,2.2480788,146.08035,42.068283,23.338898,7.587799,1.2531128,-1.8659286,0.028391128,21.256208,39.920395,5,1,1,3.8026357999999996,3.7709140714285714,4.294840992857143,4.734889,37.23892357142857,0,0.0,66,5.693856885363749,0,1
2020-05-26,5297.1,372.9135714285714,55.937035714285706,18.645678571428572,42.012142857142855,Cairo,0.0,2.5944705,180.05124,43.052204,25.607697,10.6753235,-0.011703491,-2.5424118,0.08306013,20.946285,38.374275,5,1,1,3.1924794333333324,3.6114928285714285,4.093785242857143,4.734889,39.627199857142855,0,0.0,67,5.363697437727782,0,1
2020-05-27,5277.72,361.49285714285713,54.223928571428566,18.07464285714286,42.09428571428572,Cairo,0.0,3.4506922,171.28413,47.22865,25.635284,12.377228,0.72626495,-3.2848434,0.14062428,9.99426,20.34407,5,1,1,2.764413833333333,3.619241371428571,3.928853542857143,3.4506922,43.445506428571434,0,0.0,68,4.036153447839409,0,1
2020-05-28,5373.4800000000005,367.7957142857143,55.169357142857145,18.38978571428572,42.17285714285714,Cairo,7.6293945e-06,3.601833,164.50186,50.6246,24.304352,11.377472,0.9833679,-3.4013214,0.0919062,15.532916,31.368128,5,1,1,3.2156652333333327,3.7306777285714285,3.889310092857143,3.601833,46.95909928571429,0,7.629394499999783e-06,69,2.116051768594146,0,1
2020-05-29,5418.56,383.7721428571428,57.56582142857142,19.18860714285714,42.24714285714286,Cairo,0.0,2.950858,198.32051,45.14949,23.492218,9.700592,-0.86320496,-2.7526627,0.06028348,16.414959,28.229237,5,1,1,3.334461066666666,3.4293944428571423,3.7126143999999996,3.601833,46.339799285714285,0,7.629394499999783e-06,70,1.106906911686791,0,1
2020-05-30,5514.58,394.6507142857143,59.19760714285714,19.732535714285717,42.31857142857143,Cairo,0.0,3.5456433,208.99052,44.03239,23.45401,8.848663,-1.6946487,-3.108818,0.085529596,16.628887,35.527534,5,1,1,3.3661114333333324,3.303780685714286,3.617591514285714,3.601833,45.25849814285714,0,7.629394499999783e-06,71,1.0074369888711971,0,1
2020-05-31,5458.56,389.7857142857143,58.46785714285714,19.489285714285714,42.38857142857143,Cairo,0.0,4.1672935,205.3974,44.365814,23.813995,9.142609,-1.6832657,-3.7825775,0.1117335,10.575662,27.887245,5,1,1,3.5545982666666665,3.2226956142857146,3.623550714285714,4.1672935,45.21734728571429,0,7.629394499999783e-06,72,0.9993177853251197,0,1
2020-06-01,5078.97,366.5935714285714,54.98903571428571,18.32967857142857,42.45285714285715,Cairo,0.0,1.6888666,254.56659,37.17775,27.926178,9.586578,-1.4866409,-0.73280334,0.32824078,11.59424,44.40873,6,2,0,3.1339344666666666,3.142808157142857,3.4568611142857146,4.1672935,44.51869971428572,0,7.629394499999783e-06,73,1.623039546646799,0,1
2020-06-02,5225.51,356.5664285714286,53.48496428571429,17.82832142857143,42.51428571428572,Cairo,0.0,5.6521845,129.52127,42.115364,26.898346,11.58902,4.2975235,-3.4848175,0.23057297,17.426165,69.048,6,2,0,3.8361148666666662,3.5796244428571424,3.5955586357142857,5.6521845,44.38486542857142,0,7.629394499999783e-06,74,1.7834687231731765,0,1
2020-06-03,5129.93,384.79285714285714,57.71892857142857,19.239642857142858,42.57285714285714,Cairo,0.0,2.4248571,174.94301,45.698914,26.102081,12.200226,0.308609,-1.6174088,0.11827065,13.206263,32.08468,6,2,0,3.2553027333333326,3.4330765714285714,3.526158971428571,5.6521845,44.16633171428571,0,7.629394499999783e-06,75,1.8163376676457925,0,1
2020-06-04,5069.1,338.1014285714286,50.71521428571429,16.90507142857143,42.62714285714286,Cairo,0.0,3.822608,209.9056,46.673973,26.627228,12.947052,-1.986618,-3.1450348,0.15221672,13.82649,36.896637,6,2,0,3.9665498666666656,3.4646158571428574,3.597646792857143,5.6521845,43.60195642857143,0,0.0,76,1.8497654314096377,0,1
2020-06-05,5334.85,376.87142857142857,56.53071428571428,18.84357142857143,42.68,Cairo,0.0,3.7302883,205.76059,51.354458,26.001373,13.500885,-1.6105804,-3.3616638,0.054131683,10.79138,29.728464,6,2,0,3.325917799999999,3.575963042857143,3.5026787428571424,3.822608,44.488380428571425,0,0.0,77,1.632170045790987,0,1
2020-06-06,5278.92,393.94,59.090999999999994,19.697000000000003,42.72714285714286,Cairo,0.0,2.9336777,237.35756,50.58747,26.447052,12.392609,-2.4403534,-1.5849838,0.10137918,13.026211,34.72713,6,2,0,3.495524666666666,3.4885393857142857,3.396160035714286,3.822608,45.42482042857143,0,0.0,78,1.2535446001960466,0,1
2020-06-07,4785.94,325.2742857142857,48.79114285714286,16.263714285714286,42.775,Cairo,0.0,2.7897615,195.21579,32.790535,31.372345,10.160797,-0.14354706,-1.0559921,0.49724412,12.316946,23.470871,6,2,0,3.1512425,3.2917491,3.257222357142857,3.7302883,43.77120914285714,0,0.0,79,1.8898073399032083,0,1
2020-06-08,5146.66,370.6428571428572,55.59642857142858,18.532142857142862,42.81571428571429,Cairo,0.0,3.4836035,168.91278,40.947723,28.72818,13.1666565,0.6467514,-3.4211807,0.13742402,26.912334,56.703102,6,2,0,3.069014233333333,3.548140085714285,3.345474121428571,3.4836035,44.30977671428572,0,0.0,80,1.9545255050570731,0,1
2020-06-09,5202.03,371.7678571428572,55.765178571428585,18.58839285714286,42.85357142857144,Cairo,0.0,3.055299,182.80658,50.502575,27.384674,14.319122,0.03100586,-2.8262482,0.06958103,19.938665,36.724552,6,2,0,3.109554666666666,3.177156442857143,3.3783904428571425,3.4836035,45.507949714285715,0,0.0,81,1.9400807722141815,0,1
2020-06-10,5017.29,361.3371428571429,54.200571428571436,18.066857142857145,42.89,Cairo,0.0,2.760713,199.94598,43.03929,29.83133,13.949371,-0.80529785,-2.5639038,0.26545423,21.161968,48.275402,6,2,0,3.099871833333333,3.225135857142857,3.3291062142857144,3.4836035,45.12800342857143,0,0.0,82,1.9959976836026154,0,1
2020-06-11,5174.76,376.6771428571428,56.501571428571424,18.83385714285714,42.92142857142857,Cairo,0.0,3.9368372,169.98068,32.5922,30.388702,11.175568,1.0172195,-3.622551,0.20428875,19.697414,42.862793,6,2,0,3.2509497333333326,3.2414543142857144,3.3530350857142857,3.9368372,43.11632157142857,0,0.0,83,2.05275072213975,0,1
2020-06-12,5043.74,374.7642857142857,56.21464285714285,18.738214285714285,42.94928571428572,Cairo,0.0,2.3693347,205.01814,35.280064,29.40506,11.035309,-1.0100784,-2.116623,0.18542887,11.065515,29.281986,6,2,0,3.022294966666666,3.0470323714285716,3.3114977071428577,3.9368372,40.819979571428576,0,0.0,84,1.7111413840466956,0,1
2020-06-13,4877.22,313.47,47.020500000000006,15.673500000000002,42.97642857142857,Cairo,0.0,3.8760686,232.5296,25.775875,31.789825,9.697784,1.1756363,-0.35141754,0.24653585,15.832134,42.162247,6,2,0,3.3940801666666656,3.181659642857143,3.3350995142857145,3.9368372,37.275466,0,0.0,85,1.5223300265267135,0,1
2020-06-14,5232.0,389.07,58.360499999999995,19.453500000000002,42.99928571428571,Cairo,0.0,3.6820567,188.39537,42.262466,27.78006,12.264069,-0.4880829,-3.5699692,0.09194684,16.095787,32.86732,6,2,0,3.3091533333333327,3.3091303857142855,3.300439742857143,3.8760686,38.628599,0,0.0,86,1.5262889972151692,0,1
2020-06-15,5232.51,387.29,58.0935,19.364500000000003,43.01857142857143,Cairo,0.0,3.2029266,198.55235,43.772236,27.630768,13.167511,-0.8945999,-3.0515366,0.0444436,20.319584,39.33243,6,2,0,3.5870172999999994,3.269033685714285,3.4085868857142856,3.8760686,39.03210085714286,0,0.0,87,1.6497386603844115,0,1
2020-06-16,5159.4,366.5942857142857,54.98914285714286,18.329714285714285,43.035,Cairo,0.0,3.4388251,232.60522,39.56951,28.845734,12.473053,-2.6629257,-2.15139,0.1368357,11.756167,30.416334,6,2,0,3.4412694666666663,3.3238231285714286,3.2504897857142856,3.6820567,37.47023442857143,0,0.0,88,1.468224832702432,0,1
2020-06-17,4912.74,362.2785714285714,54.34178571428571,18.11392857142857,43.04785714285714,Cairo,0.0,3.4225383,159.14975,31.435799,32.743805,10.352203,0.45964813,0.056922913,0.35781577,13.00596,59.809128,6,2,0,3.3547633333333327,3.4183696000000006,3.3217527285714286,3.4388251,35.81259285714286,0,0.0,89,1.9503952995573728,0,1
2020-06-18,5098.95,350.70714285714286,52.606071428571425,17.535357142857144,43.05785714285714,Cairo,0.0,4.0499005,134.24443,54.523712,27.852081,15.923004,2.9108734,-2.7847137,0.12853755,13.504761,43.53534,6,2,0,3.637087966666666,3.4345215000000002,3.3379879071428573,4.0499005,38.945666,0,0.0,90,2.0551250338049623,0,1
2020-06-19,5024.36,351.69714285714286,52.75457142857143,17.584857142857143,43.065,Cairo,0.0,3.2686732,138.10837,59.18245,26.87967,16.832916,2.402565,-2.0675201,0.09472298,9.821555,32.540848,6,2,0,3.5803706666666657,3.5629984285714285,3.3050154,4.0499005,42.36029257142858,0,0.0,91,2.2715870676413,0,1
2020-06-20,5222.01,384.19928571428574,57.629892857142856,19.20996428571429,43.06928571428572,Cairo,0.0,3.978312,139.62576,54.498444,27.856842,15.937164,2.380394,-3.1443253,0.08896019,15.52264,39.8343,6,2,0,3.7656285666666656,3.5776046285714282,3.3796321357142856,4.0499005,46.46351671428572,0,0.0,92,1.951968269384848,0,1
2020-06-21,4861.91,327.7614285714285,49.16421428571427,16.388071428571426,43.07,Cairo,0.0,2.2723176,132.9703,41.132732,31.241852,13.084503,1.4697876,0.6785965,0.40245718,20.932377,50.579094,6,2,0,3.1731009333333327,3.376213328571428,3.3426718571428573,3.978312,46.30212614285715,0,0.0,93,2.162580639052534,0,1
2020-06-22,5016.29,351.3807142857143,52.70710714285715,17.569035714285715,43.067142857142855,Cairo,0.0,3.149363,137.45474,45.34156,29.996979,15.273346,2.234192,-2.1792603,0.39253753,15.284137,52.909584,6,2,0,3.133330866666666,3.368561385714286,3.318797535714286,3.978312,46.52631528571429,0,0.0,94,2.095452971120459,0,1
2020-06-23,5093.1,378.6571428571429,56.798571428571435,18.932857142857145,43.06214285714286,Cairo,0.0,3.109323,204.01517,41.481445,29.749054,13.589264,-1.1993561,-2.7014847,0.14555441,14.1210785,33.844875,6,2,0,2.843667866666666,3.3214896571428576,3.322656392857143,3.149363,46.799448857142856,0,0.0,95,2.087361005876497,0,1
2020-06-24,5157.030000000001,382.26714285714286,57.34007142857143,19.113357142857144,43.05285714285714,Cairo,0.0,4.3416185,206.83409,48.73488,28.827179,15.437286,-1.8591614,-3.5459137,0.08460271,13.829852,48.144608,6,2,0,3.5334348333333327,3.452786828571429,3.4355782142857145,4.3416185,49.27074614285714,0,0.0,96,1.5099856784121413,0,1
2020-06-25,5132.97,345.61285714285714,51.84192857142857,17.28064285714286,43.042142857142856,Cairo,0.0,3.871533,194.4488,53.04442,27.328522,15.8638,-0.9573822,-3.7508316,0.026448814,12.983135,30.245756,6,2,0,3.774158166666666,3.427305757142857,3.4309136285714286,4.3416185,49.05941871428571,0,0.0,97,1.5826189315116164,0,1
2020-06-26,5148.45,361.9742857142857,54.296142857142854,18.098714285714287,43.026428571428575,Cairo,0.0,3.905836,199.05423,54.706463,27.949005,16.667877,-1.3265228,-3.6605453,0.038148068,16.28472,38.759815,6,2,0,4.0396624999999995,3.5183290142857144,3.5406637214285714,4.3416185,48.41999199999999,0,0.0,98,1.4033110030677816,0,1
2020-06-27,5146.94,372.5371428571429,55.880571428571436,18.626857142857144,43.00857142857143,Cairo,0.0,3.227038,190.35818,56.939617,28.83548,17.634796,-0.6642685,-3.1135406,0.07885066,24.277246,48.451347,6,2,0,3.668135666666666,3.4110041571428575,3.494304392857143,3.905836,48.768731,0,0.0,99,1.3174006871253094,0,1
2020-06-28,5093.53,373.3521428571429,56.00282142857143,18.667607142857147,42.989285714285714,Cairo,0.0,2.524953,176.2261,55.632984,29.112946,16.719269,0.1639862,-2.5187607,0.06292057,17.399761,36.07322,6,2,0,3.219275666666666,3.4470949285714285,3.4116541285714286,3.905836,50.84019557142857,0,0.0,100,0.9413791542365448,0,1
2020-06-29,5148.63,382.18,57.327,19.109,42.96428571428572,Cairo,0.0,2.9056969,155.8555,56.57296,29.07901,17.901031,1.1981354,-2.6425247,0.04342921,16.155466,30.508938,6,2,0,2.885895966666666,3.4122854857142855,3.3904234357142857,3.227038,52.44468128571428,0,0.0,101,0.8056168944729352,0,1
2020-06-30,5252.7,392.7635714285714,58.91453571428571,19.638178571428572,42.93714285714286,Cairo,0.0,2.9125824,148.12218,49.226265,28.74588,14.91507,1.6713028,-2.3336182,0.052260593,11.6243725,23.17841,6,2,0,2.781077433333333,3.384179685714286,3.3528346714285715,2.9125824,53.55108414285714,0,0.0,102,0.66414695917555,0,1
2020-07-01,5163.55,393.92285714285714,59.088428571428565,19.69614285714286,42.90642857142858,Cairo,0.0,2.043704,149.87311,49.846916,28.251251,15.101227,1.095459,-1.6963501,0.028676484,26.608784,46.222507,7,2,0,2.6206610999999995,3.0559061857142855,3.254346507142857,2.9125824,53.70994642857143,0,0.0,103,0.6603277201947252,0,1
2020-07-02,5065.39,407.41769230769233,61.11265384615385,20.370884615384618,46.06,Cairo,0.0,2.9256473,182.43793,47.283997,30.89798,15.9635315,-0.0039978027,-2.8888092,0.049140546,21.656343,41.00652,7,2,0,2.6273112333333324,2.9207796571428575,3.174042707142857,2.9256473,52.88702885714286,0,0.0,104,0.9465577843901195,0,1
2020-07-03,5091.63,404.3638461538461,60.65457692307692,20.218192307692306,46.02769230769231,Cairo,0.0,2.7953925,185.80583,41.987186,30.842438,14.583527,-0.19181824,-2.7525864,0.07003465,19.320862,42.759224,7,2,0,2.588247933333333,2.7621448714285712,3.140236942857143,2.9256473,51.06998928571428,0,0.0,105,1.0469010589213976,0,1
2020-07-04,5078.55,403.2823076923077,60.49234615384616,20.164115384615386,45.99076923076923,Cairo,0.0,2.5369234,163.09293,45.587017,30.642487,15.66629,1.032753,-2.1122742,0.034725808,18.199963,32.930893,7,2,0,2.7526543999999995,2.6635570714285715,3.037280614285714,2.9256473,49.44818928571429,0,0.0,106,1.1070013651937476,0,1
2020-07-05,5164.66,416.0376923076923,62.40565384615384,20.801884615384616,45.95076923076923,Cairo,0.0,3.4974203,151.96686,53.272797,30.456207,17.55606,1.6863403,-3.0629883,0.03596569,11.26943,23.42784,7,2,0,2.9432454,2.8024809714285714,3.1247879499999995,3.4974203,49.11101971428571,0,0.0,107,1.1141551565060612,0,1
2020-07-06,5173.13,426.2423076923077,63.93634615384615,21.312115384615385,45.9076923076923,Cairo,0.0,2.925126,141.54074,44.35226,30.568512,14.128326,1.9190826,-2.1931,0.037241124,19.121996,34.278145,7,2,0,2.986489899999999,2.805256557142857,3.108771021428571,3.4974203,47.36520542857143,0,0.0,108,1.085336074554036,0,1
2020-07-07,4963.55,420.19,63.028499999999994,21.009500000000003,45.862307692307695,Cairo,0.0,2.7760534,176.16714,35.520893,32.291534,13.827789,-0.027435303,0.80836487,0.1182335,17.989697,40.209698,7,2,0,3.0661998999999995,2.785752414285714,3.08496605,3.4974203,45.407295142857144,0,0.0,109,1.1930389129947352,0,1
2020-07-08,4994.64,377.91,56.6865,18.895500000000002,45.81153846153847,Cairo,0.0,3.4322243,173.32446,51.77778,29.94693,17.867218,1.0091705,-2.0115662,0.11562341,13.107991,45.00199,7,2,0,3.0444678999999994,2.984112457142857,3.0200093214285713,3.4322243,45.68313285714286,0,0.0,110,0.72572841397052,0,1
2020-07-09,4942.75,341.0869230769231,51.16303846153846,17.054346153846154,45.75769230769231,Cairo,0.0,2.6754484,167.70412,54.719845,29.345245,18.289215,0.88103485,-2.352539,0.04425531,16.384468,31.934105,7,2,0,2.9612420333333325,2.948369757142857,2.934574707142857,3.4322243,46.74539685714285,0,0.0,111,0.9076363314094593,0,1
2020-07-10,4998.75,367.1223076923077,55.06834615384615,18.356115384615386,45.70230769230769,Cairo,0.0,3.2977505,173.60315,59.061176,29.926178,20.053009,0.29375458,-3.2767105,0.075433314,28.915478,57.91211,7,2,0,3.135141066666666,3.0201351857142855,2.8911400285714284,3.4322243,49.18453828571429,0,0.0,112,0.9300743698221913,0,1
2020-07-11,5108.7,404.6723076923077,60.70084615384615,20.233615384615387,45.643076923076926,Cairo,0.0,2.9737778,158.03882,55.041424,30.210968,18.339508,1.2410965,-2.6800919,0.066167,17.987371,37.064533,7,2,0,2.9823255666666664,3.0825429571428566,2.873050014285714,3.2977505,50.53516785714286,0,0.0,113,0.9297897740754851,0,1
2020-07-12,5146.25,401.5453846153847,60.231807692307704,20.077269230769236,45.58153846153846,Cairo,0.0,2.7417684,157.91296,52.400036,29.404938,17.320953,1.1137161,-2.2826614,0.05415176,19.173409,39.610344,7,2,0,3.0044322333333326,2.9745926857142857,2.8885368285714286,3.2977505,50.410487714285715,0,0.0,114,0.9999845696712006,0,1
2020-07-13,5134.47,405.44076923076926,60.81611538461539,20.272038461538465,45.51538461538462,Cairo,0.0,2.6957536,149.00337,59.270393,28.949371,18.17044,1.4633102,-2.1714249,0.0409785,17.921566,35.176273,7,2,0,2.8037665999999994,2.9418252000000003,2.8735408785714287,2.9737778,52.54164957142857,0,0.0,115,1.0946627169066592,0,1
2020-07-14,5169.16,430.05384615384617,64.50807692307693,21.50269230769231,45.44538461538461,Cairo,0.0,2.2401938,158.42952,55.55229,29.552765,17.451202,0.86211395,-2.0403214,0.051382363,12.17704,20.97444,7,2,0,2.5592385999999996,2.8652738285714285,2.8255131214285716,2.7417684,55.403277714285714,0,0.0,116,0.4331811183488157,0,1
2020-07-15,5066.97,399.8146153846154,59.97219230769231,19.990730769230773,45.37384615384615,Cairo,0.0,3.0831003,160.53593,55.83545,29.957794,18.495392,1.0471115,-2.761551,0.059092026,21.056992,42.849686,7,2,0,2.6730158999999993,2.8153989714285714,2.8997557142857144,3.0831003,55.982944857142854,0,0.0,117,0.4345670600899982,0,1
2020-07-16,5269.59,415.9369230769231,62.39053846153846,20.796846153846158,45.29692307692308,Cairo,4.7683716e-07,3.5298374,160.10246,58.909836,28.78543,18.456085,1.2792969,-3.2409515,0.040462658,12.827946,27.545176,7,2,0,2.951043833333333,2.937454542857143,2.94291215,3.5298374,56.581515,0,4.768371599997832e-07,118,0.5339317379258851,0,1
2020-07-17,5254.2,423.9507692307692,63.59261538461538,21.19753846153846,45.21923076923077,Cairo,0.0,3.182849,148.53647,55.253242,28.65689,17.383698,1.7612152,-2.6170883,0.048983037,12.66094,29.857906,7,2,0,3.2652622333333325,2.9210400428571432,2.970587614285715,3.5298374,56.03752442857142,0,4.768371599997832e-07,119,0.5935475296053143,0,1
2020-07-18,5225.26,425.4476923076923,63.81715384615384,21.272384615384617,45.13384615384616,Cairo,0.0,2.8925805,156.18118,52.95068,29.007965,16.755646,1.352005,-2.508133,0.03588444,15.162493,29.062397,7,2,0,3.201755633333333,2.909440428571429,2.995991692857143,3.5298374,55.738846714285714,0,4.768371599997832e-07,120,0.46658245767849066,0,1
2020-07-19,5183.13,403.2915384615384,60.49373076923075,20.164576923076922,45.04692307692308,Cairo,0.0,2.8589041,187.477,56.928413,28.814972,18.066803,-0.36878204,-2.8349457,0.05045802,21.129929,42.24175,7,2,0,2.9781111999999994,2.9261741000000003,2.9503833928571432,3.182849,56.38575771428571,0,4.768371599997832e-07,121,0.47406351893016474,0,1
2020-07-20,5131.33,400.8430769230769,60.126461538461534,20.042153846153848,44.95923076923077,Cairo,0.0,3.3862514,185.25278,56.737465,29.675934,18.990265,-0.29603577,-3.363205,0.11193594,26.088615,52.269802,7,2,0,3.0459119999999995,3.024816642857143,2.9833209214285716,3.3862514,56.02391085714286,0,4.768371599997832e-07,122,0.5126379883609632,0,1
2020-07-21,5176.83,402.5684615384616,60.38526923076923,20.12842307692308,44.86538461538461,Cairo,0.0,3.432342,166.83472,56.042854,29.485626,18.303009,0.8031311,-3.328682,0.08352497,15.92226,31.915445,7,2,0,3.225832499999999,3.1951235285714286,3.0301986785714283,3.432342,56.09399142857143,0,4.768371599997832e-07,123,0.5056800797038105,0,1
2020-07-22,5071.849999999999,378.02153846153846,56.703230769230764,18.901076923076925,44.76923076923077,Cairo,0.0,3.3231566,149.42255,61.28501,29.501984,19.667267,1.6213684,-2.873436,0.051886037,23.93311,46.795483,7,2,0,3.3805833333333326,3.2294172857142853,3.0224081285714286,3.432342,56.8725,0,4.768371599997832e-07,124,0.41221598761908995,0,1
2020-07-23,5110.71,402.7784615384616,60.41676923076924,20.13892307692308,44.67,Cairo,0.0,2.5856264,147.8441,65.12166,29.620026,20.75821,1.3439102,-2.1945496,0.055545785,16.16389,35.89446,7,2,0,3.113708333333333,3.09453,3.0159922714285714,3.432342,57.759903428571434,0,0.0,125,0.4157199969780598,0,1
2020-07-24,5153.73,415.72230769230765,62.35834615384614,20.786115384615385,44.566153846153846,Cairo,0.0,2.7391644,164.66513,55.309124,30.538116,18.340973,0.7103119,-2.6235046,0.06374852,23.783983,46.467834,7,2,0,2.8826491333333326,3.0311464857142854,2.9760932642857143,3.3231566,57.767886571428576,0,0.0,126,0.5525136830075399,0,1
2020-07-25,5173.83,410.8069230769231,61.62103846153846,20.54034615384616,44.45769230769231,Cairo,0.0,2.6534922,172.84637,53.829388,30.008942,17.799957,0.4031067,-2.6083832,0.069196716,18.10955,32.388016,7,2,0,2.6594276666666663,2.996991014285715,2.9532157214285712,2.7391644,57.89341628571429,0,0.0,127,0.5266330297127217,0,1
2020-07-26,5270.27,422.73923076923074,63.41088461538461,21.136961538461538,44.349230769230765,Cairo,0.0,3.3587725,189.61502,54.373306,29.370392,18.182892,-0.3692627,-3.3051605,0.054740228,22.345037,44.4989,7,2,0,2.9171430333333332,3.0684007857142857,2.997287442857143,3.3587725,57.528400999999995,0,0.0,128,0.4053232996811229,0,1
2020-07-27,5069.75,381.4130769230769,57.21196153846154,19.070653846153846,44.23307692307692,Cairo,0.0,3.3284183,172.52972,59.635506,29.386383,19.349762,0.38801575,-3.2998657,0.14394829,23.191393,48.586685,7,2,0,3.1135609999999994,3.0601389142857145,3.0424777785714285,3.3587725,57.94240685714285,0,0.0,129,0.4274779220106462,0,1
2020-07-28,5023.18,371.4953846153846,55.72430769230768,18.57476923076923,44.11769230769231,Cairo,0.0,3.3363326,170.71487,59.3108,29.547638,19.098663,0.4717636,-3.2870026,0.14813478,24.884483,49.560493,7,2,0,3.3411744666666663,3.046423285714286,3.120773407142857,3.3587725,58.40925628571428,0,0.0,130,0.4228730404611117,0,1
2020-07-29,5035.31,386.6546153846154,57.99819230769231,19.33273076923077,43.99615384615385,Cairo,0.0,2.9845326,163.15402,57.19223,29.969025,19.486237,0.854866,-2.8574295,0.17893156,21.044456,39.292107,7,2,0,3.216427833333333,2.998048428571429,3.1137328571428573,3.3363326,57.82457342857143,0,0.0,131,0.4213326865607908,0,1
2020-07-30,5021.95,371.3892307692308,55.70838461538462,18.56946153846154,43.871538461538464,Cairo,0.0,3.3207057,169.64758,51.331192,31.048492,18.68753,0.57014465,-3.266388,0.15356441,26.07663,46.503242,7,2,0,3.213856966666666,3.1030597571428573,3.0987948785714288,3.3363326,55.854506571428566,0,0.0,132,0.6278342573627462,0,1
2020-07-31,4985.86,381.6538461538461,57.24807692307691,19.082692307692305,43.74384615384615,Cairo,0.0,2.9045305,165.34412,59.78684,30.766998,20.822784,0.6654053,-2.814766,0.1621019,33.89209,63.77295,7,2,0,3.0699229333333324,3.1266834857142856,3.0789149857142855,3.3207057,56.49418028571428,0,0.0,133,0.6664402810248753,0,1
2020-08-01,5260.94,430.25,64.5375,21.512500000000003,43.61461538461538,Cairo,0.0,2.6672344,153.20264,51.37563,30.944855,17.706207,1.4159088,-2.1686554,0.063654214,11.665151,20.578293,8,2,0,2.964156866666666,3.128646657142857,3.062818835714286,3.3207057,56.14364342857142,0,0.0,134,0.7534612125556233,0,1
2020-08-02,5299.85,440.3507692307693,66.0526153846154,22.017538461538464,43.47846153846154,Cairo,0.0,2.546524,147.6549,49.991436,30.599152,16.104523,1.5936966,-0.9593353,0.046211667,16.571526,36.894585,8,2,0,2.706096299999999,3.0126111571428567,3.0405059714285714,2.9045305,55.51766200000001,0,0.0,135,0.6819301076636503,0,1
2020-08-03,5233.28,421.4038461538461,63.21057692307691,21.070192307692306,43.34076923076923,Cairo,0.0,3.1543658,131.33551,56.820293,31.078644,19.447662,2.1420288,-2.275917,0.061957862,17.675097,40.107216,8,2,0,2.7893747333333327,2.987746514285714,3.023942714285714,3.1543658,55.11548871428572,0,0.0,136,0.5879435459164888,0,1
2020-08-04,5228.47,429.77,64.46549999999999,21.488500000000002,43.19923076923077,Cairo,0.0,3.1694613,180.99356,46.126312,31.81717,17.453766,0.8626709,-2.3185883,0.09804601,21.82452,41.56636,8,2,0,2.9567836999999995,2.963907757142857,3.0051655214285717,3.1694613,53.23199042857142,0,0.0,137,0.5584609761758726,0,1
2020-08-05,5353.44,441.9500000000001,66.29250000000002,22.097500000000007,43.05538461538462,Cairo,0.0,2.943719,143.33138,53.627846,29.532867,17.440338,1.8986435,-1.97686,0.037419736,16.22038,33.221546,8,2,0,3.089182033333333,2.9580772428571427,2.9780628357142858,3.1694613,52.72279271428571,0,0.0,138,0.687629371462894,0,1
2020-08-06,5303.58,434.19153846153847,65.12873076923077,21.709576923076924,42.90538461538461,Cairo,0.0,2.423419,138.97365,59.927902,29.869415,19.242706,1.6204376,-1.7951508,0.039883003,15.747955,27.23806,8,2,0,2.8455330999999995,2.829893428571429,2.9664765928571435,3.1694613,53.95089414285714,0,0.0,139,0.7644208158179933,0,1
2020-08-07,5281.45,431.8192307692307,64.77288461538461,21.59096153846154,42.75461538461538,Cairo,0.0,3.168781,170.03418,54.23746,31.766144,19.14627,0.80101013,-3.0407257,0.09691112,34.110035,64.72639,8,2,0,2.845306333333333,2.8676435000000002,2.997163492857143,3.168781,53.15812557142857,0,0.0,140,0.8735596881215273,0,1
2020-08-08,5250.43,424.5123076923077,63.67684615384615,21.225615384615384,42.599230769230765,Cairo,0.0,2.9786415,168.08295,48.260864,31.990753,18.746368,0.9136963,-2.8078995,0.13391595,10.3843975,21.150288,8,2,0,2.856947166666666,2.9121302285714283,3.020388442857143,3.168781,52.713159000000005,0,0.0,141,0.9846160563016279,0,1
2020-08-09,5277.93,427.9015384615385,64.18523076923077,21.395076923076928,42.440000000000005,Cairo,0.0,2.8764515,145.06232,54.48335,30.552277,19.433868,1.8926315,-2.0048141,0.14480194,16.953018,39.57555,8,2,0,3.007958,2.959262728571429,2.985936942857143,3.168781,53.35486099999999,0,0.0,142,0.9875595808093807,0,1
2020-08-10,5119.88,389.7953846153847,58.4693076923077,19.489769230769237,42.27846153846154,Cairo,0.0,2.98192,163.17113,49.549656,31.145294,18.02945,1.6190872,-1.7072372,0.09017041,12.831436,32.627377,8,2,0,2.9456709999999995,2.934627614285714,2.961187064285714,2.98192,52.31619857142857,0,0.0,143,0.9893948587951646,0,1
2020-08-11,5220.26,399.0876923076924,59.86315384615386,19.954384615384622,42.112307692307695,Cairo,0.0,2.7441125,162.62703,50.544437,30.556183,18.364044,1.280098,-2.2751007,0.07514135,24.868269,45.12634,8,2,0,2.867494666666666,2.8738634999999997,2.918885628571428,2.98192,52.94735928571429,0,0.0,144,0.9181488283972897,0,1
2020-08-12,5318.27,419.1484615384616,62.87226923076924,20.95742307692308,41.94461538461538,Cairo,0.0,2.7857819,170.26282,58.385536,30.059479,19.581085,0.5001831,-2.7391891,0.03891774,19.503399,37.685112,8,2,0,2.837271466666666,2.8513010571428574,2.90468915,2.98192,53.62702928571429,0,0.0,145,0.8153994905127508,0,1
2020-08-13,5213.03,407.20692307692303,61.081038461538455,20.36034615384615,41.77384615384615,Cairo,0.0,2.5628626,176.2656,56.678745,29.922638,19.351227,0.20744324,-2.5449219,0.053729326,23.217215,44.39355,8,2,0,2.6975856666666655,2.871221571428571,2.8505575,2.7857819,53.162864000000006,0,0.0,146,0.8049291507764762,0,1
2020-08-14,5307.76,426.9115384615385,64.03673076923077,21.345576923076926,41.599230769230765,Cairo,0.0,2.7479012,165.88898,52.298058,30.717072,17.896393,0.6774597,-2.6628876,0.03473781,17.531088,33.71159,8,2,0,2.6988485666666655,2.8110958857142854,2.839369692857143,2.7857819,52.885806571428574,0,0.0,147,0.6977837521288973,0,1
2020-08-15,5249.08,417.86769230769227,62.680153846153836,20.893384615384615,41.41923076923077,Cairo,0.0,2.2279582,165.07538,59.680573,30.802155,19.747955,0.550148,-2.15316,0.03741046,18.831535,33.45317,8,2,0,2.5129073333333327,2.7038554142857145,2.8079928214285714,2.7479012,54.51719357142857,0,0.0,148,0.42403240073859993,0,1
2020-08-16,5257.17,428.5746153846154,64.2861923076923,21.42873076923077,41.23846153846154,Cairo,0.0,2.1894975,154.28282,52.011322,31.532623,18.697052,0.9146576,-1.9599991,0.041541122,26.976011,47.68213,8,2,0,2.3884522999999995,2.6057191285714287,2.782490928571429,2.7479012,54.16404671428571,0,0.0,149,0.5676925049847372,0,1
2020-08-17,5383.2300000000005,437.10615384615386,65.56592307692307,21.855307692307694,41.05461538461539,Cairo,0.0,3.1380792,142.77393,51.24089,31.188263,17.93863,1.9698181,-2.399376,0.03306344,17.337345,30.192753,8,2,0,2.5185116333333326,2.628027585714286,2.7813276000000005,3.1380792,54.40565157142857,0,0.0,150,0.5738058847721337,0,1
2020-08-18,5369.21,422.6492307692308,63.397384615384624,21.13246153846154,40.86538461538461,Cairo,0.0,2.9899712,143.9911,62.479935,29.67044,19.97171,1.7880249,-2.3935318,0.043961003,19.348806,40.01131,8,2,0,2.7725159666666657,2.663150257142857,2.768506878571429,3.1380792,56.11072271428571,0,0.0,151,0.6918552876696294,0,1
2020-08-19,5330.96,412.4207692307692,61.863115384615384,20.62103846153846,40.675384615384615,Cairo,0.0,2.5733669,151.56038,58.498615,28.977325,18.610382,1.3304062,-2.1127548,0.02862473,14.469927,26.860126,8,2,0,2.900472433333333,2.632805257142857,2.742053157142857,3.1380792,56.126876857142854,0,0.0,152,0.9083480743208718,0,1
2020-08-20,5401.34,428.1207692307692,64.21811538461537,21.40603846153846,40.48076923076923,Cairo,0.0,2.718195,155.92822,56.266983,29.516632,18.531403,1.2076416,-2.4150543,0.033751585,21.562553,38.974495,8,2,0,2.760511033333333,2.6549956,2.7631085857142854,2.9899712,56.06805371428571,0,0.0,153,0.9557469214473853,0,1
2020-08-21,5432.06,434.61538461538464,65.1923076923077,21.730769230769234,40.28384615384616,Cairo,0.0,2.82858,149.66449,57.159565,29.603302,18.579987,1.6339111,-2.2424164,0.027420107,15.731998,31.021582,8,2,0,2.706713966666666,2.666521142857143,2.7388085142857146,2.82858,56.76255471428572,0,0.0,154,0.9756913228285022,0,1
2020-08-22,5261.88,394.0276923076923,59.10415384615384,19.701384615384615,40.08538461538462,Cairo,0.0,2.7839422,140.07013,60.017193,28.870636,19.122345,1.5848694,-2.180725,0.01924854,14.81925,31.64433,8,2,0,2.776905733333333,2.7459474285714287,2.7249014214285716,2.82858,56.810643285714285,0,0.0,155,1.0426885376693475,0,1
2020-08-23,5289.39,415.9661538461539,62.39492307692308,20.798307692307695,39.88153846153846,Cairo,0.0,2.4682443,185.04665,53.73844,30.03482,18.274323,-0.15183258,-2.4551468,0.06331175,25.158068,48.31293,8,2,0,2.693588833333333,2.7857684,2.6957437642857136,2.82858,57.057374428571435,0,0.0,156,0.7725251297911405,0,1
2020-08-24,5361.71,435.4469230769231,65.31703846153846,21.772346153846158,39.67692307692308,Cairo,0.0,2.4351656,201.60117,52.786655,30.534454,18.011505,-0.8805313,-2.2685776,0.038817346,16.436527,30.176064,8,2,0,2.5624506999999994,2.6853521714285713,2.6566898785714286,2.7839422,57.278197999999996,0,0.0,157,0.5764667321822835,0,1
2020-08-25,5328.58,436.5061538461538,65.47592307692307,21.82530769230769,39.46615384615385,Cairo,0.0,2.6161168,181.64172,46.65403,30.940826,16.506256,0.27441406,-2.2726822,0.044776224,27.594345,50.720055,8,2,0,2.506508899999999,2.6319443999999996,2.6475473285714286,2.6161168,55.01735442857142,0,0.0,158,0.7695691153206972,0,1
2020-08-26,5372.99,436.1223076923077,65.41834615384614,21.806115384615385,39.25615384615384,Cairo,0.0,2.7343638,184.8186,53.659126,30.27835,18.085602,0.14917755,-2.5196228,0.0355594,19.258444,31.954449,8,2,0,2.5952153999999994,2.6549439571428572,2.6438746071428567,2.7343638,54.32599885714286,0,0.0,159,0.6962981573407916,0,1
2020-08-27,5217.03,383.09769230769234,57.46465384615385,19.154884615384617,39.042307692307695,Cairo,0.0,2.6717281,161.14116,47.26069,29.514313,16.51004,0.99876404,-2.3122559,0.039520167,26.230978,46.439125,8,2,0,2.6740695666666663,2.6483058285714285,2.6516507142857146,2.7343638,53.039385571428575,0,0.0,160,0.6965494477250262,0,1
2020-08-28,5039.9,356.31538461538463,53.447307692307696,17.81576923076923,38.824615384615385,Cairo,0.0,2.9820752,166.70404,57.95243,29.54007,19.513947,0.6755142,-2.9042892,0.028941922,27.7112,51.22107,8,2,0,2.7960556999999997,2.6702337142857147,2.6683774285714286,2.9820752,53.152651999999996,0,0.0,161,0.7024537627997754,0,1
2020-08-29,5333.8,417.77153846153846,62.66573076923076,20.888576923076926,38.60307692307693,Cairo,0.0,2.5967686,178.53973,58.923294,30.013947,19.905304,0.08043671,-2.5940475,0.053116344,29.362509,51.815758,8,2,0,2.7501906333333324,2.6434946285714287,2.6947210285714287,2.9820752,52.99638071428571,0,0.0,162,0.5151440505509391,0,1
2020-08-30,5033.33,381.4084615384616,57.21126923076924,19.07042307692308,38.38153846153846,Cairo,0.0,2.9726944,175.54254,57.576607,31.249298,20.46988,0.3429947,-2.7915115,0.09161196,31.188736,60.18499,8,2,0,2.8505127333333333,2.7155589285714283,2.750663664285714,2.9820752,53.54469028571428,0,0.0,163,0.6637981654485609,0,1
2020-08-31,5233.8,440.0775,66.011625,22.003875,41.225,Cairo,0.0,2.5429637,163.88104,53.589397,31.539093,19.498932,0.7222595,-2.4355087,0.08656505,22.325443,38.93676,8,2,0,2.7041422333333327,2.7309586571428572,2.708155414285714,2.9726944,53.659367714285715,0,0.0,164,0.8152929188291831,0,1
2020-09-01,5563.9400000000005,514.7383333333333,77.21075,25.73691666666667,41.0,Cairo,0.0,2.9766393,150.26227,52.15303,30.93631,17.16983,1.617012,-2.3776474,0.06900628,18.004423,36.252945,9,3,0,2.8307657999999996,2.782461871428571,2.7072031357142854,2.9766393,54.444939142857145,0,0.0,165,0.8148316786587096,0,1
2020-09-02,5498.49,508.8416666666667,76.32625,25.442083333333336,40.77,Cairo,0.0,2.057118,186.18219,44.628925,30.687286,15.947296,0.05619812,-1.8101578,0.0609733,21.76264,35.739216,9,3,0,2.525573666666666,2.685712471428571,2.6703282142857145,2.9766393,53.154910428571434,0,0.0,166,0.8160719797948823,0,1
2020-09-03,5264.13,452.4866666666667,67.873,22.624333333333336,40.54333333333333,Cairo,0.0,3.0396624,185.61986,57.954727,30.292755,20.013092,-0.30954742,-3.023346,0.076091416,32.3654,60.64516,9,3,0,2.6911398999999996,2.738274514285714,2.6932901714285715,3.0396624,54.68263,0,0.0,167,0.7053394926839606,0,1
2020-09-04,4760.13,389.2675,58.390125,19.463375,40.30833333333333,Cairo,0.0,3.0756545,187.6063,63.36399,31.681183,23.063751,-0.39971924,-3.017807,0.23801872,40.336544,80.310905,9,3,0,2.724144966666666,2.751642985714286,2.7109383499999997,3.0756545,55.45571,0,0.0,168,0.6244561619308909,0,1
2020-09-05,5333.72,463.2575,69.488625,23.162875,40.075833333333335,Cairo,0.0,3.3639774,185.40994,57.716133,31.847198,21.123688,-0.30462646,-3.3497925,0.22600558,24.637863,52.470207,9,3,0,3.1597647666666666,2.861244242857143,2.752369435714286,3.3639774,55.28325842857142,0,0.0,169,0.5655881837964006,0,1
2020-09-06,5349.86,457.2383333333333,68.58574999999999,22.861916666666666,39.8375,Cairo,0.0,3.2561488,185.293,57.479095,30.279816,19.449371,-0.28383636,-3.2410889,0.18842113,18.829517,38.061924,9,3,0,3.2319268999999995,2.9017377285714288,2.808648328571429,3.3639774,55.26932814285715,0,0.0,170,0.6561444744529716,0,1
2020-09-07,5288.15,450.035,67.50525,22.50175,39.5975,Cairo,0.0,3.1462643,176.88632,58.750904,30.33731,20.177643,0.18476868,-3.1348648,0.13840649,24.590355,48.5653,9,3,0,3.2554634999999994,2.9879235285714287,2.8594410928571428,3.3639774,56.00668628571429,0,0.0,171,0.6602890343988861,0,1
2020-09-08,5180.75,435.59833333333336,65.33975,21.77991666666667,39.3575,Cairo,0.0,3.3600926,178.85944,61.106125,30.675446,21.199493,0.039657593,-3.3527145,0.10419999,31.304588,61.89486,9,3,0,3.254168566666666,3.0427025714285714,2.9125822214285715,3.3600926,57.28569985714286,0,0.0,172,0.6630139476309149,0,1
2020-09-09,5446.42,471.75,70.7625,23.587500000000002,39.11333333333334,Cairo,0.0,3.2246013,174.10449,60.300125,30.017365,20.214386,0.31559753,-3.2082062,0.09637295,22.933567,45.699482,9,3,0,3.2436527333333327,3.2094859,2.9475991857142856,3.3600926,59.52444271428572,0,0.0,173,0.731630151789915,0,1
2020-09-10,5197.17,441.4391666666667,66.21587500000001,22.07195833333334,38.8675,Cairo,0.0,2.645848,122.12657,59.759075,30.07425,20.074493,1.9154892,-1.0954132,0.106635176,30.285511,59.424633,9,3,0,3.0768472999999994,3.1532267000000003,2.9457506071428567,3.3600926,59.782206714285714,0,0.0,174,0.757739610105698,0,1
2020-09-11,5299.98,461.27833333333336,69.19175,23.06391666666667,38.62083333333333,Cairo,0.0,2.621406,105.377396,56.170673,30.661774,18.762115,2.1569443,-0.024085999,0.1398431,25.67323,54.484604,9,3,0,2.8306184333333326,3.088334057142857,2.9199885214285715,3.2246013,58.75459,0,0.0,175,0.6243611685788455,0,1
2020-09-12,5367.719999999999,470.4383333333333,70.56575,23.521916666666666,38.37,Cairo,0.0,2.1848998,149.73329,46.56375,31.022736,17.063385,1.3327789,-1.1791763,0.14128944,25.23317,53.881012,9,3,0,2.484051266666666,2.9198944,2.8905693214285715,2.645848,57.16139242857143,0,0.0,176,0.36349669330192313,0,1
2020-09-13,5470.33,474.7425,71.211375,23.737125000000002,38.119166666666665,Cairo,0.0,3.4155242,198.08359,53.981155,30.188873,18.052032,-1.0649414,-3.2452164,0.08824765,23.499819,48.731304,9,3,0,2.7406099999999998,2.9426623142857147,2.922200021428572,3.4155242,56.661686714285715,0,0.0,177,0.3716426868500807,0,1
2020-09-14,5372.06,455.91333333333336,68.387,22.79566666666667,37.8675,Cairo,0.0,3.2249405,198.30658,56.088898,30.165314,18.447784,-0.9129791,-3.0478516,0.063844785,21.115664,41.224087,9,3,0,2.9417881666666665,2.9539017714285714,2.97091265,3.4155242,56.281400142857144,0,0.0,178,0.38391975067863876,0,1
2020-09-15,5555.8,481.8591666666666,72.27887499999999,24.092958333333332,37.611666666666665,Cairo,0.0,3.6169367,195.2153,56.32888,29.483307,18.240265,-0.9740372,-3.463585,0.06418137,22.35956,47.32003,9,3,0,3.4191337999999996,2.9905937857142857,3.0166481785714288,3.6169367,55.59893657142857,0,0.0,179,0.4912153520339819,0,1
2020-09-16,5529.28,481.4258333333333,72.21387499999999,24.071291666666667,37.35666666666666,Cairo,0.0,3.5190477,200.54767,54.947197,29.49466,18.3284,-1.302063,-3.2556763,0.07099162,29.771772,58.1316,9,3,0,3.453641633333332,3.0326575571428576,3.1210717285714287,3.6169367,54.83423257142857,0,0.0,180,0.5634381627348425,0,1
2020-09-17,5295.3,440.6858333333334,66.10287500000001,22.03429166666667,37.098333333333336,Cairo,0.0,4.207281,201.35483,62.649097,30.363556,20.588898,-1.6280899,-3.8600006,0.13052252,29.867685,65.70327,9,3,0,3.781088466666666,3.255719414285714,3.204473057142857,4.207281,55.24709285714285,0,0.0,181,0.5670544838385828,0,1
2020-09-18,5291.83,428.25833333333327,64.23874999999998,21.412916666666664,36.83833333333333,Cairo,0.0,5.691622,218.59676,56.242897,31.303131,18.677887,-3.6680832,-4.3196335,0.17262457,20.680412,65.58062,9,3,0,4.472650233333333,3.6943217,3.3913278785714285,5.691622,55.25741057142857,0,0.0,182,0.6925591911269658,0,1
2020-09-19,5337.29,438.1908333333333,65.728625,21.909541666666666,36.579166666666666,Cairo,0.0,5.5008135,211.63582,60.344776,30.8721,20.925201,-2.9333954,-4.6407166,0.16248812,14.08714,55.61206,9,3,0,5.1332388333333325,4.168023657142856,3.5439590285714284,5.691622,57.22612857142857,0,0.0,183,0.6678527340981981,0,1
2020-09-20,5246.81,427.9500000000001,64.19250000000001,21.397500000000008,36.3175,Cairo,0.0,4.2199306,198.61932,65.07233,29.853668,21.134064,-1.387085,-3.9685287,0.166339,17.232616,45.59832,9,3,0,5.137455366666665,4.282938857142857,3.6128005857142855,5.691622,58.81058214285714,0,0.0,184,0.6861774898639655,0,1
2020-09-21,5393.06,466.0866666666666,69.91299999999998,23.304333333333332,36.053333333333335,Cairo,0.0,2.6748958,211.375,55.246487,29.59549,18.316803,-1.2143326,-2.2730942,0.12871692,20.06441,44.909546,9,3,0,4.131879966666666,4.204361042857143,3.579131407142857,5.5008135,58.690237714285715,0,0.0,185,0.7262896152544747,0,1
2020-09-22,5348.81,441.8033333333333,66.27049999999998,22.090166666666665,35.79,Cairo,0.0,3.4470532,221.90738,55.86583,29.649078,19.208405,-2.0396805,-2.5677109,0.10383879,19.388311,45.460396,9,3,0,3.4472931999999994,4.180091971428571,3.5853428785714283,4.2199306,58.62408771428572,0,0.0,186,0.7037376262231585,0,1
2020-09-23,4647.15,299.985,44.99775,14.999250000000002,35.524166666666666,Cairo,0.0,3.357616,180.62415,60.564457,28.751495,19.425568,0.0053634644,-3.335617,0.05425223,22.709017,43.89305,9,3,0,3.159854999999999,4.1570303,3.5948439285714286,3.4470532,59.42655342857143,0,0.0,187,0.8598711540766824,0,1
2020-09-24,5363.53,436.2375,65.435625,21.811875,35.2575,Cairo,0.0,3.4670506,170.51581,57.00252,28.146393,17.907867,0.60849,-3.411026,0.04103166,19.124702,35.550995,9,3,0,3.423906599999999,4.0512831,3.653501257142857,3.4670506,58.61989957142857,0,0.0,188,1.101802615902942,0,1
2020-09-25,5250.85,432.63916666666665,64.89587499999999,21.631958333333333,34.99,Cairo,0.0,2.970358,155.03514,58.31281,28.773712,18.549103,1.361702,-2.6332245,0.09216614,16.94077,41.619324,9,3,0,3.265008199999999,3.6625310999999994,3.6784263999999998,3.4670506,58.91560142857143,0,0.0,189,0.8994355622073242,0,1
2020-09-26,5121.55,415.1491666666666,62.27237499999998,20.757458333333332,34.722500000000004,Cairo,0.0,2.282144,168.4375,50.27999,28.529694,15.842316,0.6533127,-2.0212097,0.06344209,26.187649,44.55552,9,3,0,2.9065175333333326,3.2027211714285713,3.685372414285714,3.4670506,57.477774857142855,0,0.0,190,0.6525126299872978,0,1
2020-09-27,5412.91,441.8908333333333,66.283625,22.094541666666668,34.4525,Cairo,0.0,4.7078543,222.2115,54.44906,29.501984,17.767975,-3.2261276,-3.4215622,0.069349624,14.390356,38.580627,9,3,0,3.3201187666666656,3.2724245571428576,3.777681707142857,4.7078543,55.96016485714286,0,0.0,191,0.5902405706415217,0,1
2020-09-28,5324.55,437.5491666666667,65.632375,21.877458333333337,34.185,Cairo,0.0,5.520183,228.03595,53.73278,31.83316,18.691925,-4.116417,-3.6766663,0.14809202,15.451896,64.718895,9,3,0,4.170060433333333,3.678894157142857,3.9416276000000003,5.520183,55.743921,0,0.0,192,1.2302117092643887,0,1
2020-09-29,5290.28,441.4266666666667,66.214,22.071333333333335,33.913333333333334,Cairo,0.0,4.0705843,208.34412,57.65869,30.590485,19.734894,-1.7577057,-3.5697708,0.15505004,22.25904,66.20741,9,3,0,4.766207199999999,3.767970028571429,3.974031,5.520183,56.00004385714285,0,0.0,193,1.3212628376452915,0,1
2020-09-30,5104.67,422.63416666666666,63.39512499999999,21.131708333333336,33.6425,Cairo,0.0,2.9611182,189.2536,53.94627,31.141998,18.355377,-0.4439621,-2.9215393,0.1541014,18.946072,42.237812,9,3,0,4.183961833333333,3.7113274857142855,3.9341788928571426,5.520183,55.05458857142857,0,0.0,194,1.4170841380344363,0,1
2020-10-01,5382.83,477.91833333333335,71.68775,23.89591666666667,33.369166666666665,Cairo,0.0,3.1096396,148.78983,56.600975,29.421906,18.459991,1.7195816,-2.407463,0.12381685,18.91762,37.6764,10,3,0,3.3804473666666666,3.6602687714285715,3.8557759357142856,4.0705843,54.997225,0,0.0,195,1.241972709075913,0,1
2020-10-02,5302.15,456.2325,68.434875,22.811625000000003,33.09916666666667,Cairo,0.0,2.514782,173.29861,52.962585,28.13675,16.355255,0.2954483,-2.492485,0.03458148,20.470104,32.948772,10,3,0,2.8618465999999994,3.595186485714286,3.628858792857143,3.1096396,54.232907142857144,0,0.0,196,1.3618157380238571,0,1
2020-10-03,5523.5,479.8125,71.971875,23.990625,32.82833333333333,Cairo,0.0,3.7035813,204.69362,55.048325,27.865997,17.370636,-1.3984375,-3.3878708,0.065020114,20.998436,40.555527,10,3,0,3.109334299999999,3.798248957142857,3.5004850642857144,3.7035813,54.914097857142856,0,0.0,197,1.4886483730502587,0,1
2020-10-04,5506.09,481.4575,72.21862499999999,24.072875,32.55583333333333,Cairo,0.0,3.340584,199.37338,56.449898,27.145294,16.755768,-0.8558197,-3.113083,0.09076642,19.077702,39.415264,10,3,0,3.186315766666666,3.6029246285714285,3.437674592857143,3.7035813,55.19993185714286,0,0.0,198,1.7976436092188022,0,1
2020-10-05,5521.08,473.79833333333335,71.06975,23.68991666666667,32.28416666666667,Cairo,0.0,3.640057,207.44016,55.113583,27.51358,16.136627,-1.7537994,-3.183632,0.042327568,19.907202,43.429466,10,3,0,3.5614074333333328,3.3343352000000004,3.5066146785714287,3.7035813,55.39718942857143,0,0.0,199,1.5692929941745226,0,1
2020-10-06,5384.12,452.5566666666667,67.8835,22.627833333333335,32.01,Cairo,0.0,3.9019244,219.59293,61.112686,27.764557,17.799103,-2.5588303,-2.9207993,0.028556382,15.085669,28.718903,10,3,0,3.6275218,3.3102409285714285,3.539105478571429,3.9019244,55.89061742857143,0,0.0,200,1.3949885570130174,0,1
2020-10-07,5453.3,477.77,71.6655,23.8885,31.7375,Cairo,0.0,3.7329197,226.3725,53.189552,28.96585,16.1763,-2.7198715,-2.5372849,0.036931116,18.034718,31.03442,10,3,0,3.7583003666666666,3.420498285714286,3.565912885714286,3.9019244,55.78251485714286,0,0.0,201,0.8082139989496773,0,1
2020-10-08,5216.52,468.84,70.326,23.442,31.46666666666667,Cairo,0.0,2.8580568,221.23166,54.1106,30.121246,17.690948,-1.9198303,-2.0353012,0.06588885,16.952122,28.993223,10,3,0,3.497633633333333,3.384557885714286,3.5224133285714285,3.9019244,55.42674699999999,0,0.0,202,1.0136259789108533,0,1
2020-10-09,5198.74,445.8425,66.876375,22.292125,31.194166666666664,Cairo,0.0,3.1364348,192.01358,57.560066,29.653229,17.739655,-0.57022095,-3.0188828,0.06085387,21.65514,35.875713,10,3,0,3.2424704333333327,3.473365428571429,3.5342759571428575,3.7329197,56.083529999999996,0,0.0,203,1.1470898391438737,0,1
2020-10-10,5372.1900000000005,457.5583333333333,68.63374999999999,22.877916666666664,30.92333333333333,Cairo,0.0,3.3809843,183.78471,64.18298,28.120514,19.359406,-0.27287292,-3.3617249,0.057810944,23.624847,45.111954,10,3,0,3.1251586333333328,3.4272801428571427,3.6127645500000005,3.3809843,57.38848071428571,0,0.0,204,1.1300355631807608,0,1
2020-10-11,4169.92,317.32363636363635,47.59854545454545,15.866181818181818,29.921818181818185,Cairo,0.0,3.014512,190.86969,59.784485,27.208527,17.989532,-0.5600357,-2.960083,0.03044227,17.930058,29.146719,10,3,0,3.1773103666666658,3.3806984285714288,3.4918115285714286,3.3809843,57.86485028571428,0,0.0,205,1.117876163931055,0,1
2020-10-12,5194.17,428.7208333333333,64.30812499999999,21.436041666666668,30.383333333333336,Cairo,0.0,2.6699803,202.20409,51.645065,26.189606,14.554596,-0.9905014,-2.4776764,0.006383325,18.676355,28.573437,10,3,0,3.021825533333333,3.2421160428571434,3.288225621428571,3.3809843,57.36934771428571,0,0.0,206,1.3877245833188945,0,1
2020-10-13,5384.81,459.29333333333335,68.894,22.96466666666667,30.114166666666662,Cairo,0.0,3.0366068,207.34775,51.87403,26.598541,14.63504,-1.3792496,-2.7021637,0.010900484,16.303474,24.712631,10,3,0,2.9070330333333327,3.1184992428571428,3.2143700857142856,3.0366068,56.04953971428571,0,0.0,207,1.5244254056458333,0,1
2020-10-14,5502.82,468.1066666666666,70.216,23.40533333333333,29.843333333333334,Cairo,0.0,4.106736,223.04446,56.653957,26.940826,16.718292,-2.7141647,-3.0651932,0.043783262,12.726412,23.231777,10,3,0,3.2711076999999995,3.171901571428571,3.2961999285714287,4.106736,56.54445471428571,0,0.0,208,1.5298442833798163,0,1
2020-10-15,5357.16,452.96583333333336,67.944875,22.64829166666667,29.5775,Cairo,0.0,4.1334825,213.3776,62.584164,27.194977,17.840363,-2.2409058,-3.4493866,0.07131469,15.62149,32.262203,10,3,0,3.7589417666666662,3.3541052428571425,3.3693315642857145,4.1334825,57.754963857142855,0,0.0,209,1.1540867099468402,0,1
2020-10-16,5335.3,439.89416666666665,65.98412499999999,21.994708333333335,29.31,Cairo,0.0,3.259651,199.48863,60.251663,26.622711,17.27774,-1.1119843,-3.05999,0.027102405,17.822193,30.173424,10,3,0,3.833289833333333,3.3717075571428574,3.422536492857143,4.1334825,58.13947771428571,0,0.0,210,0.6189507705699857,0,1
2020-10-17,5523.75,471.8091666666666,70.77137499999999,23.59045833333333,29.043333333333333,Cairo,0.0,3.725664,206.0,56.728477,25.265533,14.867218,-1.5623245,-3.360176,0.017637316,18.85015,29.959454,10,3,0,3.706265833333333,3.420947514285714,3.4241138285714285,4.1334825,57.07454871428571,0,0.0,211,0.6813732291441238,0,1
2020-10-18,5478.91,503.4236363636364,75.51354545454545,25.17118181818182,31.255454545454544,Cairo,0.0,3.3785484,212.59747,61.18592,25.120392,16.000153,-1.8289032,-2.8404465,0.025314393,12.016497,18.391834,10,3,0,3.4546211333333328,3.472952714285714,3.4268255714285716,3.725664,57.274753714285715,0,0.0,212,0.803605503645479,0,1
2020-10-19,5343.32,484.20454545454544,72.63068181818181,24.210227272727273,30.982727272727274,Cairo,0.0,4.754686,234.92296,59.317276,27.608673,16.439728,-3.8976135,-2.7155838,0.045470823,14.642082,25.986782,10,3,0,3.9529661333333332,3.770767814285714,3.506441928571429,4.754686,58.370783857142854,0,0.0,213,0.9447511053609179,0,1
2020-10-20,5286.52,534.868,80.23020000000001,26.743400000000005,33.653,Cairo,0.0,4.5127945,227.91728,59.76993,28.105133,17.67276,-3.346756,-3.0258713,0.06390117,11.849077,25.29219,10,3,0,4.215342966666666,3.981651771428571,3.550075507142857,4.754686,59.498769571428575,0,0.0,214,1.1300196377436902,0,1
2020-10-21,4721.22,451.421,67.71315,22.57105,33.376999999999995,Cairo,0.0,4.5303407,220.48105,64.488434,26.913239,17.877838,-2.9171524,-3.4632416,0.08516945,20.939676,45.82481,10,3,0,4.599273733333333,4.042166728571429,3.60703415,4.754686,60.617980571428575,0,0.0,215,1.1290631932186292,0,1
2020-10-22,5283.0,537.2479999999999,80.58719999999998,26.862399999999997,33.103,Cairo,0.0,2.1882136,206.78038,56.253242,26.631989,15.344391,-0.95069885,-1.5809097,0.057231776,17.65332,34.74568,10,3,0,3.7437829333333332,3.7642711714285717,3.5591882071428573,4.5303407,59.71356314285715,0,0.0,216,1.1069396368346047,0,1
2020-10-23,5163.08,543.697,81.55454999999999,27.18485,32.831,Cairo,0.0,2.1131172,156.1458,54.117035,27.05423,14.580109,-0.5296402,0.6503601,0.0387014,23.025192,40.284756,10,3,0,2.9438904999999997,3.6004806285714284,3.486094092857143,4.5303407,58.83718771428572,0,0.0,217,1.1197289042425789,0,1
2020-10-24,4075.61,327.59900000000005,49.13985,16.379950000000004,32.558,Cairo,0.0,2.3702776,106.80115,58.885986,25.240753,14.669342,2.1339645,-0.54592896,0.04033421,18.613438,30.442865,10,3,0,2.2238694666666663,3.406854,3.4139007571428577,2.3702776,59.14540328571429,0,0.0,218,1.1249410120696492,0,1
2020-10-25,5244.48,531.11,79.6665,26.555500000000002,32.287,Cairo,0.0,2.079082,155.59631,52.887245,24.45108,13.013702,0.8535843,-1.6768875,0.0165117,17.245228,27.26781,10,3,0,2.1874922666666663,3.221215942857143,3.347084328571429,2.3702776,57.95987828571429,0,0.0,219,1.2941082040186167,0,1
2020-10-26,4785.73,470.177,70.52655,23.508850000000002,32.024,Cairo,0.0,1.7666339,152.8416,60.706123,25.351227,16.271027,0.814621,-1.5654602,0.0293746,26.373077,46.849533,10,3,0,2.071997833333333,2.7943513571428573,3.2825595857142855,2.3702776,58.158285,0,0.0,220,1.2738779833320057,0,1
2020-10-27,4761.62,441.566,66.2349,22.0783,31.757,Cairo,0.0,2.5845952,154.50464,59.977146,26.163239,16.793732,1.1341629,-2.2848434,0.031108249,19.64872,33.649033,10,3,0,2.1434370333333326,2.5188943142857143,3.2502730428571427,2.5845952,58.18788728571429,0,0.0,221,0.9800160679967164,0,1
2020-10-28,4988.36,488.148,73.2222,24.407400000000003,31.493,Cairo,0.0,2.8631477,193.97821,63.091034,25.532501,17.270905,-0.73571014,-2.7211227,0.04550875,22.649364,39.693054,10,3,0,2.4047922666666657,2.2807238857142855,3.161445307142857,2.8631477,57.98825871428571,0,0.0,222,0.8942559667144102,0,1
2020-10-29,4756.07,432.703,64.90544999999999,21.63515,31.232,Cairo,0.0,3.5993004,205.37558,62.57518,25.95279,17.653961,-1.49617,-3.2385025,0.060302753,17.300919,29.94503,10,3,0,3.0156810999999997,2.482307714285714,3.123289442857143,3.5993004,58.89139271428571,0,0.0,223,0.8194961477871602,0,1
2020-10-30,4839.46,448.654,67.29809999999999,22.4327,30.974,Cairo,0.0,4.071491,190.76373,62.65058,25.423859,17.15384,-0.76532745,-3.9987717,0.06848205,21.887997,39.412525,10,3,0,3.5113130333333324,2.7620754,3.181278014285714,4.071491,60.11047057142857,0,0.0,224,0.5507885955968748,0,1
2020-10-31,3141.99,187.129,28.069349999999996,9.35645,30.719,Cairo,0.0,3.8347747,199.10553,60.886223,25.164215,16.443634,-1.3022766,-3.5577621,0.0827447,19.04096,34.539227,10,3,0,3.8351887,2.9712892714285717,3.189071635714286,4.071491,60.396218714285716,0,0.0,225,0.556253058971884,0,1
2020-11-01,3131.74,222.305,33.34575,11.115250000000001,30.466,Cairo,0.0,3.5818367,191.46895,58.72448,24.477448,15.297516,-0.7472305,-3.4494934,0.0510424,15.655579,26.665249,11,3,0,3.829367466666666,3.1859685142857144,3.2035922285714284,4.071491,61.23010942857143,0,0.0,226,0.5485220457882884,0,1
2020-11-02,4908.57,473.691,71.05364999999999,23.68455,30.216,Cairo,0.0,2.4880412,154.43182,53.868202,24.064606,13.418243,1.1691132,-1.9605331,0.017475143,19.220596,30.954182,11,3,0,3.301550866666666,3.2890267,3.0416890285714286,3.8347747,60.253263571428576,0,0.0,227,0.7579787035720567,0,1
2020-11-03,4626.87,454.689,68.20335,22.734450000000002,29.969,Cairo,0.0,2.2398307,143.55054,55.588753,22.450104,12.735138,1.3677597,-1.6482086,0.0037588205,19.43848,30.639605,11,3,0,2.769902866666666,3.239774628571429,2.8793344714285714,3.5818367,59.62635028571429,0,0.0,228,1.1911745656742643,0,1
2020-11-04,4641.63,424.976,63.746399999999994,21.248800000000003,29.725,Cairo,0.0,3.0180087,100.813965,53.6837,22.34793,11.659454,2.9760056,-0.16844177,0.0078087305,25.80718,42.697865,11,3,0,2.5819601999999993,3.261897628571429,2.7713107571428575,3.0180087,58.28244542857143,0,0.0,229,1.4174141626375234,0,1
2020-11-05,4624.19,397.441,59.61614999999999,19.87205,29.483,Cairo,0.0,4.2825956,105.31389,56.407784,23.076447,13.065216,3.9821167,-1.3812866,0.018053504,13.676952,28.881838,11,3,0,3.1801449999999996,3.359511228571429,2.9209094714285717,4.2825956,57.401388857142855,0,0.0,230,1.255509276824641,0,1
2020-11-06,4059.66,334.525,50.178749999999994,16.72625,29.246,Cairo,2.3841858e-05,2.856346,85.01497,55.06172,21.811188,12.006256,2.46698,-0.19691467,0.0077316007,18.795704,34.18,11,3,0,3.3856500999999994,3.1859190857142856,2.9739972428571426,4.2825956,56.317266,0,2.3841857999999784e-05,231,1.246958025598349,0,1
2020-11-07,3426.93,225.066,33.7599,11.253300000000001,29.009000000000004,Cairo,1.9073486e-06,2.3042402,76.318436,60.17412,21.163116,12.4236145,2.2036362,0.6221771,0.012785206,20.487078,33.724636,11,3,0,3.147727266666666,2.9672713,2.969280285714286,4.2825956,56.215537,0,2.5749206599999783e-05,232,1.1879370218788308,0,1
2020-11-08,4506.88,418.942,62.8413,20.947100000000002,28.778,Cairo,0.0,2.4484196,176.95148,53.13005,21.410553,10.345734,0.16068268,2.3790817,0.022134509,42.483917,67.328354,11,3,0,2.5363352666666663,2.805354571428571,2.995661542857143,2.856346,55.41633271428571,0,2.5749206599999783e-05,233,1.004732694544451,0,1
2020-11-09,1953.37,110.648,16.597199999999997,5.5324,28.551,Cairo,4.2915344e-06,4.051531,181.29767,52.24903,20.738556,10.576813,0.48226166,3.564499,0.07775603,26.030434,63.854485,11,3,0,2.9347302666666657,3.0287102571428575,3.1588684785714287,4.051531,55.18502242857142,0,3.0040740999999784e-05,234,0.817887632921889,0,1
2020-11-10,4702.83,425.856,63.8784,21.2928,28.325,Cairo,0.0,3.398736,50.350235,52.19641,21.917511,10.650787,2.5669098,1.9078369,0.029970443,14.253268,26.649673,11,3,0,3.299562199999999,3.194268157142857,3.2170213928571427,4.051531,54.700402,0,3.0040740999999784e-05,235,0.777264414597854,0,1
2020-11-11,4760.84,459.913,68.98695,22.99565,28.104000000000003,Cairo,0.0,1.9408362,169.03075,43.19719,21.711334,8.302887,1.1332779,0.21538544,0.020940263,22.669992,39.943905,11,3,0,3.130367733333333,3.0403863714285713,3.151142,4.051531,53.20232914285714,0,3.0040740999999784e-05,236,0.7359892470515969,0,1
2020-11-12,4814.94,481.384,72.2076,24.069200000000002,27.885,Cairo,0.0,2.0188582,200.97955,45.687176,20.94754,8.319855,-0.42741394,-0.8054962,0.025468856,23.184746,38.981697,11,3,0,2.4528101333333323,2.716995314285714,3.038253271428571,3.398736,51.670813714285714,0,3.0040740999999784e-05,237,0.4529240792401522,0,1
2020-11-13,5128.91,521.1360000000001,78.17040000000001,26.056800000000006,27.673,Cairo,0.0,2.346129,208.42157,55.301697,21.690338,11.462921,-1.0003586,-2.0897446,0.0076315026,26.429565,40.476254,11,3,0,2.1019411333333324,2.6441071714285718,2.9150131285714287,2.346129,51.705096142857144,0,6.1988829999997825e-06,238,0.4359884729726967,0,1
2020-11-14,4650.18,430.991,64.64864999999999,21.54955,27.464,Cairo,0.0,3.3531153,164.09085,64.699745,21.681427,13.607819,1.1594772,-3.093605,0.01665375,21.694641,35.62139,11,3,0,2.5727008333333323,2.7939464714285713,2.8806088857142855,3.3531153,52.351614,0,4.291534399999782e-06,239,0.4393100868587812,0,1
2020-11-15,3879.95,318.37800000000004,47.7567,15.918900000000002,27.259000000000004,Cairo,6.198883e-06,3.979835,147.58017,62.30925,20.555206,12.226959,2.2676697,-3.1853714,0.0058916593,15.28447,24.798506,11,3,0,3.2263597666666652,3.0127200999999997,2.909037335714286,3.979835,53.662928285714294,0,1.0490417399999783e-05,240,0.5537229033506436,0,1
2020-11-16,3801.3,289.833,43.47495,14.491650000000002,27.058,Cairo,0.0,3.0273175,128.06342,53.557434,20.115997,9.581696,1.6653748,-1.8797836,0.004733743,20.758057,34.486156,11,3,0,3.4534225999999992,2.8664038857142855,2.947557071428571,3.979835,53.84984314285715,0,6.198882999999783e-06,241,0.6947627876175215,0,1
2020-11-17,4007.36,316.766,47.514900000000004,15.838300000000002,26.859,Cairo,0.0,3.1361408,185.80292,54.69397,20.487335,10.219635,-0.51969147,-3.0125427,0.0037952322,17.36184,27.269783,11,3,0,3.3810977666666653,2.828890285714286,3.0115792214285713,3.979835,54.206637428571426,0,6.198882999999783e-06,242,0.6691628187420752,0,1
2020-11-18,4956.49,475.099,71.26485,23.75495,26.665,Cairo,0.0,3.2268486,184.24887,58.65287,20.83255,11.773834,-0.25717926,-3.2081985,0.0124694435,24.174145,39.828224,11,3,0,3.130102299999999,3.012606342857143,3.026496357142857,3.2268486,56.41459171428572,0,6.198882999999783e-06,243,0.5980374072337323,0,1
2020-11-19,3990.55,311.34000000000003,46.701,15.567000000000002,26.478,Cairo,0.0,2.9573665,130.32637,62.398117,20.94815,12.147614,2.2937622,-1.5707779,0.008865805,19.868275,31.151913,11,3,0,3.1067852999999985,3.146678957142857,2.931837135714286,3.2268486,58.801869,0,6.198882999999783e-06,244,0.5980452810471376,0,1
2020-11-20,2312.93,128.784,19.3176,6.4392,26.294,Cairo,2.3841858e-06,3.820822,52.945297,59.07478,19.3096,10.277008,3.3158646,1.6705856,0.023726016,22.27424,42.599846,11,3,0,3.335012366666666,3.3573493857142855,3.0007282785714287,3.820822,59.34088085714286,0,8.583068799999784e-06,245,0.7358067451339221,0,1
2020-11-21,5085.25,481.866,72.2799,24.0933,26.114,Cairo,0.0,3.6202807,65.83156,58.905495,18.18924,9.485016,3.2341537,1.1252747,0.019149162,8.882073,20.712708,11,3,0,3.466156399999999,3.3955158714285716,3.0947311714285712,3.820822,58.513130857142855,0,8.583068799999784e-06,246,0.9899006872359803,0,1
2020-11-22,4929.24,502.22,75.333,25.111000000000004,25.940999999999995,Cairo,0.0,1.6784618,114.83712,58.12948,18.980621,10.07608,0.42458344,-0.4595337,0.006590288,28.074884,46.625557,11,3,0,3.0398548333333326,3.066748271428571,3.0397341857142854,3.820822,57.91602085714286,0,2.3841857999997833e-06,247,1.0370788260468928,0,1
2020-11-23,4611.95,425.724,63.858599999999996,21.2862,25.769,Cairo,0.0,2.9775915,223.2189,61.393196,19.719513,11.535675,-2.0401382,-2.1688385,0.0016203269,18.212683,27.089603,11,3,0,2.758777999999999,3.059644557142857,2.9630242214285714,3.6202807,59.035415428571426,0,2.3841857999997833e-06,248,1.0301464871254473,0,1
2020-11-24,2924.51,175.918,26.3877,8.795900000000001,25.604000000000003,Cairo,0.0,3.1481981,220.7794,63.423923,21.273834,13.111847,-2.0405884,-2.3903885,0.006886471,11.225908,18.360981,11,3,0,2.601417133333332,3.0613670285714285,2.945128657142857,3.1481981,60.28255157142858,0,2.3841857999997833e-06,249,1.1553126732897436,0,1
2020-11-25,3840.59,328.42600000000004,49.26390000000001,16.421300000000002,25.445,Cairo,6.67572e-06,4.042432,160.19234,67.6194,18.647858,11.905304,2.5802536,-2.1572342,0.01931615,20.181385,31.97691,11,3,0,3.389407199999999,3.1778789428571423,3.095242642857143,4.042432,61.56348442857143,0,9.059905799999784e-06,250,1.1543998619416742,0,1
2020-11-26,3602.58,302.808,45.4212,15.1404,25.288,Cairo,2.861023e-06,4.2228494,85.97525,64.11333,17.949982,10.439362,3.659233,-0.16038513,0.012029503,13.637335,26.397505,11,3,0,3.8044931666666657,3.3586622142857143,3.2526705857142852,4.2228494,61.80851485714286,0,1.1920928799999782e-05,251,1.118359362544943,0,1
2020-11-27,4733.53,458.133,68.71995,22.90665,25.139000000000003,Cairo,1.6212463e-05,1.2727318,61.758835,60.03578,18.836212,10.013336,0.61976624,0.3777008,0.0068768784,36.458065,57.064674,11,3,0,3.179337733333332,2.994649328571429,3.175999357142857,4.2228494,61.94580057142857,0,2.574920599999978e-05,252,1.1216160742234869,0,1
2020-11-28,4492.32,418.552,62.7828,20.9276,24.993,Cairo,0.0,2.6396894,151.5329,61.444023,17.48941,9.042145,1.396327,-2.1618576,0.004794397,39.538544,59.15705,11,3,0,2.7117568666666654,2.854564857142857,3.1250403642857143,4.2228494,62.30844742857143,0,2.574920599999978e-05,253,1.2397676572876517,0,1
2020-11-29,5001.94,525.952,78.8928,26.297600000000003,24.853,Cairo,0.0,0.9668238,133.02823,56.329163,18.289093,8.460724,0.60572815,-0.46952057,0.00576387,34.719185,53.24147,11,3,0,1.6264149999999988,2.7529022857142857,2.9098252785714283,2.6396894,62.051259285714295,0,2.574920599999978e-05,254,1.2674498481740122,0,1
2020-11-30,5032.63,505.609,75.84134999999999,25.280450000000002,24.718,Cairo,0.0,1.4521087,201.66025,46.974197,18.949127,6.7532043,0.8410721,1.0176468,0.024278985,57.0812,85.834625,11,3,0,1.6862072999999989,2.5349761714285712,2.7973103642857144,2.6396894,59.99140228571429,0,2.574920599999978e-05,255,1.21544845851423,0,1
2020-12-01,5136.67,502.616,75.3924,25.1308,24.589,Cairo,0.0,3.280452,200.33714,41.98252,17.81546,3.8579407,0.9837494,1.9025955,0.058412924,23.449112,46.78146,12,0,0,1.899794833333332,2.5538695857142857,2.807618307142857,3.280452,56.92834471428571,0,2.574920599999978e-05,256,0.5541066058078369,0,1
2020-12-02,4511.69,437.175,65.57625,21.85875,24.466,Cairo,0.0,0.92404574,321.07892,44.61348,18.070831,5.5505676,-0.20774841,0.87973785,0.09841638,35.693096,81.96708,12,0,0,1.8855354799999986,2.108385834285714,2.6431323885714284,3.280452,53.64178471428572,0,1.907348599999978e-05,257,0.5332131097438396,0,1
2020-12-03,4837.58,487.187,73.07805,24.359350000000003,24.348,Cairo,0.0,0.9747283,156.54701,46.822258,18.330719,6.0646057,-0.50844574,0.6097717,0.07872047,55.818027,103.52748,12,0,0,1.7264086799999987,1.6443685342857142,2.501515374285714,3.280452,51.17163157142857,0,1.621246299999978e-05,258,0.5227737883884637,0,1
2020-12-04,4354.21,380.619,57.092850000000006,19.03095,24.234,Cairo,0.0,2.0161328,194.78772,46.660538,18.29898,6.1249084,0.80716705,1.5234909,0.064542286,61.5679,106.70648,12,0,0,1.3049689466666654,1.750568677142857,2.3726090028571427,2.0161328,49.26088271428572,0,0.0,259,0.45862358988580665,0,1
2020-12-05,5064.860000000001,501.609,75.24135,25.08045,24.127,Cairo,0.0,2.7236197,218.52832,42.29937,18.737213,4.7364807,1.448555,0.38532257,0.058708124,29.475452,51.037514,12,0,0,1.904826933333332,1.76255872,2.3085617885714282,2.7236197,46.52593228571428,0,0.0,260,0.3827520407317968,0,1
2020-12-06,5061.36,514.83,77.2245,25.741500000000002,24.024,Cairo,0.0,1.4428276,167.96725,49.024906,17.548492,5.237213,-0.11139679,1.0018616,0.04153715,37.810806,67.35793,12,0,0,2.060860033333332,1.8305592628571428,2.2917307742857145,2.7236197,45.482467,0,0.0,261,0.4912754805191886,0,1
2020-12-07,3940.87,346.175,51.92625,17.30875,23.928,Cairo,0.0,5.0124717,175.11917,36.408558,20.284454,3.2739563,0.4161911,4.5822144,0.12970464,29.082525,57.650208,12,0,0,3.0596396666666656,2.3391825485714284,2.43707936,5.0124717,43.97309,0,0.0,262,0.8984516475221974,0,1
2020-12-08,4518.93,429.15199999999993,64.37279999999998,21.4576,23.84,Cairo,0.0,2.6487699,131.71994,52.535976,18.878693,8.618683,1.952591,-1.7312393,0.17030066,33.279198,78.842834,12,0,0,3.034689733333332,2.2489422485714283,2.401405917142857,5.0124717,45.480726571428576,0,0.0,263,0.8643234974754538,0,1
2020-12-09,5040.38,522.783,78.41745,26.13915,23.754,Cairo,0.0,1.894741,201.16782,53.781727,17.7294,6.839142,-0.4384079,-0.81762695,0.03596633,28.062546,53.05253,12,0,0,3.185327533333332,2.3876129999999995,2.2479994171428572,5.0124717,46.79047614285714,0,0.0,264,0.9072544403137747,0,1
2020-12-10,5069.91,520.885,78.13275,26.04425,23.676,Cairo,0.0,1.4731824,260.57697,43.93464,16.767365,2.434845,-1.4570084,-0.11830139,0.011438791,44.953735,70.43125,12,0,0,2.005564433333332,2.4588207285714283,2.0515946314285713,2.6487699,46.37795928571428,0,0.0,265,1.1328747571632278,0,1
2020-12-11,4902.59,473.082,70.9623,23.6541,23.603,Cairo,0.0,3.3135846,182.63782,35.238007,18.854034,2.104721,0.76506805,2.6581268,0.04290703,52.954407,82.920166,12,0,0,2.227169333333332,2.6441709857142857,2.1973698314285715,3.3135846,44.74616914285714,0,0.0,266,1.1503941793125563,0,1
2020-12-12,4108.09,377.575,56.63625,18.87875,23.535,Cairo,0.0,2.083468,205.17157,37.161324,18.494171,2.4641418,0.97416687,1.3744278,0.07733226,49.023956,82.91981,12,0,0,2.2900783333333323,2.552720742857143,2.1576397314285716,3.3135846,44.01216257142857,0,0.0,267,1.1421568379028388,0,1
2020-12-13,4181.15,370.254,55.5381,18.512700000000002,23.476,Cairo,0.0,3.1752987,172.14694,38.3402,20.716095,4.7776184,0.24617004,2.9039307,0.06353939,56.997955,95.29782,12,0,0,2.8574504333333324,2.8002166142857137,2.3153879385714284,3.3135846,42.485775999999994,0,0.0,268,1.3695043312761004,0,1
2020-12-14,3472.38,248.832,37.324799999999996,12.441600000000001,23.421,Cairo,0.0,5.872175,34.696106,34.71519,21.132355,4.905304,3.5377197,4.1468964,0.18069647,25.622986,78.72224,12,0,0,3.710313899999999,2.9230313714285714,2.63110696,5.872175,42.24386628571428,0,0.0,269,1.5468641618084245,0,1
2020-12-15,3874.55,295.105,44.265750000000004,14.755250000000002,23.372,Cairo,4.2915344e-06,6.623395,55.084442,50.700783,17.925201,7.433502,5.3113785,3.352478,0.12521541,16.774551,56.62536,12,0,0,5.223622899999999,3.490834957142858,2.869888602857143,6.623395,41.98169585714286,0,4.2915343999997795e-06,270,1.5943004790268334,0,1
2020-12-16,1968.11,79.137,11.87055,3.95685,23.329,Cairo,0.00015211105,3.589251,82.226776,66.8909,18.276642,11.803986,3.1462936,-0.00869751,0.015817977,16.187344,28.997211,12,0,0,5.361606999999999,3.7329078142857144,3.0602604071428567,6.623395,43.854434857142856,0,0.00015640258439999978,0,1.545573781510391,0,1
2020-12-17,4129.02,339.958,50.993700000000004,16.9979,23.293,Cairo,0.0,2.3105226,129.4801,66.173775,17.467438,10.156036,1.3726501,-1.0482864,0.025150795,23.715359,39.439255,12,0,0,4.174389533333332,3.852527842857143,3.1556742857142863,6.623395,47.03145414285715,0,0.00015640258439999978,1,1.4020049525665166,0,1
2020-12-18,4564.12,426.86500000000007,64.02975,21.343250000000005,23.262,Cairo,0.0,2.651651,196.69159,60.595726,18.025787,9.389557,-0.9419098,-2.4283218,0.01117154,24.120213,38.076088,12,0,0,2.8504748666666657,3.7579659,3.2010684428571428,3.589251,50.65398542857143,0,0.00015640258439999978,2,1.4486642141391421,0,1
2020-12-19,4045.63,335.479,50.32185,16.77395,23.238,Cairo,0.0,3.602028,219.94125,67.356514,18.067902,10.966705,-2.3829422,-2.6895447,0.015620006,19.964848,32.995182,12,0,0,2.8547338666666655,3.974903042857143,3.263811892857143,3.602028,54.967584,0,0.00015640258439999978,3,1.4754407751310568,0,1
2020-12-20,4932.68,473.74300000000005,71.06145000000001,23.687150000000003,23.222,Cairo,0.0,3.7837856,223.19034,66.74097,17.550568,10.133209,-2.5754013,-2.771164,0.014197186,24.06438,39.144974,12,0,0,3.345821533333332,4.061829742857143,3.431023178571429,3.7837856,59.024836857142866,0,0.00015640258439999978,4,1.260293159043683,0,1
2020-12-21,5081.57,505.324,75.7986,25.2662,23.207,Cairo,0.0,3.303162,219.64362,63.821053,17.531036,9.768341,-2.094017,-2.553772,0.0073848856,18.321587,30.186749,12,0,0,3.5629918666666653,3.6948278857142856,3.308929628571429,3.7837856,63.18281728571429,0,0.00015640258439999978,5,0.31681339706925765,0,1
2020-12-22,4343.53,388.1470000000001,58.22205000000001,19.407350000000008,23.202,Cairo,0.0,3.0738065,203.1835,70.1629,17.588043,11.249176,-0.93478394,-2.7412872,0.008100038,24.228985,40.278008,12,0,0,3.3869180333333317,3.187743814285714,3.339289385714286,3.7837856,65.96311971428572,0,0.0001521110499999998,6,0.3262911568706598,0,1
2020-12-23,2077.47,87.429,13.11435,4.37145,23.203,Cairo,0.0,3.0504,163.70209,63.94336,17.395905,9.977203,0.9784012,-2.8305664,0.025994701,19.04086,30.348686,12,0,0,3.1424561666666655,3.1107650999999996,3.4218364571428572,3.303162,65.54204257142858,0,0.0,7,0.2710439622673222,0,1
2020-12-24,3986.84,322.664,48.3996,16.1332,23.21,Cairo,0.0,2.6571598,158.3588,61.978874,16.227448,8.209259,0.9852371,-2.4676514,0.004535229,18.43079,29.661396,12,0,0,2.9271220999999987,3.1602846999999996,3.5064062714285713,3.0738065,64.94277100000001,0,0.0,8,0.6108227703867987,0,1
2020-12-25,4482.85,401.147,60.17205,20.05735,23.222,Cairo,0.0,3.4407983,198.0137,56.44255,17.070587,7.8161926,-1.30513,-3.0711288,0.003570965,14.778002,23.307428,12,0,0,3.0494526999999985,3.273020028571429,3.515492964285715,3.4407983,64.34946014285714,0,0.0,9,0.575224918713299,0,1
2020-12-26,5155.42,510.994,76.6491,25.5497,23.24,Cairo,0.0,4.5867853,210.22246,61.772392,17.949982,9.087921,-2.438919,-3.8231506,0.02089483,19.224579,36.15485,12,0,0,3.5615811333333323,3.413699642857143,3.6943013428571425,4.5867853,63.55172842857143,0,0.0,10,0.5518585647170648,0,1
2020-12-27,5017.95,523.0840000000001,78.46260000000001,26.154200000000003,23.264,Cairo,0.0,1.7079824,204.12738,59.51937,18.060822,9.111481,-0.7355499,-1.5352631,0.054950677,29.05425,58.686905,12,0,0,3.2451886666666656,3.1171563285714283,3.5894930357142854,4.5867853,62.52007128571428,0,0.0,11,0.6157682639020997,0,1
2020-12-28,4454.48,395.692,59.3538,19.7846,23.296,Cairo,0.0,2.129917,216.61409,63.107727,16.781647,9.443512,0.90792084,0.43650818,0.017445551,40.15072,61.18506,12,0,0,2.8082282333333324,2.9495499,3.3221888928571426,4.5867853,62.41816757142857,0,0.0,12,0.6538460357028575,0,1
2020-12-29,4668.36,455.33,68.2995,22.7665,23.333,Cairo,0.0,2.6926665,199.5987,69.81497,16.266998,9.735504,-0.9309006,-2.5159912,0.01975102,37.18461,61.958374,12,0,0,2.1768552999999984,2.895101328571428,3.0414225714285714,2.6926665,62.36846328571429,0,0.0,13,0.7405239101490529,0,1
2020-12-30,4913.11,482.906,72.4359,24.145300000000002,23.377,Cairo,0.0,2.9842272,210.77354,64.71307,16.368073,9.0121155,-1.4119873,-2.5776062,0.012839096,25.732132,44.972725,12,0,0,2.602270233333332,2.8856480714285717,2.9982065857142857,2.9842272,62.478421857142855,0,0.0,14,0.7749376404758361,0,1
2020-12-31,4523.23,419.949,62.99235,20.99745,23.426,Cairo,0.0,2.140702,192.94551,73.12491,15.933868,10.413605,-0.36865997,-2.0250092,0.027314818,31.466156,56.9818,12,0,0,2.6058652333333323,2.8118683857142854,2.9860765428571425,2.9842272,64.0707127142857,0,0.0,15,0.8274094013281797,0,1
2021-01-01,4883.76,479.991,71.99865,23.99955,23.497,Cairo,0.0,2.1271257,180.82037,71.61313,15.110179,9.478912,-0.11446635,-2.0887654,0.022309996,26.8574,46.78707,1,0,0,2.4173516333333325,2.624200871428571,2.9486104500000003,2.9842272,66.23793842857143,0,0.0,16,1.0651205872948877,0,1
2021-01-02,3830.45,328.674,49.3011,16.433699999999998,23.56,Cairo,0.0,2.4665263,216.64378,75.8438,15.871246,11.022369,-1.4247385,-1.9311727,0.026797863,37.200268,63.41816,1,0,0,2.2447846666666655,2.3213067285714284,2.8675031857142854,2.4665263,68.24813957142857,0,0.0,17,0.9182871276685196,0,1
2021-01-03,4773.7,462.4810000000001,69.37215000000002,23.124050000000008,23.63,Cairo,3.33786e-06,2.7053623,215.46806,80.7723,15.809886,11.995189,-1.4837393,-2.1960194,0.018434383,29.002851,49.298462,1,0,0,2.433004766666665,2.4637895714285714,2.7904729499999994,2.7053623,71.28427242857143,0,3.337859999999783e-06,18,0.5265828650888065,0,1
2021-01-04,4785.19,474.967,71.24504999999999,23.748350000000002,23.704,Cairo,9.536743e-07,2.0062616,221.35321,78.33429,16.390207,11.850169,-1.2875977,-1.4620005,0.027141519,37.05365,64.89056,1,0,0,2.392716733333332,2.446124514285714,2.697837207142857,2.7053623,73.45949571428571,0,4.291534299999783e-06,19,0.4470285204829082,0,1
2021-01-05,4664.36,473.283,70.99245,23.664150000000003,23.785000000000004,Cairo,1.9073486e-06,1.5781107,200.41003,76.82411,16.89916,11.981191,0.18222046,-0.87723285,0.05140799,67.08283,109.499176,1,0,0,2.096578199999999,2.286902257142857,2.591001792857143,2.7053623,74.46080142857143,0,6.1988828999997834e-06,20,0.5663023074992233,0,1
2021-01-06,3887.98,352.308,52.846199999999996,17.6154,23.874,Cairo,0.0,3.0269344,221.26611,74.37848,17.837717,12.355784,-1.9487406,-2.2262776,0.07901786,37.38838,57.168907,1,0,0,2.2037688999999987,2.2930032857142857,2.5893256785714285,3.0269344,75.84157428571429,0,6.1988828999997834e-06,21,0.8847508405710227,0,1
2021-01-07,4734.81,471.677,70.75155,23.58385,23.966,Cairo,3.8146973e-06,2.6398733,221.88603,70.99416,17.854156,11.566315,-1.7447001,-1.9721171,0.06494916,51.648205,80.69772,1,0,0,2.414972799999999,2.3643134714285714,2.588090928571429,3.0269344,75.53718142857143,0,1.0013580199999783e-05,22,1.0477903562279371,0,1
2021-01-08,4638.55,458.807,68.82105,22.940350000000002,24.064,Cairo,0.0,2.51797,217.37099,68.12995,17.43212,10.607493,-1.2715708,-1.923055,0.02794031,49.344925,77.095505,1,0,0,2.7282592333333326,2.420148371428571,2.5221746214285714,3.0269344,75.0395842857143,0,1.0013580199999783e-05,23,0.8730614821996724,0,1
2021-01-09,3569.66,286.556,42.983399999999996,14.3278,24.168,Cairo,4.7683716e-07,2.329006,193.01038,79.26152,14.970204,10.865631,-0.39007568,-2.2451172,0.026080962,57.69404,91.13714,1,0,0,2.4956164333333324,2.400502614285714,2.3609046714285715,2.6398733,75.52783,0,1.0490417359999784e-05,24,1.08553423396581,0,1
2021-01-10,4723.89,453.045,67.95675,22.652250000000002,24.279,Cairo,7.6293945e-06,3.0112145,198.61182,79.60055,16.773264,12.422679,-1.0535532,-2.786621,0.07032777,41.939987,69.414795,1,0,0,2.6193968333333326,2.4441957857142858,2.4539926785714283,3.0112145,75.36043714285714,0,1.4781951859999784e-05,25,1.0058176147804294,0,1
2021-01-11,4931.16,480.745,72.11175,24.03725,24.395,Cairo,0.0,3.7743409,229.2716,70.62994,17.925283,11.209544,-2.9385376,-2.315379,0.06657991,33.17126,59.97631,1,0,0,3.0381871333333326,2.696778542857143,2.571451528571429,3.7743409,74.25981571428572,0,1.3828277559999783e-05,26,1.0478142429379984,0,1
2021-01-12,4520.99,408.263,61.23944999999999,20.41315,24.516,Cairo,0.0,3.3173587,218.2101,51.637527,18.61319,7.2700095,-0.12717693,2.5949097,0.09151971,36.67682,81.05802,1,0,0,3.367638033333332,2.945242542857143,2.6160724,3.7743409,70.66173242857143,0,1.1920928959999785e-05,27,1.1847053331637287,0,1
2021-01-13,1590.68,50.994,7.6491,2.5497,24.644,Cairo,0.0,6.1532707,136.13535,44.748856,20.44335,7.738922,2.0366058,5.2289276,0.13177912,29.056051,65.5639,1,0,0,4.4149901,3.391862014285714,2.84243265,6.1532707,66.428929,0,1.1920928959999785e-05,28,1.67406735427777,0,1
2021-01-14,5042.68,455.811,68.37164999999999,22.79055,24.777,Cairo,0.0,4.296437,71.78391,56.54012,15.524811,6.2999573,3.9238892,0.99467975,0.05649665,12.868379,29.066463,1,0,0,4.589022133333333,3.6285139714285717,2.9964137214285715,6.1532707,64.36406614285714,0,8.106231659999784e-06,29,1.862875101323862,0,1
2021-01-15,4485.610000000001,396.781,59.51715,19.83905,24.915,Cairo,0.0,2.8624353,40.34322,60.900787,14.437734,6.136953,1.8724874,1.8004507,0.003803235,9.713082,19.798084,1,0,0,4.437380999999999,3.6777233,3.048935835714286,6.1532707,63.33132857142857,0,8.106231659999784e-06,30,2.168491779074861,0,1
2021-01-16,3467.5600000000004,255.433,38.314949999999996,12.771650000000001,25.058,Cairo,0.0,3.8660994,31.072916,52.58198,14.530914,4.421458,2.2302196,2.2751973,0.048687387,26.227943,47.920353,1,0,0,3.6749905666666662,3.8973080714285717,3.148905342857143,4.296437,59.51996571428572,0,7.629394499999783e-06,31,2.2406734605900076,0,1
2021-01-17,4501.75,388.399,58.25985,19.41995,25.209,Cairo,0.0,5.712748,41.905834,46.787884,14.558177,3.0281475,3.9223633,3.3435516,0.0838821,14.25691,39.120003,1,0,0,4.147094233333333,4.283241428571428,3.3637186071428573,5.712748,54.832442,0,0.0,32,2.410334334893275,0,1
2021-01-18,5315.96,506.6,75.99,25.330000000000002,25.362,Cairo,0.0,3.2533128,56.80852,58.274006,13.51122,4.511383,2.7197876,1.6680552,0.013163061,13.623602,30.080261,1,0,0,4.277386733333333,4.208808842857143,3.4527936928571425,5.712748,53.06730857142857,0,0.0,33,2.570635452098463,0,1
2021-01-19,5079.5,463.759,69.56385,23.18795,25.52,Cairo,0.0,5.1575274,46.66115,50.815533,13.266022,3.0459697,3.387843,2.5629222,0.046108343,13.068182,33.89688,1,0,0,4.707862733333333,4.471690085714286,3.7084663142857144,5.712748,52.94988085714285,0,0.0,34,2.4368285486815227,0,1
2021-01-20,5037.55,439.679,65.95185,21.98395,25.685,Cairo,1.9073486e-06,4.4893284,123.24023,64.605125,12.950185,5.783193,3.2729595,-2.57664,0.0053409487,9.780191,17.783413,1,0,0,4.300056199999999,4.233984042857143,3.812923028571429,5.1575274,55.78649071428572,0,1.9073485999997832e-06,35,0.9039843667817232,0,1
2021-01-21,5455.81,478.35181818181815,71.75277272727271,23.917590909090908,23.655454545454543,Cairo,0.0,3.1498244,193.7856,56.907837,12.263092,3.3228252,-0.93326825,-2.9262695,0.0010762424,20.067347,31.429531,1,0,0,4.265560066666666,4.070182242857142,3.849348107142857,5.1575274,55.839021714285714,0,1.9073485999997832e-06,36,0.8945316536366963,0,1
2021-01-22,5586.71,491.5254545454545,73.72881818181817,24.576272727272727,23.83090909090909,Cairo,0.0,4.9254513,222.12117,60.591793,13.047679,4.9391174,-3.29865,-3.6549377,0.0040951166,10.939367,18.6129,1,0,0,4.188201366666665,4.364898814285715,4.021311057142857,4.9254513,55.79487971428572,0,1.9073485999997832e-06,37,0.8420591100709516,0,1
2021-01-23,5445.5,498.22909090909087,74.73436363636363,24.911454545454546,24.007272727272724,Cairo,0.0,2.302555,199.42735,68.62528,12.171051,5.41803,-0.7468211,-2.139145,0.022945989,26.08435,47.95267,1,0,0,3.459276899999999,4.141535328571428,4.0194217000000005,4.9254513,58.086779714285704,0,1.9073485999997832e-06,38,0.8073453573333889,0,1
2021-01-24,5292.83,474.0863636363636,71.11295454545454,23.70431818181818,24.19454545454545,Cairo,0.0,2.1683085,185.48236,68.19947,12.324208,5.906423,-0.026468912,-1.6647135,0.012336075,28.924366,48.83262,1,0,0,3.1321049333333324,3.6351868285714284,3.959214128571429,4.9254513,61.145577714285714,0,1.9073485999997832e-06,39,0.5348681019986982,0,1
2021-01-25,5258.47,472.61727272727273,70.89259090909091,23.63086363636364,24.38181818181818,Cairo,0.0,1.9817032,221.38661,64.44357,13.491364,6.3547974,-1.0260925,-1.3879496,0.009794099,32.212147,54.407066,1,0,0,2.150855566666666,3.4535283142857147,3.831168578571429,2.302555,62.02694400000001,0,1.9073485999997832e-06,40,0.5304431764104919,0,1
2021-01-26,5177.41,453.94545454545454,68.09181818181818,22.69727272727273,24.572727272727278,Cairo,0.0,2.7097635,249.39378,58.451237,14.745107,4.9250083,-2.4141033,-1.0661265,0.009131987,41.805027,66.3678,1,0,0,2.2865917333333328,3.1038477571428578,3.7877689214285715,2.7097635,63.11775885714286,0,1.9073485999997832e-06,41,0.9109032946709282,0,1
2021-01-27,4826.2,396.23545454545456,59.43531818181818,19.81177272727273,24.770000000000003,Cairo,0.0,3.5910504,133.49892,43.83379,15.351064,2.1449993,1.4257202,2.8580933,0.022866653,46.314953,72.106995,1,0,0,2.760839033333333,2.9755223285714285,3.6047531857142863,3.5910504,60.15042528571429,0,0.0,42,1.2705016349443798,0,1
2021-01-28,4898.389999999999,381.8818181818182,57.282272727272726,19.09409090909091,24.97,Cairo,0.0,2.8494093,98.56641,58.94328,13.760895,4.925364,2.6272328,-0.025238037,0.01909123,17.219374,30.950844,1,0,0,3.0500743999999993,2.9326058857142856,3.5013940642857144,3.5910504,60.441202857142855,0,0.0,43,1.1815368128635542,0,1
2021-01-29,3837.69,248.0472727272727,37.20709090909091,12.402363636363637,25.17727272727273,Cairo,1.4781952e-05,4.371732,76.32073,49.76756,14.15567,3.4093323,3.6087239,0.8754985,0.04324449,13.701892,30.392427,1,0,0,3.6040638999999985,2.8535031285714285,3.6092009714285713,4.371732,58.89488385714286,0,1.4781951999999784e-05,44,1.1763086088827484,0,1
2021-01-30,5489.46,480.60909090909087,72.09136363636362,24.030454545454546,25.383636363636366,Cairo,0.0,3.9165535,13.468923,57.04598,12.84496,3.6293843,1.1637014,3.5547535,0.027789455,25.721045,49.65191,1,0,0,3.7125649333333324,3.084074342857143,3.612804835714286,4.371732,57.24069814285714,0,1.4781951999999784e-05,45,1.0497309057674402,0,1
2021-01-31,5482.97,496.1218181818182,74.41827272727272,24.806090909090912,25.59636363636364,Cairo,0.0,4.8381295,23.40264,39.772785,16.003,2.1257222,1.5886179,4.308619,0.028859831,10.408938,19.918146,1,0,0,4.375471666666666,3.4654773428571426,3.5503320857142855,4.8381295,53.17974314285714,0,1.4781951999999784e-05,46,1.1012483359844223,0,1
2021-02-01,5342.57,491.5718181818182,73.73577272727272,24.57859090909091,25.813636363636363,Cairo,0.0,2.2746499,290.41907,49.9003,17.10961,5.072744,-2.015569,0.5806783,0.01544552,27.023071,43.48127,2,0,0,3.6764442999999987,3.5073268714285715,3.480427592857143,4.8381295,51.10213314285714,0,1.4781951999999784e-05,47,1.4367604980397053,0,1
2021-02-02,5205.41,482.4145454545455,72.36218181818182,24.120727272727276,26.033636363636365,Cairo,0.0,2.431417,220.7512,46.877895,17.768137,4.947174,-0.2025655,1.5505472,0.013876236,28.4002,44.720318,2,0,0,3.181398799999999,3.4675630857142856,3.2857054214285712,4.8381295,49.448798571428576,0,1.4781951999999784e-05,48,1.805876360244167,0,1
2021-02-03,5151.64,476.7990909090909,71.51986363636364,23.839954545454546,26.256363636363638,Cairo,0.0,2.2186575,218.75117,42.44602,18.073313,3.3119202,-0.67361957,1.89652,0.014772601,41.3667,61.012398,2,0,0,2.3082414666666655,3.2715069571428574,3.1235146428571428,2.431417,49.250545714285714,0,1.4781951999999784e-05,49,2.092848654234495,0,1
2021-02-04,3119.09,160.18363636363637,24.027545454545454,8.009181818181819,26.483636363636364,Cairo,0.002972126,3.0629227,178.50084,63.732563,14.831859,7.690908,1.6626434,0.07121786,0.051701404,63.992195,101.37051,2,0,0,2.570999066666666,3.3020088714285714,3.1173073785714283,3.0629227,49.934729000000004,0,0.0029869079519999997,0,1.9649516805347342,0,1
2021-02-05,4329.82,281.04545454545456,42.15681818181818,14.05227272727273,26.713636363636365,Cairo,4.339218e-05,4.66372,144.66905,74.14637,17.32673,12.060536,2.7017517,-3.7872365,0.090307586,21.352987,40.677658,2,0,0,3.3151000666666657,3.3437214428571425,3.0986122857142857,4.66372,53.41741614285714,0,0.0030155181799999997,1,1.8791735786652086,0,1
2021-02-06,4579.78,390.6081818181818,58.59122727272727,19.53040909090909,26.94818181818182,Cairo,8.106232e-06,1.2975224,141.5988,72.73043,16.060537,10.678375,0.7293752,-1.0552877,0.008581646,17.573895,28.35535,2,0,0,3.0080550333333327,2.969574142857143,3.026824242857143,4.66372,55.658051857142866,0,0.003023624412,2,1.1519177707229777,0,1
2021-02-07,5442.05,505.44090909090914,75.81613636363637,25.27204545454546,27.184545454545457,Cairo,0.0,1.4713434,223.20857,71.2799,16.219961,10.427318,-0.60086566,-1.0796967,0.0044262707,43.326363,64.26267,2,0,0,2.477528599999999,2.4886047,2.977041021428571,4.66372,60.159068285714284,0,0.003023624412,3,1.1315517865907747,0,1
2021-02-08,3710.75,242.75090909090912,36.412636363636366,12.137545454545457,27.425454545454546,Cairo,0.0,2.6724083,202.1967,62.322342,16.983469,7.619456,-0.916214,1.8268179,0.0108172055,32.996502,50.124,2,0,0,1.8137580333333325,2.5454273285714284,3.0263771,2.6724083,61.93364571428572,0,0.003023624412,4,1.1262343565590234,0,1
2021-02-09,4808.05,418.24545454545455,62.73681818181818,20.91227272727273,27.66818181818182,Cairo,0.0,1.2618905,234.06026,40.26305,20.894602,5.7802634,0.002400716,0.9090932,0.02336182,46.640408,70.265205,2,0,0,1.8018807333333324,2.3783521142857142,2.9229575999999997,2.6724083,60.98866785714285,0,0.003023624412,5,1.9297079612950063,0,1
2021-02-10,5115.45,444.4381818181818,66.66572727272727,22.221909090909094,27.912727272727277,Cairo,0.0,2.3215334,182.38037,58.8835,17.510324,8.389394,-0.2933146,-2.2837422,0.038395792,53.21608,82.86536,2,0,0,2.085277399999999,2.3930486714285713,2.832277814285714,2.6724083,63.33687928571429,0,0.003023624412,6,1.8986596144934282,0,1
2021-02-11,5844.55,532.1972727272728,79.82959090909091,26.60986363636364,28.16090909090909,Cairo,0.0,3.772131,230.63646,64.15716,16.639639,8.000966,-2.8705037,-2.3888092,0.040356416,22.095068,40.493187,2,0,0,2.4518516333333324,2.494364142857143,2.898186507142857,3.772131,63.397535999999995,0,5.1498412e-05,7,1.641351382568569,0,1
2021-02-12,5702.84,514.82,77.223,25.741000000000003,28.41454545454545,Cairo,4.7683716e-07,3.1592245,207.25981,74.80906,15.296539,9.386464,-1.1337433,-2.7595673,0.03179066,21.029678,41.330185,2,0,0,3.0842962999999988,2.279436214285714,2.8115788285714283,3.772131,63.492206,0,8.58306916e-06,8,1.821126850642207,0,1
2021-02-13,5510.98,481.31,72.1965,24.0655,28.667272727272724,Cairo,9.536743e-07,2.634989,206.31364,69.94905,15.5885315,9.031322,-1.1909536,-2.2907765,0.055946223,31.2795,59.915573,2,0,0,3.1887814999999993,2.4705028714285713,2.7200385071428568,3.772131,63.094866,0,1.4305114600000002e-06,9,1.8734301296722171,0,1
2021-02-14,5785.55,531.3472727272728,79.70209090909091,26.567363636363638,28.92090909090909,Cairo,0.0,2.3852837,207.06429,67.76947,15.260732,8.182118,-1.0513204,-1.9182281,0.017936397,22.355469,37.955463,2,0,0,2.7264990666666655,2.6010657714285714,2.5448352357142854,3.1592245,62.593376,0,1.4305114600000002e-06,10,1.974000081842239,0,1
2021-02-15,5694.66,527.6345454545454,79.14518181818181,26.381727272727275,29.179090909090903,Cairo,0.0,1.9549941,201.67155,66.34661,14.959056,7.477936,-0.56832886,-1.6663767,0.009852115,34.171757,53.102684,2,0,0,2.325088933333332,2.4985780285714285,2.5220026785714285,2.634989,63.16827142857143,0,1.4305114600000002e-06,11,2.100869543769224,0,1
2021-02-16,1297.68,29.23818181818182,4.385727272727273,1.461909090909091,29.44272727272727,Cairo,4.2915344e-05,3.898752,116.317375,73.93101,12.572662,7.914866,3.47081,-1.0043589,0.04606323,19.20016,38.93119,2,0,0,2.7463432666666656,2.8752725285714287,2.6268123214285715,3.898752,67.97797999999999,0,4.434585546e-05,12,1.5407779413553284,0,1
2021-02-17,4104.29,236.50818181818184,35.47622727272727,11.825409090909092,29.703636363636363,Cairo,3.8146973e-05,7.498333,83.638824,58.276093,9.726959,1.5502828,7.2886505,0.53034973,0.053422093,11.284309,40.093925,2,0,0,4.450693033333333,3.6148153285714284,3.003932,7.498333,67.89120757142857,0,8.249282845999999e-05,13,2.358694175817507,0,1
2021-02-18,3948.26,229.77636363636364,34.466454545454546,11.488818181818182,29.969090909090905,Cairo,7.6293945e-06,4.4133077,81.79426,58.76327,11.52359,3.363922,4.0940857,0.4697113,0.013739728,14.986332,30.812893,2,0,0,5.270130899999999,3.7064120000000003,3.1003880714285716,7.498333,67.12065185714286,0,9.012222296e-05,14,2.301968389284611,0,1
2021-02-19,1951.5,56.407272727272726,8.461090909090908,2.8203636363636364,30.235454545454544,Cairo,0.00011014938,3.3057613,47.130627,60.605145,12.5485735,4.941803,1.6891632,1.155665,0.02322246,16.072662,27.96891,2,0,0,5.072467333333332,3.727345828571429,3.003391021428572,7.498333,65.09152114285715,0,0.0001997947658,0,2.1882010530061233,0,1
2021-02-20,4252.34,265.3709090909091,39.80563636363636,13.268545454545455,30.505454545454544,Cairo,0.0,2.5473304,166.45662,62.553364,12.83495,4.4607644,0.45051065,-2.4778087,0.0011143526,18.507732,28.48996,2,0,0,3.4221331333333325,3.7148231714285713,3.0926630214285713,4.4133077,64.03499457142857,0,0.00019884109150000002,1,1.9105561323972018,0,1
2021-02-21,5481.76,452.77181818181816,67.91577272727272,22.638590909090908,30.775454545454547,Cairo,0.0,2.0211794,218.6255,61.771545,12.621816,4.375234,-0.8988902,-1.6986796,0.0017771339,23.36474,35.916656,2,0,0,2.6247570333333328,3.6628082714285712,3.131937021428572,3.3057613,63.17814814285715,0,0.00019884109150000002,2,1.5680273400957985,0,1
2021-02-22,4729.08,347.3654545454545,52.104818181818175,17.368272727272725,31.045454545454547,Cairo,0.0,2.5201366,229.55357,58.274582,13.672516,4.6349998,-1.7337799,-1.6390787,0.015107772,20.353794,31.717548,2,0,0,2.3628821333333323,3.7435429142857144,3.1210604714285717,2.5473304,62.02500128571429,0,0.00019884109150000002,3,1.2637099569780768,0,1
2021-02-23,4125.79,276.5290909090909,41.47936363636363,13.826454545454546,31.320909090909087,Cairo,4.196167e-05,3.2942753,147.49493,71.742165,13.401601,8.132884,1.9172821,-2.5192413,0.018480202,20.566399,34.53488,2,0,0,2.611863766666666,3.6571890999999996,3.266230814285714,3.2942753,61.712309142857144,0,0.0001978874175,4,1.3394430266722905,0,1
2021-02-24,5679.13,475.3918181818181,71.30877272727271,23.76959090909091,31.594545454545457,Cairo,5.00679e-05,4.121143,161.303,66.698616,15.525868,8.219472,1.3209788,-3.9004211,0.10109698,20.172571,39.02191,2,0,0,3.3118516333333328,3.1747333857142856,3.3947743571428575,4.121143,62.91552671428572,0,0.00020980834450000003,5,1.2493560546419635,0,1
2021-02-25,5367.53,458.45909090909095,68.76886363636363,22.922954545454548,31.87,Cairo,2.7179718e-05,2.4036233,120.31668,71.36217,16.70458,10.628001,1.9979044,-1.2285105,0.0031650788,20.24105,31.699287,2,0,0,3.273013866666666,2.887635614285714,3.2970238071428573,4.121143,64.71536957142857,0,0.000229358668,6,1.6022739920905482,0,1
2021-02-26,5593.2,502.08272727272725,75.31240909090909,25.104136363636364,32.14818181818182,Cairo,0.0,1.6642195,165.54951,69.948395,15.763173,9.308258,0.45019022,-1.4434357,0.009573279,39.974236,60.369617,2,0,0,2.7296619333333325,2.6531296428571425,3.1902377357142853,4.121143,66.05011957142857,0,0.000119209288,7,1.6105599002398234,0,1
2021-02-27,4728.07,319.1127272727273,47.86690909090909,15.955636363636366,32.42636363636364,Cairo,4.005432e-05,3.8132465,199.11617,70.06036,16.555328,9.81013,-1.1140085,-3.6234486,0.010297719,21.921753,33.523422,2,0,0,2.627029766666666,2.8339748,3.274398985714286,3.8132465,67.12254757142857,0,0.000159263608,8,1.636816168537627,0,1
2021-02-28,5337.47,402.35909090909087,60.35386363636363,20.117954545454545,32.70545454545454,Cairo,1.001358e-05,2.8257523,147.0925,69.65388,15.693024,9.14745,1.6277517,-2.144699,0.0075568995,19.32796,30.579918,2,0,0,2.7677394333333325,2.9489137857142858,3.3058610285714285,3.8132465,68.24859542857143,0,0.00016927718800000002,9,1.3047770591860421,0,1
2021-03-01,4843.78,321.60818181818183,48.24122727272727,16.080409090909093,32.98545454545455,Cairo,9.536743e-07,2.425804,105.8473,64.32757,15.792389,8.030589,1.746282,-1.0182343,0.01955293,27.824526,46.574646,3,1,1,3.021600933333333,2.9354377,3.339490307142857,3.8132465,69.113308,0,0.00017023086230000001,10,1.0828619967218793,0,1
2021-03-02,5924.46,514.89,77.23349999999999,25.744500000000002,33.267272727272726,Cairo,0.0,2.6107862,135.32445,65.769615,14.981598,7.732656,1.8537496,-1.8040314,0.008294307,19.809944,33.275517,3,1,1,2.620780833333333,2.8377963999999998,3.2474927499999997,2.8257523,68.26008657142857,0,0.0001282691923,11,0.5946786301832502,0,1
2021-03-03,4201.05,243.4272727272727,36.5140909090909,12.171363636363637,33.550909090909094,Cairo,3.8146973e-06,3.3397477,108.916374,62.204792,13.85204,6.41568,2.9423065,-1.2366333,0.011716017,16.05767,29.301044,3,1,1,2.7921126333333333,2.7261685,2.950450942857143,3.3397477,67.61811171428572,0,8.20159896e-05,12,0.9695308358227263,0,1
2021-03-04,4314.25,317.569,47.63535,15.87845,32.155,Cairo,0.0,3.3322275,98.99747,62.89571,13.33723,5.7276917,1.8713074,-1.1676279,0.003230641,12.20467,20.848206,3,1,1,3.0942537999999993,2.8588262428571434,2.873230928571428,3.3397477,66.40861742857143,0,5.4836271600000006e-05,13,1.1587962738597055,0,1
2021-03-05,5918.23,545.8236363636364,81.87354545454546,27.291181818181823,34.11545454545455,Cairo,0.0,1.44212,212.11845,63.61354,15.129466,6.9479065,-0.5197194,-1.2286276,0.0043103853,34.652885,53.582024,3,1,1,2.7046984,2.8270977428571427,2.740113692857143,3.3397477,65.50363814285714,0,5.4836271600000006e-05,14,1.1262256444547527,0,1
2021-03-06,6086.4,546.8445454545455,82.02668181818181,27.342227272727275,34.39636363636364,Cairo,0.0,3.7863147,222.74345,56.500446,16.393381,6.6009116,-2.5608265,-2.7863464,0.013198568,19.7479,29.253489,3,1,1,2.8535540666666663,2.823250342857143,2.8286125714285713,3.7863147,63.56650757142857,0,1.47819516e-05,15,1.091238263165335,0,1
2021-03-07,5920.8,528.9345454545454,79.3401818181818,26.446727272727273,34.68181818181818,Cairo,0.0,3.560939,213.84595,65.93152,16.187082,8.469798,-1.8987528,-2.9522908,0.018663073,24.239744,36.461334,3,1,1,2.929791233333333,2.9282770142857144,2.9385954,3.7863147,63.03474185714286,0,4.7683716e-06,16,1.155676642601125,0,1
2021-03-08,5992.22,540.1554545454545,81.02331818181817,27.007772727272727,34.96363636363637,Cairo,0.0,3.3497581,221.54376,62.936,16.802887,8.311351,-2.1548615,-2.5038655,0.075978965,16.77053,36.9925,3,1,1,3.5656705999999994,3.060270457142857,2.9978540785714283,3.7863147,62.835946142857146,0,3.8146973e-06,17,1.3099505000238567,0,1
2021-03-09,5515.85,481.2818181818182,72.19227272727272,24.06409090909091,35.24818181818182,Cairo,0.0,3.5439816,260.74963,36.88494,20.541086,3.7492573,-3.4916077,-0.5529022,0.21637471,24.299953,52.880146,3,1,1,3.484892899999999,3.1935840857142854,3.015690242857143,3.560939,58.709564,0,3.8146973e-06,18,2.3772987486618686,0,1
2021-03-10,5669.13,513.3263636363637,76.99895454545455,25.666318181818184,35.53090909090909,Cairo,0.0,4.4591956,127.07223,26.676023,23.863108,2.4267476,1.1085867,3.8249614,0.2083962,42.078186,65.819336,3,1,1,3.7843117666666664,3.3535052142857142,3.039836857142857,4.4591956,53.63402557142858,0,0.0,19,3.5616272155494273,0,1
2021-03-11,5529.95,495.9318181818182,74.38977272727273,24.79659090909091,35.81636363636363,Cairo,0.0,2.6260495,143.28825,53.913116,20.078196,9.596181,1.8829956,-1.6582083,0.2560681,30.398872,61.418465,3,1,1,3.543075566666667,3.252622642857143,3.055724442857143,4.4591956,52.350797857142865,0,0.0,20,3.146728060838801,0,1
2021-03-12,5188.52,386.1009090909092,57.91513636363638,19.305045454545464,36.09818181818181,Cairo,0.0,5.017973,128.28893,54.33669,17.926992,8.09496,3.9272614,-3.0393016,0.0448829,19.309456,35.99957,3,1,1,4.034406033333333,3.7634587857142856,3.2952782642857144,5.017973,51.025533571428575,0,0.0,21,2.8185303606815784,0,1
2021-03-13,6058.03,542.6036363636364,81.39054545454546,27.13018181818182,36.38181818181818,Cairo,5.722046e-06,3.5512235,180.00133,53.92789,15.870189,5.941742,-0.10627238,-3.4724529,0.016844153,19.460464,29.955208,3,1,1,3.731748666666666,3.729874328571429,3.2765623357142855,5.017973,50.658025571428574,0,5.722046e-06,22,2.8996081293351192,0,1
2021-03-14,4863.25,339.9509090909091,50.99263636363636,16.997545454545456,36.664545454545454,Cairo,0.0,3.5843313,218.86682,62.260426,16.057608,7.830475,-2.229421,-2.6933594,0.09064128,27.871035,42.227203,3,1,1,4.051175933333332,3.7332160857142855,3.33074655,5.017973,50.133583571428574,0,5.722046e-06,23,2.919050013158591,0,1
2021-03-15,5324.84,426.09,63.91349999999999,21.3045,36.94636363636364,Cairo,0.0,3.4776268,212.99364,66.69215,17.74112,10.356761,-1.7553507,-2.7223663,0.49575713,15.701381,25.82068,3,1,1,3.537727199999999,3.7514830428571426,3.40587675,3.5843313,50.67017642857143,0,5.722046e-06,24,2.835942608559684,0,1
2021-03-16,5699.88,493.46,74.01899999999999,24.673000000000002,37.22818181818182,Cairo,0.0,2.871261,174.9066,66.044716,18.055735,10.6892805,0.38581848,-2.6442413,0.21691537,39.337883,67.86558,3,1,1,3.311073033333333,3.6553801,3.424482092857143,3.5843313,54.83585871428572,0,5.722046e-06,25,2.7457600293923363,0,1
2021-03-17,6049.5,555.7318181818182,83.35977272727273,27.78659090909091,37.50909090909091,Cairo,0.0,2.981393,206.63855,53.94537,18.173819,6.995758,0.4381307,-0.22306316,0.026736766,18.213682,35.003872,3,1,1,3.110093599999999,3.444265442857143,3.398885328571428,3.4776268,58.731479714285705,0,5.722046e-06,26,1.4204308112117363,0,1
2021-03-18,5832.82,516.2118181818182,77.43177272727273,25.810590909090912,37.78909090909091,Cairo,0.0,1.6339507,208.14075,54.85146,17.732004,7.6000876,0.054153442,-1.1669464,0.06078066,17.263773,29.378914,3,1,1,2.4955348999999996,3.302537042857143,3.277579842857143,2.981393,58.865528857142856,0,5.722046e-06,27,0.9718563946907787,0,1
2021-03-19,5942.79,541.1372727272727,81.1705909090909,27.056863636363637,38.06818181818182,Cairo,0.0,3.0260906,237.47783,54.139362,17.710276,7.622874,-2.5179138,-1.5076904,0.12150033,18.348446,29.46634,3,1,1,2.547144766666666,3.017982414285714,3.3907206000000003,3.0260906,58.83733914285715,0,5.722046e-06,28,0.9542757262114591,0,1
2021-03-20,5493.65,514.0590909090909,77.10886363636362,25.702954545454546,38.346363636363634,Cairo,0.0,2.579848,179.36694,43.976513,20.838694,6.9333396,-1.4974314,-0.110956825,0.30751985,14.961659,23.468723,3,1,1,2.4132964333333327,2.879214485714286,3.304544407142857,3.0260906,57.415713857142855,0,0.0,29,1.4185384318324497,0,1
2021-03-21,2724.57,118.78545454545451,17.817818181818176,5.939272727272726,38.623636363636365,Cairo,0.0,1.9260731,177.34254,41.49899,23.514557,9.1892805,-0.6511943,-0.103001915,0.34772068,31.725702,47.609055,3,1,1,2.510670566666666,2.6423204571428576,3.187768271428571,3.0260906,54.44979442857142,0,0.0,30,2.240102137404634,0,1
2021-03-22,4868.6900000000005,388.5316666666667,58.27975,19.426583333333337,35.80416666666667,Cairo,0.0,3.149868,199.95702,22.746689,30.743887,6.3072,-0.9195302,-1.4403788,0.2762165,28.700172,70.07592,3,1,1,2.551929699999999,2.5954977714285716,3.1734904071428574,3.149868,48.17187142857142,0,0.0,31,4.820836767611296,0,1
2021-03-23,2894.57,98.81333333333332,14.821999999999997,4.940666666666666,36.0775,Cairo,0.0,5.225628,173.19365,25.586378,29.138742,7.1936746,2.543986,1.4876608,0.3913246,44.714622,111.3743,3,1,1,3.433856366666666,2.931835914285714,3.2936080071428573,5.225628,42.39210885714285,0,0.0,32,5.480225317458469,0,1
2021-03-24,5352.89,361.5341666666666,54.23012499999999,18.07670833333333,36.35166666666667,Cairo,0.0,5.7011847,61.11131,45.665405,18.16511,5.3206277,5.247111,0.8100179,0.21913177,27.914482,70.854454,3,1,1,4.692226899999999,3.3203775857142857,3.382321514285714,5.7011847,41.20925671428572,0,0.0,33,5.4813853394480025,0,1
2021-03-25,5729.33,411.94416666666666,61.791624999999996,20.597208333333334,36.6225,Cairo,0.0,2.6902096,92.606445,55.814396,15.884511,5.7274475,2.6644948,-0.08052063,0.008237564,16.781654,28.91111,3,1,1,4.539007433333333,3.471271714285714,3.386904378571429,5.7011847,41.346818999999996,0,0.0,34,5.7878898397770335,0,1
2021-03-26,4723.45,244.14083333333332,36.621125,12.207041666666667,36.891666666666666,Cairo,9.584427e-05,3.30686,165.49901,62.155502,15.243886,7.69636,1.1255239,-2.8951519,0.033163745,21.662548,34.478905,3,1,1,3.8994180999999997,3.5113816285714283,3.264682021428571,5.7011847,42.491981857142854,0,9.584427e-05,35,6.174932329342445,0,1
2021-03-27,5931.11,440.0116666666667,66.00175,22.00058333333334,37.16333333333333,Cairo,0.0,3.600464,171.9196,47.337955,14.369049,2.627594,0.27802023,-3.556895,0.005960464,17.37972,27.293587,3,1,1,3.199177866666666,3.657183914285714,3.2681992,3.600464,42.972187857142856,0,9.584427e-05,36,6.8167945890013835,0,1
2021-03-28,4322.31,265.64363636363635,39.84654545454545,13.282181818181819,39.34818181818181,Cairo,0.0,4.3648567,186.20113,50.98874,15.493317,4.910309,-0.4648539,-4.3268585,0.005194451,14.107262,21.743187,3,1,1,3.757393566666666,4.005581571428571,3.3239510142857145,4.3648567,44.32786642857143,0,9.584427e-05,37,6.997120087305069,0,1
2021-03-29,5246.84,310.5941666666667,46.589125,15.529708333333335,37.69416666666667,Cairo,0.0,4.2297883,190.34782,53.28333,15.981191,5.7664285,-0.95122784,-4.0690866,0.0106309345,11.684397,18.084421,3,1,1,4.065036333333333,4.1598559,3.377676835714286,4.3648567,48.690243714285714,0,9.584427e-05,38,5.152482495756904,0,1
2021-03-30,5059.78,291.68,43.752,14.584000000000001,37.95916666666667,Cairo,0.0,3.3651295,169.459,52.250416,15.699697,5.44457,0.67447406,-3.2878418,0.020888358,15.786904,25.10615,3,1,1,3.9865914999999994,3.8940704,3.4129531571428573,4.3648567,52.49939199999999,0,9.584427e-05,39,1.1609413086006541,0,1
2021-03-31,4232.88,288.83250000000004,43.324875000000006,14.441625000000002,38.220000000000006,Cairo,4.7683716e-07,3.5533066,114.797005,58.62195,16.271963,7.4487205,3.260147,-1.3413442,0.0076960386,18.622896,31.81572,3,1,1,3.7160747999999995,3.5872306714285713,3.4538041285714285,4.2297883,54.350327,0,9.632110716e-05,40,0.6234013047417324,0,1
2021-04-01,5296.33,341.95,51.2925,17.0975,38.48,Cairo,3.33786e-06,2.8201733,220.79785,48.734608,16.403229,4.4488015,1.4308828,0.3212687,0.045526847,27.484697,55.573204,4,1,1,3.2462031333333328,3.605796914285714,3.5385343142857146,3.5533066,53.338928714285714,0,9.965896716000001e-05,41,0.6946899576972496,0,1
2021-04-02,4955.81,276.19916666666666,41.429874999999996,13.809958333333334,38.73916666666667,Cairo,0.0,3.6907742,93.51721,54.061184,15.764964,5.5266013,3.3137207,-0.63864136,0.048517976,16.92087,34.413727,4,1,1,3.3547513666666657,3.6606418,3.586011714285714,3.6907742,52.18259757142857,0,3.81469716e-06,42,0.6730671126214997,0,1
2021-04-03,6139.78,536.0433333333333,80.4065,26.802166666666665,38.995,Cairo,0.0,1.7790712,210.42018,45.579144,17.038565,4.0126038,0.31470236,-0.82118225,0.01921702,30.650059,47.359734,4,1,1,2.763339566666666,3.4004428285714283,3.5288133714285714,3.6907742,51.931338857142855,0,3.81469716e-06,43,0.5254804543119269,0,1
2021-04-04,6001.23,514.1933333333333,77.12899999999999,25.709666666666664,39.25,Cairo,0.0,2.751955,245.5465,44.82645,19.827219,6.1814675,-1.9308676,-1.4445902,0.061823666,25.518852,40.108215,4,1,1,2.7406001333333325,3.1700283000000007,3.587804935714286,3.6907742,51.051011714285714,0,3.81469716e-06,44,1.4466006941601783,0,1
2021-04-05,5958.84,506.5916666666667,75.98875,25.329583333333336,39.50083333333333,Cairo,0.0,4.1250215,246.8606,32.344387,21.930573,3.7488506,-3.7749634,-1.5852814,0.08856553,14.454388,21.928825,4,1,1,2.885349233333333,3.155061614285714,3.6574587571428574,4.1250215,48.059734142857145,0,3.81469716e-06,45,2.387260885642077,0,1
2021-04-06,5833.28,535.0733333333334,80.26100000000001,26.75366666666667,39.75,Cairo,0.0,2.301653,187.18288,42.251366,23.223623,7.508535,-0.21745808,-0.3497162,0.076727465,50.64644,83.738846,4,1,1,3.059543166666666,3.0031364,3.4486033999999997,4.1250215,46.631298428571434,0,3.81469716e-06,46,3.019052634530447,0,1
2021-04-07,5561.67,475.63416666666666,71.345125,23.781708333333334,39.998333333333335,Cairo,0.0,2.3332062,252.95515,29.51684,25.783762,5.5982156,0.14922078,0.28834534,0.13320413,67.74552,108.85676,4,1,1,2.9199602333333328,2.828836342857142,3.208033507142857,4.1250215,42.47342557142857,0,3.33786e-06,47,3.813198346694876,0,1
2021-04-08,5902.42,490.6466666666667,73.59700000000001,24.532333333333337,40.245,Cairo,0.0,3.895067,184.93584,62.897556,20.704092,12.2066145,-0.30393982,-3.7805176,0.14170958,31.243137,60.407486,4,1,1,2.8433087333333327,2.982392585714286,3.2940947499999997,3.895067,44.496703857142855,0,0.0,48,3.4687623044261073,0,1
2021-04-09,5228.47,352.4275,52.864125,17.621375,40.485,Cairo,0.0,3.7967975,174.58385,63.40784,18.502838,10.579987,0.6307373,-3.41097,0.057113208,15.025127,30.119802,4,1,1,3.3416902333333325,2.9975387714285717,3.329090285714286,3.895067,45.831940428571436,0,0.0,49,2.9463703684580955,0,1
2021-04-10,6301.82,507.48,76.122,25.374000000000002,40.7275,Cairo,0.0,5.429209,140.54749,44.66785,16.392649,3.6063538,3.5030468,-4.1346793,0.024620742,15.423229,32.171997,4,1,1,4.373691166666666,3.5189870285714284,3.4597149285714286,5.429209,45.70175557142857,0,0.0,50,3.0974095221777533,0,1
2021-04-11,5817.83,444.7325,66.709875,22.236625000000004,40.96416666666666,Cairo,0.0,3.096227,131.1537,48.146336,16.130362,4.661367,2.2825928,-2.0794475,0.028398244,20.369503,37.542637,4,1,1,4.107411166666666,3.5681687428571425,3.369098521428571,5.429209,46.176024999999996,0,0.0,51,3.5888314523577964,0,1
2021-04-12,5996.51,486.9341666666666,73.04012499999999,24.346708333333332,41.19833333333333,Cairo,0.0,2.6115599,156.54533,52.12591,16.308584,5.835602,0.9879506,-2.4081676,0.025060268,19.09021,30.099579,4,1,1,3.712331966666666,3.3519599428571425,3.2535107785714286,5.429209,49.001956857142865,0,0.0,52,3.806745226778879,0,1
2021-04-13,6028.07,459.2338461538462,68.88507692307692,22.96169230769231,38.37307692307692,Cairo,0.0,3.3721416,221.41399,52.442093,16.705963,6.03124,-2.2426808,-2.4872081,0.050429486,20.626413,33.75692,4,1,1,3.0266428333333324,3.504886885714286,3.254011642857143,3.3721416,50.457775000000005,0,0.0,53,3.5552112272377205,0,1
2021-04-14,5944.17,453.7661538461538,68.06492307692307,22.688307692307692,38.59384615384616,Cairo,0.0,4.395389,230.12622,50.972553,19.1586,7.730703,-3.3132427,-2.7369435,0.046128824,17.247698,28.786064,4,1,1,3.4596968333333322,3.7994844285714287,3.3141603857142856,4.395389,53.52287685714286,0,0.0,54,1.7745284973351376,0,1
2021-04-15,5879.97,455.0684615384615,68.26026923076923,22.753423076923077,38.81230769230769,Cairo,0.0,3.8622189,227.34625,51.765778,20.736807,8.818187,-2.8431957,-2.6051433,0.05571852,18.275757,33.361317,4,1,1,3.876583166666666,3.7947918428571428,3.388592214285714,4.395389,51.93262285714286,0,0.0,55,1.7837766385792058,0,1
2021-04-16,5767.88,455.3338461538461,68.30007692307692,22.766692307692306,39.02769230769231,Cairo,0.0,3.9790325,235.42949,42.60178,23.835114,8.292877,-3.1602733,-2.3072815,0.10235353,18.122787,38.46764,4,1,1,4.078880133333333,3.8208254142857143,3.409182092857143,4.395389,48.96032857142857,0,0.0,56,2.943065361482134,0,1
2021-04-17,5706.12,445.9376923076924,66.89065384615385,22.29688461538462,39.2423076923077,Cairo,0.0,4.163323,246.36308,32.9193,25.950186,7.114573,-3.7969005,-1.6559347,0.08178583,12.013092,23.964235,4,1,1,4.001524799999999,3.639984557142857,3.5794857928571426,4.163323,47.28196428571429,0,0.0,57,3.8862568974795164,0,1
2021-04-18,5441.71,449.6615384615385,67.44923076923077,22.483076923076926,39.45307692307692,Cairo,0.0,3.394574,196.91687,27.345888,30.661856,7.633372,-1.6121368,1.1322836,0.10823314,14.509712,26.614103,4,1,1,3.8456431666666657,3.6826055571428573,3.6253871500000003,4.163323,44.31047171428571,0,0.0,58,5.228584458117151,0,1
2021-04-19,4766.16,288.9676923076923,43.34515384615384,14.448384615384615,39.66,Cairo,0.0,3.3284261,228.71687,24.35472,31.233795,7.2396545,0.32496133,2.620351,0.13902229,38.819527,70.220215,4,1,1,3.6287743666666663,3.7850150142857144,3.568487478571428,4.163323,40.34315885714285,0,0.0,59,5.594903933005925,0,1
2021-04-20,5626.18,427.50076923076927,64.12511538461538,21.375038461538466,39.86538461538461,Cairo,0.0,5.0509496,176.67952,52.45463,24.988596,13.70637,0.09259033,-4.7088013,0.176822,27.736935,43.748295,4,1,1,3.924649899999999,4.024844728571429,3.7648658071428573,5.0509496,40.34494985714286,0,0.0,60,4.566611729779714,0,1
2021-04-21,5745.12,415.3269230769231,62.29903846153846,20.766346153846158,40.068461538461534,Cairo,0.0,5.40282,200.22762,58.517574,20.92569,11.266185,-1.8777313,-5.0618134,0.12719007,5.842474,8.875585,4,1,1,4.594065233333333,4.168763442857143,3.984123935714286,5.40282,41.42280999999999,0,0.0,61,4.210413657204373,0,1
2021-04-22,5818.05,426.5284615384616,63.97926923076924,21.32642307692308,40.26615384615385,Cairo,0.0,5.502421,210.8835,62.068134,20.533926,11.995514,-2.8702137,-4.6678314,0.12306963,17.802797,27.595802,4,1,1,5.318730199999999,4.403078028571429,4.0989349357142855,5.502421,42.89457514285714,0,0.0,62,4.248995304173811,0,1
2021-04-23,4779.6,229.73615384615383,34.46042307692307,11.486807692307693,40.46307692307692,Cairo,0.0,5.4585853,216.97112,60.310593,20.738028,11.391998,-3.3350575,-4.281021,0.032523215,7.9370203,12.06792,4,1,1,5.454608766666666,4.6144427142857145,4.217634064285714,5.502421,45.424405571428565,0,0.0,63,4.592201255759031,0,1
2021-04-24,5438.85,355.6169230769231,53.34253846153847,17.780846153846156,40.65538461538461,Cairo,0.0,4.069827,206.5139,61.242615,22.042145,12.575917,-1.777888,-3.5221455,0.079704724,15.670851,24.630682,4,1,1,5.010277766666666,4.601086142857143,4.12053535,5.502421,49.470593428571426,0,0.0,64,4.694498860247211,0,1
2021-04-25,5528.42,431.2546153846154,64.6881923076923,21.56273076923077,40.84615384615385,Cairo,0.0,2.9599476,111.61832,35.949966,25.560537,7.474111,0.58133954,1.9212137,0.13629764,32.553947,52.46187,4,1,1,4.162786633333332,4.5389966571428575,4.110801107142858,5.4585853,50.69974742857143,0,0.0,65,3.8970196990620365,0,1
2021-04-26,5321.35,366.9123076923077,55.036846153846156,18.345615384615385,41.03384615384615,Cairo,4.7683716e-06,4.1073933,126.13105,59.88048,21.640045,12.540761,3.2649944,-2.3696492,0.05896098,21.402,50.8782,4,1,1,3.7123892999999994,4.650277685714286,4.21764635,4.1073933,55.774856,0,4.7683716e-06,66,2.0733918170812515,0,1
2021-04-27,5555.84,428.3161538461539,64.24742307692308,21.415807692307695,41.21846153846154,Cairo,0.0,2.4228785,179.05031,60.71329,20.287018,11.349274,0.025126139,-2.4051006,0.020981176,22.222294,37.48329,4,1,1,3.163406466666666,4.274838957142857,4.1498418428571435,4.1073933,56.95466457142857,0,4.7683716e-06,67,1.8212331068431362,0,1
2021-04-28,5803.66,458.9538461538461,68.84307692307691,22.947692307692307,41.399230769230776,Cairo,0.0,4.149117,225.97107,48.57808,23.026438,9.282623,-2.9921367,-2.8427022,0.049113907,17.258188,27.51021,4,1,1,3.559796266666666,4.095738528571429,4.132250985714285,4.149117,55.53473685714285,0,4.7683716e-06,68,1.8499719177157083,0,1
2021-04-29,5645.13,446.5284615384616,66.97926923076923,22.32642307692308,41.57692307692308,Cairo,0.0,4.969153,230.34892,42.741455,26.59317,11.484283,-3.769104,-3.1882885,0.10570106,25.10936,44.703964,4,1,1,3.8470494999999993,4.019557385714286,4.211317707142857,4.969153,52.77378271428571,0,4.7683716e-06,69,2.3991257416863054,0,1
2021-04-30,5577.14,448.8523076923077,67.32784615384615,22.442615384615387,41.75153846153846,Cairo,0.0,4.2601414,227.88103,37.57479,28.162994,11.17097,-3.1111805,-2.8829803,0.10085863,11.141775,23.18399,4,1,1,4.459470466666667,3.8483511142857147,4.231396914285715,4.969153,49.52581085714286,0,4.7683716e-06,70,2.902855351378944,0,1
2021-05-01,5429.9800000000005,424.9846153846154,63.747692307692304,21.24923076923077,41.92230769230769,Cairo,0.0,3.9253795,224.97076,22.671272,28.818674,4.8415427,-2.5536244,-2.8232677,0.109705925,14.523471,35.889763,5,1,1,4.3848913,3.8277157571428573,4.21440095,4.969153,44.01561900000001,0,4.7683716e-06,71,3.284231163740077,0,1
2021-05-02,5453.62,427.17,64.0755,21.358500000000003,42.09076923076923,Cairo,0.0,3.1362362,209.16418,30.006088,27.45165,7.323883,-1.3900452,-2.7792766,0.16417739,24.35839,57.113136,5,1,1,3.7739190333333332,3.8528998428571426,4.19594825,4.2601414,43.166493571428575,0,4.7683716e-06,72,3.4252695153297794,0,1
2021-05-03,5375.19,425.9823076923077,63.89734615384615,21.299115384615387,42.25538461538462,Cairo,0.0,3.1425698,209.3868,27.97198,28.513742,7.3468323,-1.429596,-2.7369792,0.16467999,32.958305,71.87761,5,1,1,3.4013951666666657,3.715067914285714,4.182672800000001,3.9253795,38.60813642857143,0,0.0,73,3.234646458743111,0,1
2021-05-04,5338.25,442.66615384615386,66.39992307692307,22.133307692307696,42.41615384615385,Cairo,0.0,2.2073245,180.79716,21.651442,30.771393,5.7141824,-0.35359702,-2.010249,0.16909648,25.171358,54.83882,5,1,1,2.828710166666666,3.6842744857142855,3.9795567214285716,3.1425698,33.02787242857143,0,0.0,74,2.40295815359122,0,1
2021-05-05,5151.59,406.6515384615385,60.99773076923077,20.332576923076928,42.574615384615385,Cairo,0.0,2.2002678,203.76756,24.781082,31.683176,8.254628,0.68285626,-1.07017,0.21037358,39.117516,72.64455,5,1,1,2.516720699999999,3.4058674571428575,3.750802992857143,3.1425698,29.628301285714286,0,0.0,75,1.7959696998417471,0,1
2021-05-06,5270.94,421.61615384615385,63.242423076923075,21.080807692307694,42.72923076923077,Cairo,0.0,2.5059836,213.11066,26.280762,30.641348,8.178619,-1.3968964,-1.9457499,0.2365692,28.77881,50.368977,5,1,1,2.3045252999999994,3.0539861142857143,3.53677175,2.5059836,27.276773714285714,0,0.0,76,1.58512707257468,0,1
2021-05-07,5262.92,420.8946153846154,63.13419230769231,21.04473076923077,42.879230769230766,Cairo,0.0,2.5779076,206.63892,27.464212,30.188303,8.68456,-0.38931274,-1.9817709,0.20528877,19.802708,35.70505,5,1,1,2.428053,2.8136669999999997,3.3310090571428574,2.5779076,25.832405428571427,0,0.0,77,1.4966864193939609,0,1
2021-05-08,5275.78,447.0307692307692,67.05461538461537,22.35153846153846,43.02769230769231,Cairo,0.0,2.3812332,239.11507,28.729263,31.523834,8.6822815,-1.9926809,-0.62535095,0.17477188,23.688065,43.901653,5,1,1,2.4883747999999994,2.5930746714285715,3.210395214285714,2.5779076,26.697832714285713,0,0.0,78,1.5713356681784263,0,1
2021-05-09,3584.82,159.03769230769234,23.85565384615385,7.951884615384618,43.17307692307692,Cairo,0.0,3.4403808,180.44916,21.144247,32.81599,7.6647034,2.0088806,-0.34022522,0.26288795,38.033165,71.45499,5,1,1,2.7998405333333327,2.6365239000000003,3.244711871428571,3.4403808,25.431855428571428,0,0.0,79,1.351170641333697,0,1
2021-05-10,5317.13,397.6723076923077,59.65084615384615,19.883615384615386,43.31461538461539,Cairo,0.0,3.59525,168.69691,56.790363,27.05484,16.31542,0.8122762,-3.2978923,0.29469317,27.704067,56.023903,5,1,1,3.1389546666666663,2.7011925000000003,3.2081302071428572,3.59525,29.548767285714284,0,0.0,80,1.8107700404976428,0,1
2021-05-11,5471.53,426.7076923076923,64.00615384615384,21.335384615384616,43.45307692307692,Cairo,0.0,3.0932353,153.84026,62.17467,24.578604,15.877919,1.3626251,-2.7400665,0.06283346,28.576664,52.71335,5,1,1,3.3762886999999995,2.8277511857142854,3.256012835714286,3.59525,35.337799857142855,0,0.0,81,2.923178150561644,0,1
2021-05-12,5503.650000000001,442.32076923076926,66.34811538461538,22.116038461538466,43.58846153846154,Cairo,0.0,2.434446,169.88612,54.600098,24.322418,12.917145,0.5461934,-2.3354595,0.025231251,24.794603,39.047,5,1,1,3.040977099999999,2.861205214285714,3.1335363357142856,3.59525,39.59765928571428,0,0.0,82,3.4094896190470902,0,1
2021-05-13,5515.08,444.5276923076923,66.67915384615384,22.226384615384617,43.71846153846154,Cairo,0.0,2.360294,191.63702,50.09961,24.4038,11.703197,-0.37580362,-2.2776082,0.014826687,24.810495,36.79051,5,1,1,2.6293250999999995,2.840392414285714,2.9471892642857145,3.0932353,43.00035185714286,0,0.0,83,3.635007138774988,0,1
2021-05-14,5545.34,443.4192307692308,66.51288461538462,22.17096153846154,43.84461538461539,Cairo,0.0,3.774971,217.39671,46.544327,25.782053,12.19807,-2.1426442,-2.9943085,0.062240526,17.014309,34.11991,5,1,1,2.8565703333333325,3.011401471428571,2.912534235714286,3.774971,45.72608257142857,0,0.0,84,3.5411040899316766,0,1
2021-05-15,5523.97,444.1884615384615,66.62826923076922,22.209423076923077,43.96923076923077,Cairo,0.0,3.4663582,214.029,40.24446,26.86262,11.123607,-1.6901346,-2.842987,0.03964461,22.209763,35.131706,5,1,1,3.2005410666666663,3.1664193285714286,2.8797470000000005,3.774971,47.371110714285706,0,0.0,85,2.9905278341134256,0,1
2021-05-16,5131.31,409.30846153846153,61.39626923076923,20.465423076923077,44.09,Cairo,0.0,2.527477,203.76958,33.498756,29.596426,10.245107,-0.36409506,0.6412811,0.096655786,14.018276,28.633911,5,1,1,3.2562687333333327,3.0360045,2.8362642,3.774971,49.13604057142857,0,0.0,86,1.9222176794230603,0,1
2021-05-17,5449.97,423.9523076923077,63.59284615384615,21.19761538461539,44.20846153846154,Cairo,0.0,3.4296408,158.1621,57.661663,24.899567,14.620026,1.2791189,-3.1815186,0.02847113,18.020784,35.00724,5,1,1,3.141158666666666,3.0123460428571427,2.8567692714285715,3.4663582,49.260512,0,0.0,87,1.9137282091188013,0,1
2021-05-18,5482.27,426.50538461538457,63.97580769230768,21.32526923076923,44.32076923076923,Cairo,0.0,3.8161786,200.4576,52.88335,25.04841,13.828359,-1.3108215,-3.5298615,0.0051474003,16.945053,25.762363,5,1,1,3.2577654666666667,3.1156236571428573,2.971687421428572,3.8161786,47.93318057142857,0,0.0,88,1.8724503724018724,0,1
2021-05-19,5524.099999999999,437.4607692307692,65.61911538461537,21.87303846153846,44.43153846153847,Cairo,0.0,4.4053364,214.59047,55.81412,25.587637,14.933014,-2.4783325,-3.6292927,0.006363442,22.751461,34.304375,5,1,1,3.8837185999999995,3.397179428571429,3.1291923214285715,4.4053364,48.106612285714284,0,0.0,89,1.7585795944530136,0,1
2021-05-20,5456.4,435.5084615384615,65.32626923076923,21.775423076923076,44.53846153846154,Cairo,0.0,3.8603742,202.29187,51.771244,26.650217,14.531728,-1.3616079,-3.51916,0.017086372,20.32378,33.507492,5,1,1,4.0272964,3.6114766,3.225934507142857,4.4053364,48.34541714285714,0,0.0,90,1.6121294823411287,0,1
2021-05-21,5391.78,427.9869230769231,64.19803846153846,21.399346153846157,44.643076923076926,Cairo,0.0,2.893813,173.0053,52.312973,25.750885,14.183583,0.6127777,-2.7423046,0.026616296,17.71501,27.357748,5,1,1,3.7198411999999994,3.485596885714286,3.2484991785714286,4.4053364,49.16950942857143,0,0.0,91,1.6139908909297296,0,1
2021-05-22,5542.05,430.3007692307692,64.54511538461539,21.515038461538463,44.74230769230769,Cairo,0.0,4.2937145,166.70363,55.41971,24.19221,13.521474,1.0436859,-4.109421,0.03790955,19.59282,30.754616,5,1,1,3.682633899999999,3.6037906428571427,3.385104985714286,4.2937145,51.33740228571429,0,0.0,92,1.7777780474166411,0,1
2021-05-23,5381.39,371.8507142857143,55.77760714285714,18.592535714285713,41.745,Cairo,4.7683716e-07,3.7818127,171.07849,53.76952,23.551666,12.942047,0.37161765,-3.6784413,0.0025862122,21.128365,32.2611,5,1,1,3.6564467333333326,3.7829814571428573,3.4094929785714285,4.2937145,54.233225714285716,0,4.7683716e-07,93,1.0270358513102285,0,1
2021-05-24,5418.42,386.8614285714286,58.02921428571428,19.34307142857143,41.83857142857143,Cairo,0.0,3.5139675,191.1049,61.922924,24.437815,15.193756,-0.7826945,-3.3870342,0.03169267,17.534346,39.64972,5,1,1,3.8631648999999997,3.7950281285714285,3.4036870857142856,4.2937145,54.84197728571428,0,4.7683716e-07,94,1.0562600431399694,0,1
2021-05-25,5409.6,392.86785714285713,58.93017857142857,19.643392857142857,41.92642857142857,Cairo,0.0,3.4924934,203.17824,49.408787,25.90982,13.524404,-1.4574941,-3.1348267,0.028211597,21.119701,34.636635,5,1,1,3.5960911999999996,3.748787385714286,3.432205521428571,3.7818127,54.345611142857145,0,4.7683716e-07,95,1.1075255013728542,0,1
2021-05-26,5328.3,394.7828571428572,59.21742857142858,19.739142857142863,42.012142857142855,Cairo,0.0,3.4311638,207.02522,38.646282,27.55842,11.177236,-1.5110779,-3.0469768,0.073000535,21.371155,41.662292,5,1,1,3.479208233333333,3.6096198714285714,3.50339965,3.5139675,51.89306285714286,0,4.7683716e-07,96,1.4374021058497795,0,1
2021-05-27,5280.72,382.54,57.381,19.127000000000002,42.09428571428572,Cairo,0.0,3.0244253,180.84077,46.817204,27.951242,14.228099,0.0403951,-3.0066326,0.06869675,26.05481,45.31364,5,1,1,3.3160274999999992,3.4901986,3.5508376000000004,3.4924934,51.18534285714286,0,4.7683716e-07,97,1.6836180434657742,0,1
2021-05-28,5302.65,380.01071428571424,57.00160714285713,19.000535714285714,42.17285714285714,Cairo,0.0,2.6457927,141.92583,46.5056,26.939035,13.065419,1.7999369,-1.7007498,0.11702049,17.530024,30.025236,5,1,1,3.033793933333333,3.4547671285714285,3.470182007142857,3.4311638,50.35571814285714,0,4.7683716e-07,98,1.757098740836099,0,1
2021-05-29,5262.19,375.1185714285714,56.26778571428571,18.75592857142857,42.24714285714286,Cairo,0.0,2.5356457,141.01915,57.502728,26.223703,16.116282,1.5997009,-1.9672852,0.101278014,25.096119,52.21502,5,1,1,2.7352878999999994,3.2036144428571425,3.403702542857143,3.0244253,50.65329214285714,0,4.7683716e-07,99,1.610592544454736,0,1
2021-05-30,5162.01,370.8371428571429,55.62557142857143,18.541857142857147,42.31857142857143,Cairo,0.0,2.8162801,242.5885,38.202747,28.117502,10.9236555,-2.479004,-1.2018738,0.12893711,20.10298,30.763035,5,1,1,2.665906166666666,3.065681214285714,3.4243313357142857,2.8162801,48.42946742857142,0,0.0,100,1.3120978610860903,0,1
2021-05-31,5046.93,346.8992857142857,52.03489285714286,17.344964285714287,42.38857142857143,Cairo,0.0,3.8041308,180.48346,21.34321,32.760406,7.6970115,2.2000885,0.60173035,0.25080836,27.596676,59.278446,5,1,1,3.0520188666666663,3.107133114285714,3.4510806214285714,3.8041308,42.632365428571426,0,0.0,101,2.290587080605061,0,1
2021-06-01,5185.91,368.1892857142857,55.22839285714285,18.409464285714286,42.45285714285715,Cairo,0.0,3.866747,195.0796,47.66805,27.202383,14.1267805,-0.93169147,-3.552826,0.12864727,16.77687,30.356459,6,2,0,3.4957192999999998,3.1605979142857143,3.4546926499999997,3.866747,42.38368871428572,0,0.0,102,2.148983405617355,0,1
2021-06-02,5319.61,390.4371428571429,58.56557142857143,19.521857142857144,42.51428571428572,Cairo,0.0,3.7104466,187.21028,51.82704,26.075104,14.709625,-0.33624777,-3.6191967,0.065882556,29.26656,44.395954,6,2,0,3.7937747999999996,3.200495457142857,3.405057664285714,3.866747,44.26665414285714,0,0.0,103,2.2812162551281427,0,1
2021-06-03,5373.13,388.0207142857143,58.20310714285714,19.401035714285715,42.57285714285714,Cairo,0.0,4.035475,194.53333,47.096924,24.822174,12.159984,-1.0263468,-3.820984,0.06465341,12.827913,19.542374,6,2,0,3.870889533333333,3.3449311285714285,3.4175648642857146,4.035475,44.30661414285714,0,0.0,104,2.558253623796798,0,1
2021-06-04,5370.09,387.9221428571428,58.18832142857141,19.39610714285714,42.62714285714286,Cairo,0.0,3.6304643,174.2989,54.930447,24.345856,13.630035,0.5330098,-3.4794667,0.03613027,19.962456,30.584572,6,2,0,3.792128633333333,3.4855985000000005,3.4701828142857143,4.035475,45.51016371428572,0,0.0,105,2.8188283273904835,0,1
2021-06-05,5105.75,345.4607142857143,51.81910714285714,17.273035714285715,42.68,Cairo,0.0,3.6113012,171.2912,58.765423,24.332428,14.696849,0.45132446,-3.5574493,0.03276299,23.883724,36.45881,6,2,0,3.759080166666666,3.6392635714285717,3.4214390071428573,4.035475,45.69054871428572,0,0.0,106,2.9992421786581183,0,1
2021-06-06,5337.07,380.4357142857143,57.065357142857145,19.021785714285716,42.72714285714286,Cairo,0.0,3.126442,163.5421,61.264492,24.672434,15.328441,0.91847736,-2.9844513,0.02171507,15.464479,22.947098,6,2,0,3.456069166666666,3.6835724142857145,3.3746268142857145,3.6304643,48.98508371428572,0,0.0,107,3.031031858460118,0,1
2021-06-07,5341.05,397.5964285714286,59.63946428571428,19.879821428571432,42.775,Cairo,0.0,2.763671,167.09265,58.429638,24.58609,14.730784,0.6316223,-2.6857605,0.042929694,27.556839,41.49289,6,2,0,3.1671380666666664,3.5349353000000003,3.3210342071428576,3.6113012,54.28314485714286,0,0.0,108,1.0829490939660724,0,1
2021-06-08,5328.95,392.0321428571429,58.80482142857143,19.601607142857148,42.81571428571429,Cairo,0.0,3.3880427,195.0483,55.26811,25.415274,14.363353,-0.891627,-3.2644958,0.061401017,15.762856,23.210987,6,2,0,3.0927185666666666,3.4665489714285718,3.3135734428571433,3.3880427,55.36886771428571,0,0.0,109,0.6366064415205949,0,1
2021-06-09,5015.52,379.38714285714286,56.908071428571425,18.969357142857145,42.85357142857144,Cairo,0.0,2.6293805,207.44373,36.980236,29.6857,12.266429,-0.99130756,-1.8510793,0.21775687,26.703785,56.408035,6,2,0,2.9270313999999993,3.312110957142857,3.256303207142857,3.3880427,53.24789571428572,0,0.0,110,1.9210916367185795,0,1
2021-06-10,5030.04,368.3142857142857,55.247142857142855,18.415714285714284,42.89,Cairo,0.0,2.852752,156.13283,39.03185,29.583487,13.544179,1.1897125,-2.0432537,0.17180641,18.56893,35.85621,6,2,0,2.956725066666666,3.1431505285714283,3.2440408285714284,3.3880427,52.09574228571429,0,0.0,111,2.449186615816459,0,1
2021-06-11,5059.5,364.3178571428571,54.647678571428564,18.215892857142858,42.92142857142857,Cairo,0.0,3.4192045,212.79454,49.73747,28.3142,15.733876,-1.5386912,-2.6152852,0.15340856,25.983316,44.15709,6,2,0,2.9671123333333327,3.1129705571428574,3.299284528571429,3.4192045,51.35388842857143,0,0.0,112,2.4377700869823404,0,1
2021-06-12,5148.0,363.97,54.5955,18.198500000000003,42.94928571428572,Cairo,0.0,5.8340087,225.8903,46.609436,28.66796,15.290029,-4.1547546,-4.071289,0.15041554,11.906548,20.615732,6,2,0,4.035321733333333,3.4305002,3.5348818857142854,5.8340087,49.617318857142855,0,0.0,113,2.2957579897604856,0,1
2021-06-13,5198.05,371.92,55.788000000000004,18.596,42.97642857142857,Cairo,0.0,5.4069934,197.95984,58.81899,27.481598,17.670807,-1.7055969,-5.054667,0.12622571,24.74982,41.49829,6,2,0,4.886735533333333,3.756293257142857,3.719932835714286,5.8340087,49.267961428571425,0,0.0,114,1.9901801366503649,0,1
2021-06-14,5267.11,378.3121428571429,56.74682142857143,18.915607142857144,42.99928571428571,Cairo,0.0,3.292137,164.46294,57.167973,26.079987,15.989899,1.0345306,-3.0308075,0.019772764,21.363132,32.55251,6,2,0,4.8443797,3.8317884,3.6833618500000003,5.8340087,49.087723571428576,0,0.0,115,1.6555367548441056,0,1
2021-06-15,5207.7,383.5014285714286,57.52521428571429,19.17507142857143,43.01857142857143,Cairo,0.0,2.5375674,175.72063,51.61421,26.134918,14.643707,0.41228232,-2.4062603,0.0068520894,17.653324,26.694798,6,2,0,3.745565933333333,3.710291928571429,3.58842045,5.4069934,48.56573785714285,0,0.0,116,1.490371356058788,0,1
2021-06-16,5250.87,391.34,58.70099999999999,19.567,43.035,Cairo,0.0,3.6331189,160.9806,52.654064,26.506012,15.101959,1.5195312,-3.1257782,0.01271807,20.213459,32.115395,6,2,0,3.154274433333333,3.853683128571429,3.582897042857143,3.6331189,50.80485614285714,0,0.0,117,1.3678409913471907,0,1
2021-06-17,5292.92,392.3685714285714,58.855285714285706,19.61842857142857,43.04785714285714,Cairo,0.0,3.5138824,198.70392,52.727947,25.315256,14.185699,-1.1278839,-3.3057709,0.015663864,17.91998,27.069418,6,2,0,3.228189566666666,3.948130328571428,3.5456404285714282,3.6331189,52.76144142857142,0,0.0,118,1.250506695186458,0,1
2021-06-18,5288.53,388.9057142857143,58.33585714285714,19.445285714285717,43.05785714285714,Cairo,0.0,4.0593925,197.44273,55.420654,26.156647,15.546132,-1.1240082,-3.823354,0.015946316,25.501621,37.773598,6,2,0,3.735464599999999,4.0395857571428575,3.576278157142857,4.0593925,53.57332485714286,0,0.0,119,1.1100642043400555,0,1
2021-06-19,5247.63,395.3328571428571,59.299928571428566,19.766642857142855,43.065,Cairo,0.0,3.1368668,199.85168,51.246185,26.732248,14.434072,-0.28933716,-2.7991588,0.033779312,16.975525,26.625725,6,2,0,3.5700472333333324,3.654279771428572,3.5423899857142858,4.0593925,54.235717571428566,0,0.0,120,0.6680752033597549,0,1
2021-06-20,5135.31,391.5028571428571,58.725428571428566,19.575142857142858,43.06928571428572,Cairo,0.0,2.5804167,210.62506,35.149525,28.537344,11.066478,-0.61973065,-1.6978861,0.059993327,19.49757,32.9287,6,2,0,3.2588919999999995,3.2504831,3.5033881785714285,4.0593925,50.85436542857143,0,0.0,121,1.002974694778716,0,1
2021-06-21,5064.81,389.0964285714286,58.364464285714284,19.45482142857143,43.07,Cairo,0.0,2.7536106,205.73303,37.896057,29.26651,12.625722,-1.0519714,-2.0502522,0.047163427,31.476143,45.71702,6,2,0,2.8236313666666657,3.173550757142857,3.5026695785714286,3.1368668,48.10123457142857,0,0.0,122,1.4198929692596605,0,1
2021-06-22,5088.14,378.7678571428572,56.81517857142858,18.938392857142862,43.067142857142855,Cairo,0.0,2.813695,196.73694,49.447918,28.873444,16.326242,-0.19358318,-2.3453267,0.024555657,27.276283,39.6193,6,2,0,2.715907433333333,3.212997557142857,3.4616447428571426,2.813695,47.79176428571428,0,0.0,123,1.5308672405427592,0,1
2021-06-23,5127.44,381.8071428571429,57.27107142857143,19.090357142857144,43.06214285714286,Cairo,0.0,2.7869961,199.28584,49.922287,28.452057,16.440582,-0.60354614,-2.5894318,0.035390686,25.884525,38.304703,6,2,0,2.784767233333332,3.0921228714285713,3.472903,2.813695,47.401510428571434,0,0.0,124,1.530648032909076,0,1
2021-06-24,5100.02,377.19642857142856,56.57946428571428,18.85982142857143,43.05285714285714,Cairo,0.0,3.0324948,184.5074,51.39511,28.910065,17.11962,-0.09940084,-3.0069683,0.0378882,21.89349,32.33041,6,2,0,2.8777286333333323,3.023353214285714,3.4857417714285717,3.0324948,47.21110514285714,0,0.0,125,1.1951499213673824,0,1
2021-06-25,5156.81,384.32642857142855,57.64896428571428,19.21632142857143,43.042142857142856,Cairo,0.0,3.0252788,128.1353,60.772064,28.76122,19.243805,2.3691814,-1.7672424,0.03767325,31.086746,51.025436,6,2,0,2.948256566666666,2.8756226857142857,3.4576042214285714,3.0324948,47.975592285714285,0,0.0,126,0.8258200889344708,0,1
2021-06-26,5138.13,372.7157142857144,55.90735714285716,18.63578571428572,43.026428571428575,Cairo,0.0,3.2911732,175.1816,60.039577,28.364737,18.732574,0.1132609,-3.2639263,0.03763689,23.237762,39.049503,6,2,0,3.1163155999999987,2.897666457142857,3.2759731142857147,3.2911732,49.23179114285715,0,0.0,127,0.31335945046249936,0,1
2021-06-27,5025.01,372.54285714285714,55.88142857142857,18.627142857142857,43.00857142857143,Cairo,0.0,2.3239954,166.6615,53.818516,30.04483,18.313059,0.47227988,-2.2652028,0.042070262,37.554337,57.631947,6,2,0,2.8801491333333327,2.8610348428571433,3.0557589714285713,3.2911732,51.89878985714286,0,0.0,128,0.5674989220770653,0,1
2021-06-28,5061.54,375.0942857142857,56.26414285714286,18.754714285714286,42.989285714285714,Cairo,0.0,2.9224937,173.86446,54.75903,30.756174,19.014069,0.42330933,-2.8611805,0.049653307,34.316017,52.828323,6,2,0,2.8458874333333326,2.8851609999999996,3.0293558785714287,3.2911732,54.307786,0,0.0,129,0.8914100316985007,0,1
2021-06-29,4970.51,364.9614285714286,54.744214285714285,18.248071428571432,42.96428571428572,Cairo,0.0,2.370372,151.7499,61.918854,29.543936,20.001211,0.9566447,-2.1296742,0.06566597,31.442337,54.11786,6,2,0,2.538953699999999,2.821829142857143,3.0174133500000004,2.9224937,56.08934828571429,0,0.0,130,0.8907481807289632,0,1
2021-06-30,5030.8,372.5371428571429,55.880571428571436,18.626857142857144,42.93714285714286,Cairo,0.0,2.3699324,155.83594,60.499577,29.781485,19.322336,0.8921051,-2.126531,0.041467972,25.61144,41.4145,6,2,0,2.5542660333333327,2.7622486142857143,2.927185742857143,2.9224937,57.60038971428571,0,0.0,131,0.8288889012551406,0,1
2021-07-01,5086.2,381.5757142857143,57.236357142857145,19.078785714285715,42.90642857142858,Cairo,0.0,2.9515307,160.12561,52.55138,30.946442,18.503326,0.88099164,-2.793452,0.023425512,22.267715,34.543076,7,2,0,2.5639450333333325,2.7506823142857146,2.8870177642857144,2.9515307,57.76557114285714,0,0.0,132,0.9548562990490322,0,1
2021-07-02,5045.79,386.8692857142857,58.03039285714285,19.343464285714287,42.87285714285714,Cairo,0.0,2.4646637,144.58977,47.32739,31.132559,16.830719,1.4252828,-2.0085552,0.056658477,39.228943,62.79863,7,2,0,2.5953755999999992,2.670594442857143,2.7731085642857143,2.9515307,55.844903428571435,0,0.0,133,0.9691610303318753,0,1
2021-07-03,5094.0,409.7776923076923,61.46665384615384,20.488884615384617,46.02769230769231,Cairo,0.0,2.983609,123.56063,37.96205,32.411854,15.346425,2.5041149,-1.3974813,0.16066514,13.728757,25.081953,7,2,0,2.799934466666666,2.6266567000000003,2.762161578571429,2.983609,52.690971,0,0.0,134,0.9814465032746673,0,1
2021-07-04,5144.7,399.7476923076923,59.962153846153846,19.987384615384617,45.99076923076923,Cairo,0.0,3.3624966,161.25548,63.335667,28.708242,19.839996,1.1890768,-3.1088867,0.0096939,18.996017,30.67358,7,2,0,2.936923099999999,2.775014014285714,2.818024428571429,3.3624966,54.050564,0,0.0,135,1.2216177958168264,0,1
2021-07-05,5235.07,421.09,63.16349999999999,21.0545,45.95076923076923,Cairo,0.0,3.730593,155.80455,56.587097,28.228912,17.89794,1.5368143,-3.3872528,0.0071812766,23.92228,36.82434,7,2,0,3.3588995333333322,2.8904567714285716,2.8878088857142856,3.730593,54.31171642857144,0,0.0,136,1.4705737459253574,0,1
2021-07-06,5097.42,415.9576923076923,62.39365384615384,20.797884615384618,45.9076923076923,Cairo,0.0,2.4973738,165.60915,55.53102,28.432608,17.704092,0.70133466,-2.382904,0.0023843162,26.234848,39.702595,7,2,0,3.1968211333333323,2.9085998857142856,2.8652145142857144,3.730593,53.399168714285715,0,0.0,137,1.5961955433234687,0,1
2021-07-07,5091.75,419.07076923076926,62.860615384615386,20.953538461538464,45.862307692307695,Cairo,0.0,2.4452705,186.27905,49.263428,29.449533,16.89981,-0.027531942,-2.2595875,0.004973325,26.42611,39.428696,7,2,0,2.891079099999999,2.9193624714285713,2.840805542857143,3.730593,51.79400457142857,0,0.0,138,1.6068924658959396,0,1
2021-07-08,5069.4,397.0353846153846,59.555307692307686,19.851769230769232,45.81153846153847,Cairo,0.0,2.3471625,161.56581,58.552258,29.173248,19.128,0.76923114,-2.2054443,0.002990528,23.877085,35.61045,7,2,0,2.429935599999999,2.8330241571428574,2.7918532357142856,2.4973738,52.651272857142864,0,0.0,139,1.5535827626702383,0,1
2021-07-09,5043.6,404.1384615384616,60.62076923076924,20.206923076923083,45.75769230769231,Cairo,0.0,2.1434278,164.04027,54.67123,30.087637,18.867178,0.64327496,-1.9144592,0.0098356195,28.699953,43.641552,7,2,0,2.311953599999999,2.787133314285714,2.7288638785714285,2.4452705,53.70039285714285,0,0.0,140,1.432677376996117,0,1
2021-07-10,5106.32,398.92923076923074,59.83938461538461,19.946461538461538,45.70230769230769,Cairo,0.0,2.9012249,136.67546,63.34509,29.20401,20.273672,2.0104167,-2.0804698,0.012798416,17.885937,28.617287,7,2,0,2.463938399999999,2.775364157142857,2.7010104285714287,2.9012249,57.32654142857143,0,0.0,141,0.6385875715745167,0,1
2021-07-11,5045.349999999999,394.5830769230769,59.18746153846153,19.729153846153846,45.643076923076926,Cairo,0.0,2.1199446,141.39915,63.54752,29.068674,19.904367,1.3500061,-1.6188354,0.009151983,21.46242,34.20842,7,2,0,2.388199099999999,2.5978567285714287,2.6864353714285714,2.9012249,57.35680614285714,0,0.0,142,0.6216286554787306,0,1
2021-07-12,5034.58,397.5353846153846,59.63030769230769,19.87676923076923,45.58153846153846,Cairo,0.0,2.1276667,163.56944,59.29721,29.866037,19.441477,0.6973521,-1.9809977,0.011300484,19.693958,29.832531,7,2,0,2.382945399999999,2.368867257142857,2.629662014285714,2.9012249,57.743965142857135,0,0.0,143,0.5461336746657881,0,1
2021-07-13,5155.78,408.24923076923073,61.237384615384606,20.41246153846154,45.51538461538462,Cairo,0.0,2.6687286,167.66025,55.518204,28.856924,17.724518,0.66519165,-2.515152,0.011526492,21.005627,31.41034,7,2,0,2.3054466333333323,2.393346514285714,2.6509731999999997,2.6687286,57.74213428571429,0,0.0,144,0.4445531581634511,0,1
2021-07-14,5161.6,405.3553846153846,60.80330769230768,20.267769230769233,45.44538461538461,Cairo,0.0,2.6889944,165.94019,56.221912,28.829742,18.146475,0.73462933,-2.5430756,0.014450288,27.123077,41.833595,7,2,0,2.495129899999999,2.4281642142857143,2.673763342857143,2.6889944,58.73620342857142,0,0.0,145,0.48938631686118594,0,1
2021-07-15,5112.64,412.12538461538463,61.81880769230769,20.606269230769232,45.37384615384615,Cairo,4.7683716e-07,1.9125942,165.57349,57.80435,29.041086,18.624582,0.554657,-1.7354126,0.018542677,26.530739,40.998573,7,2,0,2.4234390666666656,2.3660830285714285,2.5995535928571427,2.6889944,58.629359428571426,0,4.7683716e-07,146,0.49748543684423596,0,1
2021-07-16,5049.76,402.45307692307694,60.367961538461536,20.12265384615385,45.29692307692308,Cairo,0.0,2.5044262,161.45897,59.879105,30.59903,20.276602,0.8042145,-2.371053,0.017623587,25.17912,38.949364,7,2,0,2.3686715999999994,2.4176542285714286,2.6023937714285714,2.6889944,59.373341571428575,0,4.7683716e-07,147,0.6501299072316628,0,1
2021-07-17,5094.06,414.71153846153845,62.20673076923077,20.735576923076923,45.21923076923077,Cairo,0.0,2.6437204,175.92534,51.67207,31.187653,18.946686,0.35829672,-2.1772106,0.021099323,15.055666,24.238598,7,2,0,2.353580266666666,2.3808678714285714,2.5781160142857145,2.6437204,57.70576728571428,0,4.7683716e-07,148,0.9416972713377931,0,1
2021-07-18,5076.3,419.13461538461536,62.8701923076923,20.95673076923077,45.13384615384616,Cairo,0.0,2.394355,194.18706,52.36455,31.002512,17.664785,-0.5108693,-2.0547638,0.018864226,30.570156,45.83245,7,2,0,2.5141671999999993,2.4200693571428573,2.5089630428571428,2.6437204,56.10820014285714,0,4.7683716e-07,149,1.0274230392175092,0,1
2021-07-19,5094.86,408.7576923076923,61.31365384615384,20.43788461538462,45.04692307692308,Cairo,0.0,2.996741,204.81494,53.53386,31.321524,19.147043,-1.1142832,-2.5598907,0.043037478,20.213087,32.2498,7,2,0,2.678272133333332,2.5442228285714283,2.456545042857143,2.996741,55.28486442857143,0,4.7683716e-07,150,1.1558562335475586,0,1
2021-07-20,5031.95,400.0238461538462,60.00357692307693,20.00119230769231,44.95923076923077,Cairo,0.0,3.9032981,242.22673,38.8403,32.941723,16.571848,-3.2842052,-1.8236389,0.096761346,14.142872,32.73191,7,2,0,3.098131366666666,2.7205899000000002,2.5569682071428574,3.9032981,52.902306714285714,0,4.7683716e-07,151,1.4142672590771834,0,1
2021-07-21,4633.21,402.0675,60.310125,20.103375,44.708333333333336,Cairo,0.0,4.119698,214.53607,41.863297,31.95629,17.09317,-2.0361226,-3.0340576,0.08176139,11.011644,19.624847,7,2,0,3.673245699999999,2.924976128571429,2.6765701714285717,4.119698,50.851076,0,4.7683716e-07,152,1.2016691176247756,0,1
2021-07-22,5071.4,379.87076923076927,56.98061538461539,18.993538461538463,44.76923076923077,Cairo,9.536743e-07,2.8457277,162.61566,56.774197,29.69042,19.442942,1.0468597,-2.3983715,0.018670952,16.88615,27.153267,7,2,0,3.622907933333332,3.058280914285714,2.712181971428571,4.119698,50.70391128571429,0,9.536743e-07,153,1.0236135152311008,0,1
2021-07-23,5233.26,404.9623076923077,60.74434615384615,20.24811538461539,44.67,Cairo,0.0,4.044011,115.630005,56.244877,30.306305,19.203684,3.5395,-1.8912201,0.024184141,16.927826,31.733429,7,2,0,3.669812233333333,3.2782215999999997,2.8479379142857146,4.119698,50.184735857142854,0,9.536743e-07,154,1.0596392658569782,0,1
2021-07-24,5135.28,370.4969230769231,55.57453846153847,18.524846153846156,44.566153846153846,Cairo,0.0,3.4446776,120.74471,56.90329,28.830313,18.46467,2.960683,-1.750997,0.015403854,12.193834,23.472858,7,2,0,3.4448054333333324,3.392644057142857,2.8867559642857143,4.044011,50.932053,0,9.536743e-07,155,1.3882087059795272,0,1
2021-07-25,4589.31,264.1746153846154,39.62619230769231,13.208730769230769,44.45769230769231,Cairo,0.0,2.1839035,140.61732,59.757984,28.38508,18.726553,1.408493,-1.662562,0.024010632,22.278149,38.88639,7,2,0,3.2241973666666666,3.3625795571428574,2.8913244571428574,4.044011,51.988257857142855,0,9.536743e-07,156,1.668867129617498,0,1
2021-07-26,4986.52,376.06538461538463,56.409807692307695,18.80326923076923,44.349230769230765,Cairo,0.0,2.1198647,170.44597,57.886745,29.166412,19.118073,0.29237875,-1.888504,0.018417802,15.157169,25.579521,7,2,0,2.5828152666666657,3.237311514285714,2.8907671714285716,3.4446776,52.61009857142857,0,9.536743e-07,157,1.6886225137928377,0,1
2021-07-27,5198.61,412.6569230769231,61.89853846153846,20.632846153846156,44.23307692307692,Cairo,0.0,2.8163033,190.37628,56.22336,29.495676,18.93863,-0.42778525,-2.7497406,0.011803547,20.2761,30.860716,7,2,0,2.3733571666666653,3.0820265428571427,2.9013082214285713,2.8163033,55.09339285714286,0,9.536743e-07,158,1.1740021659169229,0,1
2021-07-28,5022.76,379.49,56.9235,18.974500000000003,44.11769230769231,Cairo,0.0,2.8031006,166.16447,59.2045,29.351065,19.356272,0.63572186,-2.6749878,0.01744172,19.40001,30.35635,7,2,0,2.579756199999999,2.8939412,2.9094586642857143,2.8163033,57.57070757142857,0,9.536743e-07,159,0.6163417162061733,0,1
2021-07-29,5222.5,410.6,61.59,20.53,43.99615384615385,Cairo,0.0,2.6703863,139.63847,58.60152,29.723785,19.152252,1.6993204,-2.0568848,0.03224384,16.831196,28.52621,7,2,0,2.763263399999999,2.868892428571429,2.9635866714285717,2.8163033,57.83175371428571,0,0.0,160,0.6198219360166269,0,1
2021-07-30,5131.11,397.3961538461538,59.60942307692307,19.869807692307692,43.871538461538464,Cairo,0.0,2.3097122,121.99774,61.481445,30.048899,20.570547,1.9291941,-1.194285,0.05345881,29.409304,49.352123,7,2,0,2.594399699999999,2.621135457142857,2.949678528571429,2.8031006,58.57983485714286,0,0.0,161,0.5560990264088127,0,1
2021-07-31,5001.03,390.6015384615384,58.59023076923076,19.53007692307692,43.74384615384615,Cairo,0.0,1.8536081,129.31023,59.62689,30.349356,19.608307,1.4589182,-1.0985922,0.060136583,31.212317,50.993042,7,2,0,2.2779021999999993,2.393839814285714,2.8932419357142853,2.6703863,58.96892057142857,0,0.0,162,0.6389111350571115,0,1
2021-08-01,4869.02,373.8646153846154,56.079692307692305,18.69323076923077,43.61461538461538,Cairo,0.0,2.3110127,181.78264,54.32114,31.503164,19.568512,0.25637308,-2.042455,0.043820843,49.984077,77.42445,8,2,0,2.158110999999999,2.4119982714285717,2.8872889142857145,2.3110127,58.19222857142858,0,0.0,163,0.7970656689136202,0,1
2021-08-02,5080.34,405.77230769230766,60.86584615384615,20.288615384615383,43.47846153846154,Cairo,0.0,1.5926605,138.38939,57.93752,31.207428,19.92862,1.0281067,-1.1702881,0.036399294,40.160725,61.700096,8,2,0,1.919093766666666,2.3366833857142857,2.7869974500000003,2.3110127,58.19948214285715,0,0.0,164,0.8357312241662531,0,1
2021-08-03,5081.46,415.4607692307692,62.31911538461537,20.773038461538462,43.34076923076923,Cairo,0.0,1.9700879,182.94702,47.600727,32.78409,17.957428,-0.11742147,-1.8654327,0.041610334,32.414314,51.293274,8,2,0,1.9579203666666658,2.2157954714285713,2.648911007142857,2.3110127,56.96767742857143,0,0.0,165,1.1947688313323503,0,1
2021-08-04,5043.88,412.0615384615385,61.809230769230766,20.603076923076927,43.19923076923077,Cairo,0.0,1.9658552,230.85307,33.213634,34.157703,14.566152,-1.5904642,-1.0283203,0.051592685,28.515083,46.860756,8,2,0,1.8428678666666658,2.0961889857142855,2.4950650928571427,1.9700879,53.25469657142857,0,0.0,166,1.5972522115317482,0,1
2021-08-05,4976.94,414.6607692307692,62.199115384615375,20.73303846153846,43.05538461538462,Cairo,0.0,2.2969723,196.52608,28.469856,34.28368,12.772288,-0.92475384,-1.0455679,0.0570575,25.632143,42.07022,8,2,0,2.077638466666666,2.0428441285714287,2.4558682785714288,2.2969723,48.95017314285714,0,0.0,167,1.7260814820725459,0,1
2021-08-06,5091.48,413.3538461538462,62.003076923076925,20.66769230769231,42.90538461538461,Cairo,0.0,2.2046683,158.7524,35.084377,33.82364,15.291168,0.92814636,-1.3783264,0.07622117,32.745113,56.152153,8,2,0,2.1558319333333325,2.027837857142857,2.324486657142857,2.2969723,45.17916342857143,0,0.0,168,1.5810821158618895,0,1
2021-08-07,5154.06,398.63,59.7945,19.9315,42.75461538461538,Cairo,0.0,2.959688,105.22816,47.89818,32.8461,18.417633,2.722824,-0.47521973,0.10880901,37.78011,69.05979,8,2,0,2.4871095333333324,2.1858492714285718,2.289844542857143,2.959688,43.50363342857143,0,0.0,169,1.2361519340340048,0,1
2021-08-08,5265.28,415.43,62.314499999999995,20.771500000000003,42.599230769230765,Cairo,0.0,2.8245857,139.73444,61.02618,30.408844,20.074453,1.9358826,-1.8871866,0.013777843,17.361969,29.903389,8,2,0,2.6629806666666656,2.259216842857143,2.335607557142857,2.959688,44.46149628571429,0,0.0,170,1.491513453154793,0,1
2021-08-09,5239.98,416.19076923076926,62.428615384615384,20.809538461538466,42.440000000000005,Cairo,4.7683716e-07,2.1457207,160.57866,63.043396,29.997955,20.99299,0.7152405,-2.0225117,0.011167917,24.829208,40.23604,8,2,0,2.6433314666666656,2.338225442857143,2.3374544142857148,2.959688,45.19090714285714,0,4.7683716e-07,171,1.7522976501923269,0,1
2021-08-10,5161.56,404.7676923076924,60.71515384615386,20.23838461538462,42.27846153846154,Cairo,0.0,2.6104362,162.71004,58.050068,30.157053,20.021555,0.7623596,-2.4887848,0.028145975,19.901398,31.158329,8,2,0,2.526914199999999,2.4297037714285716,2.322749621428571,2.8245857,46.68367014285714,0,4.7683716e-07,172,1.9768682418640264,0,1
2021-08-11,5256.61,419.1530769230769,62.87296153846154,20.957653846153846,42.112307692307695,Cairo,0.0,2.8141756,165.44246,57.469635,30.430655,19.70466,0.6402232,-2.7293904,0.015626287,16.628267,25.394081,8,2,0,2.523444166666666,2.5508924,2.3235406928571427,2.8141756,50.14881314285714,0,4.7683716e-07,173,1.8732516040171137,0,1
2021-08-12,5175.06,413.4107692307692,62.011615384615375,20.67053846153846,41.94461538461538,Cairo,0.0,2.3545582,162.36311,56.177383,30.983795,19.63443,0.8137004,-2.1641033,0.046804346,30.255236,46.785965,8,2,0,2.5930566666666657,2.559118957142857,2.300981542857143,2.8141756,54.107031285714285,0,4.7683716e-07,174,1.4934053687155506,0,1
2021-08-13,5065.77,384.18461538461537,57.6276923076923,19.20923076923077,41.77384615384615,Cairo,0.0,2.3640728,151.63033,52.56171,31.827463,19.86026,1.2531077,-1.9153595,0.11803743,28.943426,51.007904,8,2,0,2.5109355333333325,2.581891028571429,2.3048644428571428,2.8141756,56.60379314285715,0,4.7683716e-07,175,1.0379468358010677,0,1
2021-08-14,5274.68,410.20461538461535,61.5306923076923,20.51023076923077,41.599230769230765,Cairo,0.0,2.9029741,182.53333,56.6559,29.75292,19.251291,-0.11507162,-2.8757222,0.026302395,25.74098,41.718613,8,2,0,2.5405350333333323,2.573789042857143,2.3798191571428573,2.9029741,57.854896000000004,0,4.7683716e-07,176,0.6995989478618975,0,1
2021-08-15,5357.26,430.8430769230769,64.62646153846154,21.542153846153848,41.41923076923077,Cairo,0.0,2.5714672,167.04826,58.70853,30.023996,19.711985,0.59281415,-2.4875793,0.020245755,16.750858,25.886805,8,2,0,2.612838033333332,2.537629257142857,2.3984230500000003,2.9029741,57.52380314285715,0,4.7683716e-07,177,0.7234405109003524,0,1
2021-08-16,5344.15,425.3707692307692,63.80561538461538,21.268538461538462,41.23846153846154,Cairo,0.0,2.9078114,164.21991,60.82498,29.839752,19.890533,0.88565063,-2.7190144,0.03663365,18.976871,28.787636,8,2,0,2.7940842333333324,2.6464993571428574,2.4923624,2.9078114,57.206886571428576,0,0.0,178,0.742266458622959,0,1
2021-08-17,5358.41,422.8169230769231,63.422538461538466,21.140846153846155,41.05461538461539,Cairo,0.0,2.4723842,165.96364,59.802593,28.89029,18.954498,0.7992401,-2.2228546,0.03577342,18.704998,28.693596,8,2,0,2.6505542666666657,2.6267776428571428,2.528240707142857,2.9078114,57.45724728571429,0,0.0,179,0.9464637433929741,0,1
2021-08-18,5416.88,424.24384615384616,63.63657692307692,21.21219230769231,40.86538461538461,Cairo,0.0,2.9936876,160.97527,56.777645,28.788565,18.501211,1.0510966,-2.767624,0.030108156,10.527054,15.897684,8,2,0,2.7912943999999995,2.652422214285714,2.6016573071428573,2.9936876,57.35839157142857,0,0.0,180,1.0872119951584902,0,1
2021-08-19,5427.62,434.4369230769231,65.16553846153846,21.72184615384616,40.675384615384615,Cairo,0.0,2.5116823,148.76022,55.795074,28.843903,18.333405,1.2934418,-2.1145122,0.015742434,22.872375,35.727142,8,2,0,2.6592513666666657,2.674868514285714,2.6169937357142854,2.9936876,57.303776000000006,0,0.0,181,1.070203277139686,0,1
2021-08-20,5331.4,424.5323076923077,63.67984615384616,21.226615384615386,40.48076923076923,Cairo,3.33786e-06,2.530736,170.35793,63.476902,29.02831,20.111237,0.4269816,-2.4934437,0.015662914,23.290855,35.88642,8,2,0,2.6787019666666656,2.6986775428571432,2.640284285714286,2.9936876,58.86308914285714,0,3.33786e-06,182,0.5371609747101397,0,1
2021-08-21,5254.23,407.59,61.13849999999999,20.3795,40.28384615384616,Cairo,0.0,2.9589589,170.49017,59.508686,30.16153,20.271963,0.46444702,-2.9061432,0.018720655,30.973055,48.330997,8,2,0,2.6671257333333322,2.706675371428571,2.6402322071428577,2.9589589,59.27063,0,3.33786e-06,183,0.6105447390308186,0,1
2021-08-22,5455.65,440.5061538461538,66.07592307692306,22.025307692307692,40.08538461538462,Cairo,0.0,3.3827305,169.33412,63.50355,29.926748,20.603506,0.69688416,-3.2322133,0.013523268,13.176814,19.729422,8,2,0,2.9574751333333325,2.8225701285714284,2.680099692857143,3.3827305,59.95563285714285,0,3.33786e-06,184,0.594014089971836,0,1
2021-08-23,5419.17,429.3315384615385,64.39973076923077,21.46657692307693,39.88153846153846,Cairo,2.3841858e-06,2.784971,149.68507,62.475666,28.7954,19.301504,1.5311533,-2.1670227,0.014347859,18.367722,29.518661,8,2,0,3.0422201333333327,2.8050214999999996,2.7257604285714288,3.3827305,60.19144514285714,0,5.7220458e-06,185,0.5827682300908066,0,1
2021-08-24,5319.58,417.1215384615385,62.568230769230766,20.856076923076927,39.67692307692308,Cairo,0.0,1.8485676,153.18651,60.99905,28.900787,19.517813,0.85118103,-1.6391296,0.021248445,23.073318,37.074043,8,2,0,2.672089699999999,2.7159048428571424,2.671341242857143,3.3827305,60.36236757142857,0,5.7220458e-06,186,0.5818363237871722,0,1
2021-08-25,5249.61,406.6484615384616,60.99726923076924,20.33242307692308,39.46615384615385,Cairo,4.7683716e-07,2.2160122,170.91624,59.368973,29.492096,19.697824,0.38970947,-2.1780293,0.025113711,16.9307,26.071312,8,2,0,2.283183599999999,2.6048083571428573,2.628615285714286,2.784971,60.73255728571428,0,6.19888296e-06,187,0.5578888980192794,0,1
2021-08-26,5329.9,413.17615384615385,61.976423076923076,20.658807692307693,39.25615384615384,Cairo,0.0,3.1794026,184.53278,60.914276,29.567291,20.19929,-0.26756287,-3.1509655,0.029943839,21.910295,35.22865,8,2,0,2.414660799999999,2.7001969714285714,2.687532742857143,3.1794026,61.463871857142856,0,6.19888296e-06,188,0.5237721635753468,0,1
2021-08-27,5154.53,385.2976923076923,57.794653846153835,19.264884615384616,39.042307692307695,Cairo,4.7683716e-07,3.6535423,193.55641,65.1489,29.861887,21.331696,-0.95816547,-3.5014904,0.042645603,14.097925,21.98663,8,2,0,3.0163190333333323,2.8605978714285714,2.7796377071428573,3.6535423,61.702728714285705,0,3.33786012e-06,189,0.5171651887461328,0,1
2021-08-28,5405.1900000000005,436.8761538461539,65.53142307692308,21.843807692307696,38.824615384615385,Cairo,0.0,2.7228782,171.3568,54.629673,29.733225,18.529531,0.4718628,-2.6654866,0.032723732,18.168755,29.770153,8,2,0,3.185274366666666,2.8268720571428574,2.7667737142857143,3.6535423,61.005726857142854,0,3.33786012e-06,190,0.4510176216802002,0,1
2021-08-29,5305.4,414.3576923076923,62.15365384615384,20.717884615384616,38.60307692307693,Cairo,0.0,2.6606047,183.36566,60.09839,30.04654,19.87507,-0.06483968,-2.60731,0.084809855,18.932613,40.642673,8,2,0,3.0123417333333324,2.7237112285714287,2.7731406785714285,3.6535423,60.519275428571426,0,3.33786012e-06,191,0.47305057453185745,0,1
2021-08-30,5260.099999999999,397.2807692307693,59.59211538461539,19.864038461538467,38.38153846153846,Cairo,0.0,3.3061078,174.23698,58.51205,30.289703,20.431631,0.39923605,-3.1892548,0.07919278,25.063393,45.6568,8,2,0,2.896530233333332,2.798159342857143,2.801590421428571,3.3061078,59.95304457142857,0,9.5367432e-07,192,0.4462282340810057,0,1
2021-08-31,5479.71,427.1769230769231,64.07653846153846,21.35884615384616,38.15692307692307,Cairo,0.0,3.9143403,193.58708,57.740448,29.287262,19.40217,-0.95144147,-3.7594097,0.022669163,20.190826,30.188663,8,2,0,3.293684266666666,3.0932697285714283,2.9045872857142854,3.9143403,59.48753,0,9.5367432e-07,193,0.34300798769590446,0,1
2021-09-01,5421.68,446.165,66.92475,22.30825,41.0,Cairo,0.0,4.269876,193.41615,59.64754,28.699127,19.014395,-1.0231171,-4.089142,0.037826803,22.68031,33.8285,9,3,0,3.830108033333333,3.386678842857143,2.9957436,4.269876,59.52732528571429,0,4.7683716e-07,194,0.5260327266515689,0,1
2021-09-02,5396.59,441.1808333333333,66.17712499999999,22.059041666666666,40.77,Cairo,4.7683716e-07,4.186219,192.83221,58.32188,28.879221,19.16511,-0.9514313,-4.042628,0.066835806,17.115894,25.746372,9,3,0,4.123478433333333,3.5305097571428576,3.1153533642857143,4.269876,59.156983000000004,0,9.5367432e-07,195,0.6009875443697112,0,1
2021-09-03,5376.95,442.15333333333336,66.32300000000001,22.10766666666667,40.54333333333333,Cairo,0.0,3.2296124,170.32562,64.07279,28.500967,20.00772,0.5022278,-3.1768544,0.054521482,13.894697,21.551468,9,3,0,3.8952357999999996,3.469948342857143,3.1652731071428577,4.269876,59.003252999999994,0,4.7683716e-07,196,0.693434075314693,0,1
2021-09-04,5305.96,438.3258333333333,65.748875,21.916291666666666,40.30833333333333,Cairo,4.7683716e-07,2.324598,174.26904,59.83199,28.268301,18.649405,0.22754924,-2.30749,0.06895762,20.084581,30.684397,9,3,0,3.2468097999999994,3.413051171428571,3.1199616142857143,4.186219,59.746441142857144,0,9.5367432e-07,197,0.7741558418403567,0,1
2021-09-05,5071.3,369.9225,55.488375,18.496125000000003,40.075833333333335,Cairo,0.0,3.6436312,173.29985,60.986847,28.550283,19.398102,0.42652383,-3.5798187,0.057832643,18.093966,29.415688,9,3,0,3.0659471999999988,3.553483528571429,3.1385973785714287,3.6436312,59.87336357142857,0,9.5367432e-07,198,0.6829144349718297,0,1
2021-09-06,5396.51,448.335,67.25025,22.41675,39.8375,Cairo,0.0,3.1299622,159.24776,58.132374,28.136627,18.29361,1.2158712,-2.8595073,0.05338119,17.519693,29.127651,9,3,0,3.0327304666666657,3.5283198714285713,3.163239607142857,3.6436312,59.81912414285715,0,9.5367432e-07,199,0.38622505574236243,0,1
2021-09-07,5404.33,465.9816666666666,69.89724999999999,23.299083333333332,39.5975,Cairo,0.0,2.259679,200.04358,52.749146,28.166819,16.966543,-0.52066547,-2.0471191,0.050052434,21.192768,38.14026,9,3,0,3.0110907999999994,3.291939685714286,3.192604707142857,3.6436312,59.106081,0,9.5367432e-07,200,0.2798753505466786,0,1
2021-09-08,5255.76,451.545,67.73175,22.577250000000003,39.3575,Cairo,0.0,2.274317,228.89062,48.33786,30.836578,17.61083,-1.734909,-1.2333832,0.11830763,20.051956,43.006813,9,3,0,2.5546527333333326,3.0068598285714287,3.196769335714286,3.1299622,57.490412428571425,0,9.5367432e-07,201,0.9504072973070145,0,1
2021-09-09,5137.9800000000005,416.1583333333333,62.42374999999999,20.807916666666667,39.11333333333334,Cairo,0.0,3.0307493,197.23976,40.853104,31.697092,16.546457,1.6976267,-0.5166982,0.088720664,32.84078,57.304836,9,3,0,2.521581766666666,2.8417927285714284,3.1861512428571426,3.0307493,54.994873,0,4.7683716e-07,202,1.4652909129379086,0,1
2021-09-10,4490.02,256.85166666666663,38.52774999999999,12.842583333333332,38.8675,Cairo,4.7683716e-07,3.4948273,166.71036,58.390736,27.773672,18.11791,0.84027606,-3.3145092,0.023836533,22.636875,35.655754,9,3,0,2.9332978666666656,2.8796805714285716,3.1748144571428574,3.4948273,54.183151,0,9.5367432e-07,203,1.54391814900383,0,1
2021-09-11,4437.72,255.3058333333333,38.295874999999995,12.765291666666666,38.62083333333333,Cairo,0.0,3.3095741,161.57042,58.217373,27.029694,17.490305,1.1548055,-3.076945,0.031392675,22.726868,34.78137,9,3,0,3.278383566666666,3.020391442857143,3.2167213071428575,3.4948273,53.95249142857143,0,4.7683716e-07,204,1.711802528894112,0,1
2021-09-12,5476.93,461.7891666666667,69.268375,23.089458333333337,38.37,Cairo,0.0,2.6812594,160.31073,57.183605,27.145823,17.15331,0.95167035,-2.4999695,0.06370771,18.931852,31.016277,9,3,0,3.161886933333333,2.882909757142857,3.2181966428571434,3.4948273,53.40917114285715,0,4.7683716e-07,205,1.835339310888342,0,1
2021-09-13,5272.94,429.96583333333336,64.49487500000001,21.49829166666667,38.119166666666665,Cairo,0.0,3.7609847,142.48169,37.717175,31.18635,14.2048235,1.5086924,2.0650127,0.18123919,30.827208,66.840454,9,3,0,3.250606066666666,2.973055828571429,3.25068785,3.7609847,50.492714142857146,0,4.7683716e-07,206,2.0349344943809755,0,1
2021-09-14,4730.85,356.7808333333333,53.51712499999999,17.839041666666667,37.8675,Cairo,0.0,1.7066036,197.96028,53.747646,29.648264,18.043692,0.28797913,-0.09261576,0.04665958,18.173931,34.335308,9,3,0,2.7162825666666657,2.8940450571428573,3.0929923714285716,3.7609847,50.635357,0,4.7683716e-07,207,1.9960133111333576,0,1
2021-09-15,5340.7,425.9041666666667,63.885625000000005,21.295208333333335,37.611666666666665,Cairo,0.0,3.0225067,135.08852,55.72115,28.069407,17.526194,2.1287231,-1.8389384,0.03217405,22.297039,35.768852,9,3,0,2.8300316666666654,3.0009292999999997,3.0038945642857144,3.7609847,51.69011271428572,0,4.7683716e-07,208,1.9207528824642939,0,1
2021-09-16,5105.42,358.01,53.701499999999996,17.9005,37.35666666666666,Cairo,0.0,3.1173356,146.8222,56.53624,27.120188,17.069815,1.8338522,-2.498515,0.019328192,20.901947,35.268013,9,3,0,2.6154819666666658,3.013298771428571,2.92754575,3.1173356,53.93056071428571,0,4.7683716e-07,209,1.5713314388316113,0,1
2021-09-17,5185.2,388.865,58.32975,19.443250000000003,37.098333333333336,Cairo,9.536743e-07,3.484792,171.5857,54.301273,27.549957,16.779694,0.34502158,-3.3708546,0.0122792795,17.456982,27.40749,9,3,0,3.2082114333333323,3.011865157142857,2.9457728642857144,3.484792,53.34635171428572,0,9.536743e-07,210,1.5856016887207818,0,1
2021-09-18,5464.5,439.6758333333333,65.95137499999998,21.983791666666665,36.83833333333333,Cairo,0.0,3.6834257,201.24446,54.945892,27.370352,16.879873,-1.412023,-3.37943,0.020961428,11.618477,17.9414,9,3,0,3.4285177666666655,3.065272528571428,3.042831985714286,3.6834257,52.87899728571428,0,9.536743e-07,211,1.5466567572363186,0,1
2021-09-19,5599.19,466.20416666666665,69.93062499999999,23.310208333333335,36.579166666666666,Cairo,0.0,4.578175,218.57262,57.9773,27.755117,17.488678,-2.8510692,-3.4842885,0.039136425,11.3207,19.202156,9,3,0,3.9154642333333327,3.3362604714285715,3.1095851142857143,4.578175,52.99238228571428,0,9.536743e-07,212,1.486960153781117,0,1
2021-09-20,4977.24,447.9554545454546,67.19331818181819,22.39777272727273,36.82636363636364,Cairo,0.0,4.00378,207.83473,50.777065,29.12255,16.886301,-1.83874,-3.5519001,0.107669614,24.182903,48.95208,9,3,0,4.088460233333333,3.3709455142857143,3.172000671428571,4.578175,54.85808085714285,0,9.536743e-07,213,0.9448974396497111,0,1
2021-09-21,5389.69,442.2366666666667,66.3355,22.111833333333337,36.053333333333335,Cairo,4.7683716e-07,4.260198,205.25012,61.802402,29.167063,19.385162,-1.6808268,-3.7774456,0.083057776,19.512367,40.278145,9,3,0,4.280717666666665,3.735744714285714,3.3148948857142857,4.578175,56.00876028571429,0,1.4305114600000002e-06,214,0.8222517934995625,0,1
2021-09-22,5387.13,451.5916666666666,67.73874999999998,22.579583333333332,35.79,Cairo,0.0,3.3493645,165.68132,57.819794,28.731272,18.193186,0.8749644,-3.2260387,0.054376554,18.804886,32.99093,9,3,0,3.871114166666666,3.7824386857142858,3.3916839928571427,4.260198,56.30856657142857,0,1.4305114600000002e-06,215,0.8655159127812327,0,1
2021-09-23,5371.46,448.83,67.3245,22.4415,35.524166666666666,Cairo,0.0,2.4630086,126.97425,61.4959,27.485666,18.435617,1.999883,-1.3293356,0.08199612,18.634605,37.625244,9,3,0,3.3575236999999993,3.6889634,3.351131085714286,4.260198,57.01708942857143,0,1.4305114600000002e-06,216,0.8042423312187071,0,1
2021-09-24,4082.71,196.54,29.480999999999998,9.827,35.2575,Cairo,0.0,3.3789065,144.99779,59.37434,26.179352,16.666006,2.1022084,-2.4655762,0.07663691,19.782837,37.258278,9,3,0,3.063759866666666,3.6738369,3.3428510285714284,3.3789065,57.74181328571428,0,4.7683716e-07,217,1.0944978487670824,0,1
2021-09-25,5188.98,375.00916666666666,56.251374999999996,18.750458333333334,34.99,Cairo,0.0,2.7331316,180.90141,49.992466,24.506989,12.868805,-0.5300649,-2.4722137,0.01078152,19.171139,30.521255,9,3,0,2.8583488999999993,3.5380806000000002,3.301676564285714,3.3789065,57.034181000000004,0,4.7683716e-07,218,1.715937123348311,0,1
2021-09-26,4592.87,279.94166666666666,41.99125,13.997083333333334,34.722500000000004,Cairo,0.0,3.2937372,193.49493,55.142918,25.188303,15.114003,-0.76809186,-3.2028859,0.03578855,15.326725,26.076733,9,3,0,3.135258433333332,3.3545894857142855,3.3454249785714287,3.3789065,56.629269285714294,0,4.7683716e-07,219,1.9292848086597447,0,1
2021-09-27,4672.4400000000005,299.0408333333333,44.85612499999999,14.952041666666666,34.4525,Cairo,0.0,2.630233,139.28288,54.365204,25.816477,15.352529,1.750117,-1.7730408,0.031411678,15.520342,24.90488,9,3,0,2.8857005999999994,3.1583684857142855,3.264657,3.2937372,57.14186057142857,0,4.7683716e-07,220,1.778181095142997,0,1
2021-09-28,5333.54,428.0608333333333,64.20912499999999,21.403041666666667,34.185,Cairo,0.0,2.0934486,129.70416,63.860737,25.317862,17.17756,1.5525818,-1.3367971,0.013864279,23.823997,37.474625,9,3,0,2.672472933333333,2.848832857142857,3.292288785714286,3.2937372,57.43590842857143,0,0.0,221,1.4646641639392852,0,1
2021-09-29,5310.87,428.895,64.33425,21.44475,33.913333333333334,Cairo,0.0,2.1066031,144.40135,61.556503,25.7176,16.669016,1.2148081,-1.6733093,0.017100299,22.281624,35.075184,9,3,0,2.2767615666666656,2.671295514285714,3.2268671,2.630233,57.969724,0,0.0,222,0.9353669583660884,0,1
2021-09-30,5127.16,408.0316666666667,61.204750000000004,20.401583333333335,33.6425,Cairo,9.536743e-07,2.4440386,161.36476,66.22643,26.279694,18.430735,0.8482666,-2.273997,0.063994184,23.217926,40.82996,9,3,0,2.2146967666666657,2.6685855142857138,3.178774457142857,2.4440386,58.645514,0,9.536743e-07,223,0.618699282549775,0,1
2021-10-01,5100.6,393.0441666666666,58.95662499999999,19.652208333333334,33.369166666666665,Cairo,4.7683716e-06,3.297446,172.25655,62.821533,25.58731,17.22338,0.45883688,-3.1889343,0.024449695,19.297092,29.89684,10,3,0,2.6160292333333324,2.6569483,3.1653926,3.297446,59.13797014285715,0,5.7220459000000005e-06,224,0.5595239841754007,0,1
2021-10-02,5273.6,412.2941666666666,61.84412499999999,20.614708333333333,33.09916666666667,Cairo,0.0,2.451844,139.73125,59.234585,24.984446,15.890208,1.6243896,-1.8008372,0.0059320084,19.92511,31.71167,10,3,0,2.7311095333333326,2.616764357142857,3.077422478571428,3.297446,60.45827285714285,0,5.7220459000000005e-06,225,0.435365919176083,0,1
2021-10-03,4453.85,268.1816666666667,40.22725,13.409083333333335,32.82833333333333,Cairo,3.6239624e-05,2.922888,159.77448,61.724537,25.027008,16.60261,0.9468486,-2.7506664,0.008952344,22.680485,36.227905,10,3,0,2.890725999999999,2.5637859,2.959187692857143,3.297446,61.398504142857135,0,4.1961669899999995e-05,226,0.4615484043490777,0,1
2021-10-04,5049.52,361.5083333333334,54.22625000000001,18.07541666666667,32.55583333333333,Cairo,9.536743e-07,2.9002144,177.7469,59.76594,24.451895,15.520986,0.12887573,-2.8926136,0.004934814,27.849277,43.005623,10,3,0,2.758315466666666,2.6023546714285715,2.8803615785714287,2.922888,62.17003785714285,0,4.2915344199999996e-05,227,0.591656331256299,0,1
2021-10-05,5496.53,449.74916666666667,67.462375,22.487458333333336,32.28416666666667,Cairo,0.0,3.3355265,169.39708,58.79539,24.141184,14.857738,0.5922394,-3.2632039,0.005572588,22.668776,34.52482,10,3,0,3.052876299999999,2.7797943714285718,2.8143136142857146,3.3355265,61.44641685714286,0,4.2915344199999996e-05,228,0.7454806296611303,0,1
2021-10-06,5284.39,408.50416666666666,61.275625,20.425208333333334,32.01,Cairo,1.3828278e-05,2.9768817,175.49312,60.715775,23.812246,15.203685,0.1565501,-2.9487457,0.0057955952,25.063152,38.420364,10,3,0,3.0708741999999987,2.904119885714286,2.7877077,3.3355265,61.32631285714285,0,5.674362219999999e-05,229,0.8523481033744156,0,1
2021-10-07,5572.62,465.9575,69.893625,23.297875,31.7375,Cairo,0.0,3.3608024,194.46196,61.890545,24.036123,15.486888,-0.88952637,-3.217448,0.013827006,18.065819,29.302864,10,3,0,3.2244035333333323,3.0350861428571427,2.8518358285714283,3.3608024,60.706900714285716,0,5.578994789999999e-05,230,0.6419019896312397,0,1
2021-10-08,4963.57,458.7418181818182,68.81127272727272,22.937090909090912,30.72,Cairo,0.0,3.6229553,199.40797,59.0638,24.886139,15.597728,-1.1939799,-3.4188282,0.019180054,18.92753,32.679337,10,3,0,3.3202131333333322,3.081587471428571,2.8692678857142857,3.6229553,60.17008171428571,0,5.1021576299999995e-05,231,0.49616496258557774,0,1
2021-10-09,5555.99,465.05,69.7575,23.2525,31.194166666666664,Cairo,0.0,4.1586976,201.64168,62.26311,24.806223,16.363272,-1.5784861,-3.836202,0.042789325,17.957262,32.46138,10,3,0,3.7141517666666655,3.3254236999999995,2.9710940285714287,4.1586976,60.602728142857146,0,5.1021576299999995e-05,232,0.4696503691031142,0,1
2021-10-10,5587.360000000001,461.2366666666667,69.1855,23.061833333333336,30.92333333333333,Cairo,0.0,4.65222,217.43599,65.16023,24.793447,16.535227,-2.904826,-3.6038208,0.051249016,16.442434,32.05888,10,3,0,4.144624299999999,3.5724711285714283,3.0681285142857138,4.65222,61.09354142857143,0,1.4781952299999999e-05,233,0.4284420158477602,0,1
2021-10-11,4709.51,418.3545454545454,62.75318181818181,20.917727272727273,29.133636363636366,Cairo,0.0,5.041794,228.6675,65.845604,25.03775,16.719229,-3.8012848,-3.3088176,0.054517828,17.709106,32.489502,10,3,0,4.617570533333332,3.878411071428571,3.2403828714285714,5.041794,61.96206485714286,0,1.3828278e-05,234,0.48905927626571666,0,1
2021-10-12,4651.21,424.9918181818182,63.74877272727272,21.249590909090912,28.87090909090909,Cairo,0.0,4.046819,209.29634,64.8952,26.131744,17.572256,-1.9523722,-3.5163727,0.089931,14.5625305,25.339155,10,3,0,4.580277666666666,3.9800242857142853,3.3799093285714283,5.041794,62.83346628571429,0,1.3828278e-05,235,0.7522642699620505,0,1
2021-10-13,5325.7,440.2766666666666,66.04149999999998,22.01383333333333,30.114166666666662,Cairo,0.0,4.407638,211.71788,65.19013,26.02587,17.632233,-2.3655853,-3.6824086,0.03870772,12.157628,22.966263,10,3,0,4.498750333333333,4.184418042857143,3.544268964285714,5.041794,63.47265985714286,0,0.0,236,0.7397537575636403,0,1
2021-10-14,5505.610000000001,461.5858333333333,69.23787499999999,23.079291666666666,29.843333333333334,Cairo,0.0,4.4984264,226.60518,67.32073,25.731028,17.96874,-3.2442272,-3.0828705,0.04442925,12.057218,24.162277,10,3,0,4.3176277999999995,4.346935757142857,3.69101095,4.4984264,64.24840057142858,0,0.0,237,0.5959605584512414,0,1
2021-10-15,5402.4800000000005,453.66333333333336,68.0495,22.68316666666667,29.5775,Cairo,0.0,3.9498177,234.70856,59.627544,26.306711,16.351797,-3.2057087,-2.0873108,0.03770107,12.401997,23.872578,10,3,0,4.285294033333332,4.393630385714286,3.7376089285714285,4.4984264,64.32893542857143,0,0.0,238,0.6529669908872611,0,1
2021-10-16,4206.68,272.9766666666667,40.9465,13.648833333333336,29.31,Cairo,0.0,2.5146487,187.87117,47.550785,27.014557,13.288646,0.1701711,-1.6874084,0.06459849,15.230658,31.609783,10,3,0,3.6542975999999983,4.158766257142857,3.742094978571429,4.4984264,62.22717471428572,0,0.0,239,0.7598366863633191,0,1
2021-10-17,5267.43,437.1641666666667,65.574625,21.858208333333337,29.043333333333333,Cairo,0.0,2.5900712,189.80547,52.718624,26.357004,15.020497,-0.20747375,-2.2211354,0.07271733,18.800354,40.26722,10,3,0,3.0181791999999987,3.8641735714285717,3.71832235,3.9498177,60.44980242857143,0,0.0,240,0.6075792013751184,0,1
2021-10-18,5236.9400000000005,413.76666666666665,62.065,20.688333333333333,28.779166666666665,Cairo,0.0,2.4985714,190.47389,58.737762,24.053537,14.816234,-0.21679688,-2.318573,0.008433567,15.890022,25.939308,10,3,0,2.534430433333332,3.5008560571428573,3.6896335642857143,2.5900712,59.43439642857142,0,0.0,241,0.9228000551402883,0,1
2021-10-19,4931.04,397.9818181818182,59.697272727272725,19.899090909090912,30.982727272727274,Cairo,0.0,2.6591756,173.10588,55.426266,23.3155,13.356923,0.3520101,-2.6343079,0.018109418,15.277416,24.262016,10,3,0,2.5826060666666657,3.3026212857142854,3.641322785714286,2.6591756,58.081691571428564,0,0.0,242,1.345369204752178,0,1
2021-10-20,4933.1900000000005,392.65090909090907,58.89763636363636,19.632545454545454,30.70909090909091,Cairo,1.9073486e-06,2.9735682,165.86507,58.537457,22.836823,13.66682,0.79046124,-2.8464813,0.034338668,16.169136,25.990822,10,3,0,2.710438399999999,3.0977541714285715,3.6410861071428573,2.9735682,57.13130971428571,0,1.9073486e-06,243,1.6583326098557711,0,1
2021-10-21,5283.41,513.3140000000001,76.9971,25.665700000000005,33.376999999999995,Cairo,0.0,2.6531065,164.64159,57.69446,22.185455,12.737946,0.7723134,-2.5142567,0.030972712,19.246084,31.217812,10,3,0,2.7619500999999986,2.834137042857143,3.5905364000000004,2.9735682,55.75612828571428,0,1.9073486e-06,244,1.945720265112904,0,1
2021-10-22,5034.06,458.565,68.78475,22.928250000000002,33.103,Cairo,0.0,2.518357,166.0555,61.283295,22.540192,14.013988,0.2289683,-2.406072,0.03273987,13.627953,22.10543,10,3,0,2.7150105666666655,2.629642657142857,3.511636521428571,2.9735682,55.992664142857144,0,1.9073486e-06,245,1.9095331214245503,0,1
2021-10-23,4724.3,386.288,57.9432,19.314400000000003,32.831,Cairo,0.0,3.5878773,177.58325,66.637474,22.592764,15.430165,0.081456505,-3.5297241,0.036447678,13.04282,22.231869,10,3,0,2.9197802666666655,2.7829610285714286,3.4708636428571427,3.5878773,58.719333999999996,0,1.9073486e-06,246,1.4352913468755044,0,1
2021-10-24,5398.71,534.83,80.2245,26.741500000000002,32.558,Cairo,0.0,2.758869,201.01222,58.044468,21.47053,12.23762,-0.9092204,-2.5799968,0.057172816,13.81126,21.875343,10,3,0,2.955034433333332,2.807075,3.3356242857142853,3.5878773,59.48016885714286,0,1.9073486e-06,247,0.8207446312382978,0,1
2021-10-25,5161.01,500.939,75.14085,25.046950000000002,32.287,Cairo,9.536743e-07,2.1772802,181.84898,62.054775,22.414865,14.123118,-0.036209106,-2.1710255,0.0424973,14.594009,22.662846,10,3,0,2.8413421666666654,2.761176257142857,3.131016157142857,3.5878773,59.95402785714286,0,2.8610229e-06,248,0.5703432541570895,0,1
2021-10-26,5286.59,527.236,79.08539999999999,26.361800000000002,32.024,Cairo,0.0,3.0303829,211.93733,63.213856,22.983551,14.855784,-1.577179,-2.468755,0.09497635,14.907488,24.45701,10,3,0,2.655510699999999,2.814205871428572,3.058413578571429,3.0303829,61.06654071428572,0,2.8610229e-06,249,0.49852170481174085,0,1
2021-10-27,5116.99,503.754,75.5631,25.187700000000003,31.757,Cairo,0.0,3.6478336,242.70927,57.605335,24.733389,14.494293,-3.232193,-1.6685333,0.15635459,13.75783,28.05083,10,3,0,2.9518322333333322,2.9105295,3.004141835714286,3.6478336,60.933380428571425,0,9.536743e-07,250,1.009100562581547,0,1
2021-10-28,4862.88,482.419,72.36285,24.12095,31.493,Cairo,0.0,2.1237912,212.8022,39.471615,26.499176,10.926259,-0.5882721,0.60755414,0.20398691,22.25393,46.297165,10,3,0,2.9340025666666656,2.8349130285714286,2.834525035714286,3.6478336,58.330116857142855,0,9.536743e-07,251,1.7124448130348855,0,1
2021-10-29,4524.9,420.015,63.00225,21.00075,31.232,Cairo,0.0,2.3755624,88.420815,47.475956,24.615387,12.382558,2.2744904,-0.15982564,0.05481504,47.58313,77.074295,10,3,0,2.715729066666665,2.8145138,2.7220782285714287,3.6478336,56.35763985714285,0,9.536743e-07,252,1.7345895805441855,0,1
2021-10-30,3047.99,244.038,36.6057,12.201900000000002,30.974,Cairo,2.002716e-05,1.4442939,213.00655,63.885483,24.956451,16.472727,-0.0041859946,-0.418574,0.10073295,24.895714,50.586708,10,3,0,1.981215833333332,2.5082876,2.645624314285714,2.3755624,55.964498285714285,0,2.0980834300000002e-05,253,1.7323412296626384,0,1
2021-10-31,4723.31,436.19,65.4285,21.8095,30.719,Cairo,0.0,3.2583392,188.18205,46.90353,26.462229,13.434642,-0.07466634,0.56296796,0.13268678,23.450716,50.217472,10,3,0,2.359398499999999,2.5796404857142856,2.6933577428571427,3.2583392,54.37293571428571,0,2.0980834300000002e-05,254,1.5586682190546646,0,1
2021-11-01,5188.69,524.1949999999999,78.62924999999998,26.20975,30.466,Cairo,0.0,2.6779585,148.49039,59.311142,24.79776,14.555003,1.7805227,1.2956848,0.073301375,28.729496,57.26794,11,3,0,2.460197199999999,2.651165957142857,2.706171107142857,3.2583392,53.98098814285714,0,2.002716e-05,255,1.2050716889809534,0,1
2021-11-02,5208.04,543.646,81.5469,27.182299999999998,30.216,Cairo,0.0,1.7214966,189.55249,63.584538,23.432688,15.290843,0.38102722,-1.2997385,0.033549752,20.066483,35.301186,11,3,0,2.552598099999999,2.4641822,2.639194035714286,3.2583392,54.033942714285715,0,2.002716e-05,256,1.0854044553326767,0,1
2021-11-03,5204.96,550.514,82.5771,27.5257,29.969,Cairo,0.0,2.0398371,246.33447,59.20605,24.125559,14.888661,-1.1675161,-1.0133108,0.040490523,29.32198,52.479275,11,3,0,2.1464307333333323,2.2344684142857143,2.5724989571428574,2.6779585,54.26261628571429,0,2.002716e-05,257,1.1398632055935605,0,1
2021-11-04,5328.52,528.918,79.3377,26.4459,29.725,Cairo,0.0,4.7638593,225.22643,63.905544,23.387848,15.576324,-3.2866364,-3.3815815,0.006678832,11.817078,20.010162,11,3,0,2.841730999999999,2.611621,2.7232670142857143,4.7638593,57.75317757142857,0,2.002716e-05,258,1.0540298859827932,0,1
2021-11-05,4760.91,414.809,62.22135,20.740450000000003,29.483,Cairo,0.0,4.4163013,211.63776,68.25932,23.167551,16.48876,-2.3911083,-3.6774292,0.012754217,13.862684,24.085815,11,3,0,3.7399992333333323,2.9031551285714285,2.858834464285714,4.7638593,60.72222957142857,0,2.002716e-05,259,1.1721409302801646,0,1
2021-11-06,5023.98,563.4811111111111,84.52216666666666,28.174055555555555,31.324444444444445,Cairo,9.536743e-07,4.1560116,210.6278,68.59031,23.62255,16.642405,-2.1459198,-3.5186718,0.01596983,16.142536,27.499426,11,3,0,4.4453907333333325,3.2905433714285715,2.899415485714286,4.7638593,61.39434771428572,0,9.536743e-07,260,1.1622536529689114,0,1
2021-11-07,4371.89,416.143,62.42144999999999,20.80715,29.009000000000004,Cairo,4.7683716e-07,3.5617352,213.12714,72.81214,23.64737,17.190582,-1.9885916,-2.9306793,0.018126987,19.983582,33.62108,11,3,0,4.044682699999999,3.3338856571428575,2.9567630714285715,4.4163013,65.09557771428571,0,1.4305114600000002e-06,261,0.5531781030774798,0,1
2021-11-08,5078.73,504.403,75.66045,25.220150000000004,28.778,Cairo,4.2915344e-06,3.0494757,213.66579,72.98681,22.54361,16.177155,-1.7218577,-2.4766643,0.0268867,24.533352,45.61177,11,3,0,3.589074166666666,3.386959542857143,3.01906275,4.1560116,67.04924457142857,0,5.72204586e-06,262,0.48708286332353606,0,1
2021-11-09,5271.6900000000005,555.221,83.28314999999999,27.76105,28.551,Cairo,0.0,2.5183527,222.79332,54.54037,23.107492,11.897614,-1.6614126,-1.8619486,0.02656557,26.609585,49.448746,11,3,0,3.0431878666666656,3.500796128571429,2.982489164285714,3.5617352,65.75722057142858,0,5.7220458599999995e-06,263,0.5007826457713381,0,1
2021-11-10,4786.17,455.054,68.2581,22.7527,28.325,Cairo,3.8146973e-06,2.5244372,198.22809,69.70062,21.46939,14.423167,-0.6152344,-2.3830566,0.019348484,29.15558,52.04803,11,3,0,2.6974218666666654,3.570024714285714,2.9022465642857145,3.0494757,67.25644485714285,0,9.53674316e-06,264,0.768911532604827,0,1
2021-11-11,4896.25,458.421,68.76315,22.92105,28.104000000000003,Cairo,0.0,3.361615,211.7961,70.25802,20.887848,14.6093645,-1.9020945,-2.716029,0.014485005,20.230412,34.16119,11,3,0,2.8014682999999985,3.3697041,2.99066255,3.361615,68.16394142857143,0,9.53674316e-06,265,1.0744414128907254,0,1
2021-11-12,3868.34,266.439,39.96585,13.321950000000001,27.885,Cairo,0.0,4.053797,215.4576,59.21144,20.661041,11.907298,-2.3686829,-3.2780507,0.013269682,18.428543,33.179676,11,3,0,3.3132830666666657,3.3179177714285717,3.11053645,4.053797,66.87138714285715,0,9.53674316e-06,266,1.2677090400603834,0,1
2021-11-13,4877.72,480.324,72.0486,24.0162,27.673,Cairo,0.0,1.9061621,192.07445,62.270504,21.02237,12.599599,-0.4023997,-1.844747,0.0392207,30.229576,59.085075,11,3,0,3.1071913666666657,2.9965107000000004,3.143527035714286,4.053797,65.96855771428572,0,8.58306886e-06,267,1.1860638337765532,0,1
2021-11-14,4943.14,511.502,76.7253,25.575100000000003,27.464,Cairo,0.0,1.9962023,161.44557,73.756065,21.671295,15.881907,0.64444476,-1.8804728,0.037499234,35.49653,60.17758,11,3,0,2.6520537999999987,2.772863142857143,3.0533744,4.053797,66.10340414285714,0,8.1062317e-06,268,0.904040659940734,0,1
2021-11-15,4143.54,373.627,56.04405,18.681350000000002,27.259000000000004,Cairo,0.0,2.0638158,121.72259,71.69518,21.09732,15.120351,1.7208099,-1.0025533,0.042355873,27.701748,49.487167,11,3,0,1.9887267333333323,2.632054585714286,3.0095070642857142,2.0638158,65.91888557142856,0,3.8146973e-06,269,0.8200180008096154,0,1
2021-11-16,2874.71,157.289,23.593349999999997,7.86445,27.058,Cairo,0.0,1.6421909,104.45728,72.06512,20.78718,15.35318,1.291036,-0.62642926,0.036859557,37.486702,68.455475,11,3,0,1.9007363333333325,2.5068886142857143,3.003842371428571,2.0638158,68.4224212857143,0,3.8146973e-06,270,0.3658046832515421,0,1
2021-11-17,4572.27,417.937,62.69055,20.89685,26.859,Cairo,0.0,2.137644,114.655876,69.46086,20.91633,14.503082,1.9328817,-0.8223877,0.034717627,35.605453,58.29699,11,3,0,1.9478835666666656,2.451632442857143,3.010828578571428,2.137644,68.38816985714286,0,0.0,271,0.32662516507779493,0,1
2021-11-18,4384.1,363.65,54.54749999999999,18.1825,26.665,Cairo,0.0,2.3716736,147.1776,70.97543,20.006012,14.122142,1.1515757,-1.959432,0.02572311,27.725159,48.859776,11,3,0,2.0505028333333324,2.3102122428571428,2.8399581714285715,2.3716736,68.490657,0,0.0,272,0.5025564849049367,0,1
2021-11-19,4744.46,420.367,63.05505,21.01835,26.478,Cairo,0.0,3.3419373,140.51741,65.89659,20.026358,12.467031,2.0267284,-2.6388295,0.012051253,18.181183,32.469368,11,3,0,2.6170849666666656,2.208518,2.763217885714286,3.3419373,69.44567842857143,0,0.0,273,0.5970586768903111,0,1
2021-11-20,3388.91,250.495,37.57425,12.524750000000001,26.294,Cairo,2.0503998e-05,4.0204463,44.580364,65.652664,18.236807,11.183177,2.8154857,2.1849926,0.027049694,17.339674,33.900856,11,3,0,3.244685733333332,2.5105586,2.7535346499999998,4.0204463,69.92884414285714,0,2.0503998e-05,274,1.1174895835752399,0,1
2021-11-21,3306.08,211.989,31.79835,10.599450000000001,26.114,Cairo,3.862381e-05,3.892107,61.37389,67.45709,17.1079,10.634023,3.4325867,1.7570444,0.012064704,11.919838,22.89714,11,3,0,3.7514968666666655,2.7814021285714285,2.7771326357142856,4.0204463,69.02899057142858,0,5.9127808e-05,275,1.5090260695478037,0,1
2021-11-22,4865.48,468.26900000000006,70.24035,23.413450000000005,25.940999999999995,Cairo,1.2874603e-05,2.0611298,36.812847,71.53946,17.284576,11.587799,1.1544647,1.5607096,0.007934712,19.417423,31.718056,11,3,0,3.3245610333333317,2.781018414285714,2.7065365,4.0204463,69.00674485714285,0,7.2002411e-05,276,1.6212521293142972,0,1
2021-11-23,4925.52,500.9570000000001,75.14355000000002,25.047850000000007,25.769,Cairo,0.0,0.95443106,276.13464,60.98459,19.37613,11.26179,-0.48005167,-0.31755066,0.009681791,48.824577,74.206,11,3,0,2.302555953333332,2.6827670085714286,2.5948278114285714,3.892107,67.423812,0,7.2002411e-05,277,1.4710625409737508,0,1
2021-11-24,5054.53,514.217,77.13255,25.71085,25.604000000000003,Cairo,0.0,1.7821264,231.89299,66.37891,18.744375,11.365062,-1.3252462,-1.0885264,0.02462862,28.788555,42.60139,11,3,0,1.5992290866666654,2.63197878,2.5418056114285714,2.0611298,66.98353342857143,0,7.2002411e-05,278,1.202413215946111,0,1
2021-11-25,4959.46,516.9730000000001,77.54595,25.848650000000006,25.445,Cairo,0.0,1.584798,227.5844,60.602467,20.44457,11.774241,-0.6702118,-0.8179779,0.062319122,25.555077,39.11177,11,3,0,1.440451819999999,2.51956798,2.4148901114285715,1.7821264,65.50168157142858,0,7.2002411e-05,279,1.2909900660662994,0,1
2021-11-26,4986.71,501.912,75.2868,25.0956,25.288,Cairo,0.0,2.194908,247.07002,61.559124,19.886139,11.206777,-1.9598185,-0.80241394,0.021530818,21.718082,35.26007,11,3,0,1.8539441333333322,2.3557066514285716,2.282112325714286,2.194908,64.88204357142857,0,7.2002411e-05,280,1.2687048663929508,0,1
2021-11-27,4967.38,516.6899999999999,77.50349999999999,25.8345,25.139000000000003,Cairo,0.0,1.6851164,278.1516,55.01341,20.39208,8.427236,-1.6548309,-0.11778768,0.047165915,18.528297,30.027256,11,3,0,1.8216074666666655,2.0220880942857145,2.266323347142857,2.194908,63.36215014285714,0,5.1498413000000004e-05,281,1.3863327099165372,0,1
2021-11-28,4749.99,479.227,71.88404999999999,23.96135,24.993,Cairo,0.0,2.0522072,266.20285,35.14783,21.87255,4.8062234,0.08186849,1.3389181,0.07732205,51.555458,76.534935,11,3,0,1.977410533333332,1.7592452657142856,2.270323697142857,2.194908,58.746541571428565,0,1.2874603e-05,282,1.4513742833255663,0,1
2021-11-29,4892.96,526.353,78.95294999999999,26.31765,24.853,Cairo,0.0,1.9915434,278.91162,33.58957,23.674875,6.0992737,-1.9213511,0.3947347,0.041006893,32.948116,54.173645,11,3,0,1.9096223333333322,1.7493043514285715,2.265161382857143,2.0522072,53.32512871428572,0,0.0,283,1.6626901984501388,0,1
2021-11-30,4832.99,477.652,71.64779999999999,23.8826,24.718,Cairo,0.0,3.7835302,162.22972,32.736362,22.281485,4.94457,1.2874094,1.35082,0.03501071,32.117245,55.417564,11,3,0,2.6090935999999987,2.153461371428571,2.41811419,3.7835302,49.28966757142857,0,0.0,284,1.6609525591307857,0,1
2021-12-01,3604.05,280.522,42.0783,14.0261,24.589,Cairo,0.0,3.2096355,116.81491,66.17712,19.075754,12.090485,2.7614696,-1.3535563,0.0155610135,17.664858,33.52762,12,0,0,2.994903033333332,2.357391242857143,2.4946850114285715,3.7835302,49.26084042857143,0,0.0,285,1.5876470700243839,0,1
2021-12-02,4098.79,338.323,50.74845,16.91615,24.466,Cairo,4.7683716e-07,1.5438156,152.24208,61.591763,17.36026,9.251862,0.47773743,-1.2851003,0.0013085853,15.581238,27.242577,12,0,0,2.845660433333332,2.351536614285714,2.435552297142857,3.7835302,49.40216842857143,0,4.7683716e-07,286,2.131387652300138,0,1
2021-12-03,4140.1900000000005,328.17,49.225500000000004,16.4085,24.348,Cairo,0.0,2.5139146,232.90605,53.222584,17.55069,7.4794006,-1.9903513,-1.5311279,0.0014257736,16.122252,26.11084,12,0,0,2.422455233333332,2.397108985714286,2.376407818571429,3.2096355,48.211234142857144,0,4.7683716e-07,287,2.432260760936902,0,1
2021-12-04,4167.88,360.404,54.0606,18.0202,24.234,Cairo,0.0,2.1859686,184.13045,61.289124,16.313059,8.178782,-0.7921651,0.6551259,0.007241212,18.630678,30.271198,12,0,0,2.081232933333332,2.4686592999999997,2.245373697142857,2.5139146,49.10776471428572,0,4.7683716e-07,288,2.8615604289584455,0,1
2021-12-05,4690.56,405.385,60.80775,20.26925,24.127,Cairo,0.0,5.0891438,46.945423,50.270344,16.617502,6.144358,3.2555034,2.8778126,0.05048951,22.138073,51.85032,12,0,0,3.263008999999999,2.902507385714286,2.3308763257142857,5.0891438,51.26812385714286,0,4.7683716e-07,289,2.8957224953501424,0,1
2021-12-06,3168.49,249.97200000000004,37.4958,12.498600000000003,24.024,Cairo,0.0,1.4938812,290.49966,60.542633,16.76236,8.889232,-0.21521504,0.8676656,0.0210752,26.220074,46.290375,12,0,0,2.9229978666666656,2.8314127857142855,2.2903585685714285,5.0891438,55.118561428571425,0,4.7683716e-07,290,2.09714546398976,0,1
2021-12-07,1345.51,51.992,7.798799999999999,2.5996,23.928,Cairo,0.0,3.8195636,125.60815,60.62618,16.459219,8.602936,0.89782715,3.6194255,0.03636166,47.294296,75.26527,12,0,0,3.4675295333333325,2.8365604142857146,2.495010892857143,5.0891438,59.10282114285714,0,4.7683716e-07,291,0.9594816414097096,0,1
2021-12-08,3092.77,210.444,31.566599999999998,10.5222,23.84,Cairo,0.0,7.2641206,48.979675,43.12904,14.465404,2.0475159,5.505178,3.9895985,0.1429755,20.84657,73.22246,12,0,0,4.192521799999999,3.4157725714285716,2.8865819071428573,7.2641206,55.810238285714284,0,4.7683716e-07,292,1.008522942814507,0,1
2021-12-09,4701.32,442.888,66.4332,22.1444,23.754,Cairo,0.0,2.1547577,57.67876,55.722157,15.269928,6.2544656,0.6961212,1.1331888,0.017243154,20.165947,48.362576,12,0,0,4.412813966666666,3.503050014285715,2.927293314285714,7.2641206,54.97172314285714,0,0.0,293,1.0221338915250735,0,1
2021-12-10,4466.91,415.599,62.33985,20.77995,23.676,Cairo,0.0,3.5456555,236.7058,53.89436,17.821848,7.4106345,-2.9503224,-1.9350687,0.0048682396,17.763254,31.101078,12,0,0,4.321511266666666,3.6504415714285714,3.0237752785714287,7.2641206,55.06769114285714,0,0.0,294,1.0848281931282502,0,1
2021-12-11,4732.05,484.313,72.64694999999999,24.21565,23.603,Cairo,0.0,0.86023885,240.07063,53.38623,16.214346,6.0061746,-0.4493815,-0.11784363,0.011508542,38.63064,60.422016,12,0,0,2.1868840166666654,3.461051607142857,2.964855453571429,3.5456555,53.93870628571428,0,0.0,295,1.0844252439387065,0,1
2021-12-12,2141.9700000000003,93.432,14.0148,4.671600000000001,23.535,Cairo,0.0,1.9414848,213.27904,60.455425,16.1503,7.9440002,-0.8855133,-1.362381,0.03986629,45.974876,76.56241,12,0,0,2.115793049999999,3.0113860357142856,2.9569467107142855,3.5456555,55.39371785714286,0,0.0,296,1.0709000454828819,0,1
2021-12-13,2293.61,118.934,17.8401,5.9467,23.476,Cairo,0.0,1.9460844,198.41579,73.55704,17.684479,12.5208235,-0.49759927,-1.6966654,0.073398694,32.23797,53.799145,12,0,0,1.582602683333332,3.075986492857143,2.953699639285714,1.9460844,57.25291885714286,0,0.0,297,1.205164016043498,0,1
2021-12-14,3002.5,196.503,29.475449999999995,9.82515,23.421,Cairo,0.0,2.4570262,116.20932,71.08557,17.164297,11.358144,1.8565521,-0.9238942,0.0375772,19.736137,33.59899,12,0,0,2.1148651333333324,2.8813382928571434,2.8589493535714285,2.4570262,58.74711742857143,0,0.0,298,1.2498070773569494,0,1
2021-12-15,5005.42,476.809,71.52135,23.840450000000004,23.372,Cairo,0.0,3.0283043,39.806995,54.840267,14.764882,5.113027,1.9919943,1.7000681,0.03239342,15.052862,29.826061,12,0,0,2.4771382999999987,2.2762216785714284,2.8459971250000002,3.0283043,60.42014985714286,0,0.0,299,1.1756387327406705,0,1
2021-12-16,4205.97,358.541,53.78115,17.92705,23.329,Cairo,0.0,2.6603606,45.23463,56.12616,13.804596,4.9055076,1.6398315,1.4828644,0.028337141,14.393337,27.795677,12,0,0,2.7152303666666655,2.348450664285714,2.925750339285714,3.0283043,60.477864571428576,0,0.0,300,1.5032270074248673,0,1
2021-12-17,2345.88,149.566,22.4349,7.478300000000001,23.293,Cairo,0.0,2.6501672,115.99581,69.62857,13.942535,7.949778,2.3448486,-1.2007853,0.003239066,15.186439,25.753311,12,0,0,2.7796106999999988,2.2205237642857143,2.935482667857143,3.0283043,62.72560885714285,0,0.0,301,1.5330240512191702,0,1
2021-12-18,4611.61,402.06,60.309,20.103,23.262,Cairo,0.0,4.3306956,35.20442,63.785297,12.984772,5.44929,2.8188274,2.9210663,0.026847525,15.3792095,30.541998,12,0,0,3.213741133333332,2.7163033,3.0886774535714285,4.3306956,64.21118985714286,0,0.0,302,1.805444970516573,0,1
2021-12-19,3658.54,409.52625,61.428937499999996,20.476312500000002,24.28625,Cairo,0.0,5.9639783,31.10604,54.114197,13.569977,4.0359597,3.2107494,4.8319345,0.041151874,10.51972,30.23249,12,0,0,4.314947033333332,3.2909452285714282,3.1511656321428574,5.9639783,63.30530014285714,0,0.0,303,1.8453190257233172,0,1
2021-12-20,2920.75,169.779,25.466849999999997,8.48895,23.222,Cairo,0.0007505417,6.4043784,58.405163,68.78338,12.026195,6.1512756,5.3092446,3.0796967,0.04278121,10.184615,34.62382,12,0,0,5.566350766666665,3.927844371428571,3.5019154321428574,6.4043784,62.62334871428572,0,0.0007505417,0,1.6197409539084564,0,1
2021-12-21,4566.6900000000005,392.981,58.94714999999999,19.649050000000003,23.207,Cairo,0.0,4.4849133,33.199627,62.31665,11.361806,4.210439,2.2162578,3.497172,0.03469088,13.460974,35.249947,12,0,0,5.617756666666665,4.217542528571429,3.5494404107142854,6.4043784,61.370645857142854,0,0.0007505417,1,1.176527604786181,0,1
2021-12-22,4696.68,444.837,66.72555,22.24185,23.202,Cairo,9.536743e-07,2.7047694,45.74574,68.28008,12.599518,6.5183816,1.6078287,1.2107086,0.024352321,14.17017,27.619995,12,0,0,4.531353699999998,4.171323257142857,3.2237724678571427,6.4043784,63.29061914285713,0,0.0007514953743,2,0.964458220926976,0,1
2021-12-23,2393.79,111.044,16.656599999999997,5.5522,23.203,Cairo,5.2452087e-06,1.7169918,138.12794,76.917885,13.116364,8.764964,0.7290599,-0.5841624,0.0029050675,23.490585,37.02821,12,0,0,2.9688914999999985,4.036556285714286,3.192503475,4.4849133,66.26086557142857,0,0.0007567405829999999,3,0.8888050664294063,0,1
2021-12-24,3072.39,234.259,35.13885,11.71295,23.21,Cairo,1.4305115e-06,2.8842564,151.94046,66.635704,13.164866,6.491526,1.32105,-2.5286305,0.0024149865,14.828135,23.643661,12,0,0,2.4353391999999983,4.0699976,3.1452606821428573,2.8842564,65.8333132857143,0,0.0007581710945,4,0.7617361051703895,0,1
2021-12-25,5151.39,504.934,75.7401,25.246700000000004,23.222,Cairo,0.0,2.0298975,216.88579,65.25253,12.856842,5.4871316,-0.9421132,-1.7413635,0.0014563745,23.010714,36.784126,12,0,0,2.2103818999999985,3.741312157142857,3.2288077285714283,2.8842564,66.042918,0,0.0007581710945,5,0.7549637314670362,0,1
2021-12-26,5294.59,519.7,77.955,25.985000000000003,23.24,Cairo,0.0,3.3114748,215.4904,59.455784,12.5312395,4.2657776,-1.8898926,-2.7084453,0.002713356,16.8638,27.689734,12,0,0,2.741876233333332,3.362383085714286,3.326664157142857,3.3114748,66.80600185714286,0,0.0007581710945,6,0.6424731386380351,0,1
2021-12-27,5171.14,512.542,76.8813,25.627100000000002,23.264,Cairo,0.0,2.5245938,195.39091,66.95568,12.647858,5.747711,-0.66740924,-2.4214172,0.0130963195,18.923016,33.348747,12,0,0,2.621988699999999,2.808128142857143,3.3679862571428574,3.3114748,66.54490185714285,0,7.6293945e-06,7,0.6042813947507454,0,1
2021-12-28,3421.19,235.224,35.2836,11.7612,23.296,Cairo,0.0,2.4575677,152.143,74.17073,13.606761,8.584706,1.3078867,-1.9638113,0.020125974,13.960123,22.175097,12,0,0,2.764545433333332,2.5185073428571423,3.3680249357142857,3.3114748,68.23834185714286,0,7.6293945e-06,8,0.3875258447155441,0,1
2021-12-29,4097.42,352.249,52.83735,17.612450000000003,23.333,Cairo,0.0,2.8131216,167.16597,66.09742,13.46288,6.431956,1.8732706,1.536377,0.010172393,19.297794,31.491827,12,0,0,2.5984276999999985,2.5339862285714285,3.3526547428571427,2.8131216,67.92653328571429,0,6.6757202e-06,9,0.40124767251420285,0,1
2021-12-30,2508.16,135.727,20.35905,6.7863500000000005,23.377,Cairo,0.0,5.701748,7.3084207,47.241516,15.04182,3.8733623,0.74983215,5.6092935,0.066486426,20.297352,48.27093,12,0,0,3.6574790999999984,3.1032371142857147,3.5698967,5.701748,63.687052,0,1.4305115e-06,10,0.8543091262832334,0,1
2022-01-01,3904.87,336.493,50.473949999999995,16.824650000000002,23.497,Cairo,5.5789948e-05,1.8852167,284.28574,80.30438,13.442454,9.842275,-0.6256816,0.65240985,0.079045475,17.292698,53.76204,1,0,0,3.4666954333333315,2.9605171571428572,3.515257378571429,5.701748,65.63972,0,5.5789948e-05,11,0.8517876823188711,0,1
2022-01-02,2862.03,214.856,32.2284,10.7428,23.56,Cairo,2.861023e-05,2.0288675,128.5391,81.7375,13.278554,9.841868,1.0457102,-1.2731832,0.027773596,25.23492,42.418816,1,0,0,3.205277399999998,2.9603700142857146,3.350841085714286,5.701748,67.99471571428572,0,8.4400178e-05,12,0.8239029519019941,0,1
2022-01-03,4394.78,383.062,57.4593,19.153100000000002,23.63,Cairo,4.7683716e-07,2.0874736,105.98893,81.5524,14.427236,10.881012,1.7681376,-0.75332135,0.007528377,23.737696,37.30352,1,0,0,2.000519266666665,2.7855126999999995,3.0739478928571424,2.0874736,71.15137514285713,0,8.487701516e-05,13,0.7900647449768143,0,1
2022-01-04,3787.58,292.592,43.888799999999996,14.6296,23.704,Cairo,0.0,2.192648,100.36146,75.968056,13.617259,8.7031145,2.0340374,-0.26378885,0.0024061487,27.852116,43.477818,1,0,0,2.1029963666666647,2.738091871428572,2.773110007142857,2.192648,72.43885742857142,0,8.487701516e-05,14,0.6466212218103898,0,1
2022-01-05,5037.13,513.688,77.05319999999999,25.6844,23.785000000000004,Cairo,0.0,1.4597028,173.21729,72.61279,14.0843,8.663483,0.59226483,0.731013,0.008383036,25.34823,42.463974,1,0,0,1.9132747999999982,2.595539742857143,2.557023542857143,2.192648,72.21629457142856,0,8.487701516e-05,15,0.6431475562244365,0,1
2022-01-06,4736.76,463.8190000000001,69.57285,23.190950000000004,23.874,Cairo,0.0,1.5336113,196.92897,72.33816,13.291005,7.473948,-0.41512045,-1.3711649,0.00744692,39.01303,58.98536,1,0,0,1.7286540333333316,2.412752557142857,2.473369392857143,2.192648,73.10782885714285,0,8.487701516e-05,16,0.6658440797974212,0,1
2022-01-07,4689.16,432.513,64.87695,21.62565,23.966,Cairo,0.0,1.5969449,256.21402,73.46221,13.48819,8.232493,0.3310852,1.2675934,0.00984441,50.490356,75.51796,1,0,0,1.5300863333333314,1.8263521142857144,2.4647946142857142,1.5969449,76.85364228571429,0,8.487701516e-05,17,0.4337818375726979,0,1
2022-01-08,4949.34,501.651,75.24765,25.08255,24.064,Cairo,0.0,1.1758641,211.57051,68.923515,13.22403,6.6743875,-0.49601236,0.82925415,0.017828736,57.793083,86.30282,1,0,0,1.4354734333333317,1.7250160285714287,2.3427665928571426,1.5969449,75.22780442857143,0,2.9087067160000002e-05,18,0.4592547647457359,0,1
2022-01-09,5040.52,453.192,67.97879999999999,22.6596,24.168,Cairo,0.0,5.1912026,141.10915,57.286972,13.306874,4.497223,2.1821644,4.1593575,0.046849154,23.126953,47.840836,1,0,0,2.654670533333331,2.176778185714286,2.5685741,5.1912026,71.73487185714285,0,4.7683716e-07,19,0.4557533206135008,0,1
2022-01-10,5039.12,456.932,68.5398,22.846600000000002,24.279,Cairo,0.0,5.27795,23.484884,48.99605,13.025055,2.3576558,2.1115773,4.7524924,0.071453415,20.18404,61.328148,1,0,0,3.8816722333333313,2.6325605285714286,2.7090366142857145,5.27795,67.08396471428571,0,0.0,20,0.3433516842303357,0,1
2022-01-11,5162.57,484.761,72.71415,24.23805,24.395,Cairo,0.0,5.4408374,128.43983,42.046505,13.689769,0.22492473,0.9251149,5.2648673,0.07577493,21.891312,59.83934,1,0,0,5.303329999999998,3.096587585714286,2.917339728571428,5.4408374,62.23802885714286,0,0.0,21,0.35082088440575554,0,1
2022-01-12,4627.62,398.847,59.82704999999999,19.94235,24.516,Cairo,0.0,4.8552513,14.607432,31.19454,14.7691145,-2.372752,1.1670074,4.5316567,0.062909275,19.458015,46.713722,1,0,0,5.191346233333332,3.5816659428571427,3.0886028428571426,5.4408374,56.321136,0,0.0,22,0.5798219510039749,0,1
2022-01-13,4608.66,413.148,61.9722,20.657400000000003,24.644,Cairo,0.0,3.1597729,30.895132,42.223583,14.004059,1.2614645,1.8153076,1.4538269,0.093293115,26.612862,54.037918,1,0,0,4.485287199999998,3.8139747428571424,3.11336365,5.4408374,52.01905357142857,0,0.0,23,0.5909058321682756,0,1
2022-01-14,2189.57,102.624,15.3936,5.1312,24.777,Cairo,9.536743e-07,3.4756508,84.17913,72.7257,13.009105,7.7248435,3.329422,0.16549174,0.0034126437,12.626947,22.010948,1,0,0,3.8302249999999987,4.0823613,2.9543567071428574,4.8552513,51.913837857142845,0,9.536743e-07,24,0.6378244068036378,0,1
2022-01-15,2919.64,162.451,24.367649999999998,8.12255,24.915,Cairo,1.9073486e-06,3.6997519,71.64148,58.930393,11.803945,3.6210022,3.3663433,0.7140452,0.0037936033,11.666042,21.821629,1,0,0,3.445058533333332,4.4429167,3.0839663642857142,3.6997519,50.486249,0,2.8610229e-06,25,0.9280359133696395,0,1
2022-01-16,3794.65,303.197,45.479549999999996,15.15985,25.058,Cairo,2.861023e-05,3.8487492,59.70282,58.801758,12.197011,4.3303933,2.7615101,1.2411093,0.01011357,15.68428,29.932663,1,0,0,3.674717299999999,4.251137642857143,3.213957914285714,3.8487492,50.702647000000006,0,3.14712529e-05,26,1.030302089652947,0,1
2022-01-17,3574.48,283.058,42.4587,14.1529,25.209,Cairo,3.7670135e-05,4.0356064,197.96704,67.409836,10.68098,4.2274475,-1.4194895,-3.7232208,0.002784925,14.240401,24.553778,1,0,0,3.8613691666666647,4.0736599857142854,3.353110257142857,4.0356064,53.33318785714285,0,6.91413879e-05,27,1.4121324471841372,0,1
2022-01-18,4947.58,466.579,69.98685,23.328950000000003,25.362,Cairo,0.0,1.5462416,208.73279,60.628162,9.798248,1.6087137,0.2680613,-0.6960805,0.00095928437,18.617882,29.255875,1,0,0,3.1435323999999985,3.5172891571428573,3.3069383714285716,4.0356064,55.98771028571428,0,6.91413879e-05,28,1.7623880076527014,0,1
2022-01-19,2521.87,118.38500000000002,17.75775,5.919250000000002,25.52,Cairo,0.0003581047,4.292545,70.61143,52.42763,11.187572,1.5195211,2.7766216,0.69317627,0.022517856,11.463716,21.103382,1,0,0,3.2914643333333315,3.4369025428571427,3.5092842428571425,4.292545,59.02100885714286,0,0.0004272460879,0,1.420727145017661,0,1
2022-01-20,5328.54,506.391,75.95865,25.319550000000003,25.685,Cairo,0.0,1.9084463,154.96515,51.71188,10.600413,0.5108134,0.7445221,-1.6552124,0.0005044909,17.668144,28.848207,1,0,0,2.582410966666665,3.2581415999999996,3.536058171428571,4.292545,60.376479857142854,0,0.0004272460879,1,1.0890092297667577,0,1
2022-01-21,5263.17,440.1163636363636,66.01745454545454,22.00581818181818,23.655454545454543,Cairo,0.0,2.4811838,228.84871,53.809692,9.79662,0.18767293,-1.8683014,-1.6295013,0.001372919,21.88218,33.763794,1,0,0,2.894058366666665,3.1160748857142857,3.599218092857143,4.292545,57.674193,0,0.0004262924136,2,0.9258487383644294,0,1
2022-01-22,5290.62,453.1463636363636,67.97195454545454,22.657318181818184,23.83090909090909,Cairo,0.0,2.3332253,103.74866,63.752583,8.994618,1.4408264,1.2600809,-0.6721802,0.006930763,26.354296,40.70893,1,0,0,2.2409517999999986,2.9208567999999997,3.68188675,2.4811838,58.36307728571428,0,0.000424385065,3,1.0520036192594884,0,1
2022-01-23,3611.24,254.5472727272727,38.1820909090909,12.727363636363636,24.007272727272724,Cairo,2.002716e-05,4.969561,43.060078,51.574524,11.795482,1.9536844,3.1487987,2.537862,0.06436582,13.581312,33.485672,1,0,0,3.2613233666666646,3.0809727714285713,3.666055207142857,4.969561,57.33061528571428,0,0.00041580199499999997,4,0.9475943857957555,0,1
2022-01-24,3901.53,239.92545454545453,35.988818181818175,11.996272727272727,24.19454545454545,Cairo,0.0,2.0888844,81.41675,61.03833,11.556142,3.615794,1.9793701,0.27638754,0.035120953,17.623558,32.6408,1,0,0,3.1305568999999984,2.8028696285714285,3.438264807142857,4.969561,56.42040014285715,0,0.00037813186,5,1.0426268135209595,0,1
2022-01-25,5459.24,463.3581818181818,69.50372727272726,23.16790909090909,24.38181818181818,Cairo,0.0,3.2735493,40.483418,52.99793,9.980702,0.14167278,2.0904286,1.9697062,0.012487633,31.696812,50.35167,1,0,0,3.443998233333332,3.0496278714285716,3.2834585142857144,4.969561,55.33036700000001,0,0.00037813186,6,1.0233067544809313,0,1
2022-01-26,976.77,23.99727272727273,3.5995909090909093,1.1998636363636366,24.572727272727278,Cairo,0.0001988411,5.1841245,40.591602,60.25635,8.9652405,1.4607645,3.4589844,2.4912975,0.06355569,12.376781,34.28278,1,0,0,3.5155193999999987,3.176996371428572,3.3069494571428573,5.1841245,56.44875557142858,0,0.00021886826,0,1.1344197338693565,0,1
2022-01-27,2739.76,141.68818181818185,21.253227272727276,7.084409090909093,24.770000000000003,Cairo,2.4795532e-05,4.535376,69.67956,64.328804,9.594879,2.9177144,4.124359,1.354299,0.015602294,13.650724,31.222828,1,0,0,4.331016599999999,3.552272042857143,3.4052068214285716,5.1841245,58.25117328571429,0,0.000243663792,1,1.1449845599032937,0,1
2022-01-28,3773.34,240.09181818181816,36.01377272727272,12.004590909090908,24.97,Cairo,0.0,2.6101544,48.762573,68.524574,10.027985,4.001129,1.7574259,1.2426504,0.006435998,16.318855,31.44283,1,0,0,4.109884966666665,3.570696414285714,3.3433856499999997,5.1841245,60.353299285714286,0,0.000243663792,2,1.1381649025128378,0,1
2022-01-29,4250.6900000000005,351.5672727272727,52.73509090909091,17.578363636363637,25.17727272727273,Cairo,0.0,2.505285,36.477234,58.688354,11.118724,2.9367573,1.3666891,1.5900015,0.054151703,13.274382,26.468502,1,0,0,3.216938466666665,3.595276371428571,3.258066585714286,4.535376,59.629838,0,0.000243663792,3,1.0656288009718788,0,1
2022-01-30,4055.37,286.1381818181818,42.92072727272727,14.306909090909091,25.383636363636366,Cairo,0.0,3.4499013,249.41048,56.12914,11.943431,2.6074932,0.9852702,2.870692,0.011328271,24.17807,38.800144,1,0,0,2.8551135666666654,3.3781821285714284,3.2295774500000003,3.4499013,60.28049742857143,0,0.000223636632,4,1.0981014955754218,0,1
2022-01-31,2035.46,86.91090909090909,13.036636363636363,4.345545454545454,25.59636363636364,Cairo,1.4305115e-05,4.880587,40.54183,54.551327,11.973622,3.070221,2.4865468,2.3679302,0.06487014,16.661396,49.531723,1,0,0,3.611924433333332,3.776996785714286,3.2899332071428575,4.880587,59.35378271428572,0,0.000237941747,5,1.17640065663233,0,1
2022-02-01,4988.820000000001,398.31545454545454,59.74731818181818,19.915772727272728,25.813636363636363,Cairo,4.7683716e-07,2.6893542,138.35652,69.33337,13.151845,6.732493,0.712321,2.4736633,0.0076540685,17.975466,33.52347,2,0,0,3.6732808333333318,3.693540342857143,3.3715841071428576,4.880587,61.687417,0,0.00023841858416,6,1.5019305929295643,0,1
2022-02-02,4186.2,337.56600000000003,50.6349,16.878300000000003,24.547,Cairo,0.0,3.171091,225.66954,52.63505,13.184154,2.7816467,-0.17651875,2.6687012,0.048256718,23.288063,46.160873,2,0,0,3.5803440666666653,3.4059641285714286,3.2914802499999998,4.880587,60.598659857142856,0,3.957748416e-05,7,1.407873594454362,0,1
2022-02-03,4504.32,339.1390909090909,50.87086363636363,16.956954545454547,26.256363636363638,Cairo,0.0,5.842295,143.05896,43.220066,13.605377,1.0108948,2.7560577,4.390513,0.1263066,20.811932,58.64724,2,0,0,3.9009133999999985,3.5926668428571427,3.5724694428571433,5.842295,57.58312585714286,0,1.4781952160000001e-05,8,1.280056014188897,0,1
2022-02-04,2208.42,86.87545454545455,13.03131818181818,4.343772727272728,26.483636363636364,Cairo,2.9087067e-05,6.1138997,54.907757,54.2235,12.740306,3.5848694,4.217692,2.7306774,0.17505018,15.386676,49.89176,2,0,0,5.042428566666665,4.093201885714286,3.83194915,6.1138997,55.54011528571429,0,4.386901916e-05,9,0.8813422184590387,0,1
2022-02-05,3871.54,231.3972727272727,34.709590909090906,11.569863636363635,26.713636363636365,Cairo,0.0,3.4939964,99.46169,61.580853,13.037262,5.2162986,3.0716908,-0.7989858,0.0072541973,15.094366,28.33762,2,0,0,5.150063699999998,4.234446371428572,3.9148613714285716,6.1138997,55.95332942857143,0,4.386901916e-05,10,0.6319657006507241,0,1
2022-02-06,4968.96,413.0327272727272,61.95490909090908,20.65163636363636,26.94818181818182,Cairo,0.0,1.8179737,247.49153,64.14471,12.620107,5.667389,0.2497813,0.7414754,0.018061215,24.941677,42.097183,2,0,0,3.8086232666666646,4.001313857142857,3.689747992857143,6.1138997,57.09841085714286,0,4.386901916e-05,11,0.5200260392393429,0,1
2022-02-07,5550.18,499.3136363636364,74.89704545454546,24.96568181818182,27.184545454545457,Cairo,0.0,2.2324705,267.30762,54.751038,14.48998,4.6936746,0.9054921,1.1392822,0.02292129,29.448967,50.918076,2,0,0,2.514813533333332,3.6230115,3.700004142857143,3.4939964,57.126940999999995,0,2.956390416e-05,12,0.6296469464071172,0,1
2022-02-08,5754.6,531.4681818181817,79.72022727272726,26.573409090909088,27.425454545454546,Cairo,0.0,2.5452335,235.06242,55.44394,14.155182,3.731842,0.1717275,1.8845724,0.012891527,34.40721,55.128593,2,0,0,2.198559233333332,3.602422828571428,3.647981585714286,2.5452335,55.14273671428571,0,2.9087067e-05,13,0.7096928811659738,0,1
2022-02-09,4030.93,274.8354545454545,41.225318181818174,13.741772727272727,27.66818181818182,Cairo,9.536743e-07,3.8843453,77.63013,56.496563,13.322093,3.9918518,3.055008,-0.15192668,0.024390195,21.92423,39.1438,2,0,0,2.887349766666665,3.7043163,3.5551402142857143,3.8843453,55.69438142857143,0,3.0040741300000002e-05,14,0.7044466021530279,0,1
2022-02-10,2450.16,99.0,14.85,4.95,27.912727272727277,Cairo,1.6212463e-05,4.420008,92.00152,59.507675,11.977122,3.9111226,3.9724987,-0.381485,0.015273683,12.172895,27.316832,2,0,0,3.6165289333333317,3.5011324428571435,3.5468996428571424,4.420008,58.021182714285715,0,4.6253204300000005e-05,15,0.8813206726919764,0,1
2022-02-11,4805.99,371.15090909090907,55.67263636363636,18.557545454545455,28.16090909090909,Cairo,0.0,2.3812475,140.16426,64.35349,12.529449,5.2450256,0.5748189,-1.7964478,0.0070099966,20.41313,35.0851,2,0,0,3.561866933333332,2.9678964142857143,3.5305491499999997,4.420008,59.468324142857135,0,1.71661373e-05,16,0.9026658891627097,0,1
2022-02-12,5954.2,534.6163636363636,80.19245454545454,26.730818181818183,28.41454545454545,Cairo,0.0,3.995465,235.0697,63.113026,14.074452,6.1334534,-3.3277538,-2.1045177,0.0137386015,13.388613,26.221418,2,0,0,3.598906833333332,3.039534785714286,3.6369905785714285,4.420008,59.687205999999996,0,1.71661373e-05,17,0.9620285962318907,0,1
2022-02-13,5181.23,419.6772727272728,62.95159090909092,20.98386363636364,28.667272727272724,Cairo,0.0,2.7635314,201.359,71.319305,13.603749,7.54833,-0.9192912,-2.4387004,0.02284819,24.473404,42.85454,2,0,0,3.046747966666665,3.1746144571428574,3.587964157142857,3.995465,60.712148142857146,0,1.71661373e-05,18,0.9152014777269613,0,1
2022-02-14,5280.69,422.1218181818182,63.31827272727273,21.10609090909091,28.92090909090909,Cairo,0.0,2.7009032,200.79854,66.51032,13.705068,7.0336,-0.81359357,-2.503535,0.0055647385,14.398486,23.515163,2,0,0,3.1532998666666647,3.241533414285714,3.432272457142857,3.995465,62.392045571428575,0,1.71661373e-05,19,0.8084456199588,0,1
2022-02-15,4366.57,308.1736363636364,46.226045454545456,15.408681818181819,29.179090909090903,Cairo,0.0,3.1789448,182.24666,69.58701,14.26415,7.8871155,0.0029093425,-3.1405437,0.021949122,18.420122,29.714323,2,0,0,2.881126466666665,3.3320636,3.467243214285714,3.1789448,64.41248414285714,0,1.71661373e-05,20,0.8276213224837834,0,1
2022-02-16,5868.9,530.2054545454546,79.53081818181819,26.51027272727273,29.44272727272727,Cairo,0.0,2.8255603,188.5583,61.094044,13.569081,5.5287986,-0.55066425,-2.6710052,0.035947986,22.73486,37.09551,2,0,0,2.901802766666665,3.1808085999999998,3.44256245,3.1789448,65.06926714285714,0,1.6212463e-05,21,0.8313046628397671,0,1
2022-02-17,2494.67,81.43818181818182,12.215727272727273,4.071909090909091,29.703636363636363,Cairo,0.0,3.28224,218.53816,66.19053,14.152985,7.4888406,-1.9841156,-2.5448914,0.0766932,22.891953,38.58918,2,0,0,3.095581699999998,3.018270314285714,3.2597013785714286,3.28224,66.0239607142857,0,0.0,22,0.5859883585987228,0,1
2022-02-18,2755.55,116.46545454545452,17.469818181818177,5.823272727272727,29.969090909090905,Cairo,0.0,2.7057006,200.76146,73.05944,13.324046,7.876943,-0.7605133,-2.500188,0.087131985,21.540733,36.048515,2,0,0,2.9378336333333315,3.0646207571428574,3.016258585714286,3.28224,67.26766785714285,0,0.0,23,0.3515418766409912,0,1
2022-02-19,2993.5,191.51,28.726499999999998,9.5755,30.235454545454544,Cairo,0.00038671494,3.8526728,123.49335,74.04496,12.781484,8.245351,2.4638672,-2.05631,0.053782254,15.969349,29.428074,2,0,0,3.280204466666665,3.044221871428572,3.041878328571429,3.8526728,68.82937271428571,0,0.00038671494,0,0.49987823631673745,0,1
2022-02-20,5906.36,556.709090909091,83.50636363636364,27.83545454545455,30.505454545454544,Cairo,0.0,0.9750791,186.2452,67.95385,12.72525,6.466624,-0.044677734,-0.09100851,0.026383642,27.57139,46.740524,2,0,0,2.5111508333333314,2.7887286857142857,2.981671571428571,3.8526728,68.34859342857143,0,0.00038671494,1,0.6061535519231019,0,1
2022-02-21,5529.77,521.64,78.246,26.082,30.775454545454547,Cairo,0.0,1.1687391,143.33905,63.812374,15.387929,7.942861,0.47685242,0.7140452,0.02037137,44.326355,70.11246,2,0,0,1.9988303333333317,2.5698481,2.905690757142857,3.8526728,67.96317257142857,0,0.00038671494,2,0.9408836795264459,0,1
2022-02-22,5615.31,507.3954545454546,76.10931818181818,25.369772727272732,31.045454545454547,Cairo,0.0,2.117878,244.72205,59.363037,16.185781,7.398997,0.10772196,1.9836172,0.045009956,39.50643,60.171143,2,0,0,1.4205653999999983,2.418267128571429,2.875165364285714,2.117878,66.502605,0,0.00038671494,3,1.3214559923620595,0,1
2022-02-23,2863.33,181.25727272727272,27.18859090909091,9.062863636363636,31.320909090909087,Cairo,0.0,3.1191037,229.8232,56.979145,17.403067,7.7177634,0.17997742,2.729716,0.1616466,28.90312,42.71798,2,0,0,2.135240266666665,2.4602019000000004,2.82050525,3.1191037,65.91476228571427,0,0.00038671494,4,1.808963592452282,0,1
2022-02-24,3698.74,231.34272727272727,34.70140909090909,11.567136363636365,31.594545454545457,Cairo,9.6321106e-05,4.913196,40.943615,56.405014,14.110992,5.3254294,3.1165466,3.4157715,0.13135402,14.974358,43.75552,2,0,0,3.383392566666665,2.693195614285714,2.855732964285714,4.913196,64.51683142857142,0,0.000483036046,5,1.8106295937074484,0,1
2022-02-25,3428.76,169.75454545454545,25.463181818181816,8.487727272727273,31.87,Cairo,1.66893e-05,5.208487,68.88318,62.748592,14.127594,6.583893,4.304352,1.2830251,0.042110324,13.197502,36.65767,2,0,0,4.413595566666665,3.0507365285714285,3.057678642857143,5.208487,63.043853142857145,0,0.000499725346,6,1.743452589893168,0,1
2022-02-26,5895.37,522.9409090909091,78.44113636363637,26.14704545454546,32.14818181818182,Cairo,0.0,2.2754703,107.44039,63.119404,14.007396,6.4329324,2.0310771,-0.7745463,0.011345388,17.460423,30.21205,2,0,0,4.132384433333331,2.8254218857142854,2.934821878571429,5.208487,61.48305942857143,0,0.000113010406,7,1.5750331396201074,0,1
2022-02-27,6019.96,563.0745454545454,84.4611818181818,28.15372727272727,32.42636363636364,Cairo,0.0,2.4051054,224.7268,59.054203,14.655833,6.0213113,-1.6631266,-1.4373068,0.022695364,17.970848,28.40691,2,0,0,3.2963542333333318,3.0297113571428573,2.9092200214285713,5.208487,60.21168128571429,0,0.000113010406,8,1.2829758850608828,0,1
2022-02-28,5846.68,531.3563636363637,79.70345454545455,26.567818181818183,32.70545454545454,Cairo,0.0,2.4955912,222.31999,57.55366,15.599762,6.340139,-1.113978,-1.7370249,0.03738773,14.848956,23.725353,2,0,0,2.3920556333333316,3.2192616571428574,2.894554878571429,2.4955912,59.31757928571428,0,0.000113010406,9,1.2926588984417398,0,1
2022-03-01,5675.11,515.3554545454546,77.30331818181818,25.767772727272728,32.98545454545455,Cairo,0.0,2.8738697,236.34242,51.177185,17.394114,5.987478,-2.277064,-1.5583445,0.14008214,21.6904,51.079845,3,1,1,2.5915220999999984,3.327260471428571,2.8727638,2.8738697,58.14817185714286,0,0.000113010406,10,1.5147315521835125,0,1
2022-03-02,5305.639999999999,459.1,68.865,22.955000000000002,33.267272727272726,Cairo,0.0,3.5184577,172.71143,43.402637,20.034494,6.219065,-0.76889545,0.8116048,0.10935716,20.156395,45.882263,3,1,1,2.962639533333331,3.384311042857143,2.9222564714285717,3.5184577,56.20867071428571,0,0.000113010406,11,2.259069795780571,0,1
2022-03-03,5049.94,334.0345454545455,50.10518181818182,16.701727272727275,33.550909090909094,Cairo,0.0,5.548718,104.69098,54.918705,16.06363,6.2289124,5.136892,-1.3931223,0.12029715,12.2358055,28.886333,3,1,1,3.980348466666665,3.4750999000000005,3.0841477571428575,5.548718,55.99634085714286,0,1.66893e-05,12,2.1473290880904137,0,1
2022-03-04,5538.22,466.78363636363633,70.01754545454544,23.339181818181817,33.83272727272727,Cairo,0.0,1.4168829,220.03847,60.585262,13.912669,5.8495994,-0.19738261,-0.749644,0.05016342,18.366524,31.659254,3,1,1,3.494686199999998,2.933442171428571,2.99208935,5.548718,55.687293714285715,0,0.0,13,2.179578907350852,0,1
2022-03-05,5677.33,484.6472727272727,72.6970909090909,24.232363636363637,34.11545454545455,Cairo,0.0,3.3424022,244.07967,51.787445,16.54654,5.654856,-2.965398,-1.3511963,0.25595775,27.744396,53.52456,3,1,1,3.4360010333333317,3.085861014285715,2.9556414500000003,5.548718,54.06844242857143,0,0.0,14,2.0063031699265905,0,1
2022-03-06,5171.31,382.8209090909091,57.42313636363636,19.141045454545456,34.39636363636364,Cairo,0.0,5.934359,131.6808,30.708015,21.125479,1.7718811,2.6256206,3.4872131,0.39923817,24.19728,70.56881,3,1,1,3.5645480333333315,3.5900401,3.3098757285714293,5.934359,50.018986999999996,0,0.0,15,2.534960182531743,0,1
2022-03-07,5349.88,429.13818181818186,64.37072727272728,21.456909090909093,34.68181818181818,Cairo,0.0,3.0419426,189.5879,71.41949,17.796377,11.68985,-0.6076457,-2.8277638,0.079770304,32.702446,70.740005,3,1,1,4.106234599999999,3.6680903000000002,3.4436759785714286,5.934359,51.99981985714286,0,0.0,16,2.4320118408077738,0,1
2022-03-08,4405.06,322.09090909090907,48.313636363636355,16.104545454545455,34.96363636363637,Cairo,0.0,2.8579385,246.14355,53.487293,18.62206,7.8189187,-2.5605316,-1.0232188,0.10383291,29.581156,62.08893,3,1,1,3.9447466999999983,3.6658144142857148,3.496537442857143,5.934359,52.32983528571429,0,0.0,17,2.46270578690953,0,1
2022-03-09,3975.04,238.8154545454545,35.82231818181817,11.940772727272725,35.24818181818182,Cairo,0.0,4.3184214,182.77187,66.0741,17.6975,10.640045,0.34986368,-3.0060425,0.1523648,25.975655,48.572945,3,1,1,3.4061008333333316,3.780094942857143,3.5822029928571433,4.3184214,55.56861571428572,0,0.0,18,2.246991289181344,0,1
2022-03-10,4765.98,285.8818181818182,42.88227272727273,14.29409090909091,35.53090909090909,Cairo,0.0,4.2925577,88.02979,60.075092,15.770986,7.023997,3.4878185,0.4721273,0.09358292,20.541903,55.825836,3,1,1,3.8229725333333313,3.600643471428571,3.537871685714286,4.3184214,56.305242428571425,0,0.0,19,2.2783911672930808,0,1
2022-03-11,4463.47,241.3272727272727,36.199090909090906,12.066363636363636,35.81636363636363,Cairo,5.2452087e-06,4.7566714,109.48708,55.011753,13.160309,3.8179424,4.223831,-1.6348368,0.035258964,14.116254,42.03692,3,1,1,4.455883499999998,4.077756114285714,3.505599142857143,4.7566714,55.50902685714285,0,5.2452087e-06,20,2.4768409310677306,0,1
2022-03-12,4972.79,323.21818181818185,48.482727272727274,16.160909090909094,36.09818181818181,Cairo,0.0,2.9829128,163.28728,54.93787,11.847076,2.3002827,0.62750244,-2.8749695,0.0019862698,14.3133335,24.226625,3,1,1,4.010713966666665,4.026400485714285,3.5561307500000003,4.7566714,55.959087571428576,0,5.2452087e-06,21,3.222548070611901,0,1
2022-03-13,5119.47,369.8472727272728,55.47709090909092,18.492363636363642,36.38181818181818,Cairo,9.536743e-07,2.9469345,215.63269,51.23618,11.637929,1.720693,-0.64423627,-1.7727865,0.002674437,17.10529,26.47561,3,1,1,3.562172899999998,3.599625557142857,3.594832828571429,4.7566714,58.891682571428575,0,6.198883e-06,22,2.9749927136340943,0,1
2022-03-14,4426.1,253.6290909090909,38.044363636363634,12.681454545454546,36.664545454545454,Cairo,0.0,4.1438847,168.0694,51.688465,10.540355,0.35334268,0.8106079,-3.9675343,0.0034623246,13.711682,22.264883,3,1,1,3.357910666666665,3.757045857142857,3.712568078571429,4.1438847,56.07296471428572,0,6.198883e-06,23,3.184005522535768,0,1
2022-03-15,4082.4,265.2154545454545,39.78231818181818,13.260772727272727,36.94636363636364,Cairo,0.0,4.174846,152.39577,54.312603,11.74234,1.9903055,1.468277,-3.7069397,0.0007102986,14.016529,23.312092,3,1,1,3.755221733333331,3.9451755,3.8054949571428573,4.174846,56.19086614285714,0,6.198883e-06,24,2.591910564400821,0,1
2022-03-16,5806.2,455.630909090909,68.34463636363634,22.78154545454545,37.22818181818182,Cairo,0.0,2.1642644,175.0622,54.371643,11.67748,2.2085674,0.1287028,-2.0012817,0.0017530124,16.577133,26.896477,3,1,1,3.494331699999998,3.6374387857142856,3.708766864285714,4.174846,54.519086571428566,0,6.198883e-06,25,1.6938762313812432,0,1
2022-03-17,6157.59,570.5863636363637,85.58795454545455,28.529318181818184,37.50909090909091,Cairo,0.0,2.0809197,214.30421,47.389637,12.710358,1.1945902,-0.65649414,-1.5130869,0.014169125,21.255672,33.166676,3,1,1,2.8066766999999984,3.3214904999999995,3.461066985714286,4.174846,52.706878714285715,0,6.198883e-06,26,0.8405862536689456,0,1
2022-03-18,5950.53,526.03,78.9045,26.3015,37.78909090909091,Cairo,0.0,2.4846535,207.27441,60.321438,13.900136,5.8372397,-0.48191324,-2.151057,0.040586315,26.716984,41.65349,3,1,1,2.243279199999998,2.996916514285714,3.537336314285714,2.4846535,53.46540514285714,0,9.536743e-07,27,1.046433229142372,0,1
2022-03-19,5049.81,342.0781818181818,51.31172727272727,17.10390909090909,38.06818181818182,Cairo,0.0,3.2996657,175.87988,63.423725,14.611644,6.940664,0.20319621,-3.2757518,0.22222844,22.578226,36.10447,3,1,1,2.621746299999998,3.0421669285714286,3.534283707142857,3.2996657,54.67767014285714,0,9.536743e-07,28,1.4277969227905873,0,1
2022-03-20,5705.75,441.45272727272726,66.21790909090909,22.072636363636363,38.346363636363634,Cairo,0.0,5.8271813,214.7386,49.57445,13.734528,2.7088115,-3.3118439,-4.7842255,0.259603,17.695326,32.66957,3,1,1,3.8705001666666647,3.4536307571428573,3.5266281571428566,5.8271813,54.44028014285714,0,0.0,29,1.4601227406834094,0,1
2022-03-21,2788.97,65.38454545454546,9.807681818181818,3.269227272727273,38.623636363636365,Cairo,0.00021743774,5.0991426,218.9062,58.748165,12.747386,4.5803933,-3.2254894,-3.8421783,0.42575374,20.099531,42.712616,3,1,1,4.741996533333332,3.5900961714285713,3.673571014285714,5.8271813,55.44880871428571,0,0.00021743774,0,1.1123140063447363,0,1
2022-03-22,4430.12,225.8,33.87,11.290000000000001,35.80416666666667,Cairo,2.861023e-06,2.3874657,159.51915,58.151302,11.88443,3.293691,0.91755676,-2.0501912,0.02150473,22.040876,35.696983,3,1,1,4.437929866666665,3.3347561285714287,3.639965814285714,5.8271813,55.997194285714286,0,0.000220298763,1,1.0861498797948175,0,1
2022-03-23,6071.43,453.8908333333333,68.083625,22.694541666666666,36.0775,Cairo,0.0,3.7854702,53.739697,50.614315,12.866608,2.1701558,3.2304077,1.0423177,0.05713341,24.05943,41.61564,3,1,1,3.7573594999999984,3.5663569571428573,3.6018978714285708,5.0991426,55.46043314285714,0,0.000220298763,2,0.9178506775287608,0,1
2022-03-24,2126.44,48.7225,7.308374999999999,2.436125,36.35166666666667,Cairo,4.1007996e-05,5.3609414,75.24607,51.825596,12.817616,2.784251,5.089228,1.1645457,0.066698626,15.401253,43.04459,3,1,1,3.8446257666666646,4.034931485714286,3.6782109928571427,5.3609414,56.09414157142857,0,0.000261306759,3,0.9090137259181645,0,1
2022-03-25,4871.63,299.495,44.92425,14.97475,36.6225,Cairo,0.0,4.135942,96.27734,59.84251,13.219716,4.8306375,3.5109253,-0.93584186,0.015039869,15.694535,30.835865,3,1,1,4.4274511999999975,4.270829842857143,3.633873178571428,5.3609414,56.025723285714285,0,0.000261306759,4,0.8595984175233101,0,1
2022-03-26,6198.76,543.8716666666667,81.58075,27.193583333333336,36.891666666666666,Cairo,0.0,1.7950373,155.77083,55.44507,15.067535,4.885732,0.5646922,-1.694158,0.0042467164,21.05508,33.152313,3,1,1,3.763973566666665,4.055882928571429,3.5490249285714284,5.3609414,54.88591542857143,0,0.000261306759,5,0.9971789485725912,0,1
2022-03-27,6063.3,506.87916666666666,76.031875,25.343958333333333,37.16333333333333,Cairo,0.0,2.588209,182.29085,66.994,15.359447,7.6988626,0.1687978,-2.5126598,0.021497233,26.17239,39.138138,3,1,1,2.8397294333333316,3.5931726,3.5234016785714286,4.135942,57.37442257142857,0,0.000261306759,6,1.2906949078038943,0,1
2022-03-28,6299.75,518.3391666666666,77.750875,25.916958333333334,37.4275,Cairo,0.0,5.0853524,220.6062,59.80428,16.301504,7.4888406,-3.3686726,-3.7923584,0.035440885,23.53251,39.2702,3,1,1,3.1561995666666647,3.591202571428571,3.5906493714285714,5.0853524,57.52529614285714,0,4.3869019e-05,7,1.6339313430987863,0,1
2022-03-29,5697.52,473.525,71.02874999999999,23.67625,37.69416666666667,Cairo,0.0,3.6836994,203.10332,62.70007,16.814362,8.48412,-1.490748,-3.122935,0.104157284,24.530584,43.51567,3,1,1,3.7857535999999983,3.776378814285714,3.5555674714285717,5.0853524,58.175120142857146,0,4.1007996e-05,8,1.6669276881018504,0,1
2022-03-30,5921.87,508.5625,76.284375,25.428125,37.95916666666667,Cairo,0.0,2.3246324,205.77791,61.343704,17.952383,7.9294333,-0.7027944,-2.0786946,0.15161686,25.999943,52.957664,3,1,1,3.6978947333333316,3.5676877,3.567022328571429,5.0853524,59.707890000000006,0,4.1007996e-05,9,1.8642287845513605,0,1
2022-03-31,5701.14,446.78,67.017,22.339,38.220000000000006,Cairo,0.0,3.4497254,247.50653,27.406588,21.888254,1.6868387,-3.0495605,-1.4013367,0.09738857,25.925964,56.541954,3,1,1,3.152685733333332,3.294656842857143,3.664794164285714,3.6836994,56.219460285714284,0,0.0,10,2.745303179485349,0,1
2022-04-01,4575.32,262.585,39.38775,13.129249999999999,38.48,Cairo,0.0,2.3617754,177.89917,48.69637,20.921457,7.293447,-0.6894582,-0.62268573,0.08258353,31.515163,57.02275,4,1,1,2.712044399999998,3.0412044714285713,3.656017157142857,3.4497254,54.62715457142857,0,0.0,11,2.680414600058417,0,1
2022-04-02,4143.25,203.3,30.495,10.165000000000001,38.73916666666667,Cairo,0.0,2.3436747,242.28711,39.44468,23.652658,6.3416038,-0.41855368,-0.49983215,0.04850912,55.53263,85.45474,4,1,1,2.7183918333333317,3.119581242857143,3.587732085714286,3.4497254,52.34138457142857,0,0.0,12,3.1646360970552565,0,1
2022-04-03,4939.17,329.94666666666666,49.492,16.497333333333334,38.995,Cairo,0.0,5.1228213,213.63307,45.235004,21.963043,8.25707,-3.049947,-4.0262656,0.13870285,29.507767,56.609947,4,1,1,3.276090466666665,3.481668714285714,3.537420657142857,5.1228213,49.232956571428566,0,0.0,13,2.8749871410253114,0,1
2022-04-04,5817.04,465.37000000000006,69.80550000000001,23.268500000000003,39.25,Cairo,0.0,6.401684,237.65791,33.153572,23.543772,5.544342,-5.4259133,-3.3413136,0.28822017,16.26036,44.121662,4,1,1,4.622726666666665,3.6697160857142856,3.630459328571429,6.401684,45.425712571428576,0,0.0,14,2.6466192070361494,0,1
2022-04-05,5521.92,490.66333333333336,73.5995,24.53316666666667,39.50083333333333,Cairo,0.0,3.3503819,193.21538,29.800745,27.335196,6.085439,-1.4449463,0.40211996,0.22683614,21.959803,60.492733,4,1,1,4.9582957333333315,3.6220993,3.6992390571428575,6.401684,40.725809000000005,0,0.0,15,2.8758744509928524,0,1
2022-04-06,5403.03,440.495,66.07424999999999,22.02475,39.75,Cairo,0.0,3.4504814,184.25496,21.86415,28.543447,4.152252,1.9652303,0.016677856,0.23690303,28.570461,64.46383,4,1,1,4.4008490999999985,3.7829348714285715,3.675311285714286,6.401684,35.08587271428571,0,0.0,16,2.8918856983963868,0,1
2022-04-07,4913.84,379.23333333333335,56.885,18.96166666666667,39.998333333333335,Cairo,0.0,1.7373563,187.29204,37.806553,27.088043,8.826324,-0.5203298,0.35462952,0.35879838,31.638855,68.823685,4,1,1,2.846073199999998,3.538310714285714,3.4164837785714286,3.4504814,36.571582,0,0.0,17,2.933089625847039,0,1
2022-04-08,5352.74,375.86083333333335,56.379125,18.793041666666667,40.245,Cairo,0.0,4.240389,115.08322,38.218967,25.26179,8.638011,2.8543193,-1.9370981,0.36392736,22.841223,46.03307,4,1,1,3.1427422333333315,3.8066840857142856,3.4239442785714287,4.240389,35.074810142857146,0,0.0,18,2.407697326641878,0,1
2022-04-09,6063.61,504.98333333333335,75.7475,25.249166666666667,40.485,Cairo,0.0,4.311685,215.93465,61.459064,19.841543,11.037343,-2.5703228,-3.4349263,0.009256043,15.495682,26.888767,4,1,1,3.4298100999999988,4.087828414285714,3.6037048285714284,4.311685,38.219722142857144,0,0.0,19,3.164955448254915,0,1
2022-04-10,5137.74,345.9808333333333,51.897124999999996,17.299041666666664,40.7275,Cairo,0.0,4.3889084,213.30565,63.46229,20.98819,12.527252,-2.339101,-3.564977,0.07833704,12.385827,20.752289,4,1,1,4.313660799999998,3.9829837142857145,3.732326214285714,4.3889084,40.82362014285714,0,0.0,20,3.32768721876581,0,1
2022-04-11,5757.3,457.5708333333334,68.635625,22.87854166666667,40.96416666666666,Cairo,0.0,4.187921,181.61908,60.806564,20.734934,11.0034075,0.24997966,-3.8832295,0.2342385,15.930718,34.168938,4,1,1,4.296171466666665,3.6667318571428575,3.668223971428571,4.3889084,44.774047571428575,0,0.0,21,3.639131060496921,0,1
2022-04-12,5957.49,477.9908333333333,71.69862499999999,23.899541666666664,41.19833333333333,Cairo,0.0,4.1774325,176.24677,52.88063,18.1232,7.828196,0.30978394,-4.146515,0.00055357657,17.732937,28.94913,4,1,1,4.251420633333331,3.784881942857143,3.703490621428571,4.3889084,48.071174,0,0.0,22,3.9889318534564366,0,1
2022-04-13,6131.01,474.1630769230769,71.12446153846153,23.70815384615385,38.37307692307692,Cairo,0.0,3.8289337,197.38326,56.19843,17.611643,8.077464,-1.2620798,-3.5813243,0.0037118199,13.48436,23.45531,4,1,1,4.064762399999998,3.8389465571428576,3.810940714285714,4.187921,52.976071142857144,0,0.0,23,3.5448029599725204,0,1
2022-04-14,6115.67,470.3469230769231,70.55203846153846,23.517346153846155,38.59384615384616,Cairo,0.0,5.1548233,221.31818,57.205692,18.676016,8.871654,-3.4377391,-3.7517242,0.0063378466,11.944578,22.036922,4,1,1,4.387063166666665,4.327156128571429,3.932733421428572,5.1548233,55.747376714285714,0,0.0,24,2.5816352649688907,0,1
2022-04-15,5408.03,338.2623076923077,50.73934615384615,16.913115384615384,38.81230769230769,Cairo,0.0,5.2748165,226.1338,55.047318,18.781647,8.473622,-3.780553,-3.650182,0.046896197,16.701666,28.687214,4,1,1,4.752857833333332,4.4749314857142855,4.140807785714286,5.2748165,58.15142685714286,0,0.0,25,1.2960808420865009,0,1
2022-04-16,5611.47,405.34230769230766,60.80134615384615,20.267115384615384,39.02769230769231,Cairo,0.0,4.3346915,235.34575,51.076153,21.269928,8.569142,-3.5645447,-2.3549805,0.60889614,15.520273,29.512993,4,1,1,4.921443766666665,4.478218128571428,4.283023271428571,5.2748165,56.668153857142855,0,0.0,26,1.5008188223695236,0,1
2022-04-17,5293.41,390.5915384615385,58.58873076923077,19.529576923076927,39.2423076923077,Cairo,0.0,3.4931362,216.995,27.687119,28.18041,5.878245,0.024129232,2.7366383,0.5893146,20.165312,66.17943,4,1,1,4.367548066666665,4.350250671428571,4.166617192857143,5.2748165,51.557415142857145,0,0.0,27,3.649337517753771,0,1
2022-04-18,2597.16,28.63692307692308,4.295538461538461,1.431846153846154,39.45307692307692,Cairo,0.0,3.4230788,160.26013,31.539316,26.444895,7.4956765,0.9229533,-3.051417,0.4616679,27.850712,69.98247,4,1,1,3.7503021666666645,4.2409875,3.953859678571429,4.3346915,47.376379714285704,0,0.0,28,4.296011689978733,0,1
2022-04-19,5771.16,441.5284615384616,66.22926923076923,22.07642307692308,39.66,Cairo,0.0,3.7635496,166.80327,56.308533,21.806223,11.49413,1.3670298,-2.7460785,0.19498856,25.636095,60.240963,4,1,1,3.559921533333332,4.181861371428572,3.983371657142857,3.7635496,47.866080142857136,0,0.0,29,4.0614774803131155,0,1
2022-04-20,5912.31,448.68384615384616,67.30257692307693,22.43419230769231,39.86538461538461,Cairo,0.0,3.3504884,188.0389,57.777466,19.490875,10.26179,-0.4514974,-3.2505085,0.006333912,15.6092415,25.03527,4,1,1,3.512372266666665,4.113512042857143,3.9762293000000004,3.7635496,48.09165671428571,0,0.0,30,3.789615897025913,0,1
2022-04-21,6083.59,469.9784615384616,70.49676923076923,23.49892307692308,40.068461538461534,Cairo,0.0,4.7319894,217.13257,55.540314,19.632315,9.632802,-2.879593,-3.7513072,0.0063842023,11.560898,20.56973,4,1,1,3.9486757999999984,4.0531072,4.1901316642857145,4.7319894,47.853745571428576,0,0.0,31,3.6609642125714497,0,1
2022-04-22,4191.61,223.22,33.483,11.161000000000001,40.26615384615385,Cairo,0.0,5.191728,220.9082,60.513184,19.28303,10.360585,-3.3951569,-3.8927815,0.017485885,10.907409,20.2481,4,1,1,4.424735266666665,4.041237414285715,4.25808445,5.191728,48.634583571428564,0,0.0,32,3.586411076747509,0,1
2022-04-23,5398.07,367.1123076923077,55.06684615384615,18.355615384615387,40.46307692307692,Cairo,0.0,3.2063072,194.45921,61.86189,20.469473,11.334381,-0.77627563,-3.0868988,0.09164551,14.035238,26.557983,4,1,1,4.376674866666665,3.880039657142857,4.179128892857142,5.191728,50.17540314285714,0,0.0,33,3.637170836245541,0,1
2022-04-24,5686.77,436.2830769230769,65.44246153846153,21.814153846153847,40.65538461538461,Cairo,0.0,2.7915077,189.0813,54.609783,21.94693,10.812653,-0.19199117,-2.715739,0.190054,9.934498,17.590107,4,1,1,3.729847633333332,3.7798070142857143,4.065028842857143,5.191728,54.021498,0,0.0,34,2.5151764620041877,0,1
2022-04-25,4945.77,283.6623076923077,42.54934615384615,14.183115384615386,40.84615384615385,Cairo,0.0,3.4906838,196.6447,47.009705,23.219473,10.422435,-1.0572306,-3.2876995,0.34271416,22.847256,63.492622,4,1,1,3.162832899999998,3.7894648714285712,4.015226185714285,3.4906838,56.23155357142857,0,0.0,35,1.508902274732364,0,1
2022-04-26,4864.45,275.15769230769234,41.27365384615385,13.757884615384619,41.03384615384615,Cairo,0.0,3.7590754,211.54057,41.53406,24.583323,9.538646,-1.9396311,-3.2020671,0.25868386,20.427202,59.48393,4,1,1,3.3470889666666648,3.7888257,3.9853435357142857,3.7590754,54.12091457142857,0,0.0,36,2.068130365200392,0,1
2022-04-27,4981.65,416.5275,62.479124999999996,20.826375,38.54083333333333,Cairo,0.0,3.852988,209.59605,46.3939,23.297272,10.149811,-1.8777618,-3.2599895,0.13712005,20.833422,36.692055,4,1,1,3.7009157333333316,3.860611357142857,3.9870617000000004,3.852988,52.494690857142864,0,0.0,37,2.034103401499755,0,1
2022-04-28,5714.55,448.67923076923074,67.30188461538461,22.43396153846154,41.399230769230776,Cairo,0.0,3.266615,221.63312,40.02177,23.745188,8.192047,-2.0847728,-2.417694,0.10348225,19.94802,44.68731,4,1,1,3.6262261333333314,3.651272157142857,3.8521896785714285,3.852988,50.277756,0,0.0,38,1.9013793266472627,0,1
2022-04-29,4309.5,237.1738461538461,35.57607692307692,11.858692307692307,41.57692307692308,Cairo,0.0,2.3561716,189.03625,31.78185,26.518219,6.3498435,-1.4808451,-0.20527649,0.24001658,17.693844,39.285862,4,1,1,3.158591533333331,3.246192671428571,3.6437150428571425,3.852988,46.17327971428572,0,0.0,39,1.914209320226278,0,1
2022-04-30,5622.33,420.8861538461539,63.13292307692308,21.044307692307697,41.75153846153846,Cairo,0.0,4.8267756,91.52691,34.100952,27.588287,8.2239485,4.4868317,-0.5195923,0.19323495,30.739845,73.91829,4,1,1,3.4831873999999985,3.4776881571428575,3.678863907142857,4.8267756,42.20743142857143,0,0.0,40,1.9891466270825637,0,1
2022-05-01,5551.88,424.6561538461538,63.69842307692307,21.23280769230769,41.92230769230769,Cairo,0.0,2.4123352,143.5003,54.453266,23.05777,11.903798,1.4338938,-1.9293314,0.15398954,26.461098,55.324642,5,1,1,3.198427466666665,3.423520657142857,3.601663835714285,4.8267756,42.18507185714286,0,0.0,41,1.79428030310912,0,1
2022-05-02,3082.06,86.47923076923077,12.971884615384615,4.323961538461538,42.09076923076923,Cairo,0.0,2.9188907,214.86945,39.597416,24.58837,9.501536,-1.3167063,-1.7279358,0.27121416,32.644535,51.574738,5,1,1,3.3860004999999984,3.3418359285714283,3.5656503999999996,4.8267756,41.12617342857143,0,0.0,42,1.693995714719129,0,1
2022-05-03,5290.87,332.13153846153847,49.819730769230766,16.606576923076926,42.25538461538462,Cairo,0.0,4.564526,60.752075,31.218468,26.476389,7.7612205,4.102478,1.1398569,0.24128081,33.39936,90.13007,5,1,1,3.2985839666666643,3.4569003,3.6228629999999997,4.564526,39.652517428571436,0,0.0,43,1.8068824670870975,0,1
2022-05-04,5254.01,347.9730769230769,52.19596153846154,17.398653846153845,42.41615384615385,Cairo,0.00010108948,4.077143,137.0608,63.47966,22.15388,13.6579485,2.7574615,-2.994527,0.10476475,31.929602,71.29524,5,1,1,3.8535198999999984,3.488922442857143,3.6747668999999994,4.564526,42.09334028571429,0,0.00010108948,0,2.0286280758054205,0,1
2022-05-05,5487.13,371.18461538461537,55.677692307692304,18.55923076923077,42.574615384615385,Cairo,0.0,3.6896622,136.56003,59.877613,20.904205,11.848134,2.6806793,-2.4708507,0.03970933,19.792723,34.06933,5,1,1,4.110443733333331,3.549357757142857,3.600314957142857,4.564526,44.92988928571429,0,0.00010108948,1,2.517678209083336,0,1
2022-05-06,5742.55,441.1030769230769,66.16546153846153,22.055153846153846,42.72923076923077,Cairo,0.0,3.3786697,147.0053,56.419964,20.905344,10.797353,1.817393,-2.8284404,0.036800772,17.723795,29.274725,5,1,1,3.7151582999999984,3.695428914285714,3.470810792857143,4.077143,48.449619857142864,0,0.00010108948,2,2.6469652572409688,0,1
2022-05-07,5500.27,417.6807692307693,62.652115384615385,20.884038461538466,42.879230769230766,Cairo,0.0,1.8920603,192.6602,51.66518,21.185293,9.48705,-0.3453878,-1.7884878,0.18281046,20.85627,31.60346,5,1,1,2.986797399999998,3.276183871428571,3.376936014285714,3.6896622,50.95879528571429,0,0.00010108948,3,2.1202837500646106,0,1
2022-05-08,5234.25,392.6923076923077,58.903846153846146,19.634615384615387,43.02769230769231,Cairo,0.0,2.770703,240.84035,32.872635,24.842031,6.1104026,-2.3438263,-1.3127035,0.29277918,11.909425,31.40959,5,1,1,2.6804776666666648,3.3273792714285717,3.3754499642857145,3.3786697,47.875848,0,0.00010108948,4,2.265313028618368,0,1
2022-05-09,5547.9,422.91769230769233,63.43765384615385,21.145884615384617,43.17307692307692,Cairo,0.0,4.787125,134.37784,24.440523,27.040842,4.191559,1.379776,0.43182883,0.15239865,13.033343,30.376743,5,1,1,3.1499627666666647,3.5942698857142856,3.4680529071428574,4.787125,45.71057757142857,0,0.00010108948,5,2.698679141034582,0,1
2022-05-10,5582.68,442.6269230769231,66.39403846153846,22.131346153846156,43.31461538461539,Cairo,0.0,3.1382182,206.3687,49.279964,23.89387,11.267568,-1.4425455,-2.7436879,0.058890462,14.43481,33.26828,5,1,1,3.5653487333333316,3.3905116285714287,3.423705964285715,4.787125,48.290791285714285,0,0.00010108948,6,2.3561519901242995,0,1
2022-05-11,5348.1,394.12461538461537,59.1186923076923,19.70623076923077,43.45307692307692,Cairo,0.0,2.8153741,178.2959,46.899403,23.719147,10.816884,0.22806804,-2.5721588,0.11136253,15.893738,31.450785,5,1,1,3.5802390999999982,3.2102589285714282,3.349590685714286,4.787125,45.922183142857136,0,0.0,7,2.3378512695913978,0,1
2022-05-12,5359.45,371.2223076923077,55.68334615384615,18.561115384615388,43.58846153846154,Cairo,0.0,4.161527,219.6816,47.95938,23.695627,11.088124,-2.625468,-3.1676533,0.27151418,13.698935,26.453598,5,1,1,3.3717064333333315,3.277668185714286,3.4135129714285712,4.161527,44.219578428571424,0,0.0,8,2.104865453060619,0,1
2022-05-13,4415.94,220.8853846153846,33.132807692307686,11.044269230769231,43.71846153846154,Cairo,0.0,5.6129227,229.56108,50.02483,24.041168,11.761464,-4.254023,-3.5756836,0.5039742,15.5978365,38.67426,5,1,1,4.196607933333332,3.5968471857142856,3.6461380500000002,5.6129227,43.30598785714285,0,0.0,9,1.733870119009483,0,1
2022-05-14,3498.98,97.34076923076924,14.601115384615385,4.8670384615384625,43.84461538461539,Cairo,2.3841858e-06,5.814726,203.45964,54.054127,24.383453,13.7205305,-2.293574,-5.303406,0.43754527,19.068342,45.53247,5,1,1,5.196391899999998,4.157228000000001,3.716705935714286,5.814726,43.647266,0,2.3841858e-06,10,1.1845665400505214,0,1
2022-05-15,5602.56,438.5161538461538,65.77742307692307,21.925807692307693,43.96923076923077,Cairo,0.0,4.2381897,161.96242,53.08829,23.335684,12.2812395,1.2946371,-4.011378,0.30973372,13.991777,25.798973,5,1,1,5.221946133333332,4.366868957142858,3.8471241142857147,5.814726,46.53521671428571,0,2.3841858e-06,11,1.250577429102002,0,1
2022-05-16,3912.02,139.69,20.9535,6.984500000000001,44.09,Cairo,0.0,3.3715355,192.5727,55.739758,22.53417,12.462067,-0.7048187,-3.2846527,0.05671376,17.83544,30.670654,5,1,1,4.474817066666665,4.164641885714286,3.8794558857142856,5.814726,51.006536,0,2.3841858e-06,12,0.5917163540761133,0,1
2022-05-17,5563.01,434.9815384615385,65.24723076923077,21.749076923076927,44.20846153846154,Cairo,0.0,3.2078447,193.66219,53.59849,23.536367,12.362376,-0.71674603,-3.044749,0.035950355,20.119907,32.66136,5,1,1,3.6058566333333313,4.174588528571428,3.782550078571429,4.2381897,51.62346828571429,0,2.3841858e-06,13,0.5832919185809097,0,1
2022-05-18,5515.39,441.9192307692308,66.28788461538461,22.09596153846154,44.32076923076923,Cairo,0.0,3.3200579,211.58757,44.230713,25.194489,11.315257,-1.6658427,-2.8370616,0.039176583,14.749559,23.022427,5,1,1,3.299812699999998,4.246686214285714,3.7284725714285716,3.3715355,51.24222685714285,0,2.3841858e-06,14,0.8405751877379782,0,1
2022-05-19,5416.78,441.07538461538456,66.16130769230769,22.05376923076923,44.43153846153847,Cairo,0.0,3.0529556,230.41248,40.435627,26.840322,10.756663,-2.0883942,-2.0723064,0.08007528,17.019655,27.078712,5,1,1,3.193619399999998,4.088318871428571,3.682993528571429,3.3200579,50.167404999999995,0,2.3841858e-06,15,1.4113029225586589,0,1
2022-05-20,5205.68,428.88384615384615,64.33257692307691,21.444192307692308,44.53846153846154,Cairo,0.0,2.5065289,168.66353,23.910631,29.79361,6.6493225,-0.4054006,-0.10651652,0.084803835,15.7601185,28.357132,5,1,1,2.9598474666666648,3.6445483285714286,3.620697757142857,3.3200579,46.436805142857146,0,2.3841858e-06,16,2.5073673982403633,0,1
2022-05-21,5035.75,336.1830769230769,50.427461538461536,16.809153846153844,44.643076923076926,Cairo,1.4305115e-06,4.141084,131.9399,65.917366,23.181467,15.379059,3.0396473,-2.6842804,0.07070562,17.586624,32.293167,5,1,1,3.233522833333332,3.405456614285715,3.7813423071428574,4.141084,48.13155357142857,0,1.4305115e-06,17,2.603015973009403,0,1
2022-05-22,5552.75,409.88384615384615,61.48257692307692,20.49419230769231,44.74230769230769,Cairo,0.0,3.7826679,107.85665,47.011333,22.757477,10.037587,3.4952037,-0.7875366,0.048694916,13.08708,27.927422,5,1,1,3.476760266666665,3.3403820714285715,3.853625514285714,4.141084,47.263416857142865,0,1.4305115e-06,18,2.669859364421547,0,1
2022-05-23,5499.46,400.6871428571429,60.103071428571425,20.034357142857147,41.745,Cairo,0.0,3.0061302,96.49947,47.393265,24.110342,10.832591,2.791804,-0.67340595,0.046503797,17.923271,35.15075,5,1,1,3.6432940333333312,3.288181314285714,3.7264116,4.141084,46.071060714285714,0,1.4305115e-06,19,2.5049450613865827,0,1
2022-05-24,5368.59,400.8278571428572,60.12417857142858,20.041392857142863,41.83857142857143,Cairo,0.0,2.064925,142.82988,52.198368,24.564688,11.9912,1.057424,-1.7267456,0.014208436,25.755375,39.926147,5,1,1,2.9512410333333308,3.1249070714285714,3.6497478,3.7826679,45.871043285714286,0,1.4305115e-06,20,2.429782317977549,0,1
2022-05-25,5376.24,399.6557142857143,59.94835714285714,19.982785714285715,41.92642857142857,Cairo,0.0,3.0836933,202.41359,45.852848,26.264639,12.732249,-0.9578807,-2.812317,0.016859652,15.042204,23.817848,5,1,1,2.7182494999999975,3.0911407000000004,3.668913457142857,3.0836933,46.102776857142864,0,1.4305115e-06,21,2.462380722270364,0,1
2022-05-26,5396.97,383.6271428571428,57.54407142857142,19.18135714285714,42.012142857142855,Cairo,0.0,4.228528,206.67671,53.768322,26.253164,14.782135,-1.867808,-3.7849274,0.03665789,12.190305,21.629034,5,1,1,3.1257154333333315,3.259079614285714,3.673699242857143,4.228528,48.00744757142858,0,1.4305115e-06,22,2.413013342408332,0,1
2022-05-27,5326.94,378.3507142857143,56.75260714285714,18.917535714285716,42.09428571428572,Cairo,0.0,4.0793386,196.15959,53.70432,26.605133,15.224843,-1.016861,-3.918935,0.11826041,13.633873,24.328236,5,1,1,3.797186633333331,3.4837667142857143,3.5641575214285717,4.228528,52.26368885714286,0,1.4305115e-06,23,1.5724306856379104,0,1
2022-05-28,5264.18,378.9435714285714,56.841535714285705,18.94717857142857,42.17285714285714,Cairo,0.0,3.1638966,189.31152,49.30139,27.341867,14.558095,-0.48114523,-3.0876415,0.15480585,16.83871,30.238697,5,1,1,3.823921066666665,3.344168514285714,3.3748125642857145,4.228528,49.889978,0,0.0,24,1.6350953772595862,0,1
2022-05-29,5225.53,391.5392857142857,58.730892857142855,19.576964285714286,42.24714285714286,Cairo,0.0,2.601454,203.09212,39.799946,29.015207,12.743805,-0.8118642,-2.3432362,0.1055035,19.846817,35.47343,5,1,1,3.281563066666665,3.1754236714285713,3.257902871428571,4.0793386,48.85977985714286,0,0.0,25,1.6512552387043198,0,1
2022-05-30,5118.21,383.80642857142857,57.57096428571428,19.19032142857143,42.31857142857143,Cairo,0.0,3.018317,223.44292,31.90145,30.767813,10.739655,-1.4989828,-2.0535176,0.058878057,15.404188,26.19788,5,1,1,2.927889199999998,3.177164642857143,3.2326729785714288,3.1638966,46.64666342857142,0,0.0,26,2.044921256250564,0,1
2022-05-31,5181.06,365.07214285714286,54.760821428571425,18.253607142857145,42.38857142857143,Cairo,0.0,3.575349,177.12837,44.830204,28.763254,14.651439,0.29880777,-3.4872234,0.10968743,22.829851,42.974945,5,1,1,3.065039999999998,3.3929395,3.258923285714286,3.575349,45.59406857142857,0,0.0,27,1.711528932204993,0,1
2022-06-01,5321.93,399.0228571428571,59.853428571428566,19.951142857142855,42.45285714285715,Cairo,0.0,2.9211862,170.46655,57.323727,26.132477,16.146963,0.61841327,-2.7057445,0.06351806,18.515694,30.478527,6,2,0,3.1716173999999975,3.3697242,3.23043245,3.575349,47.232765571428565,0,0.0,28,1.7326431886935614,0,1
2022-06-02,5263.27,383.4221428571428,57.513321428571416,19.17110714285714,42.51428571428572,Cairo,0.0,2.653513,130.90932,61.836945,25.46109,16.500479,2.015391,-1.6089325,0.028489707,24.594013,43.134926,6,2,0,3.0500160666666645,3.144722057142857,3.201900835714286,3.575349,48.385426,0,0.0,29,1.8736598491294578,0,1
2022-06-03,5190.76,384.875,57.731249999999996,19.243750000000002,42.57285714285714,Cairo,0.0,1.9195668,120.3298,53.983204,26.822824,14.4391985,1.2434591,-1.2648875,0.05744157,26.837917,47.569366,6,2,0,2.4980886666666646,2.836183228571429,3.1599749714285714,2.9211862,48.425266571428565,0,0.0,30,1.8536414804721826,0,1
2022-06-04,5137.87,395.6464285714286,59.346964285714286,19.782321428571432,42.62714285714286,Cairo,0.0,2.36751,203.45049,43.01505,29.429352,14.193431,-0.35975647,-1.606547,0.04044555,27.296394,43.567772,6,2,0,2.313529933333331,2.7224137142857145,3.0332911142857144,2.653513,47.527218000000005,0,0.0,31,1.9414141511965264,0,1
2022-06-05,5124.46,386.565,57.98475,19.32825,42.68,Cairo,0.0,3.0868423,193.27405,47.873234,28.990957,15.829173,-0.3096466,-2.3187866,0.048068106,23.388176,39.744007,6,2,0,2.457973033333331,2.7917549,2.983589285714286,3.0868423,48.680544857142856,0,0.0,32,1.9394378941097823,0,1
2022-06-06,5110.13,366.2407142857143,54.936107142857146,18.312035714285717,42.72714285714286,Cairo,0.0,2.4558818,197.0602,53.84305,27.654123,16.556143,-0.052139282,-1.9146627,0.060724474,27.209354,45.525497,6,2,0,2.6367446999999977,2.7114070142857143,2.944285828571428,3.0868423,51.815059142857145,0,0.0,33,1.52586171291955,0,1
2022-06-07,5177.86,386.7028571428572,58.00542857142858,19.335142857142863,42.775,Cairo,0.0,2.4092,147.67554,50.263813,28.178375,15.817454,1.4617819,-1.6662699,0.062452815,25.155216,44.49882,6,2,0,2.6506413666666644,2.5448142999999996,2.9688769,3.0868423,52.591288999999996,0,0.0,34,1.4669156545326754,0,1
2022-06-08,5079.68,383.8928571428572,57.58392857142858,19.194642857142863,42.81571428571429,Cairo,0.0,2.1131318,182.38405,49.652775,28.984201,15.410878,0.19444783,-1.9235483,0.081262454,19.202793,39.67359,6,2,0,2.3260711999999977,2.429377957142857,2.8995510785714282,2.4558818,51.49543871428572,0,0.0,35,1.410919465309681,0,1
2022-06-09,5013.98,382.0635714285714,57.30953571428571,19.10317857142857,42.85357142857144,Cairo,0.0,2.625337,166.51247,33.751156,32.65689,13.146474,0.32172647,0.20159404,0.10448171,15.132062,32.688545,6,2,0,2.3825562666666644,2.425352814285714,2.785037435714286,2.625337,47.48318314285715,0,0.0,36,1.860672060302316,0,1
2022-06-10,5018.82,385.8878571428572,57.88317857142857,19.29439285714286,42.89,Cairo,0.0,3.184706,213.6921,37.666832,32.121655,14.916168,-1.2720999,-2.1513264,0.10886666,13.153808,33.40965,6,2,0,2.6410582666666644,2.6060869857142857,2.721135107142857,3.184706,45.15227285714286,0,0.0,37,1.9233226361181097,0,1
2022-06-11,4791.24,355.5792857142857,53.33689285714285,17.778964285714284,42.92142857142857,Cairo,0.0,2.2491343,219.46785,32.208683,33.560863,13.003652,-0.27970886,0.010274251,0.15223213,16.029776,34.17947,6,2,0,2.686392433333331,2.5891761714285715,2.655794942857143,3.184706,43.60850614285714,0,0.0,38,2.396286947496396,0,1
2022-06-12,5127.51,371.1057142857143,55.66585714285715,18.555285714285716,42.94928571428572,Cairo,0.0,3.3993065,152.4446,42.82625,28.950592,14.701243,1.6681467,-2.58667,0.14419034,15.010591,29.300026,6,2,0,2.9443822666666644,2.633813914285714,2.712784407142857,3.3993065,42.88750842857143,0,0.0,39,2.40002656942112,0,1
2022-06-13,5086.78,348.35,52.252500000000005,17.4175,42.97642857142857,Cairo,0.0,2.3078918,147.02086,54.999176,26.809967,16.336334,1.4520468,-1.5884959,0.015593341,13.562979,23.15403,6,2,0,2.6521108666666646,2.6126724857142856,2.6620397499999995,3.3993065,43.05266928571429,0,0.0,40,2.570351670252903,0,1
2022-06-14,5121.74,374.2757142857143,56.14135714285714,18.713785714285716,42.99928571428571,Cairo,0.0,2.1900017,151.66461,48.475307,28.710684,15.801747,1.1389517,-1.053243,0.031722218,18.962585,30.076763,6,2,0,2.6323999999999983,2.581358442857143,2.5630863714285717,3.3993065,42.797168428571425,0,0.0,41,2.5083782070530343,0,1
2022-06-15,5115.62,375.6771428571428,56.351571428571425,18.78385714285714,43.01857142857143,Cairo,0.0,2.7363694,197.27458,52.062027,27.834381,16.358225,-0.45062765,-2.3904216,0.019280974,17.94128,28.089333,6,2,0,2.4114209666666646,2.670392385714286,2.5498851714285715,2.7363694,43.14134728571429,0,0.0,42,2.6397790554107505,0,1
2022-06-16,5090.26,348.4164285714286,52.26246428571429,17.42082142857143,43.035,Cairo,0.0,4.0452023,199.662,58.165894,27.797922,18.03832,-1.3000437,-3.762441,0.025325784,16.272686,26.535824,6,2,0,2.9905244666666646,2.8732302857142855,2.64929155,4.0452023,46.629167,0,0.0,43,2.487414015594548,0,1
2022-06-17,5198.9,371.1628571428572,55.67442857142858,18.55814285714286,43.04785714285714,Cairo,1.4305115e-06,4.197712,186.57239,60.84215,27.66861,18.330637,-0.46139017,-4.167053,0.03524623,14.298248,22.432762,6,2,0,3.659761233333331,3.0179454285714287,2.812016207142857,4.197712,49.93992671428572,0,1.4305115e-06,44,2.2309618312153137,0,1
2022-06-18,5129.2,364.2557142857143,54.638357142857146,18.212785714285715,43.05785714285714,Cairo,9.536743e-07,3.5423138,168.06946,62.08135,27.461252,18.43464,0.69996136,-3.4641674,0.038197897,12.316942,19.22372,6,2,0,3.928409366666664,3.2026853571428573,2.895930764285714,4.197712,54.20745057142857,0,2.3841858e-06,45,0.7313523376872916,0,1
2022-06-19,5246.82,396.63,59.494499999999995,19.831500000000002,43.065,Cairo,0.0,3.1167367,169.41496,55.097637,26.795807,15.763824,0.5619914,-3.0530498,0.02044485,13.306909,20.984509,6,2,0,3.618920833333331,3.162318242857143,2.898066078571429,4.197712,55.960505857142856,0,2.3841858e-06,46,0.6608654371197694,0,1
2022-06-20,5232.0,391.2585714285714,58.6887857142857,19.56292857142857,43.06928571428572,Cairo,0.0,3.066241,175.6198,56.70609,26.897043,16.783682,0.37124634,-3.001709,0.020685013,18.046124,27.96301,6,2,0,3.2417638333333314,3.270653842857143,2.9416631642857145,3.5423138,56.204350714285724,0,2.3841858e-06,47,0.6445142491311009,0,1
2022-06-21,5233.650000000001,388.3507142857143,58.25260714285714,19.417535714285716,43.07,Cairo,0.0,3.3496764,161.7866,55.5972,26.84732,16.32543,1.4290823,-2.7989452,0.022766836,16.820314,26.251862,6,2,0,3.1775513666666644,3.4363216571428574,3.00884005,3.3496764,57.221764,0,2.3841858e-06,48,0.4674434948325227,0,1
2022-06-22,5179.25,363.92785714285714,54.58917857142857,18.196392857142857,43.067142857142855,Cairo,0.0,3.6092026,132.37114,56.68765,27.221344,17.023834,2.519694,-2.4682922,0.0131509695,22.887402,35.910374,6,2,0,3.341706666666665,3.561012114285714,3.1157022499999996,3.6092026,57.88256728571428,0,2.3841858e-06,49,0.4109736692938155,0,1
2022-06-23,5076.31,375.5728571428571,56.33592857142857,18.778642857142856,43.06214285714286,Cairo,0.0,2.5192757,165.87398,60.777607,28.024405,18.181387,0.47932944,-2.402359,0.041406468,15.09004,30.900877,6,2,0,3.159384899999998,3.3430226000000003,3.1081264428571425,3.6092026,58.255669142857144,0,2.3841858e-06,50,0.4671689426812474,0,1
2022-06-24,5008.7,373.6221428571429,56.04332142857143,18.681107142857144,43.05285714285714,Cairo,0.0,2.516014,172.32487,55.10167,29.699697,18.480621,0.3818868,-2.4770305,0.06355815,17.095926,29.240961,6,2,0,2.8814974333333314,3.1027800285714284,3.060362728571428,3.6092026,57.43560057142857,0,9.536743e-07,51,1.0368001165530685,0,1
2022-06-25,5179.59,381.73785714285714,57.26067857142857,19.086892857142857,43.042142857142856,Cairo,0.0,4.0015893,143.99709,54.79474,29.131582,18.213531,2.2020519,-3.273468,0.0821507,19.679947,32.424145,6,2,0,3.0122929999999974,3.1683908142857145,3.1855380857142856,4.0015893,56.39465628571429,0,0.0,52,1.1901296525559746,0,1
2022-06-26,5175.95,384.4992857142857,57.67489285714285,19.224964285714286,43.026428571428575,Cairo,0.0,2.9181168,166.72423,55.268124,27.950754,17.239899,0.6051483,-2.8430736,0.026544236,17.139013,25.67846,6,2,0,3.1452400333333315,3.140016542857143,3.151167392857143,4.0015893,56.41901157142858,0,0.0,53,1.1042751873703176,0,1
2022-06-27,5125.29,381.9428571428571,57.29142857142857,19.097142857142856,43.00857142857143,Cairo,0.0,3.2201471,149.29808,50.339993,28.98754,16.687082,2.0088093,-2.2529552,0.043785375,17.063488,27.874962,6,2,0,3.379951066666665,3.1620031285714285,3.216328485714286,4.0015893,55.50956914285714,0,0.0,54,1.04777911830407,0,1
2022-06-28,3628.37,334.40818181818184,50.161227272727274,16.720409090909094,40.56,Cairo,0.0,2.349285,128.73572,60.658764,27.197989,17.979319,1.8390604,-1.3549143,0.014942462,23.247452,38.14254,6,2,0,2.8291829666666644,3.0190900714285713,3.227705864285714,3.2201471,56.23264971428571,0,0.0,55,0.9744579477496104,0,1
2022-06-29,4054.33,391.1181818181818,58.66772727272727,19.555909090909093,44.06,Cairo,0.0,2.1496277,133.92035,54.900227,28.337149,17.098703,1.580958,-1.3215383,0.0227028,21.443535,34.045307,6,2,0,2.5730199333333306,2.810579371428571,3.1857957428571426,3.2201471,55.97730357142857,0,0.0,56,0.8486565079369831,0,1
2022-06-30,4844.65,310.02714285714285,46.50407142857143,15.501357142857144,42.93714285714286,Cairo,0.0,2.1683815,128.2661,57.51909,28.58137,18.423737,1.7400767,-0.88586426,0.04378649,22.270168,36.82467,6,2,0,2.2224313999999974,2.7604516285714285,3.0517371142857144,2.349285,55.511801142857145,0,0.0,57,0.8250873920307309,0,1
2022-07-01,5051.83,357.1671428571429,53.575071428571434,17.858357142857145,42.90642857142858,Cairo,0.0,2.0030062,147.52559,54.316837,28.611155,17.4628,1.1808065,-1.4132894,0.039828643,21.514488,34.69423,7,2,0,2.1070051333333306,2.6871648,2.8949724142857147,2.1683815,55.399682142857145,0,0.0,58,0.6593555920827202,0,1
2022-07-02,5065.06,368.1271428571428,55.21907142857142,18.406357142857143,42.87285714285714,Cairo,0.0,1.8997627,152.39516,54.597103,28.786123,17.29418,0.87371826,-1.508962,0.02304917,20.307932,32.49118,7,2,0,2.0237167999999977,2.3869038571428574,2.7776473357142857,2.1683815,55.37144828571428,0,0.0,59,0.6062295737355744,0,1
2022-07-03,4843.37,378.67923076923074,56.80188461538461,18.93396153846154,46.02769230769231,Cairo,0.0,1.6671954,149.50829,52.553253,29.530914,17.533844,0.8273875,-1.2947947,0.031143676,25.822638,42.2855,7,2,0,1.856654766666664,2.2082008,2.674108671428571,2.0030062,54.98360957142857,0,0.0,60,0.7167759311828372,0,1
2022-07-04,4981.73,410.5776923076923,61.586653846153844,20.528884615384616,45.99076923076923,Cairo,0.0,2.2764432,178.48822,45.10274,30.98404,16.623117,0.5915782,-1.1402283,0.022730595,14.937899,22.893597,7,2,0,1.9478004333333307,2.073385957142857,2.617694542857143,2.2764432,54.23543057142857,0,0.0,61,1.164927083472915,0,1
2022-07-05,5114.89,416.7284615384616,62.509269230769235,20.836423076923083,45.95076923076923,Cairo,0.0,2.4750745,156.98985,48.287537,30.476797,16.821604,1.2430063,-1.9812063,0.028582798,20.20116,30.715714,7,2,0,2.1395710333333304,2.0913558857142855,2.5552229785714284,2.4750745,52.46811242857143,0,0.0,62,1.0368299095121416,0,1
2022-07-06,5163.71,424.2430769230769,63.63646153846153,21.212153846153846,45.9076923076923,Cairo,0.0,2.6342015,161.4303,51.53377,29.357492,16.262848,1.0939941,-2.1325684,0.009125484,15.230593,23.204014,7,2,0,2.461906399999997,2.160580714285714,2.4855800428571433,2.6342015,51.98719,0,0.0,63,0.941371919446491,0,1
2022-07-07,5156.09,430.8776923076923,64.63165384615384,21.543884615384616,45.862307692307695,Cairo,0.0,2.1937454,169.2741,47.65711,28.799307,15.067454,0.68163556,-1.6463572,0.013382371,23.193253,36.386673,7,2,0,2.4343404666666637,2.1642041285714284,2.4623278785714287,2.6342015,50.57833571428571,0,0.0,64,0.9099549221707878,0,1
2022-07-08,5113.44,393.0869230769231,58.96303846153846,19.654346153846156,45.81153846153847,Cairo,0.0,2.776582,139.04893,60.637043,28.044992,18.723297,1.8797098,-2.016861,0.031212488,20.860332,35.65092,7,2,0,2.534842966666664,2.2747149571428573,2.4809398785714287,2.776582,51.48122228571429,0,0.0,65,1.0211702664766509,0,1
2022-07-09,5192.0,409.10615384615386,61.365923076923075,20.455307692307695,45.75769230769231,Cairo,4.7683716e-07,3.141204,163.52104,61.701992,28.896719,19.21817,0.78201294,-3.030365,0.04107626,15.544804,24.970486,7,2,0,2.7038437999999974,2.452063714285714,2.4194837857142857,3.141204,52.49620642857143,0,4.7683716e-07,66,1.0104252001325231,0,1
2022-07-10,4900.95,345.4661538461538,51.81992307692307,17.273307692307693,45.70230769230769,Cairo,0.0,2.7639854,166.50043,57.16704,29.076406,19.049631,0.983846,-2.259013,0.088188365,18.69426,36.03402,7,2,0,2.8939237999999974,2.608748,2.4084744,3.141204,53.15531885714286,0,4.7683716e-07,67,1.0182919657309435,0,1
2022-07-11,4883.849999999999,317.5815384615385,47.637230769230776,15.879076923076926,45.643076923076926,Cairo,4.7683716e-07,3.0256164,180.24292,57.85268,27.878653,18.176016,0.14741516,-2.8903606,0.010001058,17.967926,28.36255,7,2,0,2.9769352666666644,2.715772742857143,2.3945793500000003,3.141204,54.976738857142855,0,9.5367432e-07,68,0.866358643246185,0,1
2022-07-12,5103.41,391.0661538461538,58.659923076923064,19.55330769230769,45.58153846153846,Cairo,0.0,3.0054152,167.88252,60.846466,27.890615,18.858063,0.6092275,-2.9414113,0.01818404,17.21884,28.139671,7,2,0,2.931672333333331,2.7915357,2.441445792857143,3.0256164,56.77087157142857,0,9.5367432e-07,69,0.6124780094742934,0,1
2022-07-13,5233.33,414.4092307692308,62.16138461538462,20.720461538461542,45.51538461538462,Cairo,0.0,3.4647033,157.86012,61.430325,28.019196,18.640127,1.4025217,-3.0750477,0.014060964,16.959465,26.488647,7,2,0,3.165244966666664,2.910178814285714,2.5353797642857145,3.4647033,58.184665142857135,0,9.5367432e-07,70,0.526091924783465,0,1
2022-07-14,5167.75,393.7430769230769,59.06146153846153,19.687153846153848,45.44538461538461,Cairo,0.0,3.6120033,149.84715,59.529907,27.570871,17.806387,1.7287649,-3.1583302,0.019656178,18.637142,31.893818,7,2,0,3.360707266666664,3.112787085714286,2.638495607142857,3.6120033,59.880779000000004,0,9.5367432e-07,71,0.5634619255427039,0,1
2022-07-15,5204.97,418.8723076923077,62.83084615384615,20.943615384615384,45.37384615384615,Cairo,0.0,2.1176841,132.12794,55.195053,27.419992,16.462473,1.6593729,-1.0687612,0.016798526,16.952484,28.646988,7,2,0,3.0647968999999975,3.0186588142857143,2.646686885714286,3.6120033,59.103351857142854,0,9.5367432e-07,72,0.6363294546613675,0,1
2022-07-16,5220.21,404.9823076923077,60.74734615384615,20.249115384615386,45.29692307692308,Cairo,0.0,2.6384003,146.82695,54.120716,27.543936,16.589182,1.5495605,-2.029602,0.026451323,22.912357,38.368618,7,2,0,2.789362566666664,2.9468297142857147,2.699446714285714,3.6120033,58.02031242857142,0,4.7683716e-07,73,0.5571921506902214,0,1
2022-07-17,5210.04,414.3584615384616,62.153769230769235,20.717923076923082,45.21923076923077,Cairo,0.0,2.7567184,167.55263,61.366165,28.263174,18.978668,0.47860208,-2.6882122,0.015287433,15.600014,27.457264,7,2,0,2.5042675999999973,2.9457915714285714,2.7772697857142856,2.7567184,58.620187428571434,0,4.7683716e-07,74,0.2998397029638878,0,1
2022-07-18,5161.0,410.42538461538464,61.56380769230769,20.521269230769235,45.13384615384616,Cairo,0.0,2.467253,163.05583,61.148907,28.627432,19.112864,0.68810016,-2.3667095,0.022709833,19.36969,31.924706,7,2,0,2.6207905666666638,2.866025371428571,2.7908990571428567,2.7567184,59.091077000000006,0,0.0,75,0.4360211037843458,0,1
2022-07-19,5111.81,418.7361538461538,62.810423076923065,20.936807692307692,45.04692307692308,Cairo,0.0,2.1483295,174.90247,48.051792,30.101797,16.858551,0.24524944,-2.0025177,0.027931115,20.114082,34.690315,7,2,0,2.4574336333333306,2.743584557142857,2.7675601285714286,2.7567184,57.263266428571434,0,0.0,76,0.9369974179570337,0,1
2022-07-20,5131.64,410.1307692307692,61.51961538461538,20.50653846153846,44.95923076923077,Cairo,0.0,2.5704756,171.8097,56.446827,30.188467,19.40217,0.45484415,-2.4953816,0.02699761,14.877052,23.841377,7,2,0,2.395352699999997,2.615837742857143,2.7630082785714287,2.5704756,56.55133814285715,0,0.0,77,1.1850535520890724,0,1
2022-07-21,5265.82,422.2315384615385,63.334730769230774,21.111576923076925,44.86538461538461,Cairo,0.0,3.1951053,155.73267,59.80913,28.41503,18.669098,1.3549194,-2.8652802,0.0144877015,18.278316,28.664295,7,2,0,2.6379701333333307,2.5562808857142856,2.8345339857142853,3.1951053,56.59122714285714,0,0.0,78,1.1117728532049342,0,1
2022-07-22,5104.11,392.38153846153847,58.85723076923077,19.619076923076925,44.76923076923077,Cairo,0.0,2.7497933,167.23833,61.84512,27.963776,18.78653,0.48831686,-2.6759846,0.0121930055,19.60294,31.885143,7,2,0,2.838458066666664,2.6465822,2.832620507142857,3.1951053,57.54123671428572,0,0.0,79,1.0271681954008567,0,1
2022-07-23,5222.4,410.9269230769231,61.63903846153846,20.54634615384616,44.67,Cairo,0.0,2.8769913,160.89565,59.08588,28.708649,18.502024,0.786911,-2.719045,0.014286628,19.196007,29.572159,7,2,0,2.940629966666664,2.6806666285714287,2.8137481714285713,3.1951053,58.25054585714286,0,0.0,80,0.8881147695253611,0,1
2022-07-24,5238.13,413.4576923076923,62.01865384615384,20.672884615384618,44.566153846153846,Cairo,0.0,2.9341533,161.00775,63.17313,28.252268,18.894033,0.87323505,-2.7909443,0.014159292,17.18052,28.77016,7,2,0,2.853645966666664,2.706014471428571,2.8259030214285716,2.9341533,58.508683714285716,0,0.0,81,0.889417483693167,0,1
2022-07-25,4514.76,384.7266666666667,57.709,19.236333333333334,42.20583333333334,Cairo,4.7683716e-07,2.2935326,152.51122,60.70827,28.344147,17.949778,1.0632477,-2.0318146,0.027029527,20.431221,32.355347,7,2,0,2.7015590666666633,2.6811972714285717,2.773611321428571,2.9341533,58.445735571428564,0,4.7683716e-07,82,0.9097755417194912,0,1
2022-07-26,5237.02,432.4969230769231,64.87453846153846,21.624846153846157,44.349230769230765,Cairo,0.0,2.4519315,186.58382,49.05235,30.086905,16.256256,-0.06448364,-2.3066304,0.024287183,19.21508,33.372784,7,2,0,2.5598724666666643,2.724568985714286,2.734076771428571,2.9341533,58.58867242857143,0,4.7683716e-07,83,0.9063809420563704,0,1
2022-07-27,5102.26,406.2676923076924,60.94015384615386,20.31338461538462,44.23307692307692,Cairo,4.7683716e-07,2.223732,179.04553,52.57225,29.083078,16.99714,0.06978353,-2.2031453,0.017976739,23.814518,38.848373,7,2,0,2.3230653666666643,2.6750341857142854,2.6454359642857144,2.4519315,58.03516142857143,0,9.5367432e-07,84,0.7095014444444235,0,1
2022-07-28,5265.07,437.3369230769231,65.60053846153846,21.866846153846154,44.11769230769231,Cairo,0.0,2.4435802,209.87209,43.842224,29.969635,14.987132,-1.135259,-2.1170807,0.025336897,16.350676,28.695837,7,2,0,2.373081233333331,2.567673457142857,2.561977171428572,2.4519315,55.75417485714286,0,9.5367432e-07,85,0.8392813893332107,0,1
2022-07-29,5180.62,423.1961538461538,63.47942307692306,21.15980769230769,43.99615384615385,Cairo,0.0,2.4626515,197.07056,49.83968,30.459951,17.40274,-0.54448956,-2.2564495,0.02046553,15.301439,23.913097,7,2,0,2.376654566666664,2.5266531999999997,2.5866177,2.4626515,54.039112,0,9.5367432e-07,86,0.8958992396955165,0,1
2022-07-30,5221.95,425.7338461538462,63.860076923076925,21.28669230769231,43.871538461538464,Cairo,0.0,2.3440068,164.28041,46.74535,30.271963,16.511383,0.8696849,-1.9634094,0.015509673,18.491795,28.158167,7,2,0,2.4167461666666643,2.4505125571428574,2.5655895928571426,2.4626515,52.27617914285714,0,9.5367432e-07,87,0.9263688783672331,0,1
2022-07-31,5228.84,411.3292307692308,61.699384615384616,20.56646153846154,43.74384615384615,Cairo,1.9073486e-06,2.8543684,147.09373,57.141438,29.040436,19.18635,1.6543121,-2.1326802,0.019647732,22.997879,38.622982,7,2,0,2.553675566666664,2.439114714285714,2.5725645928571432,2.8543684,51.414508857142856,0,2.8610229200000004e-06,88,0.7875905924520522,0,1
2022-08-01,5218.15,413.88692307692304,62.08303846153845,20.694346153846155,43.61461538461538,Cairo,0.0,3.0244973,150.97273,62.845615,29.704336,19.864166,1.5712789,-2.541214,0.01797635,17.118034,28.004745,8,2,0,2.7409574999999973,2.5435382428571427,2.6123677571428567,3.0244973,51.719843857142855,0,2.38418576e-06,89,0.5581820429968591,0,1
2022-08-02,5180.26,393.2584615384615,58.98876923076922,19.66292307692308,43.47846153846154,Cairo,0.0,2.735401,127.80448,58.673008,29.863108,19.88093,2.0798695,-1.6247762,0.021211624,21.105743,35.749638,8,2,0,2.8714222333333304,2.584033885714286,2.6543014357142853,3.0244973,53.09422357142858,0,2.38418576e-06,90,0.5454293104006699,0,1
2022-08-03,5253.01,424.9284615384616,63.73926923076924,21.24642307692308,43.34076923076923,Cairo,0.0,2.5132592,157.22961,57.333588,29.297678,18.339752,1.2169241,-2.1074116,0.017609732,17.082962,28.134605,8,2,0,2.7577191666666643,2.6253949142857143,2.6502145500000003,3.0244973,53.77441471428572,0,1.9073486e-06,91,0.5048848541488534,0,1
2022-08-04,5140.53,397.1438461538461,59.57157692307691,19.857192307692305,43.19923076923077,Cairo,0.0,2.693718,172.69373,62.238968,28.856028,19.621979,0.44643655,-2.6119487,0.058130205,19.729216,31.750175,8,2,0,2.647459399999997,2.661128885714286,2.6144011714285713,2.735401,56.40252099999999,0,1.9073486e-06,92,0.607846002862269,0,1
2022-08-05,5103.14,386.5630769230769,57.98446153846153,19.328153846153846,43.05538461538462,Cairo,0.0,2.6554973,158.51495,61.786438,28.608877,19.304352,0.99395245,-2.3880818,0.07196309,16.021399,25.290901,8,2,0,2.6208248333333306,2.688678285714286,2.607665742857143,2.693718,58.10920071428571,0,1.9073486e-06,93,0.5951749060617899,0,1
2022-08-06,5105.17,387.463076923077,58.11946153846154,19.37315384615385,42.90538461538461,Cairo,0.0,2.6083121,172.22096,65.35915,28.535635,20.449127,0.30600992,-2.5683339,0.060360573,17.166847,27.477512,8,2,0,2.652509133333331,2.7264361857142854,2.5884743714285716,2.693718,60.76831500000001,0,1.9073486e-06,94,0.5169371687136471,0,1
2022-08-07,5205.54,408.9500000000001,61.342500000000015,20.447500000000005,42.75461538461538,Cairo,0.0,2.079336,148.43079,54.37729,28.418203,17.65502,1.0961456,-1.4197336,0.058536157,12.71638,19.54221,8,2,0,2.4477151333333307,2.6157172714285717,2.527415992857143,2.6554973,60.37343671428572,0,0.0,95,0.5839482309465003,0,1
2022-08-08,5184.83,420.1053846153846,63.01580769230769,21.00526923076923,42.599230769230765,Cairo,0.0,1.7191318,183.03369,52.151615,30.14094,17.854727,0.4739736,-1.0681559,0.044092253,20.780622,32.35764,8,2,0,2.1355932999999974,2.4292364857142856,2.4863873642857146,2.6083121,58.845722428571435,0,0.0,96,0.681785130009112,0,1
2022-08-09,5190.98,407.3492307692308,61.10238461538462,20.36746153846154,42.440000000000005,Cairo,0.0,2.468419,165.12401,52.35686,30.461905,18.517324,1.0255585,-1.7768759,0.065335736,16.084898,25.093235,8,2,0,2.088962266666664,2.3910962,2.4875650428571427,2.468419,57.94341557142857,0,0.0,97,0.8171814063013655,0,1
2022-08-10,5120.09,389.06,58.358999999999995,19.453000000000003,42.27846153846154,Cairo,0.0,2.6772978,193.55487,59.943787,29.443594,20.005035,-0.40833536,-2.5090077,0.04799039,16.404232,25.547134,8,2,0,2.288282866666664,2.4145302857142856,2.5199625999999995,2.6772978,58.31630114285714,0,0.0,98,0.822276710688254,0,1
2022-08-11,4954.2,369.4953846153846,55.424307692307686,18.47476923076923,42.112307692307695,Cairo,0.0,2.1933532,146.33278,49.388134,29.972403,17.167307,1.3860168,-1.3873901,0.028966427,16.898514,27.778801,8,2,0,2.446356666666664,2.3430496,2.5020892428571426,2.6772978,56.48046771428572,0,0.0,99,0.850126557633539,0,1
2022-08-12,5255.67,410.9907692307692,61.64861538461538,20.54953846153846,41.94461538461538,Cairo,0.0,2.4128232,184.12856,57.676563,29.368073,19.069082,0.081965126,-2.2101238,0.027812917,15.453384,24.770895,8,2,0,2.4278247333333307,2.3083818714285713,2.498530078571428,2.6772978,55.893342714285716,0,0.0,100,0.7827811612690039,0,1
2022-08-13,5351.64,418.18307692307695,62.72746153846154,20.90915384615385,41.77384615384615,Cairo,0.0,3.2079709,156.853,59.359528,29.040842,19.062002,1.3609213,-2.8717701,0.02143451,18.08524,29.005756,8,2,0,2.6047157666666636,2.394047414285714,2.5602418,3.2079709,55.03625385714286,0,0.0,101,0.7004556569011589,0,1
2022-08-14,5320.06,412.0015384615385,61.800230769230765,20.600076923076927,41.599230769230765,Cairo,0.0,2.806443,155.59425,61.616257,28.843252,19.591135,1.115748,-2.552887,0.021506853,18.01987,28.854183,8,2,0,2.809079033333331,2.4979198428571427,2.5568185571428574,3.2079709,56.07039199999999,0,0.0,102,0.5968023341415711,0,1
2022-08-15,5304.91,411.3415384615385,61.701230769230776,20.567076923076925,41.41923076923077,Cairo,0.0,2.7169425,181.09758,58.15762,28.559072,18.976797,0.08872986,-2.678767,0.020720966,17.292597,27.938837,8,2,0,2.910452133333331,2.6404642285714286,2.534850357142857,3.2079709,56.928392714285714,0,0.0,103,0.6586063853904222,0,1
2022-08-16,5386.71,418.0476923076923,62.70715384615384,20.902384615384616,41.23846153846154,Cairo,0.0,3.4678104,198.89488,57.456345,29.239492,19.288239,-1.0142161,-3.2251942,0.03512699,12.2488365,19.533558,8,2,0,2.9970652999999974,2.7832344285714288,2.587165314285714,3.4678104,57.65689057142857,0,0.0,104,0.4561625439208453,0,1
2022-08-17,5338.98,408.3307692307693,61.249615384615396,20.416538461538465,41.05461538461539,Cairo,9.536743e-07,3.2778683,187.00183,58.747772,28.414377,18.934235,-0.33632913,-3.2358754,0.04627169,15.263358,23.884212,8,2,0,3.154207066666664,2.8690302142857145,2.64178025,3.4678104,57.48603128571428,0,9.536743e-07,105,0.5283096353087033,0,1
2022-08-18,5324.79,417.7753846153846,62.66630769230769,20.88876923076923,40.86538461538461,Cairo,0.0,2.4806483,164.46704,60.30977,28.74714,19.368643,0.7791545,-2.2818348,0.04280895,18.669292,28.888645,8,2,0,3.075442333333331,2.9100723714285714,2.6265609857142858,3.4678104,59.046265000000005,0,9.536743e-07,106,0.34922096054323976,0,1
2022-08-19,5346.22,419.6607692307692,62.949115384615375,20.98303846153846,40.675384615384615,Cairo,0.0,2.3163078,125.83774,59.404926,29.243317,19.282461,1.8353068,-1.0166117,0.039319925,22.804638,38.21031,8,2,0,2.6916081333333306,2.896284457142857,2.602333164285714,3.2778683,59.293174,0,9.536743e-07,107,0.32278852348142134,0,1
2022-08-20,5066.49,385.2753846153846,57.79130769230769,19.26376923076923,40.48076923076923,Cairo,0.0,2.4109175,121.79947,63.593216,29.887604,20.830801,1.9308167,-1.253657,0.03268335,29.643444,47.042183,8,2,0,2.4026245333333307,2.7824196857142853,2.5882335499999995,2.4806483,59.89798657142857,0,9.536743e-07,108,0.5049196059050454,0,1
2022-08-21,5343.82,423.8523076923077,63.57784615384615,21.192615384615387,40.28384615384616,Cairo,0.0,2.220536,102.58401,50.772137,30.367584,17.48941,2.0569103,-0.5552521,0.041009866,21.926487,34.21171,8,2,0,2.3159204333333308,2.698718685714286,2.5983192642857142,2.4109175,58.34882657142857,0,9.536743e-07,109,0.7155501014359537,0,1
2022-08-22,5176.68,405.5238461538462,60.82857692307692,20.276192307692313,40.08538461538462,Cairo,4.7683716e-07,1.8828902,150.44482,55.895706,29.821524,19.276764,1.0045675,-1.3819479,0.1237328,26.694536,53.621857,8,2,0,2.1714478999999973,2.579568357142857,2.610016292857143,2.4109175,58.025695999999996,0,1.4305114600000002e-06,110,0.682978706940372,0,1
2022-08-23,5208.58,423.5515384615385,63.53273076923077,21.177576923076927,39.88153846153846,Cairo,0.0,3.0802,213.07896,47.52261,32.289295,18.448477,-1.3898773,-1.5123596,0.064235196,14.757315,33.466576,8,2,0,2.394542066666664,2.5241954428571427,2.653714935714286,3.0802,56.606590999999995,0,1.4305114600000002e-06,111,1.281995232482354,0,1
2022-08-24,5128.47,427.8123076923077,64.17184615384615,21.390615384615387,39.67692307692308,Cairo,0.0,2.8800716,180.78935,40.59756,33.107983,16.88508,-1.8827261,-0.58203125,0.07929072,16.682615,34.62592,8,2,0,2.614387266666664,2.4673673428571425,2.6681987785714285,3.0802,54.01370357142857,0,4.7683716e-07,112,1.60767089470854,0,1
2022-08-25,4779.87,306.30615384615385,45.94592307692307,15.315307692307693,39.46615384615385,Cairo,0.0,4.21554,195.05371,64.69001,29.770987,21.693674,-1.153422,-3.8957062,0.026691088,15.046497,25.597715,8,2,0,3.3919371999999974,2.7152090142857146,2.812640692857143,4.21554,54.63945214285714,0,4.7683716e-07,113,1.4621459363556788,0,1
2022-08-26,5125.68,369.35,55.4025,18.4675,39.25615384615384,Cairo,0.0,3.0288045,186.34929,56.817577,28.906565,18.579172,-0.32955933,-2.9633484,0.016676499,13.19185,22.08908,8,2,0,3.374805366666664,2.816994257142857,2.856639357142857,4.21554,54.26983085714286,0,4.7683716e-07,114,1.5201916362300851,0,1
2022-08-27,5501.0,433.7730769230769,65.06596153846154,21.688653846153848,39.042307692307695,Cairo,0.0,4.2558227,213.14708,57.354603,28.822336,18.74649,-2.264557,-3.4726055,0.022224192,9.668017,17.169285,8,2,0,3.833389066666664,3.080552142857143,2.9314859142857146,4.2558227,53.37860042857143,0,4.7683716e-07,115,1.6503340273983522,0,1
2022-08-28,5374.04,407.4038461538461,61.110576923076906,20.370192307692307,38.824615384615385,Cairo,0.0,4.8711905,205.93282,62.480877,28.864817,20.351715,-2.167333,-4.3161774,0.0826544,10.88604,20.148058,8,2,0,4.051939233333331,3.4592170714285717,3.0789678785714285,4.8711905,55.051277571428564,0,4.7683716e-07,116,1.7558307679095615,0,1
2022-08-29,5148.04,372.2453846153846,55.83680769230769,18.61226923076923,38.60307692307693,Cairo,0.0,4.549956,199.80333,64.30672,28.885489,20.824045,-1.6115011,-4.2084556,0.07604344,12.894371,23.178028,8,2,0,4.5589897333333305,3.840226471428571,3.209897414285714,4.8711905,56.252851,0,0.0,117,1.8260273874404653,0,1
2022-08-30,5166.04,385.5192307692308,57.82788461538461,19.27596153846154,38.38153846153846,Cairo,0.0,3.714267,190.61444,63.440903,29.30541,21.021637,-0.7220815,-3.5914154,0.09175486,16.297943,30.439196,8,2,0,4.378471166666664,3.9308074714285715,3.227501457142857,4.8711905,58.52689285714286,0,0.0,118,1.556057845726796,0,1
2022-08-31,5030.5,354.4323076923077,53.16484615384615,17.721615384615387,38.15692307692307,Cairo,4.7683716e-07,3.9665477,186.53694,63.39781,28.92569,20.64216,-0.4705607,-3.9326832,0.05719071,20.750046,36.520023,8,2,0,4.076923566666664,4.086018342857143,3.2766928428571425,4.549956,61.78407142857143,0,4.7683716e-07,119,0.3492391776700199,0,1
2022-09-01,5332.24,435.6025,65.340375,21.780125,41.0,Cairo,4.7683716e-07,3.9566352,184.17717,60.768787,28.76122,19.60611,-0.37893677,-3.9148662,0.043017685,14.95043,24.89933,9,3,0,3.8791499666666636,4.049031942857143,3.3821204785714287,3.9665477,61.223896714285715,0,9.5367432e-07,120,0.1768225420307429,0,1
2022-09-02,5248.150000000001,414.97,62.2455,20.748500000000003,40.77,Cairo,0.0,3.6134012,195.16345,61.59503,28.845285,19.935781,-0.9648641,-3.4387767,0.05554489,18.300861,31.354269,9,3,0,3.8455280333333306,4.132545757142857,3.4747700071428573,3.9665477,61.906389999999995,0,9.5367432e-07,121,0.1793574783888981,0,1
2022-09-03,5311.14,427.88000000000005,64.182,21.394000000000005,40.54333333333333,Cairo,0.0,3.7478993,195.91411,58.446716,28.78124,19.092682,-0.996877,-3.607661,0.038448386,21.539248,35.148705,9,3,0,3.7726452333333302,4.059985271428571,3.570268707142857,3.9566352,62.06240614285715,0,9.5367432e-07,122,0.18354840009193799,0,1
2022-09-04,5408.94,437.73333333333335,65.66,21.88666666666667,40.30833333333333,Cairo,4.7683716e-07,3.9746723,191.8254,63.464207,28.75707,20.174063,-0.8078359,-3.8914032,0.037025206,16.184605,28.55855,9,3,0,3.778657599999997,3.9319112428571428,3.695564157142857,3.9746723,62.20288185714286,0,1.4305114800000002e-06,123,0.19226784621280604,0,1
2022-09-05,5242.85,424.8525,63.727875,21.242625000000004,40.075833333333335,Cairo,9.536743e-06,2.9016092,159.2873,62.26921,28.67805,19.69335,1.1055654,-2.5722046,0.03387218,18.141174,29.53139,9,3,0,3.541393599999997,3.6964331285714285,3.7683298,3.9746723,61.911809000000005,0,1.0967254480000002e-05,124,0.20913232883643634,0,1
2022-09-06,4426.62,326.9372727272727,49.04059090909091,16.346863636363636,39.374545454545455,Cairo,4.7683716e-07,3.2335026,140.06285,62.709396,28.825918,20.133453,2.1097412,-2.4335632,0.03610944,18.5661,33.557755,9,3,0,3.3699280333333306,3.6277525,3.7792799857142856,3.9746723,61.807308,0,1.1444091640000002e-05,125,0.07852597634743565,0,1
2022-09-07,4633.2300000000005,283.72166666666664,42.558249999999994,14.186083333333332,39.5975,Cairo,8.106232e-06,2.5320313,137.72365,66.67416,27.518951,20.19628,1.6330261,-1.8502909,0.017647367,21.649433,39.61932,9,3,0,2.8890476999999968,3.4228215857142854,3.7544199642857143,3.2335026,62.275358,0,1.907348648e-05,126,0.47772455451551366,0,1
2022-09-08,4590.14,276.5358333333333,41.480374999999995,13.826791666666665,39.3575,Cairo,0.0,2.9965756,186.36711,64.25706,28.549795,20.412344,-0.4581248,-2.8938038,0.0323034,16.364468,29.361504,9,3,0,2.9207031666666636,3.2856702142857146,3.6673510785714285,3.2335026,62.77368271428572,0,1.859664932e-05,127,0.4721437398692927,0,1
2022-09-09,5306.02,420.2166666666667,63.0325,21.010833333333338,39.11333333333334,Cairo,0.0,4.318672,203.99219,64.39405,28.983307,20.46337,-1.7616984,-3.9395752,0.028282108,11.729277,20.532383,9,3,0,3.2824262999999974,3.3864231857142855,3.759484471428572,4.318672,63.17354271428571,0,1.859664932e-05,128,0.488392989380526,0,1
2022-09-10,5174.81,400.5325,60.079875,20.026625000000003,38.8675,Cairo,0.0,3.658619,186.47093,64.72192,27.909739,19.340485,-0.37112427,-3.6295521,0.02954424,15.061639,24.69857,9,3,0,3.6579555333333302,3.373668857142857,3.716827064285714,4.318672,64.07000042857142,0,1.859664932e-05,129,0.5385110603608879,0,1
2022-09-11,5484.97,464.0,69.6,23.200000000000003,38.62083333333333,Cairo,0.0,2.5970652,173.93153,57.551617,27.759592,17.271637,0.30944315,-2.5694683,0.026918609,16.270466,24.695282,9,3,0,3.524785399999997,3.176867842857143,3.5543895428571433,4.318672,63.22534471428571,0,1.811981216e-05,130,0.5774880671916364,0,1
2022-09-12,5169.52,421.9675,63.29512499999999,21.098375,38.37,Cairo,4.7683716e-07,2.4878948,157.5056,62.937946,28.004303,19.461823,1.0318197,-2.1278636,0.057864174,24.77403,53.01477,9,3,0,2.9145263333333298,3.117765785714286,3.407099457142857,3.658619,63.320878428571426,0,9.059906320000002e-06,131,0.5634347067104846,0,1
2022-09-13,5290.45,427.9716666666666,64.19574999999999,21.39858333333333,38.119166666666665,Cairo,0.0,2.5411284,134.21266,60.90028,28.41503,19.202951,1.8761088,-1.5716044,0.045555063,20.61854,38.575165,9,3,0,2.5420294666666634,3.018855185714286,3.323303842857143,2.5970652,63.06243328571428,0,8.583069160000002e-06,132,0.5087396283172859,0,1
2022-09-14,5482.68,460.19666666666666,69.0295,23.009833333333333,37.8675,Cairo,0.0,2.445083,147.53197,55.762897,27.389557,16.577057,1.4325104,-1.9119467,0.018195735,18.288942,29.415377,9,3,0,2.49136873333333,3.0064339999999996,3.214627792857143,2.5411284,61.503681428571426,0,4.768371600000017e-07,133,0.5375730530721978,0,1
2022-09-15,5502.62,454.6883333333333,68.20324999999998,22.734416666666664,37.611666666666665,Cairo,0.0,2.0738773,177.88045,49.117718,26.36148,14.272858,0.21715291,-1.9842529,0.026062667,16.534185,26.326344,9,3,0,2.353362899999997,2.874619957142857,3.080145085714286,2.5411284,59.34091828571428,0,4.768371600000017e-07,134,0.8230624846274152,0,1
2022-09-16,5543.89,476.7966666666667,71.5195,23.839833333333335,37.35666666666666,Cairo,0.0,1.6442779,170.50809,49.146954,26.06542,13.8461,0.2524465,-1.5441895,0.029992644,20.410803,32.310966,9,3,0,2.0544127333333306,2.492563657142857,2.9394934214285717,2.445083,57.162761714285715,0,4.768371600000017e-07,135,0.879655828742745,0,1
2022-09-17,4692.09,302.4316666666667,45.36475,15.121583333333334,37.098333333333336,Cairo,0.0,2.1103165,173.53687,64.16926,27.010733,18.884512,0.26020813,-1.9911703,0.029519752,17.830286,29.728195,9,3,0,1.942823899999997,2.2713775857142857,2.8225232214285714,2.1103165,57.083810285714286,0,4.768371600000017e-07,136,0.8608139214791624,0,1
2022-09-18,5398.67,454.7475,68.212125,22.737375,36.83833333333333,Cairo,0.0,2.1049948,185.73718,55.826717,27.514395,16.919016,0.3310089,-1.3964386,0.029688518,18.248116,30.752571,9,3,0,1.953196399999997,2.2010818142857143,2.6889748285714288,2.1103165,56.837396,0,4.768371600000017e-07,137,0.843166454909368,0,1
2022-09-19,5337.34,438.6775,65.801625,21.933875,36.579166666666666,Cairo,0.0,2.4188623,159.78676,59.68597,26.954336,17.524729,1.0438995,-2.0318654,0.021512216,18.38745,30.456211,9,3,0,2.211391199999997,2.1912200285714287,2.6544929071428567,2.4188623,56.37282799999999,0,0.0,138,0.7777968250231914,0,1
2022-09-20,5274.25,429.13916666666665,64.370875,21.456958333333333,36.3175,Cairo,1.1920929e-05,2.239353,137.13335,59.42512,27.66633,18.185211,1.5719045,-1.4557902,0.025004605,19.69257,32.378822,9,3,0,2.2544033666666636,2.148109257142857,2.5834822214285715,2.4188623,56.162090857142864,0,1.1920929000000002e-05,139,0.5977035129815195,0,1
2022-09-21,5316.81,423.47,63.5205,21.173500000000004,36.053333333333335,Cairo,0.0,2.5622456,147.95288,55.344776,27.043365,16.450186,1.6349436,-1.7082621,0.025685037,19.327085,30.569359,9,3,0,2.4068202999999966,2.164846771428571,2.5856403857142856,2.5622456,56.102359285714286,0,1.1920929000000002e-05,140,0.5734061537454234,0,1
2022-09-22,5255.54,450.5208333333333,67.578125,22.526041666666668,35.79,Cairo,0.0,1.4049298,255.31299,45.172028,27.924387,14.0336,-0.051132202,-0.081100464,0.09938163,22.287636,39.381172,9,3,0,2.068842799999997,2.0692828428571426,2.4719514000000005,2.5622456,55.538689285714284,0,1.1920929000000002e-05,141,0.6112888127776447,0,1
2022-09-23,5292.04,435.78833333333336,65.36825,21.789416666666668,35.524166666666666,Cairo,0.0,4.1651473,215.57127,56.47662,28.52416,18.322989,-2.2976787,-3.4268138,0.10044539,13.148895,28.043972,9,3,0,2.7107742333333302,2.429407042857143,2.46098535,4.1651473,56.585784428571436,0,1.1920929000000002e-05,142,0.5773241212586518,0,1
2022-09-24,5205.21,420.2841666666666,63.04262499999999,21.01420833333333,35.2575,Cairo,0.0,4.1197133,233.9251,54.641235,29.347239,17.932608,-3.2563782,-2.3605092,0.19896892,13.330389,31.299107,9,3,0,3.229930133333331,2.7164637285714286,2.493920657142857,4.1651473,55.224638000000006,0,1.1920929000000002e-05,143,0.8466507955548258,0,1
2022-09-25,5275.67,427.39166666666665,64.10875,21.369583333333335,34.99,Cairo,0.0,5.4253907,232.89124,53.828594,29.011627,17.436838,-4.2777457,-3.2057343,0.22141583,11.229497,28.445095,9,3,0,4.570083766666664,3.190806,2.6959439071428575,5.4253907,54.93919185714286,0,1.1920929000000002e-05,144,0.9315803047626133,0,1
2022-09-26,5272.71,432.8775,64.931625,21.643875,34.722500000000004,Cairo,0.0,4.2084165,226.93001,52.12602,29.528473,17.473541,-3.0582936,-2.841273,0.18084231,14.25772,34.791264,9,3,0,4.5845068333333305,3.4464566,2.8188383142857143,5.4253907,53.859199000000004,0,1.1920929000000002e-05,145,0.9270507471946183,0,1
2022-09-27,5278.58,445.6558333333333,66.84837499999999,22.282791666666668,34.4525,Cairo,0.0,3.3709717,219.9966,54.212677,29.273508,17.72338,-2.1361694,-2.3749135,0.13391384,13.422482,30.641666,9,3,0,4.334926299999998,3.6081164142857145,2.8781128357142856,5.4253907,53.11456428571428,0,0.0,146,0.9036510033554015,0,1
2022-09-28,5316.15,454.9216666666667,68.23825,22.746083333333335,34.185,Cairo,0.0,3.1641471,227.37184,51.008423,29.417063,16.823477,-2.2363281,-2.1516674,0.0603055,11.149511,24.713642,9,3,0,3.581178433333331,3.694102342857143,2.929474557142857,4.2084165,52.49508528571429,0,0.0,147,0.5819520354310478,0,1
2022-09-29,5272.41,436.0216666666667,65.40325,21.801083333333338,33.913333333333334,Cairo,0.0,4.1075873,234.93413,43.65198,30.469065,15.044911,-3.3386128,-2.3385417,0.14424479,12.905216,37.367886,9,3,0,3.547568699999997,4.080196271428571,3.0747395571428577,4.1075873,52.27793557142858,0,0.0,148,0.5900461751219351,0,1
2022-09-30,5261.08,426.82916666666665,64.02437499999999,21.341458333333335,33.6425,Cairo,0.0,5.0402246,232.78917,47.591625,30.85733,17.170237,-3.9371796,-3.0735676,0.13908756,11.730751,35.00215,9,3,0,4.103986333333331,4.2052073142857145,3.3173071785714288,5.0402246,51.00865057142857,0,0.0,149,0.6856309806249025,0,1
2022-10-01,5251.16,435.1925,65.278875,21.759625,33.369166666666665,Cairo,0.0,4.519092,219.93347,52.26353,30.903473,18.64802,-2.7365825,-3.3961487,0.12621628,17.042463,44.045273,10,3,0,4.55563463333333,4.262261414285715,3.4893625714285714,5.0402246,50.66897842857143,0,0.0,150,0.7954612091295158,0,1
2022-10-02,5131.85,425.38166666666666,63.807249999999996,21.269083333333334,33.09916666666667,Cairo,0.0,2.5009344,176.95363,56.128445,28.460928,17.895254,0.15490215,-2.4938152,0.065925665,17.229916,36.21433,10,3,0,4.020083666666664,3.844481942857143,3.5176439714285714,5.0402246,50.99752857142857,0,0.0,151,0.918350719690539,0,1
2022-10-03,4844.56,361.53,54.229499999999994,18.0765,32.82833333333333,Cairo,8.106232e-06,2.8540506,132.79579,66.263565,27.514801,19.543692,2.1238708,-1.7906342,0.11332974,19.48559,37.562263,10,3,0,3.291358999999997,3.6510010999999993,3.54872885,4.519092,53.01717785714285,0,8.106232000000001e-06,152,1.2785153975034074,0,1
2022-10-04,5332.650000000001,444.14166666666665,66.62124999999999,22.207083333333333,32.55583333333333,Cairo,0.0,1.9591831,118.724945,54.469097,26.1468,15.636627,1.6321564,-0.989563,0.00810232,18.098366,31.242062,10,3,0,2.4380560333333308,3.449317014285714,3.5287167142857143,2.8540506,53.05380928571429,0,8.106232000000001e-06,153,1.8238037814754597,0,1
2022-10-05,5185.95,414.3275,62.149125,20.716375,32.28416666666667,Cairo,0.0,2.749571,195.88629,62.569126,25.999826,17.422354,-0.7391866,-2.6430614,0.025855873,17.716227,31.491154,10,3,0,2.520934899999997,3.3900918571428567,3.5420971,2.8540506,54.705338285714284,0,8.106232000000001e-06,154,2.1551377861135057,0,1
2022-10-06,5250.47,425.4408333333333,63.816124999999985,21.272041666666667,32.01,Cairo,0.0,3.7231464,178.88148,61.497303,25.434479,16.586334,0.10081991,-3.6936035,0.042469732,13.052696,21.907429,10,3,0,2.8106334999999967,3.3351717285714284,3.7076840000000004,3.7231464,57.254670142857144,0,8.106232000000001e-06,155,2.272765940267662,0,1
2022-10-07,5020.59,355.56333333333333,53.3345,17.778166666666667,31.7375,Cairo,0.0,2.8534663,158.60468,52.858795,24.005117,13.194652,1.1072845,-2.6020508,0.012532464,14.42357,23.84645,10,3,0,3.1087278999999968,3.0227776857142854,3.6139924999999997,3.7231464,58.007123,0,8.106232000000001e-06,156,2.263628580691747,0,1
2022-10-08,4970.04,360.91083333333336,54.136625,18.04554166666667,31.46666666666667,Cairo,0.0,2.3546488,153.85426,50.009247,23.52001,12.184886,1.0704447,-1.8703867,0.011480434,15.665543,26.276745,10,3,0,2.977087166666664,2.7135715142857144,3.487916464285714,3.7231464,57.685082571428566,0,8.106232000000001e-06,157,1.7654868154926053,0,1
2022-10-09,4471.49,283.24583333333334,42.486875,14.162291666666668,31.194166666666664,Cairo,0.0,2.4355714,161.9305,55.559605,23.944244,13.981191,0.8710225,-2.2305248,0.016718123,15.652521,25.354925,10,3,0,2.5478954999999974,2.704233942857143,3.2743579428571428,2.8534663,57.60381971428571,0,8.106232000000001e-06,158,1.4590275586494748,0,1
2022-10-10,4624.52,298.9025,44.83537499999999,14.945124999999999,30.92333333333333,Cairo,0.0,2.6947193,182.70107,57.015987,24.303537,14.749501,-0.17761739,-2.6593628,0.025801977,15.541046,25.785694,10,3,0,2.4949798333333306,2.6814723285714286,3.166236714285714,2.6947193,56.28273714285714,0,0.0,159,1.0720991300745841,0,1
2022-10-11,4111.24,309.73636363636365,46.460454545454546,15.486818181818183,29.133636363636366,Cairo,0.0,2.9695415,183.61566,59.66216,24.313467,15.428864,-0.20015971,-2.9424388,0.02794461,13.165352,22.194447,10,3,0,2.699944066666664,2.8258092428571433,3.1375631285714287,2.9695415,57.024603285714285,0,0.0,160,0.8860224341467154,0,1
2022-10-12,3687.75,233.44272727272727,35.016409090909086,11.672136363636364,28.87090909090909,Cairo,0.0,3.1174545,174.96825,63.040497,24.434967,16.305817,0.35320535,-3.0726624,0.043370716,12.028354,21.788525,10,3,0,2.9272384333333306,2.8783640285714287,3.134227942857143,3.1174545,57.091942,0,0.0,161,0.5950329995675725,0,1
2022-10-13,4028.87,226.6508333333333,33.99762499999999,11.332541666666666,30.114166666666662,Cairo,0.0,2.7650006,158.13002,60.305054,24.006338,15.201894,1.1323904,-2.5088298,0.041054986,11.807182,19.98206,10,3,0,2.9506655333333307,2.741486057142857,3.0383288928571432,3.1174545,56.921620714285716,0,0.0,162,0.3091332024266242,0,1
2022-10-14,4940.38,362.16833333333335,54.325250000000004,18.108416666666667,29.843333333333334,Cairo,0.0,2.1790056,142.03183,61.479996,23.195953,14.701569,1.34788,-1.7091217,0.023233425,16.246712,27.599297,10,3,0,2.687153566666664,2.6451345285714285,2.8339561071428574,3.1174545,58.153220857142855,0,0.0,163,0.4561257880278998,0,1
2022-10-15,5126.4800000000005,412.665,61.89975,20.633250000000004,29.5775,Cairo,0.0,2.5613728,229.8304,52.49951,25.18334,13.887685,0.114730835,1.5568796,0.120573096,23.260382,39.792183,10,3,0,2.5017929999999975,2.6746665285714286,2.694119021428571,2.7650006,58.50897271428572,0,0.0,164,0.5995472063746724,0,1
2022-10-16,5147.39,403.2533333333333,60.487999999999985,20.162666666666667,29.31,Cairo,0.0,2.8948307,55.690166,38.986263,26.108063,10.720937,2.2453156,1.0899506,0.15791816,17.435972,39.119324,10,3,0,2.5450696999999973,2.740275,2.7222544714285712,2.8948307,56.14135242857143,0,0.0,165,0.9196362123756605,0,1
2022-10-17,3886.31,225.54666666666665,33.831999999999994,11.277333333333333,29.043333333333333,Cairo,0.0,3.0709047,94.39559,58.87128,24.438059,15.36734,2.9669597,-0.337265,0.054120634,13.495346,35.63166,10,3,0,2.8423693999999973,2.7940157714285716,2.73774405,3.0709047,56.406394285714285,0,0.0,166,0.9160861732673936,0,1
2022-10-18,5079.07,385.51666666666665,57.82749999999999,19.275833333333335,28.779166666666665,Cairo,0.0,2.30213,114.00855,62.83662,23.13207,14.960683,1.9304352,-1.0249685,0.0065266597,15.77397,27.300446,10,3,0,2.7559551333333308,2.6986712714285708,2.762240257142857,3.0709047,56.85988857142858,0,0.0,167,1.0593359801614932,0,1
2022-10-19,4483.51,315.0281818181818,47.25422727272727,15.75140909090909,30.982727272727274,Cairo,0.0,1.8242141,136.00899,63.45696,22.805166,14.742828,1.1875967,-1.2135366,0.017724194,16.765972,30.044945,10,3,0,2.399082933333331,2.513922642857143,2.696143335714286,3.0709047,56.91938328571429,0,0.0,168,1.208008275649344,0,1
2022-10-20,4517.5,355.47818181818184,53.32172727272727,17.773909090909093,30.70909090909091,Cairo,0.0,2.4516642,205.5946,63.612244,23.584219,15.534821,-1.0138956,-2.2132924,0.053899698,19.442457,35.366104,10,3,0,2.1926694333333305,2.4691603,2.6053231785714286,2.4516642,57.391839000000004,0,0.0,169,1.2252814304788733,0,1
2022-10-21,4981.68,455.413,68.31195,22.770650000000003,33.376999999999995,Cairo,0.0,2.8240929,175.14195,63.90299,23.55484,15.320872,0.32574463,-2.6645203,0.046342842,15.710806,29.134232,10,3,0,2.3666570666666638,2.5613156285714287,2.603225078571429,2.8240929,57.737981,0,0.0,170,1.1899118805748632,0,1
2022-10-22,4753.65,422.36800000000005,63.3552,21.118400000000005,33.103,Cairo,0.0,1.7639159,147.84703,61.48027,23.202871,14.592845,0.8470764,-1.5204264,0.026227256,16.73481,28.845428,10,3,0,2.346557666666664,2.4473932142857144,2.561029871428572,2.8240929,59.02094671428572,0,0.0,171,1.1273920133884612,0,1
2022-10-23,4846.71,432.666,64.8999,21.633300000000002,32.831,Cairo,3.0517578e-05,2.3582075,130.4028,59.83066,23.834787,14.653148,1.7601471,-1.5004171,0.032660462,20.685871,35.764687,10,3,0,2.3154054333333307,2.370732757142857,2.555503878571429,2.8240929,61.99871771428571,0,3.0517578e-05,172,0.5335733688200904,0,1
2022-10-24,5170.45,484.764,72.7146,24.238200000000003,32.558,Cairo,0.0,3.2357504,179.46503,59.72536,23.046457,13.875072,0.025324503,-3.2298787,0.01916176,15.8141,27.003777,10,3,0,2.452624599999997,2.394282142857143,2.594148957142857,3.2357504,62.120729142857144,0,3.0517578e-05,173,0.36008770472687224,0,1
2022-10-25,1817.69,69.917,10.48755,3.4958500000000003,32.287,Cairo,7.867813e-05,2.8824253,163.69218,60.151882,22.34317,13.973541,0.84503174,-2.6786854,0.081156164,16.568985,35.08886,10,3,0,2.825461066666664,2.4771814714285716,2.587926371428572,3.2357504,61.737195142857146,0,0.000109195708,174,0.5147830414476996,0,1
2022-10-26,4711.34,413.58,62.03699999999999,20.679000000000002,32.024,Cairo,4.2915344e-06,2.6640513,123.14326,70.35789,22.717926,16.529776,2.0889385,-1.5106455,0.15063828,27.288025,57.072456,10,3,0,2.9274089999999973,2.5971582142857144,2.5555404285714287,3.2357504,62.72304228571428,0,0.00011348724240000001,175,0.5267373696058484,0,1
2022-10-27,3997.39,297.189,44.57835,14.859450000000002,31.757,Cairo,3.8146973e-06,2.119184,159.08693,71.97586,22.978506,17.089102,0.47180176,-1.7427267,0.11199659,33.051785,66.24068,10,3,0,2.5552201999999973,2.5496610428571427,2.5094106714285718,2.8824253,63.917844571428574,0,0.0001173019397,176,0.49895022344123463,0,1
2022-10-28,4563.81,381.275,57.19125,19.06375,31.493,Cairo,0.0,3.3257911,209.90309,70.296135,23.596994,17.006662,-1.5646006,-2.8507488,0.07571756,28.296007,56.510406,10,3,0,2.7030087999999974,2.6213322142857143,2.5913239214285713,3.3257911,64.831151,0,0.0001173019397,177,0.5056078802412572,0,1
2022-10-29,4299.08,332.634,49.8951,16.631700000000002,31.232,Cairo,7.6293945e-06,2.5857046,174.36598,69.37502,22.199942,15.590892,0.29148865,-2.5395966,0.12395157,27.800613,72.18539,10,3,0,2.6768932333333306,2.7387306000000002,2.5930619071428573,3.3257911,65.95897242857143,0,0.0001249313342,178,0.6049238887713961,0,1
2022-10-30,4321.889999999999,347.82,52.172999999999995,17.391000000000002,30.974,Cairo,0.0,2.1961305,138.83032,64.98947,22.503733,14.581207,1.4334615,-1.5651855,0.1013201,22.068802,48.48507,10,3,0,2.702542066666664,2.715576742857143,2.5431547500000002,3.3257911,66.69594528571429,0,9.44137562e-05,179,0.48037842036614026,0,1
2022-10-31,5307.16,548.506,82.2759,27.4253,30.719,Cairo,0.0,1.5096612,221.66447,59.19637,22.195547,12.77245,0.252182,-0.64900714,0.05397931,27.614944,48.129463,10,3,0,2.097165433333331,2.4689925714285716,2.4316373571428573,2.5857046,66.62037528571429,0,9.44137562e-05,180,0.5056213098052665,0,1
2022-11-01,3301.76,287.23,43.0845,14.361500000000001,30.466,Cairo,0.0,1.3752731,234.96965,52.07214,22.664865,11.243642,-0.6215007,-0.33791605,0.032684892,24.106285,40.657894,11,3,0,1.693688266666664,2.253685114285714,2.3654332928571433,2.1961305,65.46612642857143,0,1.57356262e-05,181,0.4875984221588581,0,1
2022-11-02,5050.37,478.915,71.83725,23.945750000000004,30.216,Cairo,7.6293945e-06,1.9029721,151.48346,60.899353,21.200998,12.388743,0.910614,-1.6656036,0.015943991,24.923016,39.577477,11,3,0,1.5959687999999972,2.1449595142857145,2.371058864285714,1.9029721,64.11490685714286,0,1.90734863e-05,182,0.7445424110676947,0,1
2022-11-03,4356.41,356.911,53.53665,17.84555,29.969,Cairo,1.4305115e-06,1.5166248,172.51884,64.20176,21.100983,13.161611,0.057942707,-1.4463043,0.03289967,23.85342,44.03839,11,3,0,1.5982899999999975,2.0588796285714284,2.3042703357142855,1.9029721,63.00432114285714,0,1.66893005e-05,183,0.8626741870355105,0,1
2022-11-04,4606.66,385.524,57.828599999999994,19.276200000000003,29.725,Cairo,0.0,2.8911836,197.28386,62.18366,22.26708,13.841786,-0.8636627,-2.7585907,0.028594004,18.619928,33.466385,11,3,0,2.1035934999999975,1.9967928428571429,2.3090625285714284,2.8911836,61.84539614285715,0,1.66893005e-05,184,0.6177165878794234,0,1
2022-11-05,5359.0,565.333,84.79995,28.26665,29.483,Cairo,0.0,2.1803138,194.71156,60.381695,20.92919,12.110992,-0.5170949,-1.9890696,0.0242531,16.574053,27.913372,11,3,0,2.1960407333333305,1.9388798714285715,2.3388052357142857,2.8911836,60.56063542857142,0,9.059906000000001e-06,185,0.7318646306943758,0,1
2022-11-06,5365.39,576.921,86.53815,28.846050000000005,29.246,Cairo,0.0,1.5524408,185.64473,59.255016,20.80427,11.811676,-0.18252563,-0.4978231,0.018502906,25.005766,40.24887,11,3,0,2.207979399999997,1.8469242000000001,2.2812504714285713,2.8911836,59.74142771428571,0,9.059906000000001e-06,186,0.7555137319256349,0,1
2022-11-07,5510.68,570.9100000000001,85.63650000000001,28.545500000000004,29.009000000000004,Cairo,0.0,3.6170447,128.42955,45.22371,21.004953,7.529775,1.571518,2.196452,0.047540776,25.707228,49.202087,11,3,0,2.4499330999999973,2.147978985714286,2.3084857785714283,3.6170447,57.74533342857143,0,9.059906000000001e-06,187,0.7313343531478063,0,1
2022-11-08,4353.1900000000005,356.932,53.5398,17.846600000000002,28.778,Cairo,0.0,2.7206829,86.36489,61.887623,20.605295,12.502106,2.681773,0.09627787,0.014688814,15.146164,28.232996,11,3,0,2.6300561333333303,2.340180385714286,2.2969327500000003,3.6170447,59.14754528571429,0,9.059906000000001e-06,188,0.5379295665772216,0,1
2022-11-09,5040.01,487.487,73.12305,24.374350000000003,28.551,Cairo,0.0,2.3087919,127.92153,61.16431,20.475576,11.719879,1.8340607,-1.3973032,0.011536697,18.862673,31.531033,11,3,0,2.8821731666666643,2.398154642857143,2.2715570785714285,3.6170447,59.18539628571428,0,1.4305115e-06,189,0.5894682002100062,0,1
2022-11-10,4951.82,466.428,69.96419999999999,23.3214,28.325,Cairo,0.0,1.4450978,183.49284,60.6918,19.489655,10.842275,-0.21395874,-1.381246,0.006355809,20.325499,32.633076,11,3,0,2.158190866666664,2.3879365,2.223408064285714,2.7206829,58.683973428571434,0,0.0,190,0.8237233131694437,0,1
2022-11-11,4504.74,384.464,57.669599999999996,19.223200000000002,28.104000000000003,Cairo,0.0,3.294052,199.12447,64.782875,20.293936,12.665924,-1.0444692,-3.1196187,0.012315983,13.83392,24.349873,11,3,0,2.349313899999997,2.4454891285714284,2.221140985714286,3.294052,59.05528985714285,0,0.0,191,0.517235099034614,0,1
2022-11-12,5084.88,501.221,75.18315,25.06105,27.885,Cairo,0.0,2.5369196,186.65471,64.22303,20.51887,12.532054,-0.42938232,-2.42747,0.030917246,16.519447,31.532825,11,3,0,2.425356466666664,2.4964328142857144,2.217656342857143,3.294052,59.604052,0,0.0,192,0.4846568541978656,0,1
2022-11-13,4956.43,478.628,71.79419999999999,23.9314,27.673,Cairo,0.0,2.6914673,178.03711,65.07966,21.124908,13.010814,0.119028725,-2.6853282,0.10916034,22.374908,56.284634,11,3,0,2.840812966666664,2.659150885714286,2.2530375428571427,3.294052,60.436144,0,0.0,193,0.5355311557164233,0,1
2022-11-14,4066.53,330.54,49.581,16.527,27.464,Cairo,1.7166138e-05,3.279804,169.78157,63.770695,21.646393,13.755849,0.60809326,-3.205246,0.07032891,23.702076,51.61382,11,3,0,2.8360636333333304,2.610973642857143,2.3794763142857143,3.279804,63.08571328571429,0,1.7166138e-05,194,0.6731524508121385,0,1
2022-11-15,5223.79,529.6560000000001,79.4484,26.482800000000005,27.259000000000004,Cairo,0.0,2.0815585,133.66939,59.317104,19.086416,10.407135,1.5313517,-1.3471069,0.018098481,18.160667,31.12308,11,3,0,2.6842765999999973,2.5196701571428575,2.4299252714285715,3.279804,62.71849628571429,0,1.7166138e-05,195,0.8813300197757812,0,1
2022-11-16,5337.01,545.432,81.8148,27.271600000000003,27.058,Cairo,0.0,2.0069044,91.68296,63.727554,18.488678,10.6597395,1.5607809,-0.056467693,0.005740529,21.931683,36.09982,11,3,0,2.456088966666664,2.476543371428572,2.437349007142857,3.279804,63.084674,0,1.7166138e-05,196,1.1292098584848338,0,1
2022-11-17,5056.5,503.65,75.5475,25.1825,26.859,Cairo,0.0,1.6641468,133.06764,61.492188,18.44815,10.297191,0.24817403,0.19819133,0.0075416346,18.980154,31.547623,11,3,0,1.9175365666666637,2.5078360857142856,2.4478862928571425,2.0815585,63.19901514285714,0,1.7166138e-05,197,1.2804033189439512,0,1
2022-11-18,5208.4,554.687,83.20305,27.734350000000003,26.665,Cairo,0.0,1.5401236,247.85701,55.727367,19.52123,9.668935,-0.78651935,-0.41077676,0.006484278,21.540882,34.08602,11,3,0,1.7370582666666639,2.2572748857142857,2.351382007142857,2.0069044,61.90537114285714,0,1.7166138e-05,198,1.278504046138049,0,1
2022-11-19,5328.11,542.647,81.39705000000001,27.132350000000002,26.478,Cairo,0.0,2.9479446,236.8507,55.455753,19.614492,9.192128,-2.2151897,-1.7933298,0.0039811474,22.940504,35.783463,11,3,0,2.0507383333333307,2.315992742857143,2.4062127785714287,2.9479446,60.652903,0,1.7166138e-05,199,1.2429040399357518,0,1
2022-11-20,5272.39,534.6510000000001,80.19765000000001,26.732550000000003,26.294,Cairo,0.0,3.769235,216.13664,66.67136,21.00292,12.482656,-2.233256,-2.9900513,0.03329725,14.057045,32.176167,11,3,0,2.752434399999997,2.4699595571428574,2.5645552214285714,3.769235,60.88028871428572,0,1.7166138e-05,200,1.2203161805306053,0,1
2022-11-21,4991.21,502.869,75.43035,25.14345,26.114,Cairo,0.0,2.0016983,126.95831,58.01216,19.807037,10.19457,0.78444415,-0.17186482,0.04409362,30.14513,54.847626,11,3,0,2.9062926333333308,2.287373028571429,2.4491733357142857,3.769235,60.057640857142864,0,0.0,201,0.8781153954414557,0,1
2022-11-22,4906.52,472.076,70.8114,23.603800000000003,25.940999999999995,Cairo,0.0,2.2370188,180.4587,70.89985,20.590729,14.007396,0.30069986,-2.1529033,0.026716702,27.87714,48.64309,11,3,0,2.669317366666664,2.3095816428571427,2.4146259000000003,3.769235,61.712318857142854,0,0.0,202,0.9617810841004198,0,1
2022-11-23,4287.17,353.018,52.95269999999999,17.6509,25.769,Cairo,0.0,2.2435095,195.78595,65.30015,19.330881,11.993398,-0.6079152,-2.147176,0.019931972,16.54586,30.228067,11,3,0,2.1607421999999974,2.3433823714285715,2.4099628714285717,2.2435095,61.93697542857143,0,0.0,203,0.8386941769815431,0,1
2022-11-24,4937.42,469.395,70.40925,23.46975,25.604000000000003,Cairo,0.0,2.818967,66.13516,55.9881,19.403229,9.082265,2.16185,1.0970968,0.030892462,16.577993,34.045166,11,3,0,2.433165099999997,2.508356685714286,2.508096385714286,2.818967,61.15067714285715,0,0.0,204,0.6452023482358226,0,1
2022-11-25,3442.09,251.46,37.719,12.573,25.445,Cairo,0.0,4.3811717,49.40843,51.606808,19.036856,8.6301985,2.9975739,1.8450674,0.033357855,14.017979,30.07034,11,3,0,3.147882733333331,2.9142207,2.5857477928571426,4.3811717,60.56202585714285,0,0.0,205,0.7143377237416874,0,1
2022-11-26,4246.3,365.472,54.8208,18.2736,25.288,Cairo,0.0,2.0827196,95.18415,63.18458,18.064606,10.5346575,1.5926208,-0.24353535,0.0038393256,14.737718,27.64595,11,3,0,3.094286099999998,2.7906171285714287,2.553304935714286,4.3811717,61.66614400000001,0,0.0,206,0.9813353787656133,0,1
2022-11-27,3088.21,203.337,30.500549999999997,10.16685,25.139000000000003,Cairo,0.0,2.2168665,226.90446,51.880463,17.341543,7.081858,-1.42423,-1.5278574,0.0046723634,13.491066,21.727894,11,3,0,2.8935859333333305,2.5688502,2.5194048785714283,4.3811717,59.55315871428571,0,0.0,207,1.0826965302238103,0,1
2022-11-28,2840.45,201.52,30.228,10.076,24.993,Cairo,0.0,2.5455163,199.77734,57.785686,17.219473,8.155833,-0.24386597,1.3926188,0.006205999,19.327076,31.06174,11,3,0,2.2817007999999976,2.6465384857142857,2.466955757142857,2.5455163,59.52080528571428,0,0.0,208,1.2261642054804025,0,1
2022-11-29,4959.27,498.237,74.73555,24.91185,24.853,Cairo,0.0,1.9091629,153.06416,55.248356,18.036041,8.379303,0.6424205,1.0667623,0.01928849,19.197132,32.223274,11,3,0,2.2238485666666645,2.5997019285714282,2.4546417857142857,2.5455163,57.28487757142857,0,0.0,209,0.9145348296133429,0,1
2022-11-30,4968.71,517.388,77.6082,25.869400000000002,24.718,Cairo,0.0,1.6103473,183.01418,52.753017,18.20051,7.5118713,-1.0163625,0.17645772,0.027585343,28.740362,48.051346,11,3,0,2.0216754999999975,2.509250185714286,2.4263162785714285,2.5455163,55.49243,0,0.0,210,0.8052245207872867,0,1
2022-12-01,4975.97,508.982,76.3473,25.4491,24.589,Cairo,0.0,1.5596132,226.34624,49.90193,18.266184,6.675608,-0.43860373,1.0915781,0.019396663,38.08311,59.871582,12,0,0,1.693041133333331,2.3293424999999996,2.4188495928571427,1.9091629,54.62297714285713,0,0.0,211,0.6097116969741808,0,1
2022-12-02,5051.29,496.845,74.52675,24.842250000000003,24.466,Cairo,0.0,2.8453531,211.70512,48.287994,17.367666,5.827301,-1.5199839,-2.402837,0.008591227,22.574978,35.855526,12,0,0,2.005104533333331,2.1099398428571425,2.512080271428571,2.8453531,54.14886085714285,0,0.0,212,0.4538777584150075,0,1
2022-12-03,4263.26,344.803,51.72045,17.24015,24.348,Cairo,1.4305115e-06,4.074284,212.94362,69.95364,18.37084,12.166575,-2.2296448,-3.4085438,0.006180277,12.196148,21.535849,12,0,0,2.8264167666666644,2.394449042857143,2.592533085714286,4.074284,55.11586942857143,0,1.4305115e-06,213,0.4979244525204866,0,1
2022-12-04,4295.85,360.472,54.0708,18.0236,24.234,Cairo,0.0,3.2459173,182.80042,63.593884,17.79833,10.072988,-0.23887634,-3.220805,0.012224521,13.82502,23.610529,12,0,0,3.388518133333331,2.5414563,2.55515325,4.074284,56.78921528571429,0,1.4305115e-06,214,0.4511444867809183,0,1
2022-12-05,3989.19,320.275,48.04125,16.013749999999998,24.127,Cairo,4.2915344e-06,3.1084788,167.8224,64.386635,18.171946,10.457835,0.6490326,-3.0378215,0.00809497,13.731295,24.301785,12,0,0,3.4762266999999976,2.621879514285714,2.634209,4.074284,57.732208,0,5.7220459e-06,215,0.34486001890945445,0,1
2022-12-06,4646.64,423.499,63.52485,21.174950000000003,24.024,Cairo,0.0,2.4420757,134.34554,69.17182,16.888336,10.707591,1.5716705,-1.6893005,0.024783636,17.121557,30.381525,12,0,0,2.932157266666664,2.698009914285714,2.6488559214285714,3.2459173,59.72127428571429,0,5.7220459e-06,216,0.5521553203545367,0,1
2022-12-07,4486.22,429.89,64.48349999999999,21.494500000000002,23.928,Cairo,0.0,1.3494015,212.93445,64.42283,16.61791,9.235585,-0.11365255,-0.8457947,0.013383202,21.366856,35.110207,12,0,0,2.2999853333333307,2.660731942857143,2.584991064285714,3.1084788,61.388390428571434,0,5.7220459e-06,217,0.6973880767997949,0,1
2022-12-08,4957.32,515.377,77.30654999999999,25.76885,23.84,Cairo,0.0,1.5411061,229.66414,57.0118,16.64379,7.2833557,-0.5094401,1.0476837,0.046692654,33.399723,55.999863,12,0,0,1.7775277666666642,2.6580880714285713,2.4937152857142855,2.4420757,62.404086142857146,0,5.7220459e-06,218,0.7237595557943871,0,1
2022-12-09,4835.83,485.366,72.80489999999999,24.2683,23.754,Cairo,0.0,1.9438394,230.73474,48.217304,17.715729,6.060211,-0.34683228,1.7712148,0.069832504,31.492481,54.954002,12,0,0,1.6114489999999977,2.5293004,2.319620121428571,1.9438394,62.39398757142857,0,5.7220459e-06,219,0.7323990939682677,0,1
2022-12-10,4910.88,508.235,76.23525,25.41175,23.676,Cairo,0.0,1.3732549,150.86786,48.392227,16.933664,5.246328,0.3675232,0.6931,0.03293437,41.839695,69.42253,12,0,0,1.619400133333331,2.1434390999999997,2.2689440714285714,1.9438394,59.313785714285714,0,4.2915344e-06,220,0.6278794860048822,0,1
2022-12-11,4977.96,508.777,76.31654999999999,25.438850000000002,23.603,Cairo,0.0,1.2382989,238.72734,55.17918,17.024078,7.2841697,0.34005228,0.9850413,0.020684613,42.938087,69.14719,12,0,0,1.5184643999999976,1.8566364714285712,2.1990463857142855,1.9438394,58.11168514285714,0,4.2915344e-06,221,0.582307460429672,0,1
2022-12-12,4769.08,450.351,67.55265,22.51755,23.535,Cairo,0.0,4.153171,132.42633,43.50923,19.202871,5.9217834,0.91937256,3.7320964,0.055055395,36.330692,59.078102,12,0,0,2.2549082666666647,2.0058782142857146,2.3138788642857144,4.153171,55.12919871428572,0,0.0,222,0.9191150568193495,0,1
2022-12-13,3763.26,298.968,44.8452,14.948400000000001,23.476,Cairo,0.0,2.103821,64.23377,67.40084,17.656403,11.244945,1.6477,0.69323224,0.044850476,20.753767,38.040947,12,0,0,2.4984302999999977,1.9575561142857143,2.327783014285714,4.153171,54.876201571428574,0,0.0,223,0.90903535697483,0,1
2022-12-14,4665.21,450.358,67.55369999999999,22.5179,23.421,Cairo,0.0,2.668913,149.34557,62.159634,18.40087,10.203197,1.1661783,1.7059835,0.05567606,22.777924,54.481606,12,0,0,2.9753016666666645,2.146057757142857,2.40339485,4.153171,54.55288785714286,0,0.0,224,0.9034048822737458,0,1
2022-12-15,4800.58,503.883,75.58245,25.19415,23.372,Cairo,0.0,1.0606933,281.81396,50.480907,18.565256,7.75235,-0.47894797,-0.10617574,0.043036897,36.09761,66.85263,12,0,0,1.9444757666666643,2.077427357142857,2.367757714285714,2.668913,53.61990314285714,0,0.0,225,0.834625575371666,0,1
2022-12-16,4810.12,466.482,69.9723,23.3241,23.329,Cairo,0.0,3.1989555,225.17525,63.514683,18.051828,10.673411,-2.2241974,-2.2930756,0.012760141,30.007307,48.8628,12,0,0,2.3095205999999977,2.256729657142857,2.3930150285714284,3.1989555,55.805243000000004,0,0.0,226,0.8300060541869002,0,1
2022-12-17,4552.43,423.1060000000001,63.46590000000001,21.155300000000008,23.293,Cairo,1.9073486e-06,4.6368012,226.9555,73.95741,19.548899,14.186351,-3.3835857,-3.1671245,0.008227155,13.069892,22.861177,12,0,0,2.965483333333331,2.7229505571428567,2.433194828571428,4.6368012,59.45741199999999,0,1.9073486e-06,227,0.8700309516861252,0,1
2022-12-18,4852.87,480.87700000000007,72.13155,24.043850000000006,23.262,Cairo,0.0,4.1758485,219.31401,75.74041,19.702871,13.965077,-2.6888733,-3.1616313,0.0129395,20.453592,36.230312,12,0,0,4.003868399999997,3.1426005,2.499618485714286,4.6368012,62.39473057142857,0,1.9073486e-06,228,0.7733718272753719,0,1
2022-12-19,4859.08,479.078,71.8617,23.9539,23.238,Cairo,0.0,3.1207333,207.98029,74.11213,18.12914,12.3368225,-1.477122,-2.7455902,0.0126493,18.612663,33.054237,12,0,0,3.9777943333333305,2.9951094,2.500493807142857,4.6368012,66.76657342857143,0,1.9073486e-06,229,0.7710575115478803,0,1
2022-12-20,4087.31,331.011,49.651650000000004,16.55055,23.222,Cairo,1.9073486e-06,2.7128747,186.047,73.25352,17.008615,11.393056,-0.18467204,-2.651591,0.007041623,17.403217,29.732258,12,0,0,3.336485499999997,3.0821170714285713,2.5198365928571427,4.1758485,67.60267057142856,0,3.8146972e-06,230,0.9239926478959938,0,1
2022-12-21,4598.820000000001,415.776,62.3664,20.788800000000002,23.207,Cairo,6.198883e-06,3.1610765,132.8351,67.42754,17.079254,10.301422,2.3050792,-2.0500743,0.011630703,15.254027,27.644691,12,0,0,2.998228166666664,3.1524261428571427,2.64924195,3.1610765,68.35522857142857,0,1.00135802e-05,231,1.06823892814463,0,1
2022-12-22,4154.89,362.235,54.33525,18.11175,23.202,Cairo,1.1444092e-05,1.5082802,100.2376,64.49071,15.128163,8.3298235,0.6799876,-0.013336182,0.0074128066,21.125853,37.099655,12,0,0,2.4607437999999977,3.216367128571428,2.646897242857143,3.1610765,70.356629,0,2.14576722e-05,232,1.5882618601151717,0,1
2022-12-23,2480.95,157.679,23.65185,7.8839500000000005,23.203,Cairo,0.00025510788,2.6993134,84.01032,78.221855,15.746246,11.662994,2.4548695,-0.0008951823,0.006509784,16.774878,27.226345,12,0,0,2.456223366666664,3.1449896857142856,2.7008596714285713,3.1610765,72.45765357142857,0,0.00027656555219999997,0,1.7589145468464282,0,1
2022-12-24,4839.35,451.921,67.78815,22.59605,23.21,Cairo,5.2452087e-06,3.084729,51.84444,68.41103,15.919911,9.104238,2.4397838,1.7320557,0.0043826317,11.201452,20.0734,12,0,0,2.430774199999998,2.9232650857142857,2.823107821428571,3.084729,71.66531357142857,0,0.0002799034123,1,1.5714865831580482,0,1
2022-12-25,3773.51,304.518,45.677699999999994,15.2259,23.222,Cairo,0.000118255615,2.8088028,43.294323,62.635548,15.384023,8.101064,1.8071442,1.2295126,0.0066313,21.362696,36.682564,12,0,0,2.8642817333333306,2.7279728428571426,2.9352866714285715,3.084729,69.79319042857144,0,0.00039815902729999997,0,1.0882700556960554,0,1
2022-12-26,3749.2,275.83000000000004,41.374500000000005,13.791500000000003,23.24,Cairo,2.2888184e-05,3.98961,97.383095,70.40513,16.372385,10.156728,3.2596588,-1.1962789,0.004347295,18.063343,32.39016,12,0,0,3.294380599999998,2.8520980857142857,2.923603742857143,3.98961,69.26361899999999,0,0.0004210472113,1,0.7607933079094008,0,1
2022-12-27,4262.02,360.657,54.098549999999996,18.03285,23.264,Cairo,0.0,2.8647287,145.97615,57.64974,16.277578,7.355703,1.5650431,-2.3770802,0.0006028648,14.261253,24.329168,12,0,0,3.2210471666666645,2.873791514285714,2.9779542928571425,3.98961,67.03450757142858,0,0.0004191398627,2,0.6569654169149015,0,1
2022-12-28,5092.75,523.673,78.55095,26.18365,23.296,Cairo,0.0,1.3429283,245.9789,60.0349,14.557037,6.2250876,-0.6493886,-0.5295308,0.0015338539,28.94661,44.54056,12,0,0,2.732422333333331,2.614056057142857,2.8832411,3.98961,65.97841614285714,0,0.0004129409797,3,0.6495590915759178,0,1
2022-12-29,5112.52,515.4359999999999,77.31539999999998,25.7718,23.333,Cairo,0.0,2.2036912,238.132,59.381226,14.000722,5.241201,-1.3809,-1.1540579,0.003168765,26.304794,40.59929,12,0,0,2.1371160666666644,2.7134004857142857,2.9648838071428574,2.8647287,65.24848985714286,0,0.0004014968877,4,0.8892634421103527,0,1
2022-12-30,4642.32,422.994,63.4491,21.149700000000003,23.377,Cairo,0.0,2.7629225,214.6867,69.039185,14.576161,8.316559,-1.2435099,-2.1448364,0.0015269268,23.14966,36.36384,12,0,0,2.1031806666666646,2.7224875,2.933738592857143,2.7629225,63.936679857142856,0,0.0001463890077,5,0.936398853916236,0,1
2022-12-31,4812.12,450.382,67.5573,22.5191,23.426,Cairo,0.0,3.174721,202.27399,71.67305,14.685944,8.646718,-1.3869222,-2.783727,0.02342529,20.725906,39.49949,12,0,0,2.713778233333331,2.7353435,2.8293042928571426,3.174721,64.40268271428572,0,0.000141143799,6,0.9157885313884763,0,1
